cell_id,program_slot,original_opportunity_index,cumulative_ptrs,phase2_probability,phase3_probability,regulatory_probability,cost_multiplier,peak_sales_multiplier,phase2_duration_years,phase3_duration_years,regulatory_duration_years,opportunity_hash
0,0,2,0.14973565905117964,0.2872218185981478,0.5758838988539161,0.905259048531167,1.0029768103126502,0.7702990306815467,1.5,2.5,1.0,5c530a91c0355628
0,1,4,0.1830153590713733,0.32305495603812195,0.6165775339969745,0.918805177493591,1.165091798227176,0.9782985234101467,2.0,3.0,1.0,5c530a91c0355628
0,2,0,0.19372815974960486,0.3341783471990482,0.6284253066452319,0.9224881171853827,0.9236741268812675,0.9264327691219145,1.5,2.5,1.0,5c530a91c0355628
0,3,5,0.1483705732131256,0.2857043324219153,0.5740696249712299,0.9046204062868644,1.0442748967644033,0.8148991578283615,2.0,3.0,1.0,5c530a91c0355628
0,4,1,0.17275951437046222,0.3122317093591625,0.6047048704778042,0.9150008580649124,1.0323159291832433,1.0860221586761154,2.5,3.5,1.0,5c530a91c0355628
0,5,3,0.15051220815290212,0.2880831973329002,0.5769102946613318,0.9056189677787609,0.9769635748053218,1.2723013193145958,1.5,3.0,1.0,5c530a91c0355628
1,0,3,0.16598257655917237,0.3049781467806438,0.5965501530446037,0.9123192095559647,1.0790637541780546,1.0616887331936709,1.5,2.5,0.5,95ed30664966b464
1,1,0,0.14396869961686592,0.28078187028635115,0.5681305059626915,0.9025076875512346,1.0341826661971283,1.270990773265601,1.5,2.5,0.5,95ed30664966b464
1,2,1,0.15317144419000409,0.29102285030987685,0.580394433307143,0.9068333403067266,1.109868871729215,0.8354842916724736,1.5,2.5,1.0,95ed30664966b464
1,3,4,0.15442013138381339,0.2923979180667562,0.5820143493924267,0.9073940964743062,0.9604448911324204,0.9026201125710175,2.5,3.5,1.0,95ed30664966b464
1,4,5,0.11727569503956642,0.24984962935619923,0.5288179935218074,0.8876118302919553,0.7858645786785945,0.9961725569616156,2.0,3.0,1.0,95ed30664966b464
1,5,2,0.11723033968694604,0.2497952780621503,0.5287457310343227,0.8875828963997356,0.8457990065600463,1.1256383354622501,1.5,2.5,1.0,95ed30664966b464
2,0,5,0.19913429156559737,0.3397262289698824,0.6342051503838573,0.9242452140395034,1.0508374377159475,1.0144778121983522,2.0,3.0,1.0,cdba3dd3941a4a9a
2,1,1,0.11024232845471285,0.2413373510954168,0.5173562331307923,0.8829460134033827,0.9708647096064345,1.2092119012458096,2.5,3.5,1.0,cdba3dd3941a4a9a
2,2,0,0.18630209242562093,0.3264866666501711,0.6202702875848712,0.9199649997447044,0.8840829465539598,0.6930569092015144,1.5,2.5,1.0,cdba3dd3941a4a9a
2,3,4,0.15234965922545596,0.29011605792463085,0.5793227519277316,0.9064610227481193,1.1804787067119584,1.3277397381282503,1.5,2.5,1.0,cdba3dd3941a4a9a
2,4,2,0.16191328970867813,0.30058113067249087,0.5915271651482035,0.9106386712034075,0.8166050609894635,1.0431510379893918,1.5,2.5,1.0,cdba3dd3941a4a9a
2,5,3,0.19733728590973382,0.33788678413288503,0.6322981489739129,0.923668291338894,1.1097349478324983,1.0601626100118187,2.0,3.0,1.0,cdba3dd3941a4a9a
3,0,2,0.09876860874880503,0.22705475731397473,0.49744934654917805,0.874459028087367,0.8602070060420137,0.7146400446522114,2.5,3.5,1.0,68122c903bb981ee
3,1,4,0.16217859825993536,0.30086878904800096,0.5918576434731748,0.9107499240936869,0.9018800933912832,1.2115003510642381,2.0,3.0,1.0,68122c903bb981ee
3,2,5,0.1445850947972307,0.28147389408399515,0.568970477445536,0.9028085640893576,1.041527131118318,0.8415572135515355,1.5,2.5,1.0,68122c903bb981ee
3,3,3,0.16015585141214805,0.2986721162644047,0.5893272956493332,0.909895620627591,0.9532283934191296,1.4460517729967077,1.5,2.5,0.5,68122c903bb981ee
3,4,0,0.15684387094180835,0.295057520082894,0.5851298979604475,0.9084657838424113,0.971771915298068,1.1120139489875092,2.5,3.5,1.0,68122c903bb981ee
3,5,1,0.09902177778802213,0.22737570458780676,0.4979062962158322,0.8746595516603671,1.108830065625435,1.0116192048635506,2.0,3.0,1.0,68122c903bb981ee
4,0,2,0.19041385802715494,0.33075588920931326,0.6248172630700746,0.921378229944754,1.0332112802766031,1.159656893265661,2.0,3.0,1.0,9e719d445afde677
4,1,0,0.2125727252811648,0.35334160176728946,0.6480392082248815,0.9283494495896496,0.9755463851603389,1.0640389816046425,2.0,3.0,1.0,9e719d445afde677
4,2,1,0.16818738170630232,0.3073473130400605,0.5992314927729919,0.9132072678479665,0.8274367481559071,0.9553031874523157,1.5,2.5,0.5,9e719d445afde677
4,3,5,0.13696328570915245,0.27285173386575046,0.5583855470842937,0.8989660267456108,1.030080885479068,1.0904266858118632,1.5,2.5,1.0,9e719d445afde677
4,4,4,0.1440134605550028,0.28083215359122987,0.5681915950575428,0.9025295927995025,1.0280711347402955,1.3314600039730933,2.5,3.5,1.0,9e719d445afde677
4,5,3,0.13726115826854265,0.2731914339192984,0.5588075457764328,0.899121369612855,1.1494742508036162,0.8762436688477826,2.0,3.0,1.0,9e719d445afde677
5,0,5,0.12513139080126126,0.2591643799734882,0.5410320315584382,0.8924173036509643,1.254106914195137,1.0179983042147747,2.5,3.5,1.0,1bb04ec2bf1cc4eb
5,1,4,0.14835170248623758,0.28568332541496644,0.5740444548440831,0.9046115241214923,0.8249420742882235,0.7679095702328869,2.5,3.5,1.0,1bb04ec2bf1cc4eb
5,2,1,0.12327081502052142,0.2569755734687628,0.5381920642678205,0.891314832509981,1.0784458469856761,0.926188002086492,2.0,3.0,1.0,1bb04ec2bf1cc4eb
5,3,0,0.17257055054378262,0.3120305879030977,0.6044809348691346,0.914927976022411,1.0124407499026877,0.6743874199103637,1.5,2.5,1.0,1bb04ec2bf1cc4eb
5,4,2,0.13906739435616516,0.2752464431100801,0.5613516511560609,0.900054064918171,1.002619341750874,0.8053822360235897,2.0,3.0,1.0,1bb04ec2bf1cc4eb
5,5,3,0.17080515511172692,0.31014851921687847,0.6023794117594302,0.9142419437679059,0.8796570664608766,0.8946651643657083,2.5,3.5,1.0,1bb04ec2bf1cc4eb
6,0,4,0.14743173029829248,0.2846582223674185,0.572814380975258,0.9041767114118799,0.8891651881795462,0.5327918156873415,2.5,3.5,1.0,6531ca6228191acc
6,1,2,0.15160386479804727,0.28929184416426457,0.5783462945296789,0.9061208534914865,0.7463887459200584,1.2368429190944847,2.5,3.5,1.0,6531ca6228191acc
6,2,1,0.10228169260397448,0.23148402022359205,0.5037158776205743,0.8771851071740602,1.0726247156204647,0.7407352031431059,1.5,2.5,0.5,6531ca6228191acc
6,3,5,0.21530644594870596,0.356082390876533,0.6507654790336695,0.9291418628951521,1.1584791059390425,1.1976087519812892,2.5,3.5,1.0,6531ca6228191acc
6,4,0,0.17237342857857302,0.31182071558768487,0.6042471248724302,0.9148518350201027,1.0793738770973602,1.0369511679660228,2.0,3.0,1.0,6531ca6228191acc
6,5,3,0.14320347221038426,0.27992149244194237,0.5670838783802671,0.902131821829134,1.2189551562670058,1.17774777173856,3.0,4.0,1.5,6531ca6228191acc
7,0,4,0.11205518605578119,0.24354794387376855,0.5203609738056448,0.8841842526402092,1.104133646094077,0.8052988894554466,2.0,3.0,1.0,ed56901c9e654e08
7,1,5,0.16631252856360407,0.30533327790744885,0.5969531910234429,0.9124530943157627,0.8904183554116177,1.013655407338613,2.0,3.0,1.0,ed56901c9e654e08
7,2,3,0.15947120743445928,0.2979267485693947,0.5884651977545503,0.9096032472231868,1.004582725566375,0.647473279375628,1.5,3.0,1.0,ed56901c9e654e08
7,3,1,0.17639299591297813,0.31608673568565426,0.6089736021708275,0.9163821009924784,0.8799732211704202,0.8377045357815998,1.5,2.5,0.5,ed56901c9e654e08
7,4,0,0.19076184763615606,0.33111601180458455,0.6251984573504097,0.9214959693635614,0.8950155294968462,0.9559258733431304,2.5,3.5,1.5,ed56901c9e654e08
7,5,2,0.21340766617722048,0.3541797009099334,0.6488749114457545,0.9285929174870601,0.9435301999153969,0.5805124458884056,1.5,2.0,0.5,ed56901c9e654e08
8,0,0,0.13964589758117366,0.2759028776011972,0.5621611610162952,0.9003494721047319,0.9816118192382287,1.1868215480423796,2.0,3.0,1.0,e702189747991170
8,1,5,0.1572151747053678,0.2954638705520224,0.5856038766129218,0.908628044153571,0.8093487295640962,1.339240818721705,1.5,2.0,0.5,e702189747991170
8,2,4,0.09386987769737173,0.22078842702752205,0.48843621016172023,0.8704465208537848,0.903233628915153,1.163678330118097,2.0,3.5,1.0,e702189747991170
8,3,3,0.15021888224621135,0.28775798667869007,0.5765230751004424,0.9054833010654605,0.9935719229405269,1.0969295859396198,2.0,3.0,1.0,e702189747991170
8,4,2,0.11458665532298473,0.24661534515945402,0.5244974159740686,0.8858712224062529,1.1592555557962276,1.0136765540490869,1.5,2.5,1.0,e702189747991170
8,5,1,0.1396000823827171,0.2758509211628145,0.5620971442437985,0.9003261349678652,0.8863558546577786,1.004625502572572,2.0,3.0,1.0,e702189747991170
9,0,1,0.18826556121736654,0.32852859067688384,0.6224515118354138,0.9206449738091173,1.0913848191827018,1.3578401260100204,1.5,2.5,1.0,e2f3f43b69c25c1e
9,1,4,0.13453960410116045,0.2700791324413474,0.5549257423451411,0.8976855694014646,1.0324445386241723,1.3553538911319547,2.0,3.0,1.0,e2f3f43b69c25c1e
9,2,3,0.17476811567202621,0.31436563533365247,0.6070733233523348,0.9157691082372241,0.8078762194014748,0.6374055546240027,1.5,2.5,0.5,e2f3f43b69c25c1e
9,3,2,0.10104439268200474,0.22992996572550103,0.5015268946838548,0.8762386712477469,0.9169662361483714,1.197105784392387,2.5,3.5,1.0,e2f3f43b69c25c1e
9,4,5,0.10585087393148657,0.235932146320702,0.5099241828267569,0.8798359856807891,1.0702807842387625,1.12073410369535,1.5,2.5,1.0,e2f3f43b69c25c1e
9,5,0,0.15343435494268073,0.2913126487504262,0.5807363534752664,0.9069519033246906,0.9744977026588119,1.328935668270364,2.0,3.0,1.0,e2f3f43b69c25c1e
10,0,3,0.16385146223799707,0.30267939780362246,0.5939317510353537,0.9114459454666832,1.0966415468695767,1.1316606481361444,2.0,3.0,1.0,1c46cbd34dfc0962
10,1,0,0.19958505702431045,0.3401869206943467,0.6346813204124155,0.9243888401906601,1.1589933118460292,1.0018752537941915,1.5,3.0,1.0,1c46cbd34dfc0962
10,2,4,0.09022319582345589,0.21605093828209432,0.481504556774601,0.8672846263992195,1.1699476307888617,0.763944485850184,1.5,2.5,1.0,1c46cbd34dfc0962
10,3,1,0.11418747078175776,0.24613312891886135,0.5238496553658025,0.8856083821546321,0.7763817892411705,0.8026815106845231,2.0,3.5,1.0,1c46cbd34dfc0962
10,4,2,0.21175306843704875,0.3525179818114014,0.647216180783104,0.9281091852786305,1.034015867544006,1.0876340395647526,2.0,3.0,1.0,1c46cbd34dfc0962
10,5,5,0.15895753642211305,0.2973668955732168,0.587816492678841,0.9093828030986626,0.9622392836460256,0.8779428199315884,2.0,3.0,1.0,1c46cbd34dfc0962
11,0,1,0.14054413307987892,0.27692045824358885,0.5634130278743997,0.9008050130006822,0.8874310421333416,0.6074505854834927,2.0,3.0,1.0,8002f67be3071198
11,1,5,0.14968921934469417,0.2871702631830795,0.5758223877203347,0.9052374471919223,0.9676617984190927,1.1558470834950634,2.0,3.0,1.0,8002f67be3071198
11,2,2,0.14969458365119398,0.287176218657965,0.5758294936967988,0.9052399428355912,1.0436396567977062,0.90235264074842,2.0,3.0,1.0,8002f67be3071198
11,3,4,0.17473614994825962,0.3143317306729256,0.607035799758908,0.9157569735039283,1.0134472524806795,0.9315590701995086,2.0,3.0,1.0,8002f67be3071198
11,4,0,0.08180894820846221,0.20485837765823992,0.4647120041982389,0.859336362016791,0.8787095057886631,0.9510831740464873,2.5,3.5,1.0,8002f67be3071198
11,5,3,0.1148544848267237,0.2469385777178569,0.5249310911515379,0.8860469181627002,0.9778151395319584,1.1927429126844962,2.0,3.0,1.0,8002f67be3071198
12,0,2,0.15343783700133357,0.29131648591719633,0.5807408789123943,0.9069534718207516,0.9122162075953595,0.829186728840045,2.0,3.0,1.0,6ea0741e68a395fc
12,1,0,0.15994806355332247,0.2984459987744688,0.5890659549490362,0.9098070596318283,0.7714706667338632,0.8191505726779944,2.5,3.5,1.0,6ea0741e68a395fc
12,2,4,0.08384936019942714,0.20760807881643628,0.46889278903780407,0.8613545450676401,1.10206324956853,1.063407187580914,1.5,2.5,1.0,6ea0741e68a395fc
12,3,5,0.10931067142222303,0.24019665175432922,0.5157978946129926,0.8822995293818183,0.9518825824307406,0.9351019628185153,2.0,3.0,1.0,6ea0741e68a395fc
12,4,3,0.15623337826645786,0.29438878067900603,0.5843486908446142,0.9081979003591711,1.10364242774419,1.0078081140638928,3.0,4.0,1.5,6ea0741e68a395fc
12,5,1,0.2191736894671244,0.35994377346758766,0.6545739773604398,0.9302400152942448,0.8589660981080677,0.8288761299471763,2.0,3.5,1.0,6ea0741e68a395fc
13,0,2,0.09466234159899799,0.22180953525123104,0.4899168804701971,0.8711132660201094,1.223327369324349,0.80636894786665,2.5,3.5,1.0,a3406a5df41da64c
13,1,1,0.15130237662348078,0.2889583089458013,0.5779505072951523,0.9059827183240969,1.0654914655609962,1.3313023695789155,1.5,2.5,0.5,a3406a5df41da64c
13,2,5,0.17840719576461506,0.3182139101580114,0.611310020029343,0.917131673879438,0.9588522936260238,0.7268506360406191,1.5,3.0,1.0,a3406a5df41da64c
13,3,0,0.13812099006633732,0.27417072639888873,0.5600217851099838,0.8995673380829362,0.9555286657936783,1.0044777449791156,2.0,3.0,1.0,a3406a5df41da64c
13,4,4,0.12114913074566636,0.25446668430734476,0.5349141849543637,0.8900312523704808,0.7399753982689415,0.738061430965944,1.5,2.5,1.0,a3406a5df41da64c
13,5,3,0.16934395398228386,0.30858648007952033,0.6006270121852184,0.9136670040843335,1.1695082760658146,0.9909060482291575,2.0,3.5,1.0,a3406a5df41da64c
14,0,5,0.19231008915010295,0.3327160156241779,0.6268876828144313,0.9220163571487764,1.099707852389365,0.5636995030559651,2.5,3.5,1.0,9fcd5b92adbf0c57
14,1,4,0.1047348896663377,0.2345467874440179,0.507999640122879,0.879019452590784,1.0273218165412188,1.0778655989959782,2.5,3.5,1.0,9fcd5b92adbf0c57
14,2,3,0.16054349689469466,0.29909372536578366,0.5898141427515542,0.9100604359950808,1.1726730909076688,0.8892799521929864,2.0,3.0,1.0,9fcd5b92adbf0c57
14,3,1,0.15295371647451625,0.290782742798204,0.5801109306263186,0.9067349514845103,0.7432107964413872,1.0472012535491295,2.5,3.5,1.5,9fcd5b92adbf0c57
14,4,2,0.18548787629004468,0.32563814061278107,0.6193603707427798,0.9196802256311312,1.063861555578118,1.0648181919642703,2.0,3.0,1.0,9fcd5b92adbf0c57
14,5,0,0.10649545068449823,0.23673009961475522,0.5110290266818736,0.8803026434463594,0.9762253246991852,1.209031692428084,1.5,2.5,1.0,9fcd5b92adbf0c57
15,0,0,0.14083355482062063,0.27724790761434914,0.5638150938093908,0.9009509887455311,0.7680608072571975,0.9022728656629024,2.5,3.5,1.0,55be7eeec96340ec
15,1,5,0.12902135932713232,0.2637075318245388,0.5468688804638192,0.8946555668644297,0.8624024402680585,1.2312234487993239,2.0,3.0,1.0,55be7eeec96340ec
15,2,4,0.16663149270480057,0.3056763868771251,0.597342211425462,0.9125821884396798,0.7700592151273038,1.018328477618168,1.5,2.5,0.5,55be7eeec96340ec
15,3,1,0.1536347033208948,0.2915333866753505,0.580996605896689,0.9070420747435357,1.0455193389648174,1.0117974195173804,2.5,3.5,1.5,55be7eeec96340ec
15,4,2,0.1356630581441488,0.2713662349591171,0.556535300762976,0.8982827855187177,0.8582528172724707,1.1417350818651615,2.5,3.5,1.0,55be7eeec96340ec
15,5,3,0.17275639885787725,0.3122283939150226,0.6047011799417662,0.9149996572871291,0.8942771785808454,1.1959550280719742,2.5,3.5,1.5,55be7eeec96340ec
16,0,1,0.08658133172464409,0.21125329629957,0.47437919248647503,0.8639629840635734,1.0164833286212744,1.0567562547361975,2.5,3.5,1.5,2aa5d2896ad6cf1d
16,1,2,0.14792541053385977,0.28520855872788947,0.5734752012059676,0.9044104813824185,1.078415232629844,0.8768069805567427,2.0,3.5,1.0,2aa5d2896ad6cf1d
16,2,4,0.1793297764063424,0.31918594085425644,0.6123732020221928,0.9174712750138139,0.9840849293665437,0.60471022939374,2.0,3.0,1.0,2aa5d2896ad6cf1d
16,3,5,0.12710859833660781,0.2614790894555104,0.544015568204064,0.8935660039487504,0.9126736107176661,1.257640398284972,3.0,4.0,1.5,2aa5d2896ad6cf1d
16,4,3,0.1814238616206684,0.32138699400297005,0.6147703809173685,0.9182335857313327,0.9752978067713305,0.9508561419932278,2.0,3.0,1.0,2aa5d2896ad6cf1d
16,5,0,0.19402192541660834,0.334480908834548,0.6287427042878011,0.9225852709006434,1.0619500072948314,0.7103746053991145,1.5,2.5,0.5,2aa5d2896ad6cf1d
17,0,0,0.16595610025548338,0.30494964108501194,0.596517784884876,0.9123084510686711,0.9765488458210809,0.945506923124011,2.5,3.5,1.5,013f8a86430f15fa
17,1,5,0.2110605995931831,0.35182149475460434,0.6465188275749568,0.9279052276303166,0.8595635428204387,1.3642380471770987,2.5,3.5,1.0,013f8a86430f15fa
17,2,1,0.13275912002208368,0.26803240918024057,0.5523538906050796,0.8967257432800853,1.000754668531664,0.943873022676985,2.5,3.5,1.5,013f8a86430f15fa
17,3,2,0.10645794555687077,0.23668371414025938,0.5109648747680761,0.880275588996361,1.0274841534770065,1.055636564388695,2.0,3.0,1.0,013f8a86430f15fa
17,4,4,0.11822570084565545,0.250986506914791,0.5303268478130445,0.8882146028868728,0.8694488612079534,1.1918757786373473,2.0,3.0,1.0,013f8a86430f15fa
17,5,3,0.15779129913803003,0.2960938096376076,0.5863375949684934,0.9088788195136788,0.8932016510571015,0.8653856782423816,2.5,3.5,1.5,013f8a86430f15fa
18,0,4,0.1662137229043189,0.3052269538763456,0.5968325652654018,0.9124130386144199,1.0209931197881996,1.1729807307813902,1.5,2.0,0.5,c611e92a33ea4009
18,1,2,0.16356062770661722,0.30236500769071284,0.5935723514681123,0.9113256118748415,1.0861544651776789,0.956721949051822,1.5,2.5,1.0,c611e92a33ea4009
18,2,5,0.11528419186581762,0.24745666226931798,0.525625322114443,0.8863277145371112,1.0717553551903243,0.9422230895991681,2.5,3.5,1.0,c611e92a33ea4009
18,3,3,0.1533032234035662,0.29116812511353646,0.5805658712600671,0.9068928011013262,1.0075171382563366,1.2370229108012367,1.5,2.5,1.0,c611e92a33ea4009
18,4,1,0.13227862648993352,0.2674786005249844,0.5516553663259706,0.8964638624495453,1.0733167161914954,1.46497221889672,2.5,3.5,1.5,c611e92a33ea4009
18,5,0,0.18158804229405445,0.3215592545488064,0.614957391991399,0.9182928589876539,1.0701225146669986,1.1984354159118187,2.0,3.0,1.0,c611e92a33ea4009
19,0,5,0.15519755011780756,0.2932523388716747,0.5830177731866701,0.9077402282608685,1.0591174922204838,1.4164712516452607,2.0,3.0,1.0,ee936eb653acafd8
19,1,4,0.1613731429743225,0.299995051473057,0.5908530291507218,0.9104114273261038,1.1278618856029181,1.2818942495499948,1.5,2.5,1.0,ee936eb653acafd8
19,2,0,0.13019720558299186,0.26507226810188417,0.5486071593053802,0.8953150771492747,0.830031723899561,0.9916448077584519,1.5,2.5,1.0,ee936eb653acafd8
19,3,1,0.17719191497853284,0.3169312937112776,0.6099028468450942,0.916680763503425,0.8882885056713596,1.0323620537281375,2.0,3.0,1.0,ee936eb653acafd8
19,4,2,0.1931757891887157,0.33360909158527846,0.6278274487658488,0.9223049050086082,0.8086917053126567,1.3233117652400237,1.5,3.0,1.0,ee936eb653acafd8
19,5,3,0.19339730507102326,0.33383743317652714,0.6280673715536269,0.9223784619534596,1.0084563561493356,1.0112147041509976,1.5,2.0,0.5,ee936eb653acafd8
20,0,3,0.15805422787411255,0.2963810707260657,0.5866717536787309,0.9089928684838147,0.8540802341276117,1.013280791849139,2.0,3.0,1.0,477e9ae736943f78
20,1,0,0.1642909881919572,0.30315421145290117,0.5944739503371477,0.9116272684476798,1.2042908575735418,1.1479802062255444,2.0,3.0,1.0,477e9ae736943f78
20,2,2,0.15635392430823503,0.2945208895531836,0.5845031331965669,0.908250904385827,1.0938308282971971,1.1184915444149404,1.5,2.5,1.0,477e9ae736943f78
20,3,1,0.17471808392271312,0.3143125680313364,0.6070145901971602,0.9157501140345768,1.019639307725127,0.7291336907682797,1.5,2.5,0.5,477e9ae736943f78
20,4,5,0.10330568302722541,0.2327654012007785,0.5055129667824505,0.8779574879656158,0.9847586459763529,0.8129811075364235,2.0,3.0,1.0,477e9ae736943f78
20,5,4,0.15327228638593052,0.29113402318181414,0.5805256340419925,0.9068788478533177,1.1659606773716649,1.2648309942231966,2.0,3.0,1.0,477e9ae736943f78
21,0,5,0.17512950826462875,0.3147488247959652,0.6074971737943567,0.9159060951919926,0.9229679290322622,1.389875417897499,1.5,2.5,0.5,81578e7b05317259
21,1,1,0.16549383333150228,0.30445172694248884,0.5959519946829075,0.9121202467497147,0.7973428832256841,1.1271474169434947,2.5,3.5,1.0,81578e7b05317259
21,2,3,0.14076819274452818,0.27717397560475565,0.5637243476761946,0.9009180561365139,1.0079096185951317,1.3689970611402105,2.0,3.0,1.0,81578e7b05317259
21,3,2,0.15207841896373475,0.28981643774214194,0.5789680493703595,0.9063375579097905,0.7598707367613838,1.1733818620962535,2.0,3.0,1.0,81578e7b05317259
21,4,0,0.1604128630743917,0.2989516797123366,0.5896501811613275,0.9100049527904785,1.102924389226674,1.3377754412949523,2.0,3.0,1.0,81578e7b05317259
21,5,4,0.17626167480916763,0.31594780784750726,0.6088205398558431,0.9163328374763623,1.0991679044170093,0.8942250086098312,1.5,2.5,0.5,81578e7b05317259
22,0,2,0.20690723537478314,0.34763096054667847,0.6422964397719229,0.9266627693738126,0.8481766457940207,1.0274884221505047,2.0,3.0,1.0,55626360a844b1ed
22,1,4,0.14194980055577172,0.2785088877526023,0.5653599052180323,0.9015103607106125,1.1617002161469088,0.6378674246904221,2.5,3.5,1.0,55626360a844b1ed
22,2,3,0.1440322387005527,0.2808532470630703,0.5682172188753484,0.9025387798691346,0.9790264628836101,0.8423634834735837,2.0,3.0,1.0,55626360a844b1ed
22,3,5,0.13690502538101607,0.27278526582287926,0.5583029276545155,0.898935592326412,0.9820615633236636,1.0866423180174334,2.0,3.0,1.0,55626360a844b1ed
22,4,0,0.11754658240699184,0.2501741041096975,0.5292491541535681,0.8877843418944109,1.1224019087317167,0.6355230991249643,2.0,3.0,1.0,55626360a844b1ed
22,5,1,0.1708240336208166,0.31016867510167984,0.6024019751095423,0.914249329404099,0.9770656016211916,0.7547592866863602,2.0,3.0,1.0,55626360a844b1ed
23,0,0,0.17834382087501408,0.31814708573878214,0.6112368266220725,0.9171082602748903,0.9402219733518282,0.9636669944702687,1.5,2.5,1.0,c94c7bdb1c76ea42
23,1,2,0.15261021085435728,0.2904037202542311,0.579663017557163,0.9065793519419565,1.098544648365573,1.249689753523963,1.5,2.5,0.5,c94c7bdb1c76ea42
23,2,3,0.18608670014415296,0.32626229996419087,0.6200298886784517,0.9198898268890024,1.0101136846843304,1.0938333997484315,2.0,3.0,1.0,c94c7bdb1c76ea42
23,3,4,0.1698019659636355,0.3090765192624829,0.6011775769171597,0.9138479203716501,0.969124444842649,1.0658931774084566,1.5,2.0,0.5,c94c7bdb1c76ea42
23,4,5,0.1237327561653069,0.25751998362843864,0.5389001435458508,0.8915905395938055,1.0030072637842466,1.0629953770878608,1.5,2.0,0.5,c94c7bdb1c76ea42
23,5,1,0.1513654031418022,0.28902805146699034,0.5780332974741165,0.9060116253920125,1.0172413870150765,1.196542986084487,2.0,3.0,1.0,c94c7bdb1c76ea42
24,0,3,0.10835996126414385,0.2390293188576949,0.5141976032213105,0.8816325565157953,0.9896280689986912,0.9854863650027377,1.5,2.5,0.5,d968c374ca71bced
24,1,0,0.20376809729244463,0.34444855178065226,0.6390589942327448,0.9257013040211207,0.9769633329093022,1.0138544424888518,1.5,2.5,0.5,d968c374ca71bced
24,2,4,0.1991389798664476,0.3397310219887719,0.6342101074034433,0.9242467100956001,0.9548477661965249,1.1295674378868585,3.0,4.0,1.5,d968c374ca71bced
24,3,5,0.19305682704650162,0.3334864337021946,0.6276985099529302,0.9222653558063988,0.8109485964671875,0.9864315990580428,2.0,3.0,1.0,d968c374ca71bced
24,4,2,0.12782946160470732,0.2623201591309759,0.5450946626473026,0.89397909448191,1.032695699146845,0.7164890554019248,2.5,3.5,1.0,d968c374ca71bced
24,5,1,0.11586183031688174,0.2481521161097973,0.5265555395938157,0.8867030776734904,0.973859761706529,1.3022964541175037,2.5,3.5,1.0,d968c374ca71bced
25,0,5,0.2093598011716496,0.350108200667912,0.6447980489251409,0.9274004430482784,1.0216581890774563,0.8236452905332894,1.5,2.5,0.5,417edc6f04d00073
25,1,2,0.1640443826106291,0.3028878529418087,0.5941698776373723,0.9115256119373492,1.050871423007687,1.1228370057051986,2.0,3.0,1.0,417edc6f04d00073
25,2,3,0.16731533820509334,0.3064113519309146,0.5981742888695201,0.9128578670025106,1.2299492300853292,0.9521977600577458,2.0,3.0,1.0,417edc6f04d00073
25,3,0,0.15923671055823008,0.29767123548474117,0.5881692583894812,0.9095027276388817,0.9829541600078675,0.7938045413055463,1.5,2.5,0.5,417edc6f04d00073
25,4,4,0.16126463883154585,0.29987725068407495,0.5907173969932694,0.9103656582598445,0.8904237462370058,0.9175238014075403,2.0,3.0,1.0,417edc6f04d00073
25,5,1,0.1698588739457232,0.3091373797817531,0.6012459028984032,0.9138703542589701,1.246363962481292,1.2621101219254465,2.0,3.0,1.0,417edc6f04d00073
26,0,2,0.12376618166691448,0.25755935132008695,0.5389513025840952,0.8916104380867502,1.203923125709339,1.1160134597401954,2.5,3.5,1.0,57090f081a513481
26,1,3,0.12745062207649843,0.2618783343412409,0.5445281312968592,0.8937623758892164,1.1470509574901897,1.0879154693640625,2.0,3.0,1.0,57090f081a513481
26,2,4,0.14932896462799208,0.2867701592341853,0.5753447166449825,0.9050695776944475,0.7833910746825744,1.0133405679045489,2.5,3.5,1.0,57090f081a513481
26,3,5,0.15460637081134887,0.292602721131329,0.5822550868404585,0.9074772237208313,1.0138944508926964,0.9404765700437776,2.0,3.0,1.0,57090f081a513481
26,4,1,0.18974308492142175,0.3300612087954365,0.6240809038121455,0.9211504689216796,1.0403002637614276,0.8703601388629818,1.5,2.5,1.0,57090f081a513481
26,5,0,0.179287951116106,0.3191419046947101,0.6123250967205995,0.9174559292879509,0.9819901590539873,1.0512385531542658,2.5,3.5,1.0,57090f081a513481
27,0,0,0.14364406479730876,0.28041704066801176,0.5676870131890467,0.9023485510674836,0.7798869272434878,1.092567355488073,2.5,3.5,1.0,6bc8cf8fa0275ef0
27,1,3,0.1676873629572024,0.3068108183154842,0.5986258335915117,0.9130072186407733,1.1161273293309777,0.5662690853283966,2.0,3.0,1.0,6bc8cf8fa0275ef0
27,2,4,0.16803216015909686,0.30718081802810276,0.5990436287356196,0.9131452502651446,0.8393773413194848,1.2178694203768077,2.0,3.0,1.0,6bc8cf8fa0275ef0
27,3,1,0.2072583580651033,0.3479861026223905,0.6426560638480929,0.9267690962210023,0.8998209513211923,0.6550642213642935,1.5,2.5,1.0,6bc8cf8fa0275ef0
27,4,2,0.14911121647073727,0.28652818364770954,0.5750555680783328,0.9049678560750277,0.9702229626551087,1.4433311904968538,2.5,3.5,1.5,6bc8cf8fa0275ef0
27,5,5,0.1485277576479081,0.2858792796646477,0.5742791848289652,0.9046943333996575,0.8655648808296451,0.9072830313407252,2.5,3.5,1.5,6bc8cf8fa0275ef0
28,0,0,0.11709919808914199,0.24963808709985433,0.5285366727620022,0.8874991555673771,0.840188036988579,0.9205362958960533,2.0,3.0,1.0,d9d8b767fc7f63ef
28,1,2,0.184686587195088,0.3248020593126903,0.6184617765619451,0.9193983464931802,1.178554462709868,1.0630051528704727,2.0,3.0,1.0,d9d8b767fc7f63ef
28,2,1,0.13850076202594291,0.2746026613353509,0.5605562626911726,0.8997631694684453,0.8000269862719802,1.0399477716810646,1.5,2.5,1.0,d9d8b767fc7f63ef
28,3,4,0.1179540408974519,0.25066171205515597,0.5298963032300622,0.8880428711704886,0.9442083219502848,0.8396655388755649,2.0,3.0,1.0,d9d8b767fc7f63ef
28,4,3,0.15888008928500374,0.29728243899424256,0.587718544666425,0.9093494852407431,0.8726079397490838,0.8145337250723013,2.5,3.5,1.0,d9d8b767fc7f63ef
28,5,5,0.13574257740499246,0.27145721155880886,0.5566488435081914,0.8983248143079774,1.1328058028805197,0.6566205665136341,1.5,2.5,1.0,d9d8b767fc7f63ef
29,0,0,0.17139167787455462,0.31077442669881383,0.6030794998627217,0.9144709008530978,0.9593984796546173,0.909973631695697,2.0,3.0,1.0,11bb401c5e0885ab
29,1,5,0.15971573466469596,0.29819307242799054,0.5887734348277833,0.9097078600348738,1.1537479055800717,0.6229194706381052,1.5,2.5,1.0,11bb401c5e0885ab
29,2,3,0.12537027842584464,0.2594446579602008,0.5413943734238688,0.8925573271562111,0.9833030122532481,0.7421505014039084,1.5,2.0,0.5,11bb401c5e0885ab
29,3,1,0.19360915370357556,0.33405574154797113,0.6282966167396995,0.922448703763312,0.998432113730729,1.3895616184415978,2.0,3.0,1.0,11bb401c5e0885ab
29,4,4,0.17549329202539443,0.31513432000977537,0.6079231300042547,0.9160436114884396,0.8962461689969292,0.9812904074099629,2.0,3.0,1.0,11bb401c5e0885ab
29,5,2,0.15856223317033075,0.29693568693809874,0.5873161598421696,0.9092125196345283,0.8692544652767997,1.216010094992395,2.0,3.0,1.0,11bb401c5e0885ab
30,0,4,0.12666138722774364,0.26095654587727946,0.5433438049280676,0.8933082097046507,0.9122957387999292,1.108683645422493,2.5,3.5,1.5,de020b06e46375a7
30,1,0,0.19043696601882112,0.3307798085862778,0.6248425933382046,0.9213860572228955,1.1776323568811549,0.7407395250853017,1.5,2.5,0.5,de020b06e46375a7
30,2,2,0.1567269862818676,0.29492954363752916,0.5849805113689174,0.9084146008521335,1.151528483501744,1.1684412236823085,1.5,2.5,0.5,de020b06e46375a7
30,3,5,0.17104765690568224,0.3104073802951741,0.6026690973565085,0.9143367332636974,1.123090388832651,1.1080015168988797,2.0,3.0,1.0,de020b06e46375a7
30,4,1,0.10211303887773664,0.23127256279975886,0.5034186387559372,0.8770569553617446,0.9278553103997518,0.6045384073113907,2.0,3.0,1.0,de020b06e46375a7
30,5,3,0.1345047568448635,0.27003915577148474,0.5548756545126022,0.8976669418309631,0.9268400131811289,1.3030757278726046,1.5,2.5,1.0,de020b06e46375a7
31,0,3,0.1587751597654054,0.2971679932260981,0.5875857801622987,0.9093043104213899,0.7694000125205531,0.527431032397742,1.5,2.5,1.0,dd452d61e618ce73
31,1,2,0.1494959224161467,0.28695562111282286,0.575566200578156,0.9051474414153908,1.126262270224029,1.1980705187168832,3.0,4.0,1.5,dd452d61e618ce73
31,2,4,0.11472015309094916,0.24677648887589504,0.5247136719344844,0.8859588622403946,0.7340937730403866,1.0294382522175678,2.0,3.0,1.0,dd452d61e618ce73
31,3,5,0.22314591142751944,0.3638911317613127,0.6584285894725495,0.9313411288484313,0.9168356308038472,1.4012877697940846,2.0,3.0,1.0,dd452d61e618ce73
31,4,1,0.11232453872065931,0.24387538846157694,0.5208043552917309,0.8843660502256864,1.0333711140870334,0.7233181687953258,2.0,3.0,1.0,dd452d61e618ce73
31,5,0,0.17063371574731143,0.3099654501758633,0.6021744196316605,0.9141748240375918,0.9685071861375434,1.0162560850219031,2.0,3.0,1.0,dd452d61e618ce73
32,0,4,0.09139206039824432,0.2175764822227063,0.4837478649081326,0.8683153058471895,0.9649232590205488,1.3448711820277226,1.5,2.5,1.0,76b19068bd0fc4e9
32,1,3,0.18649143645667382,0.3266838393967658,0.6204814304479933,0.9200309862977302,1.200124167741487,1.0892896313765448,2.5,3.5,1.0,76b19068bd0fc4e9
32,2,5,0.14508749257096967,0.28203726789281214,0.5696530755309941,0.9030525634173525,0.9551713969457662,1.0864575427557295,2.0,3.0,1.0,76b19068bd0fc4e9
32,3,1,0.1523694197621863,0.29013787974375177,0.5793485738240354,0.9064700062408735,0.826478507255143,1.4519480739576671,2.0,3.0,1.0,76b19068bd0fc4e9
32,4,2,0.18088363478874753,0.32081986755773173,0.6141540790596023,0.9180380473128095,0.8242344395969081,1.2857945255108434,2.0,3.0,1.0,76b19068bd0fc4e9
32,5,0,0.12499792572749431,0.2590077163229461,0.5408293676904105,0.8923389235270008,1.115408979401291,0.8111738999408565,1.5,2.5,1.0,76b19068bd0fc4e9
33,0,3,0.11827159426159897,0.25104135299006036,0.5303995101726503,0.8882435648363004,0.9113297467748849,0.9325379016598836,2.5,3.5,1.0,6fb3acbb2d2c27ee
33,1,4,0.13851785564744584,0.2746220942109384,0.5605802934089922,0.8997719674981131,1.0493741155611995,0.8483643182709878,1.5,3.0,1.0,6fb3acbb2d2c27ee
33,2,2,0.12812106700766981,0.26265996463316743,0.5455298819881811,0.8941453470031147,1.0353489490607768,0.9836151998771843,2.5,3.5,1.0,6fb3acbb2d2c27ee
33,3,1,0.13384792557943212,0.2692850358377319,0.5539297122166259,0.8973146607242387,1.0068845296999287,0.9641890663120156,2.5,3.5,1.5,6fb3acbb2d2c27ee
33,4,5,0.15429874777344715,0.29226439562318485,0.581857324994569,0.9073398467025867,0.8756802718576359,1.1663445366866039,1.5,2.5,1.0,6fb3acbb2d2c27ee
33,5,0,0.19179280948554084,0.3321818432122743,0.6263245201395036,0.9218431142678685,0.9693437432127194,0.8136250040731087,1.5,2.5,1.0,6fb3acbb2d2c27ee
34,0,1,0.11961867042805091,0.25264816923135797,0.5325230439094063,0.8890873058641642,1.0291284128114853,1.2550607566162315,3.0,4.0,1.5,c158fe41b31bd421
34,1,3,0.1931007798722465,0.33353175444053257,0.6277461563023792,0.9222799717947332,0.9681377601917134,1.185581432956561,2.0,3.0,1.0,c158fe41b31bd421
34,2,0,0.10760337778623501,0.23809792862284657,0.512916704962327,0.8810964342430265,1.203080233846392,0.927619669958802,1.5,2.5,1.0,c158fe41b31bd421
34,3,4,0.1450162425028242,0.28195740644208656,0.5695563798200226,0.9030180264232284,1.0005849929030532,0.8630485232789948,2.0,3.0,1.0,c158fe41b31bd421
34,4,2,0.1830640787678036,0.32310595141891263,0.6166326574666944,0.9188225712130266,0.9051782052880809,1.149419397890242,1.5,2.5,1.0,c158fe41b31bd421
34,5,5,0.16146634555576164,0.3000962209953124,0.5909694772632031,0.9104507096451553,1.167064158307583,0.8021412035133418,1.5,2.5,0.5,c158fe41b31bd421
35,0,4,0.1838527101737746,0.3239308855667699,0.6175233231239019,0.919103273422886,1.1578818082676925,1.0534743297480702,2.0,3.0,1.0,4864de396f63d872
35,1,5,0.15350587463192084,0.2913914569404674,0.5808292876766576,0.9069841100841269,1.0293412889858202,1.0427147409227193,1.5,2.5,1.0,4864de396f63d872
35,2,2,0.1521905351753443,0.289940304148125,0.579114723659264,0.906388626545378,1.0683006083297317,0.9698545995903627,2.0,3.5,1.0,4864de396f63d872
35,3,1,0.16767575088916406,0.30679835361893154,0.598611751357266,0.9130025635074608,1.013611682642924,0.7003415089033825,2.0,3.0,1.0,4864de396f63d872
35,4,0,0.20537374643118156,0.34607799045754956,0.6407199640461958,0.9261955477182542,1.057806528659621,0.6205547009940696,2.5,3.5,1.5,4864de396f63d872
35,5,3,0.13779628109081687,0.2738011262899996,0.5595639139884147,0.8993993455720912,0.966367736315633,1.2664714700810085,2.0,3.0,1.0,4864de396f63d872
36,0,4,0.1373127993371757,0.2732503032292268,0.5588806353441461,0.8991482563894707,0.8666666063301214,0.9875180358643447,1.5,2.5,0.5,37c590ad4b2c2f55
36,1,0,0.16940270482980746,0.3086493606896219,0.6006977005856653,0.9136902469300108,1.1464707522511808,1.139975906012464,2.0,3.0,1.0,37c590ad4b2c2f55
36,2,5,0.13903000881482208,0.27520399234718357,0.561299248732387,0.9000349194976778,0.9559315174322447,1.1997373082338298,1.5,2.5,1.0,37c590ad4b2c2f55
36,3,1,0.16443263840156946,0.3033071546699084,0.5946484481280185,0.911685569211656,1.154286785495382,0.7219777092448127,2.5,3.5,1.0,37c590ad4b2c2f55
36,4,3,0.12029474406926695,0.2534524055010841,0.5335821113186681,0.8895061885057025,0.9865760371320673,1.1029666976664703,2.5,3.5,1.5,37c590ad4b2c2f55
36,5,2,0.15718929462740858,0.29543555696695256,0.5855708682506214,0.9086167508112916,1.0439422928544262,0.533972079546573,2.5,3.5,1.0,37c590ad4b2c2f55
37,0,2,0.14125857879226836,0.2777284015422051,0.564404397652844,0.9011646533312141,1.0321665207319062,0.6629642285071319,1.5,2.5,0.5,5d2c8ba390a26e0e
37,1,5,0.14923677306603514,0.2866677231411732,0.575222334805761,0.9050265338128126,0.9992387139228566,1.0022745058129547,1.5,2.5,0.5,5d2c8ba390a26e0e
37,2,4,0.17595036054341145,0.31561834202230193,0.6084573237769941,0.9162158574420485,1.1447164644995638,0.5699805199682799,2.0,3.0,1.0,5d2c8ba390a26e0e
37,3,1,0.16407401826870943,0.30291986860715503,0.5942064382743597,0.9115378390634332,0.9386096480191005,0.8407927842168039,1.5,2.5,0.5,5d2c8ba390a26e0e
37,4,3,0.19714562143415665,0.337690320803184,0.6320939243696562,0.9236063440188926,0.7518777217259189,0.8580893718751524,2.0,3.0,1.0,5d2c8ba390a26e0e
37,5,0,0.20621695110268112,0.3469322961810761,0.6415879884609683,0.9264530307407206,1.0731080223099854,1.0006956268862024,1.5,2.5,0.5,5d2c8ba390a26e0e
38,0,4,0.149296042237475,0.28673358062923276,0.5753010197326486,0.9050542103409769,0.9386979277192223,1.1889530031199795,2.5,3.5,1.5,28e8cc7a3044e44c
38,1,2,0.20126151031614034,0.3418977861677194,0.6364446405448186,0.9249192216793316,0.9459649870532291,0.94996100911747,1.5,2.5,1.0,28e8cc7a3044e44c
38,2,3,0.12089815753603991,0.25416898207587024,0.5345236207113283,0.8898775105585549,0.8486655177368059,1.2519464153159825,2.0,3.0,1.0,28e8cc7a3044e44c
38,3,0,0.13975443380894723,0.2760259414708509,0.5623127529393418,0.9004047181520902,1.1521522055469409,0.9414533393182434,2.5,3.5,1.0,28e8cc7a3044e44c
38,4,5,0.13253902274044554,0.2677788067633429,0.5520341586083499,0.896605937154922,0.8964529703057955,0.6782794112215957,2.5,3.5,1.5,28e8cc7a3044e44c
38,5,1,0.1527447012571717,0.29055214682660485,0.5798384786678262,0.9066403272703468,1.1215334975048403,0.975083656436377,1.5,2.5,1.0,28e8cc7a3044e44c
39,0,3,0.19282675065101237,0.33324914988790966,0.6274489566932164,0.9221887741919771,1.247092700898745,1.380905874885007,1.5,2.5,1.0,a073f533c715706c
39,1,5,0.2057056163912162,0.3464143434021485,0.6410619486055753,0.9262970571178726,0.9456848100562133,1.0590242038795115,1.5,2.5,1.0,a073f533c715706c
39,2,2,0.13882637834653544,0.2749727108908292,0.5610136362254295,0.8999305213659057,1.1731813422150104,0.922704320170229,2.5,3.5,1.5,a073f533c715706c
39,3,0,0.15011466261743256,0.28764239218956905,0.576385354363529,0.9054350149264145,1.006171318144714,0.9589494638288638,2.0,3.0,1.0,a073f533c715706c
39,4,1,0.09196412529165299,0.21832066394905944,0.48483830307912795,0.8688137359229456,1.041107713965339,1.1200596490094459,2.0,3.0,1.0,a073f533c715706c
39,5,4,0.16646354172905833,0.3054957463659546,0.5971374451361565,0.9125142543691328,1.0465567601556598,1.1224199327812276,2.0,3.0,1.0,a073f533c715706c
40,0,4,0.15544864510118775,0.2935280309477319,0.583341032013552,0.9078515391194381,0.8078350908328908,1.107511224999289,1.5,2.0,0.5,af8329faa0d6db32
40,1,2,0.19605565508272188,0.3365720573657553,0.6309294692927745,0.923252523704458,1.0255555310591553,1.1323265343588247,2.0,3.0,1.0,af8329faa0d6db32
40,2,1,0.10050612160150373,0.22925190314310462,0.5005685276252638,0.8758223509425312,0.8613304799690225,1.0697942312271334,2.5,3.5,1.0,af8329faa0d6db32
40,3,5,0.14011424058922858,0.2764336982067381,0.5628146520697035,0.9005874658094905,0.9001945614660873,1.321814066147088,1.5,2.5,1.0,af8329faa0d6db32
40,4,3,0.12901570643812055,0.2637009614099906,0.5468604949217782,0.8946523775553353,1.0088387118287332,1.3489096962273865,1.5,2.5,1.0,af8329faa0d6db32
40,5,0,0.16945325393598626,0.3087034579609608,0.6007585052976983,0.9137102365188526,0.9279254139273407,1.2598171727754193,2.0,3.0,1.0,af8329faa0d6db32
41,0,5,0.14537364904016614,0.28235788932442263,0.5700410610924452,0.9031910496739538,1.1647958843597064,0.9093377054357584,2.5,3.5,1.0,928232d067df2021
41,1,3,0.19051389366711768,0.33085943152601516,0.6249269012627572,0.9214121055084964,1.264165858698044,0.8689123917027803,2.0,3.0,1.0,928232d067df2021
41,2,0,0.18204830381786263,0.32204193127582575,0.6154809386736817,0.9184586464315112,1.1065960592171034,1.0399252890119213,1.5,2.5,0.5,928232d067df2021
41,3,1,0.13911258185034586,0.2752977481820341,0.561414975074114,0.9000771968647797,1.1839411766498227,1.1432144414400043,1.5,2.5,0.5,928232d067df2021
41,4,4,0.14796214275686004,0.2852494841696213,0.5735243016337351,0.9044278343341327,1.1916650414175238,1.0311007713648266,2.0,3.0,1.0,928232d067df2021
41,5,2,0.16301285692630646,0.3017724245727428,0.5928940826887105,0.9110982043361762,1.0110436106144842,1.1093088638559925,2.0,3.5,1.0,928232d067df2021
42,0,0,0.19561465461146804,0.33611911901044184,0.6304568441127325,0.9231086209744666,0.7817934473193136,0.7433212190664111,1.5,2.5,1.0,6662ee04495d87e4
42,1,3,0.1928721407621227,0.33329596814046536,0.6274982082356356,0.9222038920676611,1.027700202292227,0.9576156804064615,2.0,3.0,1.0,6662ee04495d87e4
42,2,2,0.12190641863050022,0.25536377727908677,0.5360890314352401,0.8904926875923646,1.010820873315573,0.9432670476322562,2.0,3.0,1.0,6662ee04495d87e4
42,3,5,0.15255377120422386,0.29034142051508266,0.5795893487057246,0.9065537423692865,1.1069448224105956,1.251043702570612,2.5,3.5,1.0,6662ee04495d87e4
42,4,1,0.162168941137428,0.30085832083494257,0.591845621605533,0.9107458787293249,0.7393006456152822,0.8397257492221414,1.5,2.5,1.0,6662ee04495d87e4
42,5,4,0.15148306045928328,0.2891582227730344,0.5781877782132931,0.9060655467728602,1.1877587935659224,1.0674268890681833,2.5,3.5,1.5,6662ee04495d87e4
43,0,4,0.17673391649706158,0.3164472655474614,0.6093705435754891,0.9165097669822838,0.816766983449092,0.8358494192431413,1.5,2.5,1.0,8e92a68e481488c1
43,1,2,0.16769265045585646,0.30681649397096744,0.5986322456144846,0.9130093381923176,0.9995968234328969,0.9473089736217429,2.0,3.0,1.0,8e92a68e481488c1
43,2,3,0.11406202543440816,0.24598147724914957,0.5236457485150064,0.8855255411367005,0.8265578139621316,1.0653096535209738,2.0,3.0,1.0,8e92a68e481488c1
43,3,5,0.13500642958728276,0.27061436280004025,0.5555957897638256,0.8979345099664359,1.104941255411083,1.116270128612841,3.0,4.0,1.5,8e92a68e481488c1
43,4,0,0.17395178196491884,0.3134992247856389,0.60611334808015,0.9154582913233207,1.0544032176075686,0.8410686272198444,1.5,2.5,1.0,8e92a68e481488c1
43,5,1,0.17042969101849298,0.30974751578551063,0.6019302531887293,0.9140948308403837,1.0217230937775206,1.1677955715778527,2.0,3.0,1.0,8e92a68e481488c1
44,0,0,0.1605929966049206,0.29914754031414276,0.5898762438285591,0.9100814441824014,1.0706612511628633,0.8422174258300894,2.5,3.5,1.0,cd3a0625b2271d04
44,1,4,0.1489498488879909,0.2863487928129837,0.574841077603936,0.9048923476321341,1.021348136388076,1.4035662567309435,1.5,2.5,1.0,cd3a0625b2271d04
44,2,5,0.17279954642198742,0.3122743088480674,0.6047522864834882,0.9150162846340086,0.9121071963298056,0.5797456533405363,2.0,3.0,1.0,cd3a0625b2271d04
44,3,1,0.18170311307109838,0.32167996194936144,0.6150883838431822,0.9183343600118357,1.0994615858142809,1.1280753034881257,2.0,3.0,1.0,cd3a0625b2271d04
44,4,3,0.14671639770981004,0.28385980302268005,0.5718538414706714,0.9038361665351115,0.8921622617277782,1.3671362027275908,2.0,3.0,1.0,cd3a0625b2271d04
44,5,2,0.14945374571441628,0.2869087758376845,0.575510267536315,0.9051277822830306,1.258526895713717,0.9866084130045754,2.5,3.5,1.0,cd3a0625b2271d04
45,0,5,0.18601681430833622,0.32618948657799757,0.6199518413916629,0.9198654115713607,0.993021562636448,0.636961882790092,2.0,3.0,1.0,edab943361d4318e
45,1,1,0.16008477731297388,0.29859478226611325,0.5892379334847987,0.9098653452082273,0.8955516930858772,1.0507050798409847,2.0,3.0,1.0,edab943361d4318e
45,2,3,0.18964629173805342,0.3299609090328506,0.6239744739499692,0.9211175142914201,0.9615127970905042,0.7976457579453801,2.0,3.0,1.0,edab943361d4318e
45,3,2,0.12365624278259615,0.2574298553795599,0.5387829979082002,0.8915449644880177,1.1800979435368106,0.9610760123278668,2.5,3.5,1.5,edab943361d4318e
45,4,0,0.21874504299135844,0.3595166782811434,0.6541545826509856,0.930119585852336,0.8485673192282225,1.4037241699268532,1.5,2.5,1.0,edab943361d4318e
45,5,4,0.1113633984968953,0.24270577386491526,0.5192186137171241,0.8837147716800999,1.1224233527695346,0.6418337287734488,2.5,3.5,1.0,edab943361d4318e
46,0,5,0.14159745989102088,0.2781111919124766,0.5648732936538762,0.9013344152376023,0.9522793193950041,1.1572417956510839,1.5,2.5,1.0,ed8324fcf188a72e
46,1,4,0.17364166995223967,0.31316978246598287,0.6057477351325078,0.9153397112184795,1.0632829905789425,0.9085322387399882,1.5,3.0,1.0,ed8324fcf188a72e
46,2,3,0.18314793898274567,0.32319371971295424,0.6167275129597843,0.9188524962805644,0.8867134813138388,0.9529036814082608,1.5,2.5,0.5,ed8324fcf188a72e
46,3,1,0.10373059928823741,0.23329587740332156,0.5062548828814617,0.8782751551824365,0.9485389091335442,1.1150498428439408,2.0,3.0,1.0,ed8324fcf188a72e
46,4,2,0.15604940364628345,0.29418710052783686,0.5841128060562215,0.908116903453361,0.8999210240450778,1.358196241368983,2.0,3.0,1.0,ed8324fcf188a72e
46,5,0,0.12959465175142626,0.2643734058127586,0.5477178746757827,0.8949780803770575,1.2231638640064073,1.4193003579544015,1.5,2.0,0.5,ed8324fcf188a72e
47,0,0,0.13541163884314716,0.2710784814121652,0.5561759756019066,0.8981496911954575,0.9904319715867388,0.9822756330388355,2.5,3.5,1.0,c6883121ea6c88af
47,1,3,0.16923110214695244,0.3084656777737306,0.6004911758908372,0.9136223281107977,1.1464289813875022,1.3895633239253469,2.0,3.0,1.0,c6883121ea6c88af
47,2,4,0.15065479265181725,0.2882412118382106,0.5770983102671657,0.9056847901365295,0.7695732390951416,0.7552912780016445,2.0,3.0,1.0,c6883121ea6c88af
47,3,2,0.17087391262780605,0.3102219259625677,0.602461580399769,0.9142688378500341,1.0793945063749155,1.279926192867098,2.0,3.0,1.0,c6883121ea6c88af
47,4,5,0.17586539688584193,0.31552839538650435,0.6083581066793721,0.9161838837644521,0.8586713563377675,1.0273070129685418,2.0,3.0,1.0,c6883121ea6c88af
47,5,1,0.1744243391382665,0.3140009127038564,0.6066694893414419,0.9156384506470264,0.9715774130366267,0.9973716738761014,2.5,3.5,1.0,c6883121ea6c88af
48,0,4,0.16258149176909753,0.3013053576179752,0.5923586961166358,0.9109184144300304,1.0245282736213346,1.1176041453397372,2.5,3.5,1.5,5dc3fe153fcd2482
48,1,2,0.09792413628070004,0.225982187340595,0.49591898770732495,0.8737854421843406,0.8432129172072034,1.1133804295191936,2.0,3.0,1.0,5dc3fe153fcd2482
48,2,1,0.19786512012145416,0.33842756180230715,0.6328597450390583,0.9238384765423615,1.0704318821846068,1.2841400908835126,2.5,3.5,1.5,5dc3fe153fcd2482
48,3,3,0.16467885861866163,0.3035729127269243,0.5949514849931465,0.9117867520886136,0.8713684432640215,0.8011416624467178,2.0,3.0,1.0,5dc3fe153fcd2482
48,4,5,0.11653367135684772,0.24895957304170407,0.5276331497297211,0.8871366576253296,0.8100209689983431,0.9532553295325452,2.0,3.0,1.0,5dc3fe153fcd2482
48,5,0,0.14556912485845247,0.28257679791616364,0.570305760600134,0.9032854468315028,0.8812738588717008,1.048602383236777,1.5,2.5,0.5,5dc3fe153fcd2482
49,0,1,0.14671897828812505,0.28386268545983134,0.5718573130989666,0.9038373989461043,0.9268571794641736,1.0478940237735017,1.5,2.0,0.5,8799d13a4a7e8fe4
49,1,3,0.106722223979995,0.2370104523441805,0.5114165671190373,0.8804659698080161,0.8558693406511365,0.8746857796815781,1.5,2.5,1.0,8799d13a4a7e8fe4
49,2,0,0.14043164292106275,0.27679313184392207,0.563256585598453,0.9007481708909152,1.0202845008469956,0.9603820056793021,1.5,2.5,1.0,8799d13a4a7e8fe4
49,3,4,0.15664959610153958,0.2948447938642972,0.5848815538087044,0.9083806846904284,1.114550693882281,1.3052822527543773,3.0,4.0,1.5,8799d13a4a7e8fe4
49,4,5,0.18397211194022217,0.3240556962722834,0.6176579073139454,0.9191456334626469,0.7426022324293732,1.2356433008476408,2.0,3.0,1.0,8799d13a4a7e8fe4
49,5,2,0.13521015487636687,0.27084775976771813,0.5558876520273629,0.8980428000564682,0.8940471212696322,0.9763406732087997,2.0,3.0,1.0,8799d13a4a7e8fe4
50,0,4,0.15603548478310966,0.2941718392431457,0.5840949510746303,0.9081107704266482,0.8897787611939774,1.193714355803581,1.5,2.5,1.0,21387330d5208b3b
50,1,2,0.1404358262108238,0.276797867426223,0.5632624050926213,0.9007502857967469,1.0737399659200586,0.5901787545040829,2.5,3.5,1.0,21387330d5208b3b
50,2,0,0.13209986587469308,0.2672724035024315,0.5513950012349752,0.8963661195211126,0.9728343348141857,1.286462702267749,1.5,2.5,0.5,21387330d5208b3b
50,3,3,0.1676047781226802,0.3067221641281268,0.5985256643209621,0.9129741021742529,0.9744151612991182,0.6354208130646765,2.0,3.0,1.0,21387330d5208b3b
50,4,1,0.18779213470722528,0.32803679749156367,0.6219272542268172,0.9204818857728853,1.0295268285728352,0.6987361566103764,2.0,3.0,1.0,21387330d5208b3b
50,5,5,0.10192373717607828,0.23103507762789988,0.5030845840322093,0.8769127947674465,0.9601619448526584,1.3338228412687556,1.5,2.5,0.5,21387330d5208b3b
51,0,0,0.09849674405346441,0.2267097997105858,0.49695770794934746,0.8742429730796085,1.1745496899629535,1.061058348847299,2.5,3.5,1.0,073b1f2c7a384041
51,1,4,0.1512194686135802,0.28886655307324277,0.5778415606899829,0.9059446686528849,0.9574876653188014,0.8744302613489585,2.5,3.5,1.0,073b1f2c7a384041
51,2,1,0.1454401776035334,0.2824324030945121,0.5701311799913212,0.903223195507729,1.1480408746458302,0.7892509592074279,1.5,3.0,1.0,073b1f2c7a384041
51,3,3,0.1813626757091757,0.3213227855954594,0.6147006522216508,0.9182114779140401,0.9900664020463619,1.1275832531074028,3.0,4.0,1.5,073b1f2c7a384041
51,4,2,0.11227777661966229,0.243818559507855,0.5207274364301938,0.8843345283924352,1.2043036921828603,0.9325062635667858,2.5,3.5,1.0,073b1f2c7a384041
51,5,5,0.15318907150079974,0.2910422850152964,0.5804173721378574,0.9068412978946805,0.9546842632524485,1.0506728245223582,2.0,3.0,1.0,073b1f2c7a384041
52,0,2,0.1165470099349184,0.24897558881016257,0.527654497708142,0.8871452334388648,1.044245907246021,0.8200146918997526,2.0,3.0,1.0,1f831a8d6b5b607c
52,1,3,0.15510922331902333,0.2931553279702778,0.5829039651523931,0.9077010167509509,0.9863757233931225,0.9623951671296627,1.5,2.5,0.5,1f831a8d6b5b607c
52,2,1,0.10607974149394049,0.23621565682374854,0.5103170374649938,0.8800020921999075,0.8928027786830464,0.9779094823096205,2.0,3.0,1.0,1f831a8d6b5b607c
52,3,0,0.219443433317023,0.3602124270440535,0.6548375524949263,0.9303156380511762,0.9788595668791941,0.8386658997327923,2.0,3.5,1.0,1f831a8d6b5b607c
52,4,4,0.19366639195936075,0.33411471371931534,0.6283585205898229,0.9224676644408015,0.8114097846345115,1.3026116721032874,2.0,3.0,1.0,1f831a8d6b5b607c
52,5,5,0.20244194082626754,0.343100099420906,0.6376790981282116,0.9252891432626651,1.067782271821485,0.922964037702767,2.0,3.0,1.0,1f831a8d6b5b607c
53,0,2,0.14671749262442502,0.2838610260149836,0.5718553144549706,0.9038366894387196,0.874465730678535,0.5706486222972119,1.5,2.5,1.0,a7b1ad7f75b62021
53,1,1,0.1377890933172134,0.2737929417584223,0.5595537692528824,0.8993956210754734,0.8169115380145882,0.9937288025125932,2.5,3.5,1.5,a7b1ad7f75b62021
53,2,0,0.19433720575694283,0.334805487684944,0.6290829165950587,0.9226893218925784,0.8341603315528943,0.8486705526313977,2.0,3.0,1.0,a7b1ad7f75b62021
53,3,3,0.21883983922802053,0.35961115063625043,0.6542473911592521,0.9301462464864834,0.9807486995070454,0.6777531238805843,3.0,4.0,1.5,a7b1ad7f75b62021
53,4,5,0.17903236830320082,0.31887274811743066,0.6120309445517832,0.9173620526255698,0.8077729225021909,1.163907202494841,1.5,2.5,0.5,a7b1ad7f75b62021
53,5,4,0.17580388220264756,0.31546326517859535,0.6082862486381956,0.9161607216909244,0.9660063091039102,1.0267069190513614,2.0,3.0,1.0,a7b1ad7f75b62021
54,0,0,0.15040268356761838,0.2879617897223061,0.5767657793883296,0.9055683517855133,1.2254927392771426,0.5660654932534698,1.5,2.0,0.5,1601d014655b95fb
54,1,5,0.18856791460376923,0.3288424921478479,0.6227857756113278,0.9207488446186424,0.9694933016004815,0.9912475714164051,2.5,3.5,1.0,1601d014655b95fb
54,2,1,0.08269389877934047,0.2060538834564868,0.46653420987153993,0.8602192739968539,1.1266742091250743,0.6879740239672058,2.5,3.5,1.0,1601d014655b95fb
54,3,4,0.18358238138483857,0.32364822596351783,0.6172183628887756,0.9190072340541671,0.9732792827501572,1.3108114476895536,2.5,3.5,1.0,1601d014655b95fb
54,4,3,0.16367007723378946,0.30248334113482034,0.5937076626495829,0.9113709299191354,0.8692028467545149,0.8749696841031127,2.0,3.0,1.0,1601d014655b95fb
54,5,2,0.12730713067337854,0.26171087790351377,0.5443132183591136,0.8936800734806367,0.8630818749883473,0.7064465276843866,1.5,2.0,0.5,1601d014655b95fb
55,0,2,0.22260280355167247,0.3633525301957689,0.6579049255874759,0.9311921433719468,1.2272432312622763,1.4479725370394376,1.5,2.0,0.5,925293e0968036f6
55,1,0,0.1378585140141531,0.2738719837862259,0.5596517319536926,0.8994315823452159,1.2409356026794365,0.9552427047612955,1.5,2.5,1.0,925293e0968036f6
55,2,5,0.16678018195200986,0.3058362659393996,0.5975233586423632,0.9126422561638193,0.8737139354167189,0.9817950494759264,1.5,2.0,0.5,925293e0968036f6
55,3,4,0.09452842668136219,0.22163718826168138,0.4896672961972703,0.8710010894694278,1.0448483448135468,1.0338577507505124,2.5,3.5,1.5,925293e0968036f6
55,4,1,0.09540431922533243,0.2227629505247313,0.49129515799313517,0.8717312028044062,0.9627754509426141,1.098889627471048,2.0,3.0,1.0,925293e0968036f6
55,5,3,0.18228296921509476,0.32228789167088295,0.6157474642334347,0.9185429596655069,0.9886357501284088,1.2332505598774128,2.5,3.5,1.0,925293e0968036f6
56,0,5,0.17530578892245674,0.3149356550140284,0.6077036690827821,0.915972779336923,0.857091334851109,0.9299888371942626,2.0,3.0,1.0,24b04155075b5220
56,1,2,0.12646029602687753,0.26072139059326255,0.5430411622249792,0.8931919085875568,0.977982314375073,1.1120668495728319,1.5,2.5,1.0,24b04155075b5220
56,2,1,0.16832588788059538,0.30749584087372467,0.5993990112386751,0.9132625432720198,0.9133769446482038,0.9967856104028365,1.5,2.5,0.5,24b04155075b5220
56,3,4,0.21043795277861777,0.3511947080050524,0.6458901873134926,0.9277210663132824,0.9188445472631895,0.9277132093479228,1.5,2.5,1.0,24b04155075b5220
56,4,0,0.08176154379549345,0.20479420938347545,0.4646140015073656,0.8592887321721372,1.117935178195342,0.7910521769541469,2.0,3.0,1.0,24b04155075b5220
56,5,3,0.1444050087039297,0.28127180561250176,0.568725355387498,0.9027208328529873,1.1510815434451895,1.4184569995095444,1.5,2.5,1.0,24b04155075b5220
57,0,0,0.09079210551578241,0.21679429590861624,0.4825990005805468,0.867788355635366,1.1393717915639687,0.9045057371549499,2.0,3.0,1.0,b2e02cab41f7991f
57,1,2,0.1385144869075321,0.27461826451916277,0.5605755577135134,0.8997702337304146,0.9240779918219935,0.9266453471387268,2.0,3.0,1.0,b2e02cab41f7991f
57,2,1,0.2075196300752712,0.3482502593929249,0.6429233392885085,0.9268480579016678,1.068024439419694,0.8821403795289231,1.5,2.5,0.5,b2e02cab41f7991f
57,3,3,0.17158105278370986,0.3109763854514931,0.6033051390047649,0.9145446051275042,0.9606271124919872,0.8833100664631439,2.5,3.5,1.5,b2e02cab41f7991f
57,4,4,0.148042953216626,0.28533950882609305,0.5736322890037561,0.9044659908537764,1.024852129110861,0.9024095668189281,2.0,3.0,1.0,b2e02cab41f7991f
57,5,5,0.20687447752447122,0.3475978193579188,0.642262863399672,0.9266528373154453,0.8601337143920427,0.8737412859344802,2.0,3.0,1.0,b2e02cab41f7991f
58,0,2,0.19334256727374277,0.33378101548427924,0.6280081059121521,0.9223602960791587,1.0172114513516304,1.258168380778644,2.0,3.0,1.0,319bfe1c09d69c71
58,1,0,0.1768459103539802,0.31656565759527644,0.6095008080475391,0.9165516347029659,0.9855383227524319,0.7579212268090414,2.0,3.0,1.0,319bfe1c09d69c71
58,2,3,0.18626139832751584,0.32644428262128383,0.6202248860284965,0.9199508061785118,0.9237045348438714,1.0542193015576573,1.5,3.0,1.0,319bfe1c09d69c71
58,3,5,0.16184211991570402,0.30050394184053075,0.5914384414411278,0.9106087865374506,0.8868967432766973,1.1622895433178515,2.5,3.5,1.5,319bfe1c09d69c71
58,4,4,0.18840106605505447,0.3286692884764688,0.6226013710539448,0.9206915527118057,1.0822146342583916,1.1317156318753663,1.5,2.5,0.5,319bfe1c09d69c71
58,5,1,0.08203764300881597,0.20516776295452593,0.465184239615469,0.8595656635523925,1.1739040130313638,0.9979390728480146,2.0,3.5,1.0,319bfe1c09d69c71
59,0,5,0.11989517303420885,0.2529772643015294,0.5329567214519875,0.8892589876807839,0.9853670614114064,0.7465892719630576,2.0,3.0,1.0,758c00d81af2fdc8
59,1,0,0.13929857914419358,0.27550887207157837,0.5616754592987896,0.9001723082345421,1.1767030275872985,1.1840372684360865,2.0,3.0,1.0,758c00d81af2fdc8
59,2,4,0.16415967149445135,0.30301239100507127,0.5943120770831039,0.911573161679553,1.097905338291661,1.0081836073852868,2.5,3.5,1.0,758c00d81af2fdc8
59,3,2,0.1384647966522033,0.2745617716973948,0.5605056941357777,0.8997446536105362,1.0413729602621524,1.1626966317011334,1.5,2.5,1.0,758c00d81af2fdc8
59,4,1,0.16949229638302932,0.3087452376818951,0.6008054590631133,0.913725670429717,0.9892080608809256,1.0535025395986712,2.0,3.0,1.0,758c00d81af2fdc8
59,5,3,0.16354129784584387,0.30234410642509746,0.5935484468264213,0.911317604119771,0.9070280716066246,1.1007068811159717,2.0,3.0,1.0,758c00d81af2fdc8
60,0,5,0.1283871448264832,0.26296981001959574,0.5459263523412328,0.8942966205076558,0.9770598562070092,1.4288191380466262,2.0,3.0,1.0,691c1cc206d77d9c
60,1,2,0.206860566692562,0.34758374530726904,0.6422486036650805,0.9266486189650783,0.9748789763476278,1.0668875482933078,1.5,2.5,0.5,691c1cc206d77d9c
60,2,3,0.14681369945615114,0.2839684758238101,0.5719847081702213,0.9038826155471458,0.8413165130129706,0.7295890437308066,2.5,3.5,1.0,691c1cc206d77d9c
60,3,4,0.17567089498151428,0.3153224392533862,0.608130832248038,0.9161106114579807,0.8548339685308859,1.2992526358690057,1.5,2.5,1.0,691c1cc206d77d9c
60,4,0,0.15386985717984103,0.29179236225175714,0.5813017357219238,0.907147715118174,1.112942923106949,0.8764920249771133,1.5,2.5,1.0,691c1cc206d77d9c
60,5,1,0.19395214111330036,0.33440904658376625,0.6286673412881433,0.9225622097199342,0.8513118994978223,1.0564825060377683,2.5,3.5,1.5,691c1cc206d77d9c
61,0,5,0.16069118634632232,0.29925427543850047,0.5899993860207381,0.9101230917700879,0.846836832354026,1.328573004089158,2.5,3.5,1.0,9a11312c23fa40b3
61,1,2,0.11488621820333751,0.24697685919236712,0.5249824249459677,0.886067700528012,1.1082668978571988,1.0529878575511828,2.0,3.0,1.0,9a11312c23fa40b3
61,2,4,0.19395584134817767,0.3344128571799578,0.628671337875958,0.9225634327911364,0.9007879664259598,0.5667724741640503,1.5,2.5,1.0,9a11312c23fa40b3
61,3,0,0.15661582374740912,0.29480780594366235,0.5848383577519749,0.908365877110852,0.7561189248613238,1.124292678980825,1.5,2.0,0.5,9a11312c23fa40b3
61,4,1,0.15996837917136653,0.29846811033075693,0.5890915181457376,0.9098157249847083,0.9919363794754577,0.8688936523948181,1.5,2.0,0.5,9a11312c23fa40b3
61,5,3,0.1413684878669982,0.277852582548489,0.5645565683921393,0.901219770030244,1.1199081783570257,1.169138661552115,2.0,3.0,1.0,9a11312c23fa40b3
62,0,0,0.18415551279056597,0.32424736060009296,0.6178644925491676,0.9192106273396097,1.1840238113418016,1.265504220691197,1.5,2.5,1.0,4f19b3c334805aa9
62,1,3,0.2031982809759859,0.3438694506243713,0.6384669846658795,0.925524650117906,1.0443763068774379,0.8978914242677569,1.5,3.0,1.0,4f19b3c334805aa9
62,2,4,0.11635667841117875,0.24874699952813567,0.5273497064882087,0.8870227440066111,1.1076001633248744,1.1080060845830861,2.0,3.0,1.0,4f19b3c334805aa9
62,3,1,0.2130314358949287,0.3538021569202143,0.6484986702509072,0.9284833678832473,1.1509236102201894,0.9830496867806973,1.5,2.5,1.0,4f19b3c334805aa9
62,4,5,0.13643537256142163,0.27224912758202857,0.5576359321760942,0.8986896373649754,1.0550285421952021,0.9801509923059235,2.5,3.5,1.5,4f19b3c334805aa9
62,5,2,0.1528244715774465,0.29064016457440517,0.5799424935186255,0.9066764604186163,0.8408148426383554,0.8128946384859963,2.0,3.0,1.0,4f19b3c334805aa9
63,0,5,0.16237717296882714,0.30108400111546724,0.5921047194042753,0.9108330368373152,0.9507671756064174,0.9280861337436233,2.0,3.0,1.0,36e3bb810cc0ad13
63,1,4,0.11686370441252691,0.24935567300044498,0.5281608263201459,0.8873484787871625,0.9563869714090751,1.1571599440683673,2.5,3.5,1.5,36e3bb810cc0ad13
63,2,1,0.15227269230943052,0.29003105424537295,0.5792221514467751,0.9064260176861954,0.9976999921446155,1.3773095603130965,2.0,3.0,1.0,36e3bb810cc0ad13
63,3,2,0.18924122224077722,0.3295410091117009,0.623528602265788,0.9209793592715879,1.0186120241217815,0.8391413870143607,1.5,2.5,1.0,36e3bb810cc0ad13
63,4,0,0.15193991348451094,0.28966337846976886,0.5787867363214456,0.9062744010357084,1.0735389209910584,1.100186810846905,1.5,2.5,1.0,36e3bb810cc0ad13
63,5,3,0.1297785815251558,0.2645868419602855,0.5479896588074857,0.8950811628144499,0.9523520571595014,0.6765661492186783,2.5,3.5,1.5,36e3bb810cc0ad13
64,0,5,0.18160133675542084,0.32157320133625467,0.6149725292390772,0.918297655503686,0.9562435089765688,1.0566949040246514,2.0,3.0,1.0,3bffe3bc59f94417
64,1,4,0.13175764771903542,0.2668774173474952,0.5508958167468923,0.8961785234275667,0.9476613886233441,0.9513677213480478,2.0,3.5,1.0,3bffe3bc59f94417
64,2,2,0.1088244786772337,0.2396000982362446,0.5149807876393004,0.8819593656618818,1.141735774960221,1.0563246962544641,2.0,3.0,1.0,3bffe3bc59f94417
64,3,0,0.1838200554429095,0.3238967475706075,0.6174865040577278,0.9190916821767917,1.0439717177595123,1.0797107409513307,2.5,3.5,1.0,3bffe3bc59f94417
64,4,3,0.20070674298883565,0.341332066480835,0.6358624507594084,0.9247443653688714,1.2578997224473236,1.0951325907248584,2.0,3.0,1.0,3bffe3bc59f94417
64,5,1,0.1151193457897654,0.2472579867452256,0.5253592248657899,0.8862201525698213,1.0637212797171338,0.989265370342223,3.0,4.0,1.5,3bffe3bc59f94417
65,0,0,0.10249854972908634,0.23175574342616911,0.5040975478469819,0.8773494939887191,0.8779750355369431,0.675583899028307,2.0,3.0,1.0,8c6f638cc3e88ecb
65,1,3,0.18367491191062274,0.3237449904477849,0.6173227877002865,0.9190401283808308,0.852089446161016,0.9860880290250374,2.0,3.0,1.0,8c6f638cc3e88ecb
65,2,2,0.160402420947389,0.2989403239120114,0.5896370705084344,0.9100005152171665,0.9230904735642724,1.2449834024773665,1.5,2.5,0.5,8c6f638cc3e88ecb
65,3,4,0.152807292910811,0.2906212109762784,0.5799200973012077,0.9066686811712427,1.201296588203245,1.1804473502899229,2.5,3.5,1.0,8c6f638cc3e88ecb
65,4,5,0.10808909128902038,0.2386961126324908,0.5137397748731813,0.8814411637880345,0.916357854250442,1.304576715871151,2.5,3.5,1.5,8c6f638cc3e88ecb
65,5,1,0.18158890118490817,0.32156015559206325,0.6149583699624406,0.9182931688814315,0.8532226547831853,1.065571884928009,2.0,3.0,1.0,8c6f638cc3e88ecb
66,0,1,0.10982999652848215,0.2408328941189654,0.5166677430702514,0.8826607542091306,1.0120024518512913,1.391377502300267,2.0,3.0,1.0,6ab4026b0a9fb9e8
66,1,3,0.19694697270209774,0.33748664260526484,0.6318820883254331,0.9235420544040183,1.0482298355366408,1.2209973071276226,2.0,3.0,1.0,6ab4026b0a9fb9e8
66,2,0,0.14798365133371516,0.2852734466591504,0.5735530480685601,0.9044379927580932,1.0423183532191933,0.9898810030781535,2.0,3.0,1.0,6ab4026b0a9fb9e8
66,3,4,0.13310466865565895,0.2684302952607899,0.5528550564494916,0.8969133195590736,0.8510099023306598,0.7934469920361511,2.5,3.5,1.5,6ab4026b0a9fb9e8
66,4,5,0.1508342946915095,0.28844007489710144,0.5773348111916198,0.9057675394054598,0.8509837935752661,1.1066428966100463,2.0,3.0,1.0,6ab4026b0a9fb9e8
66,5,2,0.12524545270539647,0.2592982257613376,0.5412051038597411,0.8924842036745403,1.157670305082508,1.1843507601456142,1.5,2.5,1.0,6ab4026b0a9fb9e8
67,0,1,0.12195862506897254,0.25542555584460647,0.5361698230563178,0.8905243627102452,0.9178737209733262,1.0263893758066402,2.0,3.0,1.0,dce4b2d4e903da2c
67,1,2,0.18252930650328086,0.3225459890618448,0.6160269522422278,0.9186313117081069,1.111104196210408,0.7033903583341655,2.5,3.5,1.0,dce4b2d4e903da2c
67,2,4,0.19387214728726856,0.33432666195963145,0.628580925700555,0.9225357610459256,1.0082964429994217,1.2171446580040797,1.5,2.5,0.5,dce4b2d4e903da2c
67,3,0,0.2214555053333565,0.3622136053089139,0.656795219137243,0.9308757982984851,0.9750432164160563,0.9364718331238233,1.5,2.5,0.5,dce4b2d4e903da2c
67,4,5,0.19438664788855162,0.3348563747266575,0.6291362281691512,0.9227056187033602,1.2321323315040131,1.029418298674656,2.5,3.5,1.0,dce4b2d4e903da2c
67,5,3,0.19002873987926705,0.33035712881658674,0.6243947444428464,0.9212475939196211,1.0588115579571045,0.9472885723832849,2.5,3.5,1.5,dce4b2d4e903da2c
68,0,3,0.15470095763351827,0.29270670775127694,0.5823772659583971,0.9075193920090671,1.1113456248539948,1.150983156251597,2.0,3.0,1.0,77a6774c09799745
68,1,2,0.12281218426809748,0.25643442031400515,0.537487094946836,0.8910397847202203,0.9447680120054243,1.2361365629982835,1.5,2.5,1.0,77a6774c09799745
68,2,4,0.13795004522677318,0.27397618191063217,0.5597808384870063,0.8994789614145653,0.9727507713092278,0.8853433167259613,2.0,3.0,1.0,77a6774c09799745
68,3,0,0.1784973079000426,0.31830891546168655,0.6114140574738811,0.917164946493743,0.9772612881066463,1.4194239357355793,1.5,2.5,1.0,77a6774c09799745
68,4,1,0.16330478108388455,0.30208830338374676,0.5932557747504836,0.9112195217479622,1.045969658513303,0.863804409590631,2.0,3.0,1.0,77a6774c09799745
68,5,5,0.1399019107858508,0.2761931111526517,0.562518589463999,0.9004796962396333,1.1298568579319443,0.8025551945578888,2.5,3.5,1.0,77a6774c09799745
69,0,0,0.1818585242070099,0.3218429512632194,0.6152651926311636,0.9183903547433572,0.8009363443695815,0.8574907668011799,2.5,3.5,1.5,2cb2821c69738bdb
69,1,4,0.13932837869728276,0.27554268919788144,0.5617171681491654,0.9001875311823314,0.8556993436966369,0.6782160932950185,1.5,2.5,1.0,2cb2821c69738bdb
69,2,3,0.17636448244943365,0.3160565731121028,0.608940375763236,0.9163714086386493,0.9786738637582166,0.6850638051780464,2.0,3.0,1.0,2cb2821c69738bdb
69,3,1,0.10706467660948021,0.2374334421127887,0.5120006555970779,0.880711777094066,0.932862893408634,0.6436750686277661,1.5,2.5,1.0,2cb2821c69738bdb
69,4,2,0.15115644262669697,0.28879679088039995,0.5777587095226894,0.9059157253645499,0.9653389444239502,1.1814284297812214,1.5,2.5,0.5,2cb2821c69738bdb
69,5,5,0.12110163974332905,0.2544103660760194,0.5348403257903965,0.8900021915745957,1.1296016623699774,1.101431424738602,2.0,3.0,1.0,2cb2821c69738bdb
70,0,4,0.15919196545993664,0.2976224675511859,0.588112750701024,0.9094835251062944,0.88733137764476,0.6930390363468469,2.0,3.0,1.0,3c7b3f0616f5877f
70,1,0,0.18129075995528673,0.32124730943105273,0.6146186716244456,0.9181854805188694,1.0097042534043128,1.1047976307865528,2.5,3.5,1.5,3c7b3f0616f5877f
70,2,3,0.14030062965280973,0.2766447997683502,0.5630742623447996,0.9006818943288237,1.1758775030524726,0.9072737062343423,2.0,3.5,1.0,3c7b3f0616f5877f
70,3,2,0.12246066276109185,0.2560192117608011,0.5369454328269033,0.8908280771894522,0.811777758389032,1.029645438778025,1.5,2.5,1.0,3c7b3f0616f5877f
70,4,1,0.16895055192044392,0.30816526106367564,0.6001531770960706,0.9135110929758818,0.9035268515900515,1.3244804334175473,2.0,3.0,1.0,3c7b3f0616f5877f
70,5,5,0.16588017731914964,0.30486789132303976,0.5964249441150421,0.9122775877029762,0.8223584277234539,0.9947262914920285,1.5,2.5,0.5,3c7b3f0616f5877f
71,0,3,0.09705809957112632,0.22487897260634,0.49433961001669036,0.8730870052069228,0.9079288930967662,0.8865223566601581,1.5,3.0,1.0,ee01bb9927407423
71,1,5,0.18418072924341528,0.3242737090039929,0.6178928838577251,0.9192195568637141,0.9040241299468029,0.9573195149927993,2.0,3.0,1.0,ee01bb9927407423
71,2,2,0.1021103382505424,0.2312691758122463,0.5034138762113154,0.8770549011074453,0.9284494739412982,1.1561823855777575,1.5,2.0,0.5,ee01bb9927407423
71,3,1,0.16254498534729978,0.3012658130194927,0.5923133354322843,0.9109031700397997,1.2099810512804317,0.7660183116392938,2.5,3.5,1.0,ee01bb9927407423
71,4,4,0.1445132409538074,0.2813932705685131,0.5688727024997183,0.902773576637837,0.8993918997438182,1.273011474269039,1.5,3.0,1.0,ee01bb9927407423
71,5,0,0.2076116140695615,0.3483432374980751,0.6430173714914977,0.926875825598318,1.014688799955482,1.0556740280148442,1.5,2.0,0.5,ee01bb9927407423
72,0,4,0.12517821818131633,0.259219334188604,0.5411030995696031,0.8924447785143067,0.9158570088247794,1.0028707154384222,1.5,2.5,1.0,d3cf5938c433f387
72,1,2,0.14685141705905164,0.2840105953659914,0.5720354188184381,0.9039006100387215,0.8956799364417909,1.05954331064,2.0,3.0,1.0,d3cf5938c433f387
72,2,5,0.0968114340696451,0.2245641441691557,0.4938879087068513,0.8728866373937901,1.0515962493404378,1.0573273027578072,1.5,3.0,1.0,d3cf5938c433f387
72,3,0,0.13382874316054796,0.26926299483504446,0.5539020336924045,0.8973043389374331,1.0087572148432071,0.8374139515400301,2.5,3.5,1.5,d3cf5938c433f387
72,4,1,0.09941383768175117,0.22787218065887402,0.4986122664435277,0.8749688107468259,1.276931218327974,1.0373105128838676,2.5,3.5,1.0,d3cf5938c433f387
72,5,3,0.1455254311307353,0.2825278741513049,0.5702466173210267,0.9032643610425536,1.0339212853688338,1.0006703690099337,2.0,3.0,1.0,d3cf5938c433f387
73,0,5,0.09137863841347993,0.21755900277819115,0.48372222204161774,0.8683035645642179,0.9928658613021206,1.0746665055964741,1.5,2.5,1.0,aca4464edd99828a
73,1,1,0.14748069269168224,0.28471282875867887,0.5728799959751252,0.9041999419032943,1.0956881056250425,1.2530756767912508,1.5,2.5,1.0,aca4464edd99828a
73,2,2,0.18678483529476314,0.32698925788638,0.6208082690352397,0.9201330603076179,0.7733272937590465,0.8641574774928344,2.0,3.5,1.0,aca4464edd99828a
73,3,0,0.1234015717414717,0.25712973973437303,0.5383926936336053,0.8913930085114701,1.0321532885943776,0.7267755402045237,2.0,3.0,1.0,aca4464edd99828a
73,4,4,0.1542894008798706,0.29225411270080254,0.5818452296887618,0.9073356669951937,1.0351846557458277,0.5414633576099204,2.5,3.5,1.5,aca4464edd99828a
73,5,3,0.17141555927105726,0.3107998985586186,0.6031079652435327,0.9144802013597813,1.2173886530663114,0.8794292809562603,2.0,3.0,1.0,aca4464edd99828a
74,0,3,0.14533968145856102,0.2823198407190957,0.5699950367615274,0.9031746295410494,1.0157772552193327,0.804524344386405,1.5,2.5,1.0,4258c701c33ddc48
74,1,2,0.17916083417571618,0.3190080503955086,0.6121788385703654,0.9174092608700051,0.9566435599877765,1.0264136440912113,2.0,3.0,1.0,4258c701c33ddc48
74,2,4,0.13594900450362019,0.27169330396108604,0.5569433581477056,0.898433769781944,1.0287094021320735,1.2008218647149764,2.0,3.0,1.0,4258c701c33ddc48
74,3,0,0.20934621938328749,0.35009450397779085,0.6447842616306704,0.9273963899358401,1.178389396038186,0.8673912311118542,1.5,2.5,1.0,4258c701c33ddc48
74,4,5,0.1504744538434577,0.28804134982570617,0.5768604878472182,0.905601525333043,0.8549134101061414,0.9505594944264862,2.0,3.0,1.0,4258c701c33ddc48
74,5,1,0.15788898696618567,0.29620055443571564,0.586461797900614,0.908921222031921,0.948057133914703,0.7370021077109343,2.0,3.0,1.0,4258c701c33ddc48
75,0,0,0.1417555468192919,0.27828966614979245,0.5650917390238318,0.901413428112461,1.1566931206802453,0.8236132576204165,1.5,2.5,0.5,5ad22bfdc332da83
75,1,5,0.18273966005819708,0.32276630662827543,0.6162653760523684,0.9187066325700877,1.1335028643263683,0.9534398875090037,2.0,3.0,1.0,5ad22bfdc332da83
75,2,3,0.1200822534849519,0.2531997901922486,0.5332497238348681,0.8893748592062901,0.9971365058043529,0.8338117629492665,1.5,2.5,1.0,5ad22bfdc332da83
75,3,1,0.09359406628250419,0.22043234739369535,0.48791876571206244,0.8702128034979508,0.7909145743773316,1.3468920679646619,2.0,3.0,1.0,5ad22bfdc332da83
75,4,2,0.1536632154814973,0.29156479351777337,0.5810336218219639,0.9070548947958785,0.9369202724472894,0.70784680412389,1.5,2.0,0.5,5ad22bfdc332da83
75,5,4,0.12032973684145154,0.253493992227995,0.5336368066861242,0.8895277871773927,0.9896081958943143,0.8625762646469278,1.5,2.5,1.0,5ad22bfdc332da83
76,0,2,0.1744424039230779,0.3140200833145289,0.6066907256964594,0.9156453249206463,1.0598844137051895,1.0525331996056626,2.5,3.5,1.5,572443dfe6386341
76,1,1,0.16242246529069038,0.30113307734043565,0.5921610411640826,0.9108519750715787,1.1782778876299251,0.9735561341841579,2.0,3.0,1.0,572443dfe6386341
76,2,3,0.1397520982482171,0.2760232936039874,0.5623094918198415,0.9004035299143008,1.0841926380439908,0.7526214735569494,2.0,3.5,1.0,572443dfe6386341
76,3,0,0.1628999005032875,0.3016501545449738,0.5927539945495781,0.9110511854028286,1.2741085707822921,1.240867720351439,3.0,4.0,1.5,572443dfe6386341
76,4,5,0.12048835002475992,0.25368244542716184,0.5338845782346306,0.8896255874601827,0.9530962077905842,0.9851081809152462,2.5,3.5,1.0,572443dfe6386341
76,5,4,0.15836607880822234,0.2967215974794594,0.5870675280880926,0.9091278160127337,0.9260939673536782,1.1190687322864838,2.0,3.0,1.0,572443dfe6386341
77,0,1,0.15416434404385493,0.29211651431958185,0.5816833458308037,0.9072797126697527,1.0483754834314785,1.1530047878373915,2.5,3.5,1.5,28bbdf3888c93f8d
77,1,3,0.1230762767961707,0.25674611020341787,0.537893275881674,0.891198325824631,0.9931328644898949,0.6433789969530443,1.5,2.5,1.0,28bbdf3888c93f8d
77,2,0,0.12198814386899878,0.2554604832144176,0.5362154932008452,0.8905422648954213,0.9238566934873464,1.1277426950398863,1.5,2.5,0.5,28bbdf3888c93f8d
77,3,4,0.15026502698900945,0.2878091600764829,0.5765840294096231,0.9055046664784429,1.162884362812465,0.9850455527562663,2.5,3.5,1.5,28bbdf3888c93f8d
77,4,5,0.22125225273805027,0.3620116731391907,0.6565981309216257,0.9308195248798293,0.8261131627157464,0.7590302622603688,2.0,3.0,1.0,28bbdf3888c93f8d
77,5,2,0.1586056236186904,0.2969830341105295,0.5873711262569947,0.9092312379889226,1.081931664605174,1.187184742548135,2.0,3.0,1.0,28bbdf3888c93f8d
78,0,5,0.1461500522133888,0.283226836831867,0.5710908050297782,0.9035650105264618,1.097698217158825,1.0729703630462875,2.0,3.0,1.0,a61f05b8f0b6a12d
78,1,3,0.15483975520876878,0.2928592642672763,0.5825564479673071,0.9075812090806021,1.128651262260893,1.0095519273411546,2.0,3.0,1.0,a61f05b8f0b6a12d
78,2,4,0.17086213073252624,0.31020934800994776,0.602447502301149,0.9142642304478064,1.2028053548466013,0.7659410698091296,1.5,2.5,1.0,a61f05b8f0b6a12d
78,3,1,0.1547960134185128,0.292811190786962,0.5824999925374065,0.9075617353796309,0.8286756207947248,1.184592029183538,2.5,4.0,1.5,a61f05b8f0b6a12d
78,4,0,0.11307070561079924,0.24478114552635968,0.5220285415594778,0.8848667802631243,0.927504473549082,1.2505647236457116,2.0,3.0,1.0,a61f05b8f0b6a12d
78,5,2,0.17208336157393875,0.3115117600786893,0.6039026869649308,0.9147395833872365,0.9982797285514575,0.7798484776932283,2.0,3.0,1.0,a61f05b8f0b6a12d
79,0,5,0.12217226924120958,0.25567828387711616,0.5365001776258577,0.8906538054980266,1.0798507476568044,1.2421527645582766,2.5,3.5,1.5,92060c0b4991b0ff
79,1,4,0.22299000108051645,0.3637365505853251,0.6582783689355235,0.9312984095872867,1.1853861808199198,0.8114265051430204,2.5,4.0,1.5,92060c0b4991b0ff
79,2,3,0.12948885298761414,0.2642505914118057,0.5475614093308646,0.894918700479991,1.1467847772293627,1.1880997062936394,1.5,2.5,0.5,92060c0b4991b0ff
79,3,1,0.18189107312738323,0.3218770823250605,0.6153022077728503,0.9184020741010411,1.1943120442273276,1.0222927573253102,2.0,3.5,1.0,92060c0b4991b0ff
79,4,2,0.1422321457864439,0.27882735945258164,0.5657491817261138,0.9016509439230961,0.8706711645804714,0.9854325334742884,1.5,2.5,1.0,92060c0b4991b0ff
79,5,0,0.14472356857874555,0.28162923394863737,0.5691588003351717,0.9028759266688019,0.8164112948415742,0.938974851378355,3.0,4.0,1.5,92060c0b4991b0ff
80,0,2,0.12958658871552242,0.26436404710841677,0.5477059536726989,0.8949735571741505,0.9364485219287104,1.2971433326753263,2.0,3.0,1.0,e4f7cb6289179fde
80,1,0,0.11367520218287772,0.24551350167361485,0.5230159367631562,0.8852693584219485,0.8816714099547551,1.1157559523352,1.5,2.5,0.5,e4f7cb6289179fde
80,2,1,0.18089373210350979,0.3208304720656392,0.6141656117158123,0.918041709197344,0.7864828034337147,0.9816296431424446,2.0,3.0,1.0,e4f7cb6289179fde
80,3,4,0.14824307473861367,0.28556238461127514,0.5738995171999176,0.9045603660073233,1.0262919131367734,1.2031308147137256,2.0,3.0,1.0,e4f7cb6289179fde
80,4,5,0.12004233316767228,0.25315231567702723,0.5331872298056928,0.8893501532980705,0.8856230863367183,0.875626618462413,1.5,3.0,1.0,e4f7cb6289179fde
80,5,3,0.11157418401446514,0.24296256147737663,0.5195672394747053,0.8838582139728915,0.9717931720528955,0.9698568732949295,2.0,3.0,1.0,e4f7cb6289179fde
81,0,0,0.16576330105482762,0.3047420237981219,0.5962819592792746,0.9122300400667882,0.925115121978707,1.1476999748886432,1.5,2.5,0.5,63b8a417f7dfe6f8
81,1,3,0.10579558365645575,0.23586362479304962,0.5098291831551347,0.8797957889764587,0.7348111549606486,1.3127750420676012,1.5,2.5,1.0,63b8a417f7dfe6f8
81,2,5,0.14306160825170294,0.27976183440415503,0.5668893761663266,0.9020618536948288,1.2208716836017892,0.5564213742319043,2.0,3.0,1.0,63b8a417f7dfe6f8
81,3,1,0.13847006223824626,0.27456775843568904,0.5605130983558105,0.8997473648534065,1.0527175420729549,1.0225833062132286,1.5,2.0,0.5,63b8a417f7dfe6f8
81,4,2,0.1413969971552257,0.2778847889856888,0.5645960251691218,0.9012340576431433,1.1013345553479976,0.908961396972706,2.0,3.5,1.0,63b8a417f7dfe6f8
81,5,4,0.14954087671012076,0.28700554703849823,0.5756258037662206,0.9051683872515862,0.8053965795556549,0.8376224357081536,1.5,2.5,0.5,63b8a417f7dfe6f8
82,0,1,0.11043672575628521,0.2415749663768345,0.5176801711847263,0.8830800304397821,1.042150270281542,1.2113151689893469,2.5,3.5,1.5,54a7e15e8ce7638f
82,1,5,0.18151425890494613,0.3214818455162444,0.6148733652086348,0.9182662301694955,1.0172559655565563,1.2364956826584257,2.0,3.0,1.0,54a7e15e8ce7638f
82,2,2,0.10297548731986154,0.2323526732500995,0.5049348995864155,0.8777094889482085,1.0055470909919668,1.0938045454427552,2.0,3.0,1.0,54a7e15e8ce7638f
82,3,4,0.13809897080638153,0.27414567146726854,0.5599907617105468,0.8995559623206336,1.098345580082731,0.7024388676277844,2.0,3.0,1.0,54a7e15e8ce7638f
82,4,0,0.15453109340191393,0.29251994924720576,0.5821578085647177,0.9074436397314639,0.7572358149700643,1.0273122605768483,1.5,2.0,0.5,54a7e15e8ce7638f
82,5,3,0.10353991290513893,0.23305790959789624,0.5059222132767494,0.8781328023901994,1.1777134352702328,0.9677674021386853,2.5,3.5,1.5,54a7e15e8ce7638f
83,0,3,0.14089935513177587,0.27732232466327683,0.5639064159163801,0.900984122109878,1.0883644589344956,1.1442932698530015,2.5,3.5,1.0,0d8a1893ba21e5fa
83,1,5,0.12967292757731014,0.26446425044421507,0.5478335745646156,0.8950219726955585,0.7781475782859915,0.8622677413250914,2.5,3.5,1.5,0d8a1893ba21e5fa
83,2,0,0.07845227443333722,0.20028153292845394,0.45767120628502733,0.8558763813506377,0.8289985028213405,1.294107169746241,1.5,2.5,1.0,0d8a1893ba21e5fa
83,3,2,0.1831379075633474,0.3231832214062594,0.6167161681021721,0.9188489175801552,0.8436280145310939,1.071351746577657,2.0,3.0,1.0,0d8a1893ba21e5fa
83,4,1,0.09814225507640785,0.22625951996915336,0.4963151754585042,0.8739601226006284,0.8762344727207426,0.7263202527604987,2.0,3.0,1.0,0d8a1893ba21e5fa
83,5,4,0.1932196648413873,0.3336543249927567,0.6278749878712703,0.9223194833617959,0.7950737395635712,0.8000881116942661,2.5,3.5,1.5,0d8a1893ba21e5fa
84,0,4,0.16770741829014899,0.30683234563986217,0.5986501533721454,0.9130152575734233,1.1257245910833404,0.9058553611383762,3.0,4.0,1.5,6ecd500e9af8269f
84,1,0,0.1478877017901885,0.2851665420855166,0.5734247856943537,0.9043926612578677,0.8351133862335345,1.037531430339271,2.0,3.0,1.0,6ecd500e9af8269f
84,2,1,0.14337831580005644,0.2801182002082642,0.5673233945196101,0.9022179317697019,1.0697902349780446,1.1740423078616518,2.0,3.0,1.0,6ecd500e9af8269f
84,3,5,0.17504811708271284,0.3146625444878366,0.6074017765797941,0.9158752762516157,1.139467510929434,0.9728826028959887,2.0,3.0,1.0,6ecd500e9af8269f
84,4,3,0.11614221549038896,0.24848928306531926,0.5270058290916193,0.8868844172079743,0.8549535315614224,1.4409212030053098,2.0,3.0,1.0,6ecd500e9af8269f
84,5,2,0.13048809385952187,0.26540928605512293,0.5490353599036489,0.8954770457695552,0.7865262738643863,1.1611620081092147,2.0,3.0,1.0,6ecd500e9af8269f
85,0,1,0.18809833473481055,0.3283549163449593,0.6222664513440405,0.9205874292763986,0.9689381194261444,0.9011328902863533,2.0,3.0,1.0,01e669aa0cfc3fa7
85,1,2,0.1548465433855553,0.29286672430405475,0.5825652080334266,0.9075842305089995,0.9234557960929659,0.7055335176517469,1.5,2.5,0.5,01e669aa0cfc3fa7
85,2,3,0.11358216576863464,0.24540086960349403,0.5228642221930085,0.8852075768376026,1.1865885375339873,0.8612753440558578,2.0,3.0,1.0,01e669aa0cfc3fa7
85,3,5,0.14477749947569735,0.28168972135095627,0.5692321084242243,0.902902139434969,0.9981130134141203,1.219855993769834,2.0,3.0,1.0,01e669aa0cfc3fa7
85,4,0,0.1891223614639908,0.32941774880194385,0.6233976234168404,0.9209387453119997,1.1100132059119208,0.7129482515566269,2.0,3.0,1.0,01e669aa0cfc3fa7
85,5,4,0.15679021771060234,0.29499877894886134,0.5850613361995698,0.9084422956692932,1.270532305004413,0.7189385528365736,2.5,3.5,1.5,01e669aa0cfc3fa7
86,0,1,0.1510594468128751,0.2886894110561665,0.5776311510140473,0.9058711513657761,0.9883032950456355,1.0427901562307138,2.0,3.0,1.0,9b796060d9671fb0
86,1,2,0.1321654060564006,0.2673480130103451,0.5514904914870705,0.8964019754904284,1.2090864013732294,1.0896084178673475,2.0,3.0,1.0,9b796060d9671fb0
86,2,5,0.1370719065731224,0.2729756338452811,0.5585395119254014,0.8990227240590006,1.0830563716664972,1.2405302491066723,2.0,3.0,1.0,9b796060d9671fb0
86,3,0,0.19716713591314594,0.3377123765872392,0.6321168567298031,0.9236133016579564,0.9874420530818453,1.124903906586883,2.5,3.5,1.5,9b796060d9671fb0
86,4,4,0.15957004803133248,0.29803441415781085,0.588589834873533,0.909645558205612,1.1136791516007678,1.3415171379959858,1.5,2.5,1.0,9b796060d9671fb0
86,5,3,0.1270784033485377,0.26144382647865855,0.5439702677075269,0.8935486348874458,0.8731182699703527,0.6726905091615305,2.0,3.0,1.0,9b796060d9671fb0
87,0,4,0.13568195143960132,0.2713878519494332,0.5565622824038712,0.8982927741940346,1.0797742251141345,0.7009500594158589,3.0,4.0,1.5,90b0004650271110
87,1,2,0.14355950326693162,0.2803219677609393,0.5675713653481215,0.9023070220363419,0.9571601990446901,1.1895636918958683,2.0,3.0,1.0,90b0004650271110
87,2,5,0.17493869683811678,0.314546533236208,0.6072734716388176,0.9158338141733555,1.2521162132130617,0.8762387620806203,2.0,3.0,1.0,90b0004650271110
87,3,3,0.1781444182016791,0.3179367851574347,0.6110063961716384,0.9170345197996135,1.002202898235537,0.8522754693453858,2.5,3.5,1.0,90b0004650271110
87,4,1,0.1630321420525478,0.3017932973249482,0.5929179924464107,0.911106227629666,0.8628817271953032,1.3694497349709416,1.5,2.5,1.0,90b0004650271110
87,5,0,0.15152092715103593,0.2892001104793831,0.5782374764037727,0.9060828891258857,0.7785267338066656,0.882067970080314,1.5,2.5,0.5,90b0004650271110
88,0,3,0.15070129445088895,0.2882927361530133,0.5771595990547647,0.9057062395184394,1.2147854071404716,0.9437909294081768,1.5,2.5,1.0,017cbf1f69dff82f
88,1,1,0.2019216651481819,0.34257041651233494,0.6371357323798328,0.9251264566841603,1.0985912628370658,0.9112830346669305,2.5,3.5,1.0,017cbf1f69dff82f
88,2,5,0.1874117091396773,0.32764136067442334,0.6215052147868046,0.9203504383168406,0.9633562421580494,1.1286835947383462,1.5,2.0,0.5,017cbf1f69dff82f
88,3,2,0.18584994008387862,0.32601559070220665,0.6197653842259283,0.9198070630465293,1.0829535284983478,1.057734935729868,1.5,2.5,1.0,017cbf1f69dff82f
88,4,0,0.11356256234512555,0.2453771334018254,0.5228322431708315,0.8851945507861417,1.094213192141445,1.2534914499166274,2.0,3.0,1.0,017cbf1f69dff82f
88,5,4,0.1818872952613236,0.32187312091309417,0.6152979117952198,0.9184007140092838,1.0428268989888034,0.8594638991984586,2.5,3.5,1.0,017cbf1f69dff82f
89,0,2,0.09725779262973167,0.22513364965361152,0.4947046873220015,0.8732487476279509,0.9522248714216456,1.0550175551475611,1.5,2.5,1.0,d99f55b94117eaf2
89,1,4,0.15461407898571566,0.29261119603636454,0.5822650457641816,0.9074806614095674,0.8501938376867968,0.8915778858943892,1.5,2.5,0.5,d99f55b94117eaf2
89,2,5,0.11556147043636003,0.2477906355162151,0.526072275454391,0.8865081960076991,1.0421097440456157,1.0456621415814662,1.5,3.0,1.0,d99f55b94117eaf2
89,3,0,0.08852354629722405,0.2138204094224093,0.4782051939397051,0.8657556969800758,0.8253015034183242,1.187911369785248,1.5,2.0,0.5,d99f55b94117eaf2
89,4,1,0.10578924980032478,0.2358557744530339,0.5098182980168677,0.8797911824839709,1.131791820536436,1.2591885646397913,2.5,3.5,1.5,d99f55b94117eaf2
89,5,3,0.10996368169378032,0.24099651592514787,0.516891171241465,0.8827533893406261,1.00517153605794,0.9838179717128737,1.5,2.5,0.5,d99f55b94117eaf2
90,0,3,0.0952581110828339,0.22257527862636023,0.4910241777828877,0.8716099164305942,0.8825555699680511,0.9606505220677641,2.5,3.5,1.0,1642e0575ae336c8
90,1,0,0.1809085484338055,0.3208460323226102,0.6141825332717267,0.918047081985869,0.9975378016251584,0.9986650362158197,1.5,2.5,1.0,1642e0575ae336c8
90,2,1,0.144599191624818,0.2814897099771977,0.5689896553007852,0.9028154255348501,0.9603664036971795,1.260566720563734,2.5,3.5,1.0,1642e0575ae336c8
90,3,4,0.13235846760236242,0.26757066757368314,0.5517715691541087,0.8965074629296612,1.0065084947191305,0.8345660869200218,2.0,3.0,1.0,1642e0575ae336c8
90,4,5,0.12658851336833357,0.26087134113828553,0.5432341712866239,0.8932660905878861,1.005473314368793,1.0307211412150399,1.5,2.5,1.0,1642e0575ae336c8
90,5,2,0.15146934814704271,0.2891430535911889,0.5781697791047157,0.9060592653509079,0.9086141520371718,0.8959858267256542,1.5,2.5,1.0,1642e0575ae336c8
91,0,4,0.1398926771902982,0.2761826461821799,0.5625057068069587,0.9004750048417899,0.8972905556294765,0.8824410165613137,2.0,3.0,1.0,3e351293cc84a1f3
91,1,3,0.17118905527065106,0.310558268363805,0.6028378583449627,0.9143919214613185,0.9370734441700376,0.7783259361617192,1.5,2.5,0.5,3e351293cc84a1f3
91,2,1,0.14389330854165008,0.28069716706288234,0.5680275804039207,0.9024707723874527,0.8090248675719424,1.111528504547684,2.0,3.0,1.0,3e351293cc84a1f3
91,3,2,0.18407947803720856,0.3241679065128209,0.6177788659063841,0.9191836924609972,1.0166454684236574,1.0271650894281228,2.0,3.0,1.0,3e351293cc84a1f3
91,4,5,0.1601088849431522,0.29862101433038407,0.5892682477104688,0.9098756163077052,0.8887012319521481,1.060882006726489,2.5,3.5,1.5,3e351293cc84a1f3
91,5,0,0.1621569730475787,0.3008453473041263,0.5918307221066975,0.9107408648624631,0.9687586918111075,1.2208083058036947,1.5,2.5,0.5,3e351293cc84a1f3
92,0,4,0.11690964002228521,0.24941077539700865,0.5282341833206843,0.8873779004177358,0.9285270367533589,1.2330157421661097,1.5,2.5,0.5,b27eac798ff1c613
92,1,0,0.18960167160534627,0.3299146675929685,0.6239253967727605,0.9211023151853697,0.9220732751414333,0.8021538231478654,2.0,3.0,1.0,b27eac798ff1c613
92,2,5,0.17407978522475076,0.31363515753421073,0.6062641099272188,0.915507155556841,1.07824027925654,1.3123651741019349,2.5,3.5,1.5,b27eac798ff1c613
92,3,2,0.14027407474092232,0.2766147293346231,0.5630372916535356,0.9006684510204718,0.749772563624868,1.0611219189139074,1.5,2.5,0.5,b27eac798ff1c613
92,4,3,0.0927502303379895,0.21934069644063472,0.4863288296994165,0.8694923459680775,0.8674958428571138,0.8019387296940399,2.5,3.5,1.5,b27eac798ff1c613
92,5,1,0.14027206304696493,0.2766124512473945,0.5630344906843112,0.9006674324745138,1.031189626571548,1.1161847220688246,3.0,4.0,1.5,b27eac798ff1c613
93,0,3,0.13506964333243696,0.2706867950627263,0.5556863871561759,0.897968133830809,0.9538875624150026,0.9128348413863774,2.0,3.0,1.0,ae81fcea4c39707f
93,1,4,0.16455738146422194,0.30344181080966404,0.5948020207020498,0.9117368565987266,1.2117122497300785,1.0476979985241106,2.5,3.5,1.0,ae81fcea4c39707f
93,2,2,0.08625275551876187,0.21081703046455566,0.4737259000449563,0.8636547325563507,1.0365310001380672,0.5928117476521134,1.5,2.5,1.0,ae81fcea4c39707f
93,3,0,0.11069862548849327,0.24189487400595405,0.518115931157772,0.8832601092376416,0.9028983433565386,0.816792402609235,2.0,3.0,1.0,ae81fcea4c39707f
93,4,1,0.15528031449545251,0.29334322549947867,0.5831243685421086,0.9077769438981647,1.1563543159018015,1.3329007728370168,2.0,3.0,1.0,ae81fcea4c39707f
93,5,5,0.1698324582158997,0.3091091300872231,0.6012141893667658,0.9138599420582965,0.9572543629547039,1.351780126024199,2.0,3.0,1.0,ae81fcea4c39707f
94,0,5,0.21622912747432405,0.35700534654602595,0.651679227927423,0.9294062687986901,0.9390844989541718,1.1924076678621571,2.5,3.5,1.0,71120b4146d98938
94,1,3,0.16299289455428015,0.3017508180559207,0.592869330950263,0.9110898979700172,0.9359421114271229,0.826726825760939,2.0,3.0,1.0,71120b4146d98938
94,2,1,0.1751931330268315,0.31481626343276414,0.6075717228549492,0.9159301736526635,1.0542698304649127,0.9903123422671567,1.5,2.5,0.5,71120b4146d98938
94,3,0,0.17526174031741176,0.31488897537456506,0.6076520859265485,0.915956124770062,0.9946092710292415,0.8919830079056403,2.5,3.5,1.0,71120b4146d98938
94,4,4,0.20491536783500908,0.3456131761867158,0.640246874055697,0.9260549809886226,1.070359967059618,0.7417730678496457,1.5,2.5,1.0,71120b4146d98938
94,5,2,0.1693433952734231,0.3085858820669979,0.6006263398599733,0.9136667829984539,0.8907952150074905,1.2888330365483796,2.0,3.0,1.0,71120b4146d98938
95,0,0,0.158302113003244,0.2966517660334143,0.5869863976371296,0.909100164460298,1.0459953826406463,0.8548403959646669,2.0,3.0,1.0,5b3cc48e2c8d96d2
95,1,2,0.13291867918190894,0.2682161756434802,0.5525854293540007,0.8968124361018073,1.0728872414692692,0.6850093580324336,2.5,3.5,1.5,5b3cc48e2c8d96d2
95,2,5,0.17214845739051318,0.3115811078856104,0.6039800243634778,0.9147647962396142,0.7881766586535511,0.740229181149017,2.0,3.0,1.0,5b3cc48e2c8d96d2
95,3,3,0.10070647268279713,0.22950442857144587,0.5009256777336041,0.875977638993384,0.901724304311668,0.9049750814737092,2.0,3.0,1.0,5b3cc48e2c8d96d2
95,4,1,0.15884279862448553,0.2972417689448758,0.5876713696142531,0.9093334351500764,0.9013335783938782,1.1661221880287898,2.5,3.5,1.0,5b3cc48e2c8d96d2
95,5,4,0.12883209185820887,0.26348749481023337,0.546587969083048,0.8945486857558652,1.0445840215973934,1.2835111562545998,1.5,2.5,1.0,5b3cc48e2c8d96d2
96,0,5,0.20335127244894946,0.3440249785752472,0.6386260673168723,0.925572145462522,1.0365309859160359,1.0475756973036348,2.0,3.0,1.0,16d3c8a8d7aeb92e
96,1,1,0.19432697067941454,0.3347949530453841,0.6290718791328757,0.9226859475784552,1.1062054809236548,1.1385163493324477,2.0,3.0,1.0,16d3c8a8d7aeb92e
96,2,0,0.12030324983186486,0.253462514426741,0.5335954073198481,0.889511439278852,0.9997665393933074,1.2515291615358342,2.5,3.5,1.0,16d3c8a8d7aeb92e
96,3,2,0.1653660513028437,0.30431401932958935,0.5957953777156934,0.9120681002924566,0.9687456921864686,1.0768151424825243,2.5,3.5,1.0,16d3c8a8d7aeb92e
96,4,4,0.13765198328291117,0.2736367928100459,0.5593601767440411,0.899324526342328,0.7504048759858515,0.9178267786986426,2.0,3.0,1.0,16d3c8a8d7aeb92e
96,5,3,0.2116858325041317,0.3524503826885896,0.647148552555759,0.9280894211082114,0.7425700851161348,1.374613277939449,2.5,3.5,1.0,16d3c8a8d7aeb92e
97,0,0,0.17874846861251115,0.31857364210031786,0.6117038108214053,0.9172575666801266,0.9839546893034852,1.059872892619229,1.5,2.5,1.0,33dc01d9019b3c98
97,1,3,0.1303917805735182,0.2652977253738645,0.5488936621700929,0.8954234695153475,0.9490929933153814,0.6423079887452058,2.0,3.0,1.0,33dc01d9019b3c98
97,2,1,0.1278562223211417,0.26235135338210075,0.5451346339356925,0.8939943718883842,0.9952637619826433,0.7044477435618363,2.0,3.0,1.0,33dc01d9019b3c98
97,3,4,0.1375621333871637,0.27353444037378005,0.5592332336591198,0.899277887267434,1.108715278807963,0.6963806709592751,2.0,3.0,1.0,33dc01d9019b3c98
97,4,5,0.16919076868832722,0.30842249712035186,0.6004426104538179,0.9136063513024686,0.8852011971420867,1.2551428304698737,1.5,2.0,0.5,33dc01d9019b3c98
97,5,2,0.11169417434537535,0.24310866766029787,0.519765479269786,0.8839397147859213,1.0624219318336874,1.363368414810587,2.5,3.5,1.0,33dc01d9019b3c98
98,0,2,0.11906359482564358,0.25198677501781114,0.5316501856670083,0.8887411162241184,1.0870327404661555,1.1699924909634811,1.5,2.5,1.0,3f7e3979cd15b87a
98,1,4,0.15657780600762583,0.29476616557851404,0.5847897230393652,0.9083492031235054,1.2236811970056247,1.2869918916051537,2.0,3.0,1.0,3f7e3979cd15b87a
98,2,0,0.12415049171599082,0.25801173865701793,0.5395387631026346,0.891838726053773,1.1296594101458326,1.0068842579848256,2.5,3.5,1.5,3f7e3979cd15b87a
98,3,1,0.21733218790981876,0.3581073528361611,0.6527674093593241,0.9297203789419842,1.0028083270441859,0.9521446239377971,2.0,3.0,1.0,3f7e3979cd15b87a
98,4,3,0.14622826941181316,0.2833142992450374,0.5711963219201355,0.9036025409361889,0.8769347806142739,0.7697506251847711,2.0,3.0,1.0,3f7e3979cd15b87a
98,5,5,0.10888330990762024,0.23967233019094844,0.5150798030698592,0.8820006295214801,1.0371996606537837,0.8107162150832876,2.0,3.0,1.0,3f7e3979cd15b87a
99,0,3,0.09655894326942747,0.22424159866651822,0.4934246788844323,0.8726808704558718,0.8947779851916131,1.4054501746085684,2.0,3.0,1.0,0ca1fecc4e4b45eb
99,1,4,0.1319255967752403,0.26707130324632733,0.5511409217407452,0.8962706677935086,1.0252118111118231,0.8118195053374482,2.0,3.0,1.0,0ca1fecc4e4b45eb
99,2,0,0.10337646487012009,0.2328538175357224,0.5056367080241304,0.8780105192107461,1.0356854484113076,1.4586421849981284,2.5,3.5,1.0,0ca1fecc4e4b45eb
99,3,5,0.16508328804307523,0.3040091813026801,0.5954484694487365,0.9119525189129474,1.1167260651525077,0.6121074063895655,1.5,2.5,0.5,0ca1fecc4e4b45eb
99,4,1,0.1714960350043187,0.31088572628285194,0.6032038651051557,0.9145115296963993,0.976147000432192,0.908769936058297,2.5,3.5,1.5,0ca1fecc4e4b45eb
99,5,2,0.18772635188614606,0.3279684350581117,0.6218543245976716,0.9204591813440464,1.0208170378394579,0.8185547138344079,1.5,2.5,1.0,0ca1fecc4e4b45eb
100,0,2,0.14262477308915142,0.2792699020521841,0.566289526409269,0.901845836010914,0.9958415707370931,0.852208815546158,2.0,3.0,1.0,45964ab69dd0552b
100,1,4,0.16994239840940936,0.3092266947030245,0.6013461530507798,0.9139032627701518,1.023214505079282,0.6188810058049958,1.5,2.5,1.0,45964ab69dd0552b
100,2,1,0.15010583015017795,0.2876325946060409,0.5763736793359356,0.9054309207317401,0.9149051185988186,1.0407503837915715,2.0,3.0,1.0,45964ab69dd0552b
100,3,3,0.1898536579884871,0.33017577011633786,0.6242024321427079,0.9211880877370939,1.2890595844821078,0.8846083672061478,2.0,3.5,1.0,45964ab69dd0552b
100,4,0,0.18283566452280242,0.32286683471218824,0.6163741189230574,0.918740970460453,0.8566649311772839,1.3688726474860893,2.0,3.0,1.0,45964ab69dd0552b
100,5,5,0.1680198290707053,0.30716758943326683,0.5990286986200181,0.9131403202356766,0.7504852003504181,1.1481366040499723,2.0,3.0,1.0,45964ab69dd0552b
101,0,5,0.12240390314891231,0.25595213300751235,0.5368578626961108,0.8907938199263581,1.0161843110275193,1.3615955691074584,1.5,3.0,1.0,d86b113015889b1d
101,1,2,0.09753818343765318,0.2254909450763135,0.49521638308119675,0.8734751465504618,1.024538368964484,1.010665521769085,3.0,4.0,1.5,d86b113015889b1d
101,2,3,0.20493094122503,0.3456289728788741,0.6402629614024631,0.9260597636475202,0.8426987354667663,0.9709199937102013,2.0,3.0,1.0,d86b113015889b1d
101,3,4,0.17880035774037328,0.31862832065976265,0.6117636327686791,0.9172766802761455,1.0218582339708795,0.928034506363459,1.5,2.5,0.5,d86b113015889b1d
101,4,0,0.16353014211686373,0.30233204346998405,0.5935346498751616,0.911312982084666,1.203671264159663,0.7628623689516505,2.0,3.0,1.0,d86b113015889b1d
101,5,1,0.1994749725201041,0.3400744384987259,0.6345651121665284,0.9243538043124522,1.0289358457305688,1.0131538930733601,1.5,2.5,1.0,d86b113015889b1d
102,0,0,0.163088011650185,0.30185376222288146,0.5929872472622054,0.9111294643133007,0.9979792756726396,0.74446504511255,2.5,3.5,1.5,875093af86a75cd2
102,1,2,0.1676091445529242,0.3067268517765328,0.5985309614472415,0.9129758536483594,1.0050073310805772,0.9649808077432549,2.5,3.5,1.5,875093af86a75cd2
102,2,1,0.17495099485471288,0.3145595730738113,0.6072878953215846,0.9158384759110214,1.193218610410122,0.7057834180088028,2.5,3.5,1.0,875093af86a75cd2
102,3,3,0.14298529486767336,0.27967592894637733,0.5667846858576518,0.9020241781453819,0.8853679889223438,0.9960195248614976,2.0,3.0,1.0,875093af86a75cd2
102,4,5,0.17356505698142527,0.313088367826847,0.6056573311940202,0.9153103729616995,1.054359678391143,0.598851473951816,2.5,3.5,1.5,875093af86a75cd2
102,5,4,0.1846046584482795,0.3247165155018525,0.6183697232587709,0.9193694338951391,1.027354709688168,0.7889756069713965,2.5,3.5,1.0,875093af86a75cd2
103,0,1,0.15441218183124855,0.2923891744892518,0.5820040686100453,0.9073905453024023,1.1343905191239978,1.1439015621925783,3.0,4.0,1.5,cd8651d54dad5453
103,1,2,0.1412193557448465,0.27768407811222573,0.5643500708790609,0.9011449704442875,1.1567679232459624,1.1405957293239544,1.5,2.5,0.5,cd8651d54dad5453
103,2,4,0.15755478637640358,0.2958352875827521,0.5860366385153192,0.9087760157456614,0.9215336927428772,1.298009078905625,1.5,2.5,1.0,cd8651d54dad5453
103,3,3,0.12465331770472643,0.25860296319735476,0.5403053374012516,0.892136046517797,0.9494096378799532,1.1845482746722789,2.0,3.0,1.0,cd8651d54dad5453
103,4,5,0.13182200589445164,0.2669517236803218,0.5509897689864217,0.8962138511268222,0.9054612165434994,0.6497200547891693,2.0,3.0,1.0,cd8651d54dad5453
103,5,0,0.11577680156651464,0.2480498156113063,0.5264188267516713,0.8866479742986333,1.1434848452303348,0.856244161531464,3.0,4.0,1.5,cd8651d54dad5453
104,0,2,0.15022690528713717,0.2877668843765362,0.5765336740708639,0.9054870164179522,1.0130818340394097,1.2851044707927388,2.0,3.0,1.0,a7bf9ee5823a2e53
104,1,3,0.19932836705197496,0.3399246133494253,0.6344102706670322,0.9243071049942998,0.8025591406187744,0.9033909138844056,1.5,2.5,1.0,a7bf9ee5823a2e53
104,2,5,0.1508635855526338,0.28847251828926784,0.5773733824287393,0.9057810300929534,1.081292163284639,1.1373424052026015,2.0,3.0,1.0,a7bf9ee5823a2e53
104,3,0,0.12627348364210908,0.2605028267093273,0.5427596855044657,0.8930836520548118,0.7885667133918398,0.9571082860927893,2.5,3.5,1.5,a7bf9ee5823a2e53
104,4,1,0.1464788195042795,0.28359436846540087,0.5715340285876652,0.9037225847439435,1.0130319940491073,1.329484376056313,2.5,3.5,1.0,a7bf9ee5823a2e53
104,5,4,0.21852998505147395,0.359302314639446,0.6539439111390247,0.9300590448959809,0.9529367185982272,1.1675438501566022,1.5,2.5,0.5,a7bf9ee5823a2e53
105,0,4,0.11889962190030745,0.25179120506138386,0.53139175891242,0.8886384536599795,1.0354670618438058,0.8766706884256563,2.0,3.0,1.0,03bc9751cf682a2f
105,1,1,0.16353639794030767,0.30233880807047453,0.5935423869134804,0.9113155740448383,0.9191382541972903,1.1614688980563694,1.5,2.5,1.0,03bc9751cf682a2f
105,2,3,0.15606087908185887,0.294199682420292,0.5841275257033011,0.9081219593010055,0.9875239303920152,0.7333964649723431,3.0,4.0,1.5,03bc9751cf682a2f
105,3,0,0.11022450066321028,0.2413155529803932,0.5173265044009336,0.882933707904365,1.0040064811981377,0.735895557604394,2.5,3.5,1.0,03bc9751cf682a2f
105,4,2,0.11026764376761156,0.24136830224406247,0.517398441604735,0.8829634827549191,0.9256591214053322,0.6315940097033377,1.5,2.0,0.5,03bc9751cf682a2f
105,5,5,0.18545181137765793,0.3256005317011999,0.619319993025579,0.9196675734321392,0.9538274953501173,0.7585305826047444,2.0,3.5,1.0,03bc9751cf682a2f
106,0,0,0.1963876824981571,0.3369128865248481,0.631284740508419,0.9233605826674576,0.8695582984509528,1.0149022853523513,1.5,3.0,1.0,652339b6f10835f0
106,1,1,0.12723924474274323,0.26163163328932626,0.5442114794298397,0.8936410944680955,1.153472543559044,1.0073643098242995,2.0,3.0,1.0,652339b6f10835f0
106,2,2,0.1626632370600713,0.3013938965217397,0.5924602390407837,0.9109525334038506,0.9262172567525322,0.7810356161245664,2.0,3.0,1.0,652339b6f10835f0
106,3,5,0.1191560523579433,0.2520970105559667,0.5317957851718165,0.888798923549105,1.1406301991143364,0.7392462036423149,2.0,3.0,1.0,652339b6f10835f0
106,4,3,0.10968641308207289,0.24065708449483741,0.5164275492693761,0.8825611002204364,0.9177493247980709,0.9333563837432786,2.0,3.0,1.0,652339b6f10835f0
106,5,4,0.17617378568369813,0.31585481117630315,0.6087180495261203,0.9162998398030121,0.9070168285987972,0.8324283770011772,2.0,3.0,1.0,652339b6f10835f0
107,0,2,0.1857342144480806,0.3258949697578045,0.6196359993511804,0.9197665580172005,0.9173645354927804,0.8963052502126236,2.5,3.5,1.0,4497080748e6dde7
107,1,0,0.1747105057894417,0.3143045297320967,0.6070056929320541,0.915747236422294,0.8756560258902062,1.1542686671385167,2.5,3.5,1.5,4497080748e6dde7
107,2,1,0.20829739708538808,0.3490360800368794,0.6437173546907203,0.9270823277559629,0.8608716143788945,0.7032617367592519,2.5,3.5,1.5,4497080748e6dde7
107,3,3,0.1380869443413535,0.2741319864595403,0.5599738157817328,0.8995497481208515,1.1834034156414206,0.9346670190596782,2.0,3.0,1.0,4497080748e6dde7
107,4,5,0.12929821278044354,0.2640292107116883,0.5472792291781985,0.8948115448802909,1.0394590344848724,0.9078489325664512,2.0,3.0,1.0,4497080748e6dde7
107,5,4,0.15964579064372791,0.29811690608747304,0.588685304945323,0.9096779582955092,1.0758808052666613,1.461955134438433,2.5,3.5,1.5,4497080748e6dde7
108,0,0,0.13720233265154627,0.27312436607569734,0.5587242621809457,0.8990907262407591,1.1452872105024166,1.0204038265959672,2.5,3.5,1.5,27dfc8315b50ac1a
108,1,1,0.12699157052529303,0.2613424046752301,0.5438399503756832,0.8934986564064947,0.9849982083313518,0.9773367403072281,2.0,3.0,1.0,27dfc8315b50ac1a
108,2,5,0.12489712367023982,0.2588893578467577,0.540676194473499,0.8922796540370992,0.998765521452954,0.8802821319440043,2.0,3.0,1.0,27dfc8315b50ac1a
108,3,3,0.14788643690290043,0.2851651326394853,0.5734230944048474,0.9043920634038822,0.9570012870022622,1.062022088413039,2.0,3.0,1.0,27dfc8315b50ac1a
108,4,4,0.18334541252791722,0.3234003510031913,0.6169507413131995,0.9189228918709719,0.9326764925374076,1.0558849380986906,2.5,3.5,1.5,27dfc8315b50ac1a
108,5,2,0.16659138328465117,0.3056332518285193,0.5972933246357173,0.9125659728795371,0.8552555550399489,1.3037238484714224,2.0,3.0,1.0,27dfc8315b50ac1a
109,0,2,0.18964190605657694,0.3299563641293243,0.6239696505995722,0.9211160205929293,1.216889472615601,0.6838104597796528,2.5,3.5,1.5,acda7cab5ce2e438
109,1,5,0.15039009282401794,0.28794783121985174,0.5767491609786041,0.9055625299795099,0.8760083286003318,0.8857078843660162,2.0,3.0,1.0,acda7cab5ce2e438
109,2,0,0.14033862057332763,0.27668781714261326,0.5631271453764115,0.9007011213225151,0.9869252294447779,1.0939286743959065,2.5,3.5,1.0,acda7cab5ce2e438
109,3,4,0.09933544812568543,0.22777296673296146,0.49847127424028737,0.8749070998924243,1.263313199682786,0.7217307035826483,1.5,2.5,1.0,acda7cab5ce2e438
109,4,3,0.19589162115881106,0.33640361605390545,0.6307537726648347,0.923199048352486,1.1235558352771389,0.9873358398237432,2.0,3.0,1.0,acda7cab5ce2e438
109,5,1,0.1542716056830196,0.29223453491879553,0.5818222003249588,0.9073277084923753,0.8118520956986324,0.9422590770223751,2.0,3.0,1.0,acda7cab5ce2e438
110,0,5,0.18365286180581605,0.32372193264016685,0.6172979069886652,0.9190322916311723,1.044611841725708,0.9581778240611605,1.5,2.5,0.5,0ee93132f7ee7a45
110,1,1,0.1350259367119004,0.27063671579184106,0.5556237506353273,0.8979448881260214,1.0700858706387315,0.8978769229413819,2.0,3.0,1.0,0ee93132f7ee7a45
110,2,0,0.14206945780198396,0.2786438790077929,0.565524951863134,0.9015699838903952,1.0447198021525619,0.7866869836546542,1.5,2.5,0.5,0ee93132f7ee7a45
110,3,4,0.15174520592553414,0.28944814059189694,0.5785316348978667,0.906185489305798,1.0802366711557707,0.9050294385395593,2.0,3.0,1.0,0ee93132f7ee7a45
110,4,2,0.1806481698458005,0.320572527285458,0.6138849971548743,0.9179525768408532,1.2349159988453429,1.3071272924603654,2.0,3.0,1.0,0ee93132f7ee7a45
110,5,3,0.18477125103311182,0.3248904476302229,0.6185568686760138,0.9194282064097479,1.0328990845637578,1.0233308668225352,2.0,3.0,1.0,0ee93132f7ee7a45
111,0,4,0.14390659879440776,0.28071209988414003,0.568045727547684,0.9024772817734591,1.1823825802513344,1.244045647212237,1.5,2.5,1.0,93058a69df6df2c6
111,1,2,0.1401377613843367,0.2764603422839192,0.5628474273030807,0.9005993909169941,0.938563252519637,1.0834136908906917,2.5,3.5,1.5,93058a69df6df2c6
111,2,1,0.1511664741389654,0.28880789514485844,0.577771898288065,0.9059203331693809,0.8505951009132473,0.8738390824475948,2.0,3.0,1.0,93058a69df6df2c6
111,3,3,0.18011374929278545,0.32001081303302725,0.6132732409557353,0.9177580404606978,1.0225918171943558,1.1385602954836544,1.5,2.5,1.0,93058a69df6df2c6
111,4,0,0.13692891787522268,0.27281252535174666,0.5583368130184335,0.8989480754770756,0.9808723632251745,1.2028247202581663,2.0,3.0,1.0,93058a69df6df2c6
111,5,5,0.18172844641064062,0.3217065332980693,0.6151172134002311,0.9183434919632871,0.8912525467951147,1.0125335484483298,2.0,3.0,1.0,93058a69df6df2c6
112,0,5,0.1660287728159487,0.30502788076572335,0.5966066198066888,0.9123379757183988,1.1196810059685598,1.3998018937873113,1.5,2.5,1.0,bc140a9bbef378c5
112,1,1,0.1372838551684393,0.27321730856698206,0.5588396721351425,0.899133188304576,0.7324343863403117,1.1130706513856183,2.0,3.0,1.0,bc140a9bbef378c5
112,2,0,0.1738669959743148,0.31340917063615925,0.60601343910234,0.915425898767716,0.8649760487997173,1.0117124857416855,1.5,2.5,1.0,bc140a9bbef378c5
112,3,2,0.1264020560137492,0.2606532628226371,0.5429534434527264,0.8931581809900393,1.0546190803572986,1.281718499129307,2.0,3.0,1.0,bc140a9bbef378c5
112,4,4,0.1677780406572617,0.3069081454664161,0.5987357742778189,0.9130435555957847,1.1152925772016469,0.6336265068536314,1.5,2.5,1.0,bc140a9bbef378c5
112,5,3,0.21733356280730493,0.3581087254854124,0.6527687628713477,0.9297207691212774,1.103766200045235,0.8063804106195074,1.5,3.0,1.0,bc140a9bbef378c5
113,0,0,0.17515131732538924,0.31477194195619146,0.6075227298603059,0.915914350020646,0.9479133332929526,1.021408084260914,2.0,3.0,1.0,e85676dbf40f2285
113,1,5,0.15790797893343939,0.2962213049335449,0.5864859378607208,0.9089294617183589,0.919490987183762,1.27646170225013,2.0,3.0,1.0,e85676dbf40f2285
113,2,1,0.14032391355435525,0.2766711647115539,0.5631066746289087,0.9006936789839122,0.8215914519040886,1.0297767144604117,1.5,2.5,1.0,e85676dbf40f2285
113,3,3,0.17776346945294302,0.31753482917567505,0.6105656005290709,0.9168933379886265,0.7967822815281758,0.8638306149442463,2.5,3.5,1.0,e85676dbf40f2285
113,4,2,0.14759378480714067,0.2848389362259308,0.573031487874641,0.904253560693676,0.7838649623330572,1.0167881298836858,2.0,3.0,1.0,e85676dbf40f2285
113,5,4,0.18293876885562252,0.3229747805310523,0.6164908530027922,0.9187778211197357,0.9414107865339401,1.2016645773400918,2.0,3.0,1.0,e85676dbf40f2285
114,0,4,0.14266870707052742,0.27931939819039237,0.5663499188124683,0.9018676005298794,1.2291092441333962,1.0919457184522154,2.5,3.5,1.0,736694eddb6a96a6
114,1,2,0.11407311460098674,0.24599488520028034,0.5236637802247828,0.885532868835533,0.815292100787842,1.0586727323213212,2.5,3.5,1.0,736694eddb6a96a6
114,2,5,0.09837332640165117,0.22655309413463726,0.49673419612515984,0.8741446427472002,1.0642720265139798,0.9795353165980594,2.5,3.5,1.0,736694eddb6a96a6
114,3,0,0.08959070094403689,0.21522259704060473,0.4802819837417633,0.8667199058681098,0.8470575114538161,1.0348814478723678,2.0,3.0,1.0,736694eddb6a96a6
114,4,3,0.14956919229123267,0.28703699179830194,0.5756633392313831,0.9051815762890836,1.0497441400771161,0.9106824418140914,1.5,2.5,0.5,736694eddb6a96a6
114,5,1,0.1540219923526822,0.29195984596868846,0.5814989502724536,0.9072159477510651,0.9539735614365976,0.696910897279154,2.5,3.5,1.0,736694eddb6a96a6
115,0,0,0.13334395939717347,0.26870564030580435,0.5532015350934189,0.8970428466204232,0.9496182022549349,1.1566712038409395,2.5,3.5,1.0,9b7afab46c9a1c88
115,1,5,0.14344415285848444,0.2801922511668867,0.5674135259926402,0.9022503209259737,1.1040865506266004,0.8846350247275963,1.5,2.5,1.0,9b7afab46c9a1c88
115,2,2,0.10340563983349323,0.2328902552256687,0.5056876939125976,0.8780323643238788,1.0175947998039625,1.2325804937040794,2.0,3.0,1.0,9b7afab46c9a1c88
115,3,4,0.1623119957614425,0.3010133716632767,0.5920236489132701,0.9108057718802981,0.96401899831419,1.2130441349694219,1.5,3.0,1.0,9b7afab46c9a1c88
115,4,1,0.15775628942882036,0.2960555492789289,0.5862930681301689,0.9088636147700637,0.9428069679538016,1.2891383219033967,2.0,3.0,1.0,9b7afab46c9a1c88
115,5,3,0.20867280800603852,0.34941509333188464,0.6440997421658862,0.927194985158958,1.0951300396143102,1.184882513039872,2.0,3.0,1.0,9b7afab46c9a1c88
116,0,4,0.17340938105382325,0.31292290306724296,0.6054735351211468,0.9152507054971369,1.2785581529961783,0.9038989065962932,2.0,3.0,1.0,275d3af9bf41d3e3
116,1,5,0.1400023504889384,0.27630693156611413,0.5626586804828452,0.9005307016074037,0.919076538982768,0.9147323546101622,1.5,2.5,1.0,275d3af9bf41d3e3
116,2,2,0.11550701910154462,0.24772507115849632,0.5259845664401223,0.8864727971680826,1.1501535953536652,0.974057844350547,2.0,3.0,1.0,275d3af9bf41d3e3
116,3,3,0.20365062207029977,0.34432919863978756,0.6389370538599705,0.9256649386331681,1.0436439047617883,1.320047281244886,2.5,3.5,1.5,275d3af9bf41d3e3
116,4,0,0.11558426382485773,0.24781807785054827,0.5261089814630346,0.8865230076713616,1.1568608629969996,0.9653759672691058,1.5,2.5,1.0,275d3af9bf41d3e3
116,5,1,0.1471162235100727,0.2843062143715363,0.5723911649227832,0.9040267757463955,0.8750244909835309,0.7880398156354294,2.5,3.5,1.0,275d3af9bf41d3e3
117,0,1,0.16391691754908602,0.30275013193012734,0.5940125687981886,0.9114729890609051,1.0237894565352392,1.058283294913379,2.5,3.5,1.0,9d918a3c9bf22830
117,1,4,0.2026398336586829,0.3433014724454719,0.6378854757165566,0.9253508761497088,0.9756475449024179,0.5744996692266564,3.0,4.0,1.5,9d918a3c9bf22830
117,2,5,0.16558996332956516,0.3045553034000554,0.5960697546466299,0.9121594414363815,1.0787175841246732,1.4648511892407345,2.0,3.0,1.0,9d918a3c9bf22830
117,3,0,0.1702101560879825,0.30951292919470486,0.6016672675893645,0.9140086152122339,1.1102961808540428,0.8892973844091756,2.0,3.0,1.0,9d918a3c9bf22830
117,4,3,0.12150027959227662,0.25488288242372176,0.5354596315225569,0.8902456754538381,0.947085917569355,1.0022740961083911,2.0,3.0,1.0,9d918a3c9bf22830
117,5,2,0.08717178375608045,0.21203582109726096,0.4755487427800278,0.8645132594288677,0.9097711860088891,0.9539657952161844,2.5,3.5,1.0,9d918a3c9bf22830
118,0,1,0.12740715020446025,0.2618276083681329,0.5444630408941463,0.8937374543246657,1.2086780400593256,0.827653270346261,2.0,3.0,1.0,f1d2ec71c0fd054c
118,1,2,0.18393799958459878,0.32402004095601333,0.617619464550843,0.9191335351835577,0.8873128543962272,0.9032866275502927,2.0,3.0,1.0,f1d2ec71c0fd054c
118,2,4,0.20139583097668995,0.3420346942000306,0.6365854048835994,0.9249614610870804,1.1769158956382673,1.0962528198085557,1.5,2.5,0.5,f1d2ec71c0fd054c
118,3,0,0.13237400098441401,0.2675885775368553,0.5517941706873353,0.8965159416135419,0.9835397337834955,1.1829994671465398,2.0,3.0,1.0,f1d2ec71c0fd054c
118,4,3,0.19668161066763018,0.33721447335143534,0.6315988405607948,0.9234560388348244,0.9008226654601892,1.1723212570822514,1.5,2.5,1.0,f1d2ec71c0fd054c
118,5,5,0.1529963874682112,0.2908298079322643,0.5801665169969685,0.9067542484761424,1.2189512051562776,0.729439208843417,2.5,3.5,1.5,f1d2ec71c0fd054c
119,0,2,0.10159190671942243,0.23061842847567476,0.5024979237230242,0.8766592739028626,1.1658598180665314,1.0081594476434739,1.5,2.5,1.0,aab22521f71dd3aa
119,1,4,0.21257445568815891,0.35334333963492015,0.648040942993646,0.9283499555029701,0.9769333629334707,0.990306868047895,1.5,2.5,0.5,aab22521f71dd3aa
119,2,3,0.1527382009110464,0.2905449738039092,0.579830000825826,0.9066373817549215,1.0020552570928334,1.0266796771797986,2.0,3.0,1.0,aab22521f71dd3aa
119,3,5,0.17821151391962867,0.3180075553537892,0.6110839550778551,0.9170593444537394,1.0229083979230293,1.0825060310557988,2.5,3.5,1.0,aab22521f71dd3aa
119,4,0,0.14632674532933884,0.28342439471498493,0.5713291067110685,0.9036497547631277,0.973807706959253,0.9156836638451116,1.5,2.5,1.0,aab22521f71dd3aa
119,5,1,0.1425010064044266,0.2791304410615516,0.5661193180951629,0.9017844761497249,0.9725498532750935,1.2690309629339052,2.0,3.0,1.0,aab22521f71dd3aa
120,0,3,0.14586299998872676,0.28290573314932466,0.5707031928099237,0.9034270516879773,1.1296093034928822,1.3634481320865084,2.5,3.5,1.0,29586d60eb6138d6
120,1,0,0.19134160732047412,0.3317155777792011,0.6258322973658997,0.9216914923606984,1.1695529512007798,1.1694787852084074,1.5,2.5,1.0,29586d60eb6138d6
120,2,4,0.1309316901560552,0.2659227748158276,0.5496869701535089,0.8957231479423642,1.0952035187303217,0.7884747802988414,1.5,2.5,0.5,29586d60eb6138d6
120,3,1,0.15704858362081403,0.2952815906014585,0.5853913265544504,0.9085553057857795,1.0361474672169972,0.8650949557663397,1.5,2.5,1.0,29586d60eb6138d6
120,4,2,0.18168764750791422,0.321663740085559,0.6150707823256786,0.9183287842840365,0.8279284019553099,0.9683652820782028,2.0,3.0,1.0,29586d60eb6138d6
120,5,5,0.10047808109416946,0.22921654698338287,0.5005185008277863,0.8758005861102293,0.9102730035627816,0.6899159644796069,1.5,2.5,1.0,29586d60eb6138d6
121,0,2,0.1403107862816487,0.276656300538412,0.5630884013533526,0.9006870352043224,1.0564271133153487,1.019137236744522,1.5,2.5,1.0,d85546080261822c
121,1,0,0.14299437054496217,0.27968614610972753,0.5667971385398269,0.902028660133554,0.920881950099181,0.9807752847310368,1.5,2.5,0.5,d85546080261822c
121,2,3,0.15977898448243064,0.29826194053532556,0.5888531040887774,0.9097348851437662,0.880484631757813,0.8482123482923337,2.0,3.0,1.0,d85546080261822c
121,3,4,0.15579843812972854,0.2939118679535271,0.5837906800241031,0.9080062111154575,0.8523429075635811,0.958419069641,2.0,3.0,1.0,d85546080261822c
121,4,5,0.16816022935389308,0.3073181918930613,0.5991986402226077,0.9131964247783466,0.9410909892197814,1.1117829435264566,2.5,3.5,1.0,d85546080261822c
121,5,1,0.11097209973583023,0.24222865475223102,0.5185701408593372,0.8834475682795956,1.0560918052489674,0.7567866239642282,2.0,3.0,1.0,d85546080261822c
122,0,1,0.19255986666433542,0.33297380659902226,0.6271591793585052,0.922099788327088,0.9819115650564874,1.0875008549973342,1.5,3.0,1.0,826541a49051da62
122,1,5,0.12324729075026084,0.25694783208125366,0.538155952423478,0.8913007566582317,0.9478021138655636,0.6584196814134319,2.0,3.5,1.0,826541a49051da62
122,2,2,0.18005143436959237,0.3199452846946258,0.6132018145017445,0.917735307168989,1.1287090407082159,0.799627406872923,1.5,2.5,1.0,826541a49051da62
122,3,0,0.1475765610214873,0.2848197321110043,0.5730084216129973,0.9042453980789141,1.048112822086465,1.316984792348586,2.0,3.0,1.0,826541a49051da62
122,4,4,0.14697694114633197,0.28415074544233976,0.572204111695582,0.9039604523012356,1.1316067977587232,1.3154094382871788,2.0,3.0,1.0,826541a49051da62
122,5,3,0.12587090205871548,0.26003147162043244,0.5421520384766618,0.8928496561701031,0.9853373219610324,1.3280634416807233,1.5,2.5,0.5,826541a49051da62
123,0,5,0.114873457326649,0.2469614655560112,0.5249617834545421,0.8860593442403991,1.0989111677937546,0.8496439931378152,1.5,2.5,0.5,596338b04cfa69d2
123,1,2,0.1394158195286863,0.2756419059225413,0.5618395152216861,0.9002321754981132,1.1435337989375727,0.9776880990601899,2.5,3.5,1.5,596338b04cfa69d2
123,2,1,0.09268623896933459,0.21925777382384964,0.48620783576365634,0.8694373753339112,1.0345957320855361,1.2281537445533073,2.0,3.5,1.0,596338b04cfa69d2
123,3,3,0.16323107914193644,0.30200856930775327,0.593164506279589,0.9111889197252592,1.0724667104926686,1.2584001240236409,2.5,3.5,1.5,596338b04cfa69d2
123,4,0,0.1497606989119007,0.28724961479804895,0.5759170589879455,0.9052706921445491,0.9920239136015976,0.9370679498105683,2.0,3.0,1.0,596338b04cfa69d2
123,5,4,0.21172592314286945,0.35249069058266386,0.6471888792252034,0.928101206866453,0.9473029335198518,0.7612179929018159,2.0,3.0,1.0,596338b04cfa69d2
124,0,1,0.14686763723687898,0.2840287075551145,0.5720572234831459,0.9039083465851929,0.9966122692577857,0.6789025458558201,1.5,2.5,1.0,79589ed9c25feec1
124,1,3,0.1817251046897556,0.32170302833166475,0.6151134106766281,0.9183422874642331,1.0593605445272916,0.9912232104646043,2.0,3.0,1.0,79589ed9c25feec1
124,2,0,0.13393914470705343,0.2693898350538975,0.554061292232883,0.8973637182654691,0.9708341895515208,1.1908093227689418,2.0,3.5,1.0,79589ed9c25feec1
124,3,5,0.13359954180375433,0.26899956135241254,0.5535710840314778,0.8971808607073454,1.086006114274692,1.0756409792236976,2.5,3.5,1.0,79589ed9c25feec1
124,4,4,0.15523880273630597,0.29329764170883876,0.5830709094938361,0.9077585318039397,0.8999844849762029,1.259141190099396,2.0,3.0,1.0,79589ed9c25feec1
124,5,2,0.12408135396782556,0.2579303866867719,0.539433178822695,0.8917977238985789,1.098212639780332,1.3169064016883085,2.5,3.5,1.5,79589ed9c25feec1
125,0,0,0.21729866906192039,0.3580738880806293,0.6527344096896951,0.9297108656698195,1.1580128064927178,1.277782498454469,2.5,3.5,1.5,061f1597c4d2977d
125,1,3,0.15285570002859578,0.2906746179690447,0.5799832017729235,0.9066905990909218,0.9061785368687791,0.8687229385590014,2.0,3.0,1.0,061f1597c4d2977d
125,2,5,0.17694711813034442,0.31667262886493025,0.6096184705501952,0.916589439987227,0.9060440271067636,0.9861671726850842,2.0,3.0,1.0,061f1597c4d2977d
125,3,4,0.12866076207363722,0.26328822374317984,0.5463334129948674,0.8944517594622176,0.9924696044745469,1.3678788258886743,2.5,3.5,1.5,061f1597c4d2977d
125,4,1,0.09501246177002094,0.22225974355592543,0.49056821956948904,0.8714056108101562,0.9613352201691988,1.1829912429406164,2.0,3.0,1.0,061f1597c4d2977d
125,5,2,0.1729664686396956,0.3124519058317042,0.6049499042276212,0.9150805581711812,1.061767695910714,0.6276575417448877,2.0,3.0,1.0,061f1597c4d2977d
126,0,4,0.18532556626306143,0.3254688655551196,0.61917860147347,0.9196232586838492,0.9586155752301821,1.026002232232164,2.0,3.5,1.0,5ea2974ee4454ec6
126,1,2,0.10445029066481966,0.23419270796529992,0.5075064484627998,0.8788094527315219,0.8407030839161743,0.9376295061581914,2.0,3.0,1.0,5ea2974ee4454ec6
126,2,3,0.07848712026567618,0.20032939817133869,0.45774537573944735,0.8559132369396731,0.7719706214158296,1.0069432302942605,2.0,3.0,1.0,5ea2974ee4454ec6
126,3,1,0.13469237175457913,0.27025434900079504,0.5551452075871165,0.8977671575884486,0.9608633606968477,1.3844010200729508,2.0,3.5,1.0,5ea2974ee4454ec6
126,4,0,0.1948090987810702,0.335291024964934,0.6295912955289724,0.9228446392780373,0.9937841870894133,1.2452345532038154,1.5,2.5,1.0,5ea2974ee4454ec6
126,5,5,0.1465432632274382,0.28366638122046245,0.5716208180384842,0.9037534178262381,1.0005830658264352,1.0109313274827472,1.5,2.5,1.0,5ea2974ee4454ec6
127,0,5,0.19489440749314513,0.33537876540616296,0.6296830941012846,0.9228726639538747,0.7542925702758554,1.3713066258652635,1.5,2.5,1.0,50e690448a371469
127,1,1,0.13810550388051068,0.27415310534848275,0.5599999666889255,0.8995593377339159,0.9901478858025441,1.0314199529692636,2.0,3.0,1.0,50e690448a371469
127,2,4,0.09398093803958779,0.22093170775664933,0.48864425978640214,0.8705403877254266,1.020663286513154,1.2968255867477623,2.0,3.0,1.0,50e690448a371469
127,3,3,0.15997948347718632,0.29848019592646274,0.5891054896542239,0.9098204607660364,0.9263233659626168,1.0961442160936363,2.0,3.0,1.0,50e690448a371469
127,4,0,0.13444597038031522,0.2699717087991758,0.5547911352888034,0.8976355034180793,1.13785200715237,0.7962346009417869,2.5,3.5,1.0,50e690448a371469
127,5,2,0.1972442274101755,0.3377914022460327,0.632199012220879,0.9236382242111179,0.9141365710783582,0.8365382081502775,2.5,3.5,1.0,50e690448a371469
128,0,4,0.11673662234646598,0.2492031942393906,0.5279577708356753,0.8872670059320701,1.1742217388716087,1.1114083533415284,2.5,3.5,1.5,013663c484aa4272
128,1,1,0.09732115189899064,0.22521441737235262,0.4948204071282883,0.8732999783568097,0.9949022640471852,1.0558540903959017,2.5,3.5,1.0,013663c484aa4272
128,2,3,0.10655711233893657,0.2368063495556192,0.5111344620391544,0.8803470970044281,1.074437235205888,1.019489954278077,2.0,3.0,1.0,013663c484aa4272
128,3,2,0.15813180505521032,0.2964658000404686,0.5867702646859468,0.9090264711341577,0.8475298136105671,0.862826640818353,2.0,3.0,1.0,013663c484aa4272
128,4,5,0.1516396922379267,0.2893314666501808,0.5783932876104441,0.9061372449600862,1.0281290522103765,1.035454832549536,2.0,3.0,1.0,013663c484aa4272
128,5,0,0.16150030351863853,0.3001330773949957,0.591011891596591,0.9104650145877755,1.018455875875317,1.0974024412061378,1.5,2.5,1.0,013663c484aa4272
129,0,5,0.13146620036435594,0.2665407770560221,0.5504699178373061,0.8960182616706529,0.8310742251432842,1.1488366887197277,2.5,3.5,1.0,dc702c62026194c4
129,1,4,0.10394358576367813,0.2335615022099638,0.5066259306303734,0.8784337641809,0.8271118893958961,0.6259857324751223,2.0,3.0,1.0,dc702c62026194c4
129,2,0,0.09563458126886959,0.22305831509654148,0.4917213167305819,0.8719217423036439,0.8806443401239712,1.0453799216204565,1.5,3.0,1.0,dc702c62026194c4
129,3,1,0.1907114204087976,0.3310638377749885,0.6251432530699981,0.9214789254549198,0.9302285159932393,1.006924993035605,1.5,2.5,1.0,dc702c62026194c4
129,4,3,0.13631748915995248,0.27211446644052445,0.557468241892033,0.8986277301007979,1.0914868564871258,1.281132759432813,1.5,2.5,1.0,dc702c62026194c4
129,5,2,0.14236899063144262,0.278981644039551,0.5659376407320847,0.901718950210019,1.0691748552798461,0.7440556231000142,2.0,3.0,1.0,dc702c62026194c4
130,0,1,0.18647272559645256,0.32666435742037764,0.6204605730828845,0.920024469513506,1.1921073562442543,0.964791311215703,1.5,2.5,1.0,6f5952a329500190
130,1,2,0.17482316229597292,0.3144240167240365,0.6071379281878144,0.9157899979967297,0.7512552479801412,1.268917331063953,2.0,3.0,1.0,6f5952a329500190
130,2,4,0.1824896369453918,0.3225044323670568,0.6159819644966927,0.9186170944014698,0.799042719857253,0.7750565751663459,1.5,2.5,0.5,6f5952a329500190
130,3,0,0.19662914678828544,0.3371606516124189,0.6315428039829886,0.9234390146244288,1.0266473637236033,0.7613737400729315,2.0,3.0,1.0,6f5952a329500190
130,4,5,0.1449580984995613,0.2818922262099613,0.5694774437684964,0.9029898259451257,0.9742865332668482,0.9590642871184831,1.5,2.5,0.5,6f5952a329500190
130,5,3,0.1584663562083421,0.2968310534299771,0.587194662728277,0.9091711351070076,0.9738575458934249,0.9932304763052155,2.5,3.5,1.0,6f5952a329500190
131,0,0,0.17573303738731938,0.3153882483478721,0.6082034669734757,0.9161340332628817,0.9927549935591039,1.1488382897041083,1.5,3.0,1.0,d72c65e4c6eecf1c
131,1,5,0.12780347204697037,0.2622898618238701,0.5450558371848916,0.8939642533757437,0.8489158619640464,1.0877306596799556,2.0,3.0,1.0,d72c65e4c6eecf1c
131,2,2,0.19394955311294207,0.3344063813830189,0.628664545977518,0.9225613542669031,1.1711147748749366,0.8773426931248502,1.5,2.5,1.0,d72c65e4c6eecf1c
131,3,4,0.17302326976477128,0.31251232813013397,0.6050171162305084,0.9151024108073506,1.1045939806499547,0.9537651923152423,1.5,2.5,1.0,d72c65e4c6eecf1c
131,4,1,0.17342583217970306,0.31294039065710827,0.6054929640164878,0.9152570142283486,0.9719861268953539,1.0708890594714195,2.0,3.0,1.0,d72c65e4c6eecf1c
131,5,3,0.11676513491130275,0.24923740956673887,0.5280033433069024,0.8872852953287746,1.1374310605005402,1.4656032957863996,2.0,3.0,1.0,d72c65e4c6eecf1c
132,0,5,0.11784293474903651,0.25052880470514627,0.5297200027691125,0.8879724886732916,1.1174284824544072,0.9231802270077607,2.0,3.0,1.0,d9e56ed9a9e633f9
132,1,1,0.19275210331065606,0.333172147187489,0.6273679386416574,0.9221639014270945,1.1467251432686856,0.9223960417502854,2.0,3.5,1.0,d9e56ed9a9e633f9
132,2,2,0.15434732876036114,0.2923178386687635,0.5819201818642176,0.9073615656227951,1.168554693809662,1.0748954637433288,2.0,3.0,1.0,d9e56ed9a9e633f9
132,3,4,0.18702971859251205,0.3272440698741166,0.6210807480120297,0.9202180925996701,0.838760113448562,0.8618935504492307,1.5,3.0,1.0,d9e56ed9a9e633f9
132,4,3,0.15426414425592982,0.2922263258625663,0.5818125436285444,0.9073243711788903,1.160627249523223,0.8591909180067256,2.5,3.5,1.5,d9e56ed9a9e633f9
132,5,0,0.15458877200394022,0.29258337130018225,0.5822323478250704,0.9074693741703292,1.2011762992129145,1.384255303724038,2.0,3.0,1.0,d9e56ed9a9e633f9
133,0,1,0.1361168131248478,0.27188514605410885,0.5571825249286922,0.8985221840298797,1.1623375390844781,1.2056486199761867,3.0,4.0,1.5,8266b9e7aed24398
133,1,2,0.1871303357012458,0.32734873923459556,0.6211926207643433,0.9202529875845578,1.0099630942453892,1.4692332417788678,2.0,3.0,1.0,8266b9e7aed24398
133,2,3,0.15130020917546633,0.2889559103825414,0.5779476597119573,0.9059817239457556,0.9260020384107163,0.9902433008573089,2.0,3.0,1.0,8266b9e7aed24398
133,3,0,0.18752698556269248,0.32776120961716154,0.6216331734654408,0.9203903069264594,0.8823822109179313,0.8702187409340043,2.5,4.0,1.5,8266b9e7aed24398
133,4,5,0.1601379401783237,0.29865262844384827,0.5893047785924266,0.9098879926456171,0.9810783453088866,1.3275686214505904,2.0,3.0,1.0,8266b9e7aed24398
133,5,4,0.16737079323667686,0.3064709139113843,0.5982416473459943,0.9128801575042063,1.0019421681264824,0.8923151647853608,2.0,3.0,1.0,8266b9e7aed24398
134,0,4,0.15415379660307893,0.2921049075827179,0.5816696877055286,0.9072749906998694,0.9112649600560878,1.353703558952562,2.0,3.0,1.0,106cbfd00a85bba5
134,1,2,0.13688588171925875,0.27276342328862596,0.5582757740476116,0.8989255882684007,0.9397707649464772,0.8894901029370508,2.0,3.0,1.0,106cbfd00a85bba5
134,2,3,0.15717388476267413,0.29541869745174104,0.5855512119610373,0.9086100252195448,1.166337054684241,0.7125524446444746,2.5,3.5,1.0,106cbfd00a85bba5
134,3,1,0.15692240539153163,0.29514349111839666,0.5852302218009962,0.9085001454705633,0.8256516297316292,0.7125810399053315,1.5,2.5,1.0,106cbfd00a85bba5
134,4,0,0.15307020996163676,0.2909112231619111,0.5802626552875668,0.9067876164116113,1.1649655403261527,0.6888788634192382,2.5,3.5,1.5,106cbfd00a85bba5
134,5,5,0.1413167607652334,0.27779414226577437,0.5644849627105131,0.901193837099031,1.1242747354900566,1.0009925565202646,1.5,2.5,1.0,106cbfd00a85bba5
135,0,3,0.14559865554889345,0.28260986082893613,0.5703457252584672,0.903299693131141,0.8511063131862644,0.628000369969129,2.0,3.0,1.0,ecf3cf53d26e72fc
135,1,1,0.15279531730004908,0.2906079976450368,0.5799044832739683,0.9066632574172772,0.9913137346584597,0.8063519337678517,2.5,3.5,1.5,ecf3cf53d26e72fc
135,2,2,0.17720279103534534,0.316942783531121,0.6099154741420826,0.9166848170324018,0.8847470276370599,0.9423756841600732,2.5,3.5,1.5,ecf3cf53d26e72fc
135,3,0,0.13507980506722714,0.27069843770831675,0.5557009478680462,0.8979735370330015,1.1265297235246576,1.1599741056556985,2.5,3.5,1.5,ecf3cf53d26e72fc
135,4,4,0.12821111279863895,0.2627648449201684,0.5456641243316758,0.894196586133579,1.0364504873722444,0.9596777781240065,2.5,3.5,1.0,ecf3cf53d26e72fc
135,5,5,0.1628044403736107,0.30154680397812894,0.5926355460342285,0.9110114159994606,1.2197009021625915,1.302759385509787,2.0,3.0,1.0,ecf3cf53d26e72fc
136,0,1,0.15499737494745625,0.2930324592171922,0.5827597777351761,0.9076513211789888,1.0629527850250262,0.7886094277731637,3.0,4.0,1.5,cc78c49438444683
136,1,2,0.1747361010737698,0.31433167883250124,0.6070357423824685,0.9157569549480922,0.9977263147966957,0.6179366663824924,1.5,2.5,1.0,cc78c49438444683
136,2,3,0.13467058375890656,0.2702293630874395,0.5551139185955046,0.8977555286599385,1.1300743925965873,0.9758294846381432,2.0,3.0,1.0,cc78c49438444683
136,3,0,0.17300060244799503,0.3124882164182837,0.6049902963912791,0.9150936913309983,1.0673802830457033,0.9998705011337512,2.5,3.5,1.0,cc78c49438444683
136,4,5,0.14881880684818746,0.2862030713516105,0.5746667642732253,0.9048309507761165,1.04229488021497,1.2223217764264274,1.5,2.0,0.5,cc78c49438444683
136,5,4,0.16163920363009346,0.30028380934110127,0.5911853088228257,0.9105234857654503,0.9887191064019045,1.0797429512118208,3.0,4.0,1.5,cc78c49438444683
137,0,1,0.17326660444101433,0.31277111104011013,0.6053048537379931,0.9151959198213727,1.0684198703178753,1.1698003405502595,2.0,3.0,1.0,0d3551ca2fd2d831
137,1,5,0.14042583485126992,0.27678655690047926,0.5632485056070368,0.9007452344249036,0.9432352076763949,0.8524881099597466,2.0,3.0,1.0,0d3551ca2fd2d831
137,2,0,0.13252025915309007,0.2677571807279242,0.552006882470276,0.8965957116268108,1.1252182802421964,1.3010427235070574,1.5,2.5,0.5,0d3551ca2fd2d831
137,3,2,0.08435574247069058,0.20828683521936672,0.4699191909646263,0.861845958887618,0.8737536891626121,0.9526039311810945,2.0,3.0,1.0,0d3551ca2fd2d831
137,4,4,0.14726505898700537,0.28447229724658774,0.5725908974226259,0.9040975577756891,0.9231035211614608,0.8925627683382475,1.5,2.5,1.0,0d3551ca2fd2d831
137,5,3,0.1576389228243794,0.2959272667734517,0.5861437402190746,0.9088126100692616,0.9320746923742967,1.333540950109101,1.5,2.5,0.5,0d3551ca2fd2d831
138,0,0,0.21827696352849082,0.3590500379478096,0.6536958314518407,0.9299877139859304,0.9394344492196505,1.0867290018902944,2.0,3.0,1.0,b2e658863f292aee
138,1,4,0.17193592510918543,0.3113546651537311,0.6037274389681477,0.9146824318337906,0.9671774307910047,0.9188902542459467,1.5,2.5,1.0,b2e658863f292aee
138,2,1,0.12710296078950153,0.2614725058922042,0.5440071110005353,0.8935627614664056,0.82937131981709,1.0904116949823635,2.0,3.0,1.0,b2e658863f292aee
138,3,3,0.10102791644161895,0.2299092285609196,0.5014976145303589,0.876225969489857,1.0747108450348597,1.3184249822789091,2.5,3.5,1.0,b2e658863f292aee
138,4,5,0.17114813928017583,0.3105146100827756,0.602789035822522,0.9143759580180396,0.962163662517741,1.0437472515333224,2.0,3.0,1.0,b2e658863f292aee
138,5,2,0.12043260053704447,0.2536162168311794,0.5337975189900647,0.8895912313671683,0.9325464590304121,1.3310605711735344,1.5,2.5,0.5,b2e658863f292aee
139,0,4,0.1418028577020457,0.27834306649187035,0.5651570772794023,0.9014370521366238,1.1758560563938314,1.1698120750622345,1.5,2.5,1.0,a32fa2a4dbc5b626
139,1,1,0.1340787292630844,0.2695501569378735,0.5542625062264146,0.8974387030613667,1.1033218229027288,1.1593715733286096,2.0,3.0,1.0,a32fa2a4dbc5b626
139,2,3,0.1497222351672523,0.2872069164612405,0.5758661199269399,0.9052528053364701,0.9104585400457073,1.0980002881740232,1.5,2.5,1.0,a32fa2a4dbc5b626
139,3,0,0.1617633582173419,0.3004185073632078,0.5913402177772588,0.9105756938454297,0.8457696097872145,0.7466325306455707,1.5,3.0,1.0,a32fa2a4dbc5b626
139,4,2,0.10493806311471157,0.23479936665746354,0.508351128726106,0.8791689280551189,0.9677059073375045,1.1151626244960857,2.5,3.5,1.0,a32fa2a4dbc5b626
139,5,5,0.1519157773736616,0.2896367019087897,0.5787551274541871,0.9062633875522886,0.8137852443924871,1.192962925982038,2.0,3.0,1.0,a32fa2a4dbc5b626
140,0,0,0.18243909835958103,0.3224514858756109,0.6159246393011203,0.9185989757657368,1.053422774929346,0.9145226318740036,2.5,3.5,1.5,c47a129427d37145
140,1,4,0.11249473275653615,0.24408215625490323,0.5210841079214353,0.8844806350693151,0.9687769535427989,1.1908928076229808,2.0,3.0,1.0,c47a129427d37145
140,2,5,0.22387516024281606,0.3646137847058541,0.6591300736556568,0.9315404087958886,0.7835576135570852,0.9665261760824917,2.0,3.0,1.0,c47a129427d37145
140,3,3,0.1593688542876032,0.29781523597426907,0.588336067910834,0.909559396326491,0.9996268785951228,1.3784709416528642,2.0,3.0,1.0,c47a129427d37145
140,4,1,0.12622684735182932,0.2604482479153466,0.5426893682663002,0.8930565944671693,0.9690165801686101,0.7743688013035801,2.0,3.0,1.0,c47a129427d37145
140,5,2,0.10835332834452921,0.23902116276749377,0.5141864021907686,0.8816278770602833,1.1930363199220486,0.7226938361371668,2.0,3.0,1.0,c47a129427d37145
141,0,2,0.1040254397752153,0.23366353765237338,0.506768382654582,0.8784946105775427,0.9040900328816762,0.9817218517904942,2.0,3.0,1.0,a7fc2e05216156a4
141,1,0,0.121341788586096,0.2546950792273982,0.5352135899597014,0.8901489942095002,1.118684835838278,1.1260001890920905,1.5,2.5,0.5,a7fc2e05216156a4
141,2,3,0.17740040701223306,0.3171515162996751,0.6101448028353806,0.9167584116093684,0.9045659765526431,0.7900062046023428,2.0,3.0,1.0,a7fc2e05216156a4
141,3,5,0.1456805941412828,0.28270158956272684,0.5704565823494777,0.9033392025330599,0.9583960858481857,1.2014883556973208,2.0,3.0,1.0,a7fc2e05216156a4
141,4,4,0.17884299205510987,0.31867324349742887,0.6118127747042301,0.9172923793214445,1.0996904944023749,0.6802462745816602,1.5,2.5,0.5,a7fc2e05216156a4
141,5,1,0.12639187870687751,0.2606413566321435,0.542938111689344,0.8931522851169611,0.9874644816625937,0.9430813032408513,2.5,3.5,1.0,a7fc2e05216156a4
142,0,3,0.10378685128855722,0.23336604941399547,0.5063529344607135,0.8783170855827448,1.273246401396943,0.7475788935860911,2.0,3.0,1.0,748b9187926dfd01
142,1,2,0.10862519135449455,0.23935532101460838,0.51464508663907,0.8818193756552538,1.1319070603349881,1.2145533428995892,2.0,3.5,1.0,748b9187926dfd01
142,2,4,0.1470803555020111,0.28426618227113176,0.572343007971418,0.904009703954354,0.9983097128479058,0.9715093060644056,2.0,3.0,1.0,748b9187926dfd01
142,3,0,0.1789459267804665,0.31878169094128966,0.611931382837647,0.9173302620937459,1.0022830013053579,0.6130952712216897,2.0,3.0,1.0,748b9187926dfd01
142,4,1,0.1874281231212307,0.3276584269937282,0.6215234384192143,0.9203561171201748,1.1229891506090859,0.7860012212903804,2.5,3.5,1.0,748b9187926dfd01
142,5,5,0.08278377328220929,0.20617504498200476,0.4667184987789661,0.8603082840381779,1.049832572593569,0.7554639377709065,2.5,3.5,1.0,748b9187926dfd01
143,0,1,0.12855035234777135,0.26315976352739123,0.5461692347627037,0.8943892092054764,1.1978720034053332,0.9980464115923828,2.0,3.0,1.0,751bcb2a46a00ef7
143,1,5,0.16295348013394717,0.3017081550906307,0.5928204532739432,0.9110734936560293,1.0820646622740315,0.8443774805785154,2.0,3.0,1.0,751bcb2a46a00ef7
143,2,0,0.15860638079841022,0.2969838603024521,0.5873720853378197,0.9092315645716464,1.0976674592444353,0.9268517154692395,1.5,2.5,1.0,751bcb2a46a00ef7
143,3,3,0.1525787128845116,0.290368952725705,0.5796219068729401,0.9065650612201624,0.8417579798092539,0.8939677770294254,2.5,3.5,1.5,751bcb2a46a00ef7
143,4,2,0.16161212074892106,0.3002544224774755,0.5911515048927036,0.910512090179128,1.1324826414952023,0.9880845451905809,2.0,3.5,1.0,751bcb2a46a00ef7
143,5,4,0.1312682332256893,0.26631197894362946,0.5501802171727932,0.8959091410562458,0.8742575611677694,0.8748431662569013,2.0,3.0,1.0,751bcb2a46a00ef7
144,0,4,0.12247422843087397,0.2560352422559046,0.5369663577907123,0.8908362617301531,1.1015210841812828,1.1609560840702764,2.0,3.0,1.0,b27bda597441c87e
144,1,2,0.13616062581101107,0.2719352214811009,0.5572449314804767,0.8985452446175333,1.0901065639389313,1.381847265246106,2.0,3.0,1.0,b27bda597441c87e
144,2,0,0.1505797366428131,0.2881580391472727,0.5769993565931393,0.9056501516128341,1.1435638337202008,0.994451032502732,1.5,2.5,1.0,b27bda597441c87e
144,3,3,0.12379242911546748,0.25759026251101874,0.538991468090274,0.8916260585808837,1.0151762635184018,1.3282558608046742,1.5,2.5,1.0,b27bda597441c87e
144,4,5,0.14506566156702402,0.2820127996338221,0.569623451857521,0.9030419836377835,0.8876519366383091,0.6476866404660939,2.5,3.5,1.0,b27bda597441c87e
144,5,1,0.14081371135716875,0.2772254634952372,0.5637875473236573,0.9009409927378471,1.1073472624749627,0.9574908890233372,2.0,3.5,1.0,b27bda597441c87e
145,0,1,0.2094980241657353,0.3502475793487801,0.6449383217930731,0.9274416718513372,0.8235771708859961,0.9367965385322324,1.5,2.5,1.0,45901a98f44903da
145,1,5,0.18020086729125345,0.3201024126453667,0.6133730641827653,0.9177898047658867,0.9350053861407776,0.84413836757591,2.0,3.0,1.0,45901a98f44903da
145,2,3,0.10230305498918733,0.2315107959700378,0.5037535017011215,0.877201320336977,1.1779081689554851,0.8605671341463157,2.0,3.0,1.0,45901a98f44903da
145,3,0,0.12866096212565178,0.2632884564694153,0.5463337103741481,0.8944518727345621,1.0319681831525869,1.1963652984343,2.0,3.0,1.0,45901a98f44903da
145,4,4,0.18231520707237192,0.32232167418621294,0.6157840576037396,0.9185545311958242,1.018571113651378,0.95512586279101,2.0,3.5,1.0,45901a98f44903da
145,5,2,0.131264180039612,0.2663072933931794,0.5501742823881192,0.8959069046968149,1.0368588969889476,0.9115163067318095,2.5,3.5,1.0,45901a98f44903da
146,0,3,0.10311106553712446,0.2325221925998376,0.5051724167878905,0.8778114389228772,0.9548290429605985,0.8572808705491997,2.0,3.0,1.0,9e32f809278f8fb5
146,1,4,0.14615099341458815,0.2832278893669558,0.571092074990593,0.903565462291991,0.970627014171506,1.1836391609624788,1.5,2.0,0.5,9e32f809278f8fb5
146,2,1,0.1159796908673045,0.24829387721263138,0.5267449180120726,0.8867793724466508,0.8412121015262468,1.2708990145743622,1.5,2.5,1.0,9e32f809278f8fb5
146,3,5,0.19123802049739094,0.3316084894164339,0.6257191613052521,0.9216566158207091,1.0532620451610333,0.8942682450305471,2.0,3.0,1.0,9e32f809278f8fb5
146,4,0,0.0916170478529324,0.21786935200008892,0.4841773052197746,0.8685117990546122,1.0843290455210886,0.9546083368633556,2.5,3.5,1.5,9e32f809278f8fb5
146,5,2,0.21901284771519658,0.3597835399158847,0.6544166865107374,0.9301948635683343,1.1603969538226366,1.240709239881864,2.0,3.0,1.0,9e32f809278f8fb5
147,0,4,0.11366334610209544,0.2454991500949214,0.5229966081385042,0.8852614888845206,0.7977639262692909,1.2276532267514642,2.0,3.0,1.0,822ecea84d38b83e
147,1,2,0.12690816054511123,0.26124496012275644,0.5437147069885669,0.8934506065481796,1.170269239033181,1.3898905220043423,1.5,2.5,0.5,822ecea84d38b83e
147,2,0,0.16930246788100736,0.3085420739825763,0.6005770849191197,0.9136505850621587,1.129144742758387,0.6662699283936562,2.5,3.5,1.0,822ecea84d38b83e
147,3,5,0.19094328832097998,0.33130370571756645,0.6253969892284224,0.9215572449347088,0.8939282795244885,0.9257223607009821,1.5,2.5,0.5,822ecea84d38b83e
147,4,3,0.14132162219596195,0.27779963489620435,0.5644916932272969,0.9011962748600222,0.969930105405556,0.6680802286810644,2.5,3.5,1.0,822ecea84d38b83e
147,5,1,0.1654035920898535,0.3043544793633636,0.5958413996896355,0.9120834257804149,0.7786458048627793,0.8537637534212341,2.0,3.0,1.0,822ecea84d38b83e
148,0,2,0.14706732912754988,0.2842516428676234,0.5723255163224065,0.9040035025576698,1.1239859194339612,0.8491126462853584,2.5,3.5,1.0,c5f0d905af68effd
148,1,1,0.15556140537640828,0.2936517938686619,0.5834860674685476,0.9079014493702932,1.0593878289329948,1.3722365634293487,1.5,2.5,0.5,c5f0d905af68effd
148,2,5,0.12791118735282608,0.2624154181803598,0.5452167130374851,0.8940257379152464,0.9647839658489482,0.8614224754806132,2.0,3.0,1.0,c5f0d905af68effd
148,3,4,0.15198079615068882,0.2897085613409162,0.578840267778438,0.9062930508780316,0.8734052380317112,1.010924720959768,3.0,4.0,1.5,c5f0d905af68effd
148,4,3,0.12544086467757276,0.25952744170990766,0.5415013387950622,0.89259863545517,1.092307956908242,0.6506484217421081,2.0,3.0,1.0,c5f0d905af68effd
148,5,0,0.1961508810878865,0.33666982406344836,0.6310314113378862,0.9232835401617621,1.2137313496874167,1.1891755986594024,2.5,3.5,1.0,c5f0d905af68effd
149,0,4,0.11730347275053588,0.24988291324063375,0.5288622401696932,0.8876295436729579,1.0716575805026314,0.7527197328940345,2.5,3.5,1.0,e699fbde8c7167c4
149,1,2,0.15304272445285788,0.29088091211072814,0.5802268653774924,0.9067751953588015,1.0827560041439335,1.293307726697565,2.0,3.0,1.0,e699fbde8c7167c4
149,2,3,0.1852193331954351,0.32535805116241046,0.6190595632620085,0.919585937507118,0.9730147674515635,1.4208991583180746,1.5,2.5,0.5,e699fbde8c7167c4
149,3,0,0.12669669592878924,0.26099782352745843,0.5433969073857892,0.8933286059557273,1.1639487211416455,0.8660509699450522,2.0,3.0,1.0,e699fbde8c7167c4
149,4,1,0.08108994117634277,0.20388368878857552,0.4632212192947732,0.8586102277372786,1.2405656815320107,0.9584512759567654,1.5,2.5,1.0,e699fbde8c7167c4
149,5,5,0.114743971580873,0.24680523350492453,0.5247522364691821,0.8859744851252639,0.9763360137307433,0.9716625308344105,2.5,3.5,1.0,e699fbde8c7167c4
150,0,3,0.16454377770904977,0.3034271274471624,0.594785277396856,0.9117312659790164,1.2665403285999572,0.9681036692601039,1.5,2.0,0.5,833b8bc3ad1b2bf3
150,1,0,0.1510966538787049,0.2887306038259257,0.577680089235366,0.9058882541287362,0.8833321627897678,0.8725193980445755,1.5,2.5,0.5,833b8bc3ad1b2bf3
150,2,2,0.21790156612499884,0.3586756018439044,0.6533273290690254,0.9298816778960277,0.9669822197817703,0.8658865652324007,2.0,3.0,1.0,833b8bc3ad1b2bf3
150,3,1,0.1434019914330028,0.28014483083510405,0.5673558103015823,0.9022295814461364,0.7630634373026625,0.9094202813685047,2.5,3.5,1.0,833b8bc3ad1b2bf3
150,4,5,0.1929754822682483,0.33340254970709915,0.6276103064085798,0.9222382938641888,0.8663867385582821,1.13656105877633,2.0,3.0,1.0,833b8bc3ad1b2bf3
150,5,4,0.1570813172401438,0.2953174114799345,0.5854331045137525,0.9085696061888634,1.1165247696692622,0.5605969862725846,2.0,3.0,1.0,833b8bc3ad1b2bf3
151,0,0,0.19871966253777323,0.33930221566529695,0.6337663817967605,0.9241127177350021,0.8867886555535464,0.8847328476370596,2.0,3.0,1.0,a838e669080795b7
151,1,4,0.15319798908022947,0.29105211669227893,0.5804289760141486,0.9068453231474114,0.9335062115354386,1.1305430747326581,2.0,3.0,1.0,a838e669080795b7
151,2,1,0.1803250892773992,0.3202330031644929,0.6135153362332906,0.9178350624559418,1.0821811557141696,1.2651564697394933,2.0,3.0,1.0,a838e669080795b7
151,3,5,0.13141225964898373,0.2664784464447032,0.5503910148548169,0.8959885502883197,1.0200823655081477,1.2377353933870552,2.5,3.5,1.0,a838e669080795b7
151,4,3,0.15795023297579974,0.296267468760592,0.5865396372531304,0.9089477890215175,0.9976229783030547,1.1397779031263877,2.0,3.0,1.0,a838e669080795b7
151,5,2,0.17899305740054852,0.3188313397169518,0.6119856717329574,0.9173475978070499,1.262844873335445,0.8335279456762479,2.0,3.0,1.0,a838e669080795b7
152,0,2,0.15588605231689082,0.2940079689922956,0.5839031826635199,0.9080448812683306,1.0966999344087214,1.1291405931152088,2.5,3.5,1.5,71df2c003c14755d
152,1,0,0.17442272232077366,0.31399919688589134,0.6066675885802135,0.9156378353463213,0.958862220632207,1.1071073030485017,3.0,4.0,1.5,71df2c003c14755d
152,2,5,0.12134864887201614,0.254703209918734,0.5352242448324359,0.8901531824137582,0.975380067666336,1.1547387069517792,1.5,2.5,0.5,71df2c003c14755d
152,3,3,0.1945874029247655,0.3350629597541989,0.6293525824129164,0.9227717335807192,0.8282046261044487,0.6204349852678402,2.0,3.0,1.0,71df2c003c14755d
152,4,4,0.12104891390851533,0.25434783170987474,0.5347582999964267,0.8899699103347104,0.9168338204228134,0.914619934686134,2.5,3.5,1.0,71df2c003c14755d
152,5,1,0.19175617457526606,0.3321439966867813,0.626284589367045,0.9218308212119833,0.8695590650801566,0.6051709569633741,2.0,3.0,1.0,71df2c003c14755d
153,0,5,0.15735694630024688,0.29561894835089747,0.5857846222162821,0.9086898661032474,1.2111648712225156,0.8830343942392456,1.5,2.5,0.5,781363290b8155bb
153,1,4,0.148189791380484,0.28550305172405255,0.5738283934780103,0.9045352543903405,0.914270918314675,0.9768902356767618,2.0,3.0,1.0,781363290b8155bb
153,2,0,0.21303693799729498,0.3538076795263736,0.6485041764392586,0.9284849718421884,0.7977385152822687,0.6086318664965084,2.0,3.0,1.0,781363290b8155bb
153,3,1,0.1376951311782699,0.27368593735128705,0.5594211152165532,0.8993469094247029,1.0812027904035193,1.0944711378965581,2.0,3.0,1.0,781363290b8155bb
153,4,2,0.1507385963302773,0.28833406342974954,0.5772087519179673,0.9057234391047188,1.121361919526208,0.7268663718184678,3.0,4.0,1.5,781363290b8155bb
153,5,3,0.1850137106868681,0.32514351012546006,0.6188290002288394,0.9195136185570327,1.1878617978617927,0.8302962061902022,2.0,3.0,1.0,781363290b8155bb
154,0,4,0.1536541503266957,0.2915548082173353,0.5810218535571471,0.9070508191265999,1.012367202291645,0.6548000191196984,1.5,2.5,1.0,a27e0f1266428dc8
154,1,1,0.1685840603104381,0.30777259847315097,0.5997109729037357,0.9133654155755048,1.171490764250812,1.0028947650795024,1.5,2.5,0.5,a27e0f1266428dc8
154,2,5,0.13207297120245864,0.26724137344405746,0.5513558060778456,0.8963513992296223,0.9485930283936927,0.8609419725641789,2.0,3.0,1.0,a27e0f1266428dc8
154,3,0,0.10084261280889432,0.22967592522838415,0.5011680699425921,0.8760829358128069,1.1388170710916603,1.3349411526048254,2.0,3.5,1.0,a27e0f1266428dc8
154,4,2,0.11859289992698283,0.25142514529536025,0.5309076429767012,0.8884459288366333,0.826142558217915,0.9884523000476833,2.5,3.5,1.0,a27e0f1266428dc8
154,5,3,0.1503490745945672,0.2879023546496622,0.5766950139415409,0.9055435592355557,0.8790228499180869,1.2833523741813297,2.0,3.0,1.0,a27e0f1266428dc8
155,0,3,0.18807353222839013,0.32832915382080624,0.622238992521791,0.9205788886565645,1.1054726911059276,1.1170614556741623,2.0,3.0,1.0,bf069ea539150952
155,1,2,0.17144564414237387,0.31083198557199115,0.603143820392035,0.9144919153484597,1.0161030024012088,1.3422167889733487,2.0,3.0,1.0,bf069ea539150952
155,2,4,0.14675392876447207,0.2839017226930485,0.5719043270348582,0.9038540875200086,0.8466107694581138,0.8907529474819302,2.5,3.5,1.5,bf069ea539150952
155,3,0,0.13321884678710877,0.2685616960560815,0.5530204382502177,0.8969751612252416,1.0508698366618947,0.9629602840927901,2.0,3.0,1.0,bf069ea539150952
155,4,5,0.10347769173441211,0.23298022880404215,0.5058135662572283,0.8780862806414947,0.7790878607599272,1.167542305774467,1.5,2.5,1.0,bf069ea539150952
155,5,1,0.1395644869537236,0.2758105507618943,0.5620473963243935,0.9003079966665937,1.1742180289226043,1.020116019487346,2.0,3.0,1.0,bf069ea539150952
156,0,2,0.15183967283646704,0.28955257863101863,0.5786554348597499,0.9062286455155897,0.7738629664473232,1.3388332529661335,2.5,3.5,1.0,2c14a90c73fe8f59
156,1,3,0.14912971373089778,0.2865487431280629,0.5750801432929209,0.9049765046515924,1.0494377396730252,1.2043800993982157,1.5,2.5,0.5,2c14a90c73fe8f59
156,2,4,0.22077783359174968,0.3615401443124708,0.6561375175785629,0.9306879034518379,1.2696742997092636,1.2355490536092093,2.0,3.0,1.0,2c14a90c73fe8f59
156,3,1,0.15978028229738173,0.29826335354672057,0.5888547385549097,0.9097354395215124,1.13772711147768,1.0475313005465092,1.5,3.0,1.0,2c14a90c73fe8f59
156,4,0,0.2254600058607452,0.36618215613852567,0.6606480773176331,0.9319704899570369,0.9135243877651226,1.3299948171056033,2.0,3.0,1.0,2c14a90c73fe8f59
156,5,5,0.11521368459446954,0.24737169691154492,0.5255115425872287,0.8862817326535977,0.9944047636141902,1.0206706476514076,1.5,2.0,0.5,2c14a90c73fe8f59
157,0,4,0.12637453007118993,0.2606210601732909,0.5429119744303493,0.893142233371656,0.7746665314103985,0.8280422570234598,1.5,2.5,0.5,fff6a9fbca4ba7c3
157,1,2,0.13435463007966597,0.26986689388006174,0.5546597567999442,0.897586620229411,1.0342738314603546,1.2983049974104806,2.0,3.0,1.0,fff6a9fbca4ba7c3
157,2,0,0.1670280413661745,0.30610268583230565,0.5978250427080426,0.9127422301807493,1.1370869302977473,0.629496240963354,1.5,2.5,0.5,fff6a9fbca4ba7c3
157,3,3,0.1686985695368575,0.30789531140972154,0.5998492194435441,0.9134109768652691,1.1130079133368664,0.9172417445384679,1.5,2.5,1.0,fff6a9fbca4ba7c3
157,4,5,0.15327636016238327,0.2911385138311174,0.5805309328250507,0.9068806854230997,0.8355800717355722,1.2006142182012032,2.5,3.5,1.0,fff6a9fbca4ba7c3
157,5,1,0.11123168010255068,0.24254522821724864,0.5190005132535169,0.8836249598221302,0.9391988439650043,0.6109498607082453,2.5,3.5,1.0,fff6a9fbca4ba7c3
158,0,0,0.1615726830860306,0.3002116271932326,0.5911022722354434,0.9104954916192874,1.1236405965436855,0.9494201600430203,2.5,3.5,1.0,e9f19a67973119bf
158,1,1,0.1032353074728766,0.23267747231516428,0.5053898745929091,0.8779047154772815,1.080013180011841,1.23191730192221,2.0,3.0,1.0,e9f19a67973119bf
158,2,3,0.11939614576000737,0.25238314129517075,0.5321734855833989,0.8889487693683822,1.0037775338089605,1.0250149440250043,2.5,4.0,1.5,e9f19a67973119bf
158,3,2,0.1667492170791121,0.3058029741967651,0.5974856447759386,0.9126297527404931,0.874194414245999,0.7828489664497223,2.5,3.5,1.5,e9f19a67973119bf
158,4,5,0.1585449548725555,0.2969168319822072,0.5872942686771705,0.9092050640197967,0.9721859745816521,1.2603832650324824,1.5,2.5,0.5,e9f19a67973119bf
158,5,4,0.12388511861485443,0.25769940471020847,0.539133256493218,0.8916811863093207,1.0072871831798738,0.8657997669890534,1.5,2.5,1.0,e9f19a67973119bf
159,0,0,0.13616448593699743,0.27193963314740577,0.557250429092395,0.898547275914716,0.9405856954361719,1.0741869239471233,2.0,3.0,1.0,80dd84ef59fe5b45
159,1,1,0.13698791799701016,0.27287983371450886,0.5584204702959558,0.8989788892783575,0.8841483204221865,1.4012424781817223,1.5,2.5,0.5,80dd84ef59fe5b45
159,2,2,0.2111652663184617,0.35192680834561957,0.6466243526790779,0.9279361134618159,1.0146919954425506,1.362067070963438,3.0,4.0,1.5,80dd84ef59fe5b45
159,3,5,0.18033775811485003,0.32024632005915926,0.6135298415326984,0.9178396757601947,0.9359479585076971,1.0820981935649634,1.5,2.5,1.0,80dd84ef59fe5b45
159,4,3,0.12297716430572786,0.2566291597404902,0.5377409147737273,0.8911388774860867,1.0642585969571026,1.383914172540788,2.5,3.5,1.0,80dd84ef59fe5b45
159,5,4,0.14881189480086113,0.286195383934454,0.5746575665232804,0.904827710330241,0.8310204340789995,0.8869865328310653,1.5,2.0,0.5,80dd84ef59fe5b45
160,0,0,0.20783163686561962,0.34856559281258026,0.643242155635731,0.9269421781626943,0.9504665921824957,0.8973063896195191,2.0,3.0,1.0,2bf66747cd395a5a
160,1,2,0.09407555575741815,0.22105372995545539,0.48882136803472387,0.8706202475837166,1.171964938307188,1.0818710058080476,1.5,2.5,0.5,2bf66747cd395a5a
160,2,1,0.16671900417623098,0.30577048919024763,0.5974488414779195,0.9126175500099205,1.0056819901890308,1.290588045775009,1.5,2.5,1.0,2bf66747cd395a5a
160,3,3,0.18328731195118966,0.3233395625902413,0.616885083096142,0.9189021905658253,1.101042845594712,0.8873446836515678,3.0,4.0,1.5,2bf66747cd395a5a
160,4,4,0.13433413558491392,0.2698433729661556,0.554630269439098,0.8975756461486084,0.8680741922119761,1.0092153658953928,2.5,3.5,1.0,2bf66747cd395a5a
160,5,5,0.1348125855394381,0.2703921844601594,0.5553177735565137,0.8978312756632373,0.9803072368114782,1.3303128490448703,2.0,3.0,1.0,2bf66747cd395a5a
161,0,3,0.18487072787971692,0.3249942859770555,0.6186685538764187,0.9194632674826921,1.0821307652995844,0.7365824735140826,2.5,3.5,1.5,b3767bbeb1f72daa
161,1,5,0.14600780717892015,0.28306774204135277,0.5708988018901529,0.90349669096882,1.0084542906887544,0.8082000724583269,2.0,3.0,1.0,b3767bbeb1f72daa
161,2,0,0.1772319471632887,0.31697358401526987,0.6099493218967349,0.9166956819572523,0.7949279705986184,0.6274082354699176,1.5,2.5,0.5,b3767bbeb1f72daa
161,3,4,0.14961921686909252,0.2870925402401732,0.5757296390161593,0.9052048691368796,1.0395981239041763,1.3497100944661484,2.5,3.5,1.5,b3767bbeb1f72daa
161,4,1,0.16322386566096875,0.302000764870743,0.5931555717663725,0.911185923616317,1.2190506790000284,1.314841305860349,2.0,3.0,1.0,b3767bbeb1f72daa
161,5,2,0.19524104587381097,0.33573517514828066,0.6300557697713188,0.922986369625451,0.9858053492350597,1.4311789650629692,1.5,2.5,1.0,b3767bbeb1f72daa
162,0,4,0.16172927839682086,0.30038153645949917,0.5912977052803673,0.910561368228945,1.1062678440569251,0.9017657965499224,2.5,3.5,1.0,354c3a8c713e700b
162,1,2,0.14841590987949493,0.28575479816608745,0.5741300857939511,0.9046417395467667,0.9431754377638125,0.894551688341517,1.5,2.5,1.0,354c3a8c713e700b
162,2,0,0.1947284058052234,0.335208022014221,0.6295044339813797,0.9228181158408965,0.9893248004031567,0.8493663030429902,1.5,3.0,1.0,354c3a8c713e700b
162,3,1,0.16695971982301394,0.30602925969571637,0.5977419196986558,0.9127146922267545,1.0578963507219998,1.083760545461846,2.0,3.0,1.0,354c3a8c713e700b
162,4,5,0.15992339912482145,0.2984191528475531,0.5890349162316303,0.9097965374105738,0.9789709294145563,0.7688169440287471,1.5,2.5,0.5,354c3a8c713e700b
162,5,3,0.2098229136441264,0.35057508727936665,0.645267731667088,0.9275384354577495,1.080388537096547,0.9824598548426405,2.0,3.0,1.0,354c3a8c713e700b
163,0,3,0.11218705382959582,0.24370828401203584,0.5205781393864244,0.88427332535576,1.1848655131031756,0.8848522070993696,2.0,3.0,1.0,b5fc1c5ca613b07f
163,1,5,0.1641520496659588,0.30300415849985307,0.5943026785919854,0.9115700194891421,1.0315158482615912,0.9699701636901802,2.5,3.5,1.5,b5fc1c5ca613b07f
163,2,2,0.15654571720096827,0.29473101675704644,0.5847486658591011,0.9083351253446195,1.2029936270542618,0.9829893359686233,1.5,2.5,1.0,b5fc1c5ca613b07f
163,3,0,0.2102788126420908,0.35103442940034435,0.6457292710681785,0.9276738797311975,1.0238744450638313,1.0447279567644068,2.5,3.5,1.5,b5fc1c5ca613b07f
163,4,1,0.19462799083214977,0.33510471915169493,0.6293963022283499,0.9227850893838505,0.9354390313753835,1.408534069288243,2.0,3.0,1.0,b5fc1c5ca613b07f
163,5,4,0.15567510435262383,0.293776559972149,0.58363222776763,0.9079517271602396,0.9532611584299193,0.9967920991231328,2.0,3.0,1.0,b5fc1c5ca613b07f
164,0,4,0.184800590240132,0.32492107483875055,0.6185898135495113,0.919438549755002,1.1901301662371127,0.8501246727013881,1.5,2.5,0.5,f1db3ef89b0fc201
164,1,0,0.19061958987046118,0.33096881631022823,0.6250426931349022,0.9214478722109364,0.9804792597163582,1.279028793228866,1.5,2.5,0.5,f1db3ef89b0fc201
164,2,2,0.14768535764012167,0.2849410263668251,0.5731540883629209,0.9042969376074697,0.8677129247012989,0.7354828100131847,2.0,3.0,1.0,f1db3ef89b0fc201
164,3,3,0.11501705783575139,0.24713466094628744,0.5251939682344899,0.886153310739625,0.9480996615596913,0.7341372366279695,2.0,3.0,1.0,f1db3ef89b0fc201
164,4,1,0.12758841580432587,0.26203908541003085,0.5447343396024016,0.8938412979845654,0.9658322238557215,0.6862555390223644,1.5,2.5,0.5,f1db3ef89b0fc201
164,5,5,0.14918367593980783,0.28660871706415925,0.5751518233557563,0.9050017272171565,1.0024726166716451,0.8704491331944159,1.5,2.0,0.5,f1db3ef89b0fc201
165,0,4,0.21197344157867593,0.3527395047912635,0.6474377164338877,0.9281739054609656,1.21945559948846,0.6087224408548323,2.5,3.5,1.0,a881ecf8524a1e3e
165,1,5,0.19243787448217028,0.33284791226999166,0.6270266149701375,0.9220590582888124,0.9277207651099624,1.3426639686227426,2.0,3.0,1.0,a881ecf8524a1e3e
165,2,3,0.08763429086658978,0.21264749409488995,0.4764609321182038,0.8649410545934854,0.9379367142275994,1.3267795260415427,1.5,3.0,1.0,a881ecf8524a1e3e
165,3,2,0.18039425945968224,0.32030570840913913,0.6135945233857077,0.9178602452593685,1.0104774952745597,1.3870873730838147,1.5,2.0,0.5,a881ecf8524a1e3e
165,4,0,0.1431614223639724,0.27987417330759307,0.5670262414243072,0.9021110920036733,1.0164508274120378,1.1920300773912351,2.0,3.0,1.0,a881ecf8524a1e3e
165,5,1,0.19856045982427953,0.3391393449354736,0.6335977133584222,0.9240617456960176,1.1402868838265738,0.7851233481716398,1.5,2.5,0.5,a881ecf8524a1e3e
166,0,0,0.17308496646765,0.3125779516191064,0.6050901013604669,0.9151261361436954,0.9858562573173492,1.1123453271514199,2.0,3.0,1.0,3d8408f1c02f4301
166,1,3,0.11818424921862186,0.25093696320558173,0.5302612000662611,0.8881884316393479,0.8752961498890159,0.8556789608566983,1.5,3.0,1.0,3d8408f1c02f4301
166,2,4,0.11972131922457063,0.25277037097035776,0.5326841292734217,0.8891511003207834,0.8542136396783271,1.1116413542910526,1.5,2.5,1.0,3d8408f1c02f4301
166,3,5,0.13525856712751744,0.2709032069556415,0.5559569596790502,0.8980685025068432,0.8380385238163367,0.7277113858974884,1.5,2.5,1.0,3d8408f1c02f4301
166,4,2,0.15644153330992416,0.29461688300193345,0.5846153189606322,0.908289392429797,0.9967263636431904,1.2683752105532369,2.0,3.0,1.0,3d8408f1c02f4301
166,5,1,0.16533506880243115,0.3042806255412489,0.5957573895038201,0.9120554486812806,0.9987077313587369,0.7910713116381107,2.0,3.0,1.0,3d8408f1c02f4301
167,0,0,0.10064468820192204,0.22942657253398546,0.5008155944180598,0.8759297927632236,1.0491367220792056,0.8275959614996851,1.5,2.5,1.0,6fc01a4d9c20d28a
167,1,2,0.19815008070233966,0.3387193444980824,0.6331624289034854,0.9239301021500391,1.0963127885740236,1.216649855411884,2.0,3.0,1.0,6fc01a4d9c20d28a
167,2,3,0.1493040851223534,0.2867425169461866,0.5753116955003235,0.9050579649679746,1.017098911686994,0.9773146869946299,2.0,3.0,1.0,6fc01a4d9c20d28a
167,3,1,0.15630591741004524,0.2944682814502803,0.584441638330024,0.9082298021971793,0.8817704881960913,1.1169925800094702,2.0,3.0,1.0,6fc01a4d9c20d28a
167,4,4,0.10325233972110036,0.23269875464574294,0.5054196708916835,0.8779174916204625,0.9023846913823126,1.0581133449829232,1.5,2.5,1.0,6fc01a4d9c20d28a
167,5,5,0.18551817180584496,0.3256697315351401,0.6193942842812591,0.9196908512994857,1.1250346980140213,0.9626183073117676,1.5,2.5,0.5,6fc01a4d9c20d28a
168,0,4,0.15599812490812442,0.294130874142389,0.5840470200804598,0.9080943051135119,0.956120858477964,0.9384857560958232,2.0,3.0,1.0,d22691ce4c058b81
168,1,5,0.1239133196808446,0.25773260639699,0.5391763803110428,0.891697948571768,0.8339149054493651,1.1027730531856152,2.5,3.5,1.5,d22691ce4c058b81
168,2,0,0.18120767741699312,0.32116010303399883,0.6145239291639599,0.918155429321429,0.8129727101570936,0.7653136736709337,1.5,2.5,1.0,d22691ce4c058b81
168,3,3,0.15575971814577183,0.2938693921751515,0.5837409452628508,0.9079891122526949,1.1336343844551497,0.6657055747556095,1.5,2.5,1.0,d22691ce4c058b81
168,4,1,0.14173689123587738,0.2782686078730375,0.5650659703243495,0.9014041098918321,0.8988590359107594,0.9962255598003427,2.0,3.0,1.0,d22691ce4c058b81
168,5,2,0.2087258606907382,0.3494686401861173,0.644153735432163,0.9272108838578372,0.7956823003469403,1.1000006182614666,1.5,2.0,0.5,d22691ce4c058b81
169,0,5,0.15831675811797946,0.2966677548392408,0.5870049748868541,0.909106496638682,0.8826293866527191,0.9052815861790263,1.5,2.5,0.5,7fabc6ed6d25d273
169,1,2,0.0905951623408095,0.2165371451470847,0.4822206863599566,0.8676144250185639,1.0742275028866088,0.7819408486007322,2.5,3.5,1.0,7fabc6ed6d25d273
169,2,4,0.17822790356980894,0.31802484142039544,0.6111028970754475,0.9170654065572669,1.1624447232229966,0.9787804928487364,2.0,3.0,1.0,7fabc6ed6d25d273
169,3,3,0.14799021945055113,0.28528076392181684,0.5735618257838925,0.9044410944723722,1.1949084664357368,1.101884055947514,2.0,3.0,1.0,7fabc6ed6d25d273
169,4,0,0.19136612159850264,0.3317409183419973,0.6258590643055391,0.9216997423671708,1.0530112952677595,1.1189628682396753,1.5,2.5,1.0,7fabc6ed6d25d273
169,5,1,0.1617086580731586,0.3003591657422481,0.5912719792883174,0.9105526984506961,0.9797655336457571,0.9002467889263757,2.0,3.0,1.0,7fabc6ed6d25d273
170,0,4,0.1379448261270178,0.27397024111995727,0.5597734785982471,0.8994762609613183,1.1737773459125886,0.9113750598350845,2.5,3.5,1.0,c80c3beaf08130bb
170,1,2,0.10611886926449482,0.23626410616169832,0.5103841388541497,0.8800304446581,0.7808585846764307,1.1451149537201588,2.5,3.5,1.5,c80c3beaf08130bb
170,2,1,0.15597304809849655,0.29410337578085183,0.5840148426955007,0.908083250318098,1.021131990177245,1.0766522720380705,2.0,3.0,1.0,c80c3beaf08130bb
170,3,3,0.15323548391201278,0.2910934530585434,0.5804777599259007,0.9068622443620128,0.9749575737396101,1.0931296526658107,2.0,3.0,1.0,c80c3beaf08130bb
170,4,5,0.16225131307327306,0.30094760519617475,0.5919481460524864,0.9107803741347174,0.9513481437822036,1.0013109322502318,1.5,2.5,1.0,c80c3beaf08130bb
170,5,0,0.11900174371950623,0.2519130156087396,0.5315527373693035,0.88870241287002,0.9910952794320755,1.102696168003305,2.5,3.5,1.0,c80c3beaf08130bb
171,0,0,0.14932047929394954,0.28676073178979306,0.5753334550227661,0.9050656173744958,1.2428676811163564,1.0157115416113407,2.5,3.5,1.0,7e12e7d466bb6a97
171,1,1,0.14261548963592685,0.2792594426918242,0.5662767633950945,0.9018412359517438,1.2325993860646414,1.2251911186007702,2.0,3.0,1.0,7e12e7d466bb6a97
171,2,5,0.15748469690789285,0.295758653602636,0.5859473840015628,0.9087455114515945,1.0232677747122856,0.72408175002839,1.5,2.5,1.0,7e12e7d466bb6a97
171,3,4,0.11334647266265567,0.24511539924281756,0.5224794662496156,0.8850507734155567,1.0140940122108604,1.123827718928296,2.0,3.0,1.0,7e12e7d466bb6a97
171,4,2,0.15872288589361427,0.2971109701694205,0.5875196139496774,0.909281790575388,1.0766875628935628,0.8803802676503261,2.5,3.5,1.0,7e12e7d466bb6a97
171,5,3,0.18288299231189403,0.32291638702233105,0.6164277096672184,0.918757889373119,0.8220637397217185,1.0472732084711918,1.5,2.0,0.5,7e12e7d466bb6a97
172,0,1,0.1319838072303024,0.26713848525971934,0.5512258191416445,0.8963025692897821,0.9373973663508272,0.8833450169608252,1.5,2.5,0.5,1a21ce93ed778dff
172,1,4,0.13522181716771778,0.27086111730788953,0.5559043496456763,0.8980489927493014,0.8791023753538987,0.6656039860791846,1.5,2.5,1.0,1a21ce93ed778dff
172,2,5,0.16526702938387713,0.3042072843561723,0.5956739455429567,0.9120276540344102,0.9797648299575477,1.1100487191964121,1.5,2.5,0.5,1a21ce93ed778dff
172,3,0,0.10263837752076899,0.23193084642200676,0.5043433344926771,0.877455256088716,1.0051406498257403,0.5714223518615114,1.5,2.5,0.5,1a21ce93ed778dff
172,4,2,0.16242776599597086,0.3011388206244593,0.5921676318776476,0.910854191020012,1.1410033517744338,0.8899459672317493,2.0,3.0,1.0,1a21ce93ed778dff
172,5,3,0.13833995542226463,0.2744198121318939,0.5603300854652438,0.8996803338335234,0.7672697769469101,0.9302355107448896,2.0,3.0,1.0,1a21ce93ed778dff
173,0,0,0.1385891200268607,0.2747031031067989,0.560680454667055,0.899808631864518,1.0829992369520638,0.8171929647560165,2.5,4.0,1.5,32559e8a9463fe98
173,1,3,0.14661198568995937,0.28374316465766913,0.5717133375835396,0.9037862786061759,1.0169492076481572,1.3157469873139944,2.0,3.0,1.0,32559e8a9463fe98
173,2,2,0.14457177142127622,0.28145894553004613,0.5689523505059056,0.9028020783106935,1.0898834380493332,0.9731046703285611,2.0,3.0,1.0,32559e8a9463fe98
173,3,5,0.1552433065498013,0.29330258749298616,0.5830767100630905,0.907760529733744,1.0098794908736426,0.600268063048448,2.5,3.5,1.0,32559e8a9463fe98
173,4,1,0.12550475170278974,0.2596023558344979,0.5415981133819491,0.8926359974716105,0.9136104862393467,0.9622896281260174,1.5,2.5,1.0,32559e8a9463fe98
173,5,4,0.2239514379653814,0.3646893365373155,0.6592033379258397,0.9315612024031737,0.9492647719018208,1.1861673270087345,1.5,2.0,0.5,32559e8a9463fe98
174,0,4,0.13727273930366887,0.2732046365576622,0.5588239386731602,0.8991274003865922,0.8882162238597763,1.4424768787195856,1.5,2.5,1.0,f622490cc2493320
174,1,1,0.2060733948088234,0.3467869172218084,0.6414404111759028,0.9264092938075013,0.9343676836826685,0.7935068379898289,2.5,3.5,1.0,f622490cc2493320
174,2,2,0.16466787930448862,0.30356106467655775,0.5949379797033255,0.9117822444393854,0.9670749876821234,1.2241777801289908,2.0,3.0,1.0,f622490cc2493320
174,3,3,0.1433590652552609,0.28009654598055644,0.567297034381624,0.9022084576282364,0.9223727091915856,1.3442922155356647,1.5,3.0,1.0,f622490cc2493320
174,4,5,0.1001868609058452,0.22884915220261612,0.49999833806468935,0.8755740884402061,1.1251394349925339,0.9044595481555253,2.0,3.0,1.0,f622490cc2493320
174,5,0,0.18527493299704895,0.32541605095584714,0.619121871770654,0.919605474048671,0.8455001912259181,0.7695860672924493,2.0,3.0,1.0,f622490cc2493320
175,0,3,0.17703334201949364,0.3167637491215124,0.6097186709369822,0.9166216255997588,1.1058828320188379,0.7940764685419245,3.0,4.0,1.5,644a7ee90abef9f5
175,1,5,0.13130107968004665,0.26634994831696307,0.5502283067395821,0.8959272609116521,0.8944293423725503,0.8330078108916654,2.5,3.5,1.5,644a7ee90abef9f5
175,2,2,0.16594981934846167,0.30494287855516006,0.5965101056733635,0.912305898528111,0.9474422019960385,0.6956771572347946,2.0,3.5,1.0,644a7ee90abef9f5
175,3,4,0.17142059601733983,0.3108052706130039,0.6031139683834156,0.9144821626804341,0.9612905049333925,0.8038734820164348,2.0,3.5,1.0,644a7ee90abef9f5
175,4,0,0.14066341204980187,0.27705543458465903,0.5635788071849588,0.9008652210350888,1.0813049007384012,0.9520934107472958,1.5,2.5,1.0,644a7ee90abef9f5
175,5,1,0.14666198835477656,0.28379902563774545,0.5717806341433009,0.9038101755911685,1.0523385006102208,1.1135391039868798,1.5,2.5,1.0,644a7ee90abef9f5
176,0,0,0.13200169640275364,0.26715912969733235,0.5512519040362314,0.8963123695702946,1.0092842049777098,1.332378674475738,2.5,3.5,1.0,ab487cf3a0a59cfc
176,1,3,0.1313874905229991,0.26644982206114753,0.5503547750750947,0.8959749017915131,0.8660940834171871,0.911977568741492,1.5,2.5,1.0,ab487cf3a0a59cfc
176,2,5,0.16809441203004083,0.3072475965226687,0.599118988308731,0.9131701315897837,1.217420043112428,0.896809300997597,1.5,2.5,1.0,ab487cf3a0a59cfc
176,3,1,0.15310223222150854,0.2909465352883968,0.5803043464019954,0.906802084001631,0.8896788834161209,0.8184703854541242,2.0,3.0,1.0,ab487cf3a0a59cfc
176,4,4,0.15240831042866634,0.2901808247325125,0.5793993862789198,0.9064876821839066,0.7294411667426768,1.2576871474916003,2.0,3.0,1.0,ab487cf3a0a59cfc
176,5,2,0.14960330489930745,0.2870748718314201,0.5757085520319104,0.9051974611798095,1.018049007747072,1.1467556534088261,1.5,2.5,0.5,ab487cf3a0a59cfc
177,0,0,0.19822161617185138,0.3387925743727821,0.6332383582414359,0.9239530758708148,0.8769399832036502,1.136450162474497,2.5,3.5,1.0,c11673a11b67e383
177,1,2,0.18496168342125652,0.3250892155903942,0.6187706299631457,0.9194953032566819,1.1360721490146086,1.1892768113829064,2.5,3.5,1.0,c11673a11b67e383
177,2,1,0.16018471857650324,0.2987035230238839,0.5893635817926849,0.9099079121313617,0.9650541065606137,1.329988642972899,1.5,2.5,1.0,c11673a11b67e383
177,3,3,0.16680347127415174,0.3058613041586023,0.5975517204013353,0.9126516582328822,0.8146917124330155,1.391064846279815,2.5,3.5,1.5,c11673a11b67e383
177,4,4,0.17016765877934148,0.30946750806108536,0.6016163282896134,0.9139919087438085,1.2073899973316564,0.9510479134970082,1.5,2.5,1.0,c11673a11b67e383
177,5,5,0.1419511559438999,0.27851041702834506,0.5653617753385691,0.9015110364433587,1.0319064348109332,1.290241767421279,2.0,3.0,1.0,c11673a11b67e383
178,0,4,0.17064369986540207,0.3099761130340486,0.6021863622124968,0.9141787353309119,1.1527952087271858,0.9198194589251738,1.5,2.5,0.5,3cdc0d45e810639a
178,1,5,0.17479694447346353,0.31439621126580813,0.6071071599506167,0.9157800496248011,0.9781865024322847,0.9687512943482162,2.0,3.0,1.0,3cdc0d45e810639a
178,2,2,0.1658442258039098,0.3048291768320081,0.5963809699336033,0.9122629665950682,0.9524404000886969,0.980023825063576,1.5,2.5,0.5,3cdc0d45e810639a
178,3,1,0.1264662115811326,0.2607283099104507,0.543050070299986,0.8931953332479385,0.8755306179631288,0.7970753755105,2.0,3.0,1.0,3cdc0d45e810639a
178,4,0,0.12855049413136846,0.2631599285129923,0.5461694456615892,0.8943892895743414,1.2184777948881653,0.6412430557406734,2.0,3.0,1.0,3cdc0d45e810639a
178,5,3,0.1940584658602698,0.33451853446615654,0.6287821571305531,0.9225973417795368,0.9335853588541982,0.8033196863393448,2.0,3.0,1.0,3cdc0d45e810639a
179,0,0,0.161369996182325,0.29999163539288226,0.590849096605592,0.910410100519929,0.8429963338533845,1.0703469669989967,2.0,3.0,1.0,ee1f68824568a7e2
179,1,5,0.13275029119111048,0.2680222388797083,0.5523410728119841,0.896720942404028,0.8160026401974267,1.112646017277795,2.5,3.5,1.5,ee1f68824568a7e2
179,2,3,0.10919644926496402,0.24005658102993058,0.51560617023627,0.8822197873037932,0.8308196145485878,1.1055632737013927,2.0,3.0,1.0,ee1f68824568a7e2
179,3,1,0.15030310530629845,0.2878513844347546,0.5766343176074256,0.9055222906154164,0.756955991762251,0.7727164327748874,1.5,2.5,1.0,ee1f68824568a7e2
179,4,2,0.13480984239585175,0.2703890396364872,0.5553138370950362,0.8978298133859564,0.9217334292380497,1.0759613075948211,2.0,3.0,1.0,ee1f68824568a7e2
179,5,4,0.15176825461060328,0.2894736239041687,0.5785618459513998,0.906196022091955,0.804355462229374,1.0076529300944363,2.0,3.0,1.0,ee1f68824568a7e2
180,0,3,0.1893792714160335,0.3296841408212047,0.6236806429567392,0.9210264871891172,1.163457090868982,0.9555597980345067,2.0,3.0,1.0,95b0370ad945fd4c
180,1,0,0.214685231117072,0.3554603943847245,0.6501484634662305,0.9289629858734259,1.0787894279050818,1.106647638095445,2.0,3.0,1.0,95b0370ad945fd4c
180,2,2,0.1774781365601984,0.3172336002317708,0.6102349506139106,0.9167873292984641,1.084932579007734,1.0318718652524161,1.5,2.5,1.0,95b0370ad945fd4c
180,3,5,0.12448064964130058,0.2584000252157594,0.5400423607278536,0.8920341222170657,1.0021285332277459,0.9618828161256814,2.5,3.5,1.5,95b0370ad945fd4c
180,4,4,0.1800765944725306,0.3199717430152766,0.6132306558180548,0.9177444871557928,0.9579667730516833,0.984022410849843,2.0,3.0,1.0,95b0370ad945fd4c
180,5,1,0.10783254847548734,0.23838027638446574,0.5133053865184822,0.881259331391946,1.1772014252248275,0.9301799030091076,2.0,3.0,1.0,95b0370ad945fd4c
181,0,1,0.1856041054377244,0.32575933168365323,0.6194904563894211,0.9197209786073227,1.0380741603977892,1.1372005250960637,1.5,2.5,1.0,93574d6c7ed69917
181,1,4,0.17513759766830297,0.3147573994957048,0.6075066533288366,0.9159091572266629,1.0154449984907268,0.7958826251507569,2.0,3.0,1.0,93574d6c7ed69917
181,2,0,0.10133848208054466,0.2302999189125782,0.5020489428231497,0.8764649492210821,1.207063088486361,0.9831311232611963,1.5,2.5,0.5,93574d6c7ed69917
181,3,3,0.14812672713117997,0.2854328191206729,0.5737441885917954,0.9045055179675942,1.2209446532989339,1.1560926452186444,2.0,3.0,1.0,93574d6c7ed69917
181,4,2,0.11731900472235057,0.24990152289126882,0.5288869773984584,0.8876394458114741,0.9035051404013857,1.1822906510750681,2.5,3.5,1.0,93574d6c7ed69917
181,5,5,0.14282083938417123,0.27949075479678964,0.5665589326778305,0.9019428982861097,0.8924464412808365,1.0471776156540695,2.0,3.0,1.0,93574d6c7ed69917
182,0,4,0.2075122066955203,0.34824275529744125,0.642915749128639,0.926845816246797,1.0748123260090345,0.8693093233318989,1.5,2.5,0.5,f1f75fce06f76cd5
182,1,2,0.1775293108401183,0.31728763565765095,0.610294283501467,0.9168063584913055,0.9470871481841421,0.9914047324258899,2.5,3.5,1.0,f1f75fce06f76cd5
182,2,1,0.17735644809137294,0.31710509025400063,0.6100938070744779,0.9167420501648998,0.7720318375826172,1.2461328598925334,2.0,3.0,1.0,f1f75fce06f76cd5
182,3,3,0.08991709764320008,0.21565031076127872,0.48091365553704357,0.8670119489872405,1.1580937496841257,0.8163626980403922,2.5,3.5,1.0,f1f75fce06f76cd5
182,4,0,0.116944506957798,0.2494525956069016,0.5282898499072658,0.8874002227212255,1.1024801715170158,0.7055255694923699,2.5,3.5,1.5,f1f75fce06f76cd5
182,5,5,0.1576328766586452,0.295920657503843,0.5861360452191922,0.9088099812027601,1.2508815128244948,1.2671625376170692,2.0,3.0,1.0,f1f75fce06f76cd5
183,0,5,0.1387959805291335,0.2749381763727031,0.5609709728297453,0.8999149198395597,1.1898378515240537,0.745044892372811,2.0,3.5,1.0,dae679ad3dae73b0
183,1,4,0.22135783868124648,0.3621165792869826,0.6567005332476558,0.9308487665696465,1.0759299395654038,1.3672979061785036,2.5,3.5,1.0,dae679ad3dae73b0
183,2,1,0.15214775083766102,0.28989303909016895,0.5790587615705105,0.9063691441983481,1.1159003384219903,1.1709656735729514,1.5,3.0,1.0,dae679ad3dae73b0
183,3,3,0.1665317132662867,0.3055690750234356,0.5972205795983415,0.9125418397832349,0.785200852936702,1.11822072014133,2.0,3.0,1.0,dae679ad3dae73b0
183,4,0,0.12347080951649055,0.25721135213338464,0.5384988657578348,0.8914343608612949,0.9392183375752348,0.8780702782512115,1.5,2.5,1.0,dae679ad3dae73b0
183,5,2,0.18332498226586136,0.32337897622313294,0.6169276554047026,0.9189156135369048,1.2896083136657246,0.9709579648700619,2.0,3.0,1.0,dae679ad3dae73b0
184,0,4,0.16409507502385579,0.30294261537532174,0.5942324122312483,0.9115465249271376,0.9701111930606459,0.98697896053856,1.5,2.5,1.0,a7d0025218285dea
184,1,2,0.09315281267547591,0.21986193016327965,0.48708865567498605,0.8698370884738915,1.031905295901976,1.2178397463524413,2.5,3.5,1.5,a7d0025218285dea
184,2,3,0.1124613425770774,0.24404159877901507,0.5210292481729795,0.8844581722351034,0.9249142332587654,0.6332632109674119,2.5,3.5,1.5,a7d0025218285dea
184,3,1,0.1909919536474422,0.3313540397797376,0.6254502128966482,0.921573666845561,1.0834847254831108,1.1867444756486618,2.0,3.0,1.0,a7d0025218285dea
184,4,0,0.16630693875618763,0.30532726325053144,0.5969463682715024,0.9124508290505743,1.1415746570181349,1.142310038072844,2.0,3.0,1.0,a7d0025218285dea
184,5,5,0.20377509966110563,0.3444556654926813,0.6390662609503144,0.9257034707733425,0.9244618922802045,0.5535388809899922,1.5,2.5,1.0,a7d0025218285dea
185,0,2,0.19760442182072063,0.33816052058213836,0.6325825233590796,0.9237544976416983,1.1395039204583166,1.055048466291181,2.0,3.0,1.0,9b0d8cf8946c725b
185,1,3,0.10264825941216754,0.23194321825761147,0.5043606954761544,0.8774627235933773,0.883227382888385,0.8928822588976194,2.5,3.5,1.5,9b0d8cf8946c725b
185,2,5,0.13195983198722688,0.2671108160092025,0.5511908557244495,0.8962894321664404,1.0141795732280043,1.0527110220361262,1.5,2.5,1.0,9b0d8cf8946c725b
185,3,4,0.14491553155204343,0.2818445030191135,0.5694196396704625,0.9029691711694159,1.084530268657612,1.158113706949561,2.0,3.0,1.0,9b0d8cf8946c725b
185,4,1,0.1426776995573596,0.2793295285739662,0.5663622782856892,0.9018720542565116,1.0143478591478408,1.2456639749356366,2.5,3.5,1.0,9b0d8cf8946c725b
185,5,0,0.1208833346095382,0.254151393054406,0.5345005344007111,0.8898684174880747,1.0284393050011986,0.8509714798341486,2.0,3.5,1.0,9b0d8cf8946c725b
186,0,5,0.14440229280089395,0.2812687573000799,0.5687216568758388,0.9027195086761968,0.8976339628040543,1.2936707631119586,1.5,2.5,1.0,86905f1e5757fa69
186,1,4,0.13361953959984654,0.26902255151058235,0.5535999764577723,0.897191645078321,0.9408065685305429,1.1228402938827617,2.5,4.0,1.5,86905f1e5757fa69
186,2,2,0.1441367038748963,0.2809705773577763,0.56835972069342,0.9025898602454538,0.9885610242132059,0.7827490789024292,1.5,2.5,1.0,86905f1e5757fa69
186,3,3,0.1575706888491273,0.2958526735167482,0.5860568850148616,0.9087829343336745,1.2241367462878745,1.2490909046110998,2.0,3.0,1.0,86905f1e5757fa69
186,4,1,0.1293549816751734,0.26409514425940306,0.547363289594837,0.8948434750041621,0.7489495169123276,0.9788518902464219,2.5,3.5,1.0,86905f1e5757fa69
186,5,0,0.18258358016835652,0.3226028404502715,0.6160884893252341,0.9186507563890794,0.9792378173726723,1.2170737199031296,2.0,3.0,1.0,86905f1e5757fa69
187,0,4,0.16754136568567654,0.3066540827141369,0.5984487234261159,0.9129486592299295,0.7379166417022562,0.8516306895000867,2.5,3.5,1.5,024645b37f4e5a0c
187,1,0,0.13735537309692797,0.2732988309156828,0.558940875896898,0.899170412441313,1.139842456650512,0.5999109469840567,2.0,3.0,1.0,024645b37f4e5a0c
187,2,5,0.16171433762265708,0.30036532749457306,0.5912790653708275,0.9105550865520675,1.0944807738782687,1.2275326089601541,2.0,3.0,1.0,024645b37f4e5a0c
187,3,1,0.13053887859381474,0.2654681001241111,0.5491100435181433,0.8955052752753726,0.9929293014002889,1.001561242347319,3.0,4.0,1.5,024645b37f4e5a0c
187,4,2,0.1317730105716826,0.2668951559443329,0.5509182471062539,0.8961869584801655,0.9189636830374774,1.2951084178693315,2.0,3.0,1.0,024645b37f4e5a0c
187,5,3,0.1486909796440246,0.28606088744845265,0.5744966134445796,0.9047709921498069,1.0378955324820756,0.6262831890121993,2.5,3.5,1.0,024645b37f4e5a0c
188,0,1,0.16908142988384967,0.30830542487549545,0.600310909983581,0.9135630149607079,0.928891912806755,1.0010643561586763,2.0,3.0,1.0,617a5137dc829a99
188,1,3,0.17093005645513873,0.31028185975904654,0.60252865573175,0.9142907875744705,0.7239976863899543,1.0664212620294515,2.0,3.0,1.0,617a5137dc829a99
188,2,2,0.1241641571064504,0.2580278165360266,0.5395596271094468,0.8918468268416389,1.137072325704739,0.7874091542894779,2.0,3.0,1.0,617a5137dc829a99
188,3,4,0.18165246689356004,0.32162683759869864,0.6150307384577777,0.9183160984349907,0.8908422920776746,0.8944178844665205,1.5,2.5,1.0,617a5137dc829a99
188,4,5,0.17932491797933672,0.31918082576310297,0.6123676145667056,0.9174694926972806,0.9073033494076086,1.2736026874998816,1.5,2.5,1.0,617a5137dc829a99
188,5,0,0.14890275001000286,0.2862964223513166,0.5747784398403228,0.9048702886094768,0.9318369169080437,0.9405633027623383,2.0,3.0,1.0,617a5137dc829a99
189,0,0,0.1496541235124692,0.28713129805702503,0.5757758922160223,0.9052211166284234,1.0905470217281608,1.2589554468714839,2.5,3.5,1.5,a5c1bc39fd64a131
189,1,1,0.1038532308991532,0.2334488388758847,0.506468589449082,0.8783665281114231,0.7248235087154166,0.9481818748448949,1.5,2.5,0.5,a5c1bc39fd64a131
189,2,4,0.1770413942001195,0.31677225790910885,0.6097280263631281,0.9166246302545867,0.8564020197909147,1.0503182968784037,1.5,2.0,0.5,a5c1bc39fd64a131
189,3,2,0.1175225632452489,0.2501453432104195,0.5292109536104607,0.8877690661257491,1.194800967447356,0.9402034153381449,2.5,3.5,1.0,a5c1bc39fd64a131
189,4,3,0.08497795159421946,0.20911889547502277,0.4711744039000192,0.8624447681644245,0.934878085942592,0.7253295943259501,2.0,3.0,1.0,a5c1bc39fd64a131
189,5,5,0.1646784874937912,0.3035725122406512,0.5949510284962811,0.9117865997266528,0.9919172297396521,1.0250083097422276,2.5,3.5,1.0,a5c1bc39fd64a131
190,0,1,0.1996991176075979,0.3403034475532795,0.634801671137584,0.9244251142706422,1.094582159164615,0.8806473631837854,2.0,3.0,1.0,28cb889bd4085160
190,1,3,0.20558992495511932,0.3462971059780089,0.6409427822507295,0.9262616953941499,1.018291304906455,0.9452246053826031,1.5,2.5,0.5,28cb889bd4085160
190,2,4,0.14525510929222524,0.2822250958865451,0.5698804099638659,0.9031337251256002,1.1784034090487754,1.2488042420489116,2.0,3.0,1.0,28cb889bd4085160
190,3,5,0.14793921310378494,0.2852239373108134,0.5734936523758063,0.9044170026196164,0.9577954671754925,1.1609513203026427,1.5,2.5,1.0,28cb889bd4085160
190,4,0,0.16896287305262175,0.3081784577321578,0.6001680305061515,0.9135159832840019,1.0344630264307981,1.3410403000464515,2.0,3.0,1.0,28cb889bd4085160
190,5,2,0.11519589987361922,0.24735026262241153,0.5254828347583476,0.886270128525656,1.1158423365177137,1.2726257974535597,1.5,2.0,0.5,28cb889bd4085160
191,0,4,0.15219371781412314,0.28994381993888485,0.5791188860779594,0.9063900755109306,1.234969266031717,1.260749484111285,3.0,4.0,1.5,f6545e926d1c797b
191,1,3,0.20433645987597976,0.34502573472141224,0.6396481533335338,0.9258768494935057,1.18735489123028,0.748687381295157,1.5,2.5,1.0,f6545e926d1c797b
191,2,1,0.11699901502795165,0.24951796576519508,0.5283768497746684,0.8874351025000881,0.9938178391324775,1.00563851024361,2.0,3.0,1.0,f6545e926d1c797b
191,3,5,0.1311031333395867,0.26612108398681406,0.5499383614824699,0.895817974382976,1.173636724222461,1.1809412832206345,1.5,2.5,1.0,f6545e926d1c797b
191,4,0,0.1662076010380853,0.30522036557385934,0.5968250896047642,0.9124105557853498,1.1502788311750378,0.7033070883727237,2.0,3.0,1.0,f6545e926d1c797b
191,5,2,0.18346560409306983,0.3235260855232933,0.6170865145398713,0.918965688642041,0.9909888482992155,0.838430452153414,2.5,3.5,1.0,f6545e926d1c797b
192,0,3,0.09356771783946513,0.22039831211176839,0.487869276606079,0.8701904310537931,1.1159429327844645,1.1367764746801825,2.0,3.0,1.0,b155d7fdb34bde5b
192,1,0,0.14229724269053554,0.2789007580894048,0.5658388486898239,0.9016833050235663,1.109333850040666,0.9111130672523557,1.5,2.5,0.5,b155d7fdb34bde5b
192,2,2,0.20840256311341873,0.3491422738817401,0.6438245318346701,0.9271139145745648,1.1757847776572283,0.834452058228584,2.0,3.0,1.0,b155d7fdb34bde5b
192,3,5,0.1121567294325702,0.24367141755363794,0.5205282165105927,0.8842528539611528,1.1993241077727197,0.8064095025705955,1.5,2.5,0.5,b155d7fdb34bde5b
192,4,1,0.09801565400102291,0.22609857526719784,0.4960852967427099,0.8738587938299671,0.9087025057080373,0.9437798222422343,1.5,2.5,0.5,b155d7fdb34bde5b
192,5,4,0.11901694952874305,0.2519311501638087,0.5315766980734739,0.8887119303001227,0.9834108518832453,0.9494821039927334,1.5,2.5,1.0,b155d7fdb34bde5b
193,0,0,0.12656913868393588,0.26084868547726303,0.5432050154558273,0.8932548872905667,1.0524513684455834,1.094783050983918,2.0,3.0,1.0,bb70af034122e65d
193,1,3,0.16177332957589635,0.3004293241845756,0.5913526551163601,0.9105798846041407,0.9514496642435202,0.9554994927068992,1.5,2.5,1.0,bb70af034122e65d
193,2,4,0.18828853882009702,0.32855245085383505,0.6224769296038682,0.92065287534973,1.0108546821680233,0.6742936334101503,2.0,3.0,1.0,bb70af034122e65d
193,3,1,0.1885103112613945,0.32878269960684625,0.6227221259703518,0.9207290725978248,1.286701569027672,0.6911629496026137,2.5,3.5,1.5,bb70af034122e65d
193,4,2,0.1431187679130857,0.2798261694602485,0.5669677625137505,0.9020900560255259,1.2322170543247615,0.8987245632784362,1.5,2.5,1.0,bb70af034122e65d
193,5,5,0.14950179531188648,0.2869621437674426,0.5755739880113505,0.9051501782774286,1.0949214416881647,1.07338882008166,2.0,3.0,1.0,bb70af034122e65d
194,0,1,0.21347329393153144,0.35424553947739185,0.6489404853469338,0.9286120001892183,0.8185096064885774,1.0979343095704222,2.5,3.5,1.0,0212bdd2ae42b31d
194,1,5,0.09378001469687855,0.22067245091738277,0.4882677400541907,0.8703704675205924,0.9998493917659479,0.786416516837174,1.5,2.5,0.5,0212bdd2ae42b31d
194,2,3,0.11860938136866658,0.2514448229547204,0.5309336801682606,0.8884562902021904,0.8620812403708835,0.8276338561765291,1.5,2.5,1.0,0212bdd2ae42b31d
194,3,0,0.1303884258128421,0.2652938390531267,0.5488887251677887,0.8954216024398131,1.158304165338099,1.2389578690801457,2.0,3.0,1.0,0212bdd2ae42b31d
194,4,4,0.150363763980307,0.2879186410795944,0.5767144063051586,0.9055503537862456,1.1834557600068791,1.3006625532697234,2.0,3.0,1.0,0212bdd2ae42b31d
194,5,2,0.08069663708775099,0.20334923270325206,0.4624017969191963,0.8582096338236571,0.9859504842436049,1.0031382679956369,2.0,3.0,1.0,0212bdd2ae42b31d
195,0,2,0.11803876610707739,0.2507630348468071,0.5300306602507622,0.8880964850963662,1.0528581769988532,0.9243154319371873,2.0,3.0,1.0,e176a4e38a7cb556
195,1,0,0.1185649338803763,0.25139175382389956,0.5308634563871872,0.888428343239297,1.0551516040545394,1.0103881671341162,2.0,3.0,1.0,e176a4e38a7cb556
195,2,5,0.13280378782670949,0.26808386065619977,0.5524187299361254,0.8967500260817215,0.8068007138158196,0.8988355317521458,1.5,2.5,1.0,e176a4e38a7cb556
195,3,4,0.1099792220188309,0.24101553201094414,0.5169171308552473,0.8827641484745039,1.1211923761634344,1.1012669675617424,2.0,3.0,1.0,e176a4e38a7cb556
195,4,1,0.21632598536711048,0.3571021719928072,0.6517749620372768,0.9294339365790275,0.9661751194215249,1.3867280304023097,2.0,3.0,1.0,e176a4e38a7cb556
195,5,3,0.15985587179443755,0.2983456466452531,0.5889499180085669,0.9097677183189833,1.0028552937440092,0.7655686100634287,2.5,3.5,1.5,e176a4e38a7cb556
196,0,1,0.15056162858641414,0.2881379709843708,0.5769754772749546,0.9056417913255552,0.9077872726489448,1.2748741563334811,2.5,3.5,1.0,e1cd483ecd9bdbde
196,1,3,0.1609189052853197,0.29950173843875816,0.5902847482827849,0.9102195512139805,1.1445554408647416,1.1101387437882655,2.0,3.5,1.0,e1cd483ecd9bdbde
196,2,4,0.10807236038240539,0.23867552234944608,0.5137114684890624,0.8814293219856587,1.065179798594317,0.9395462130452488,2.0,3.0,1.0,e1cd483ecd9bdbde
196,3,0,0.11214708608398971,0.24365969310515323,0.5205123386384675,0.8842463424501265,0.8733674750674034,0.5896236008466844,2.0,3.0,1.0,e1cd483ecd9bdbde
196,4,2,0.11195844331276948,0.2434302735585587,0.5202015338873941,0.8841188207943939,1.0957451577773778,0.8000845800909608,1.5,2.5,1.0,e1cd483ecd9bdbde
196,5,5,0.12267962314131645,0.25627788703018756,0.5372829666503744,0.8909600399038097,1.0235816157685909,1.021387529593785,2.0,3.0,1.0,e1cd483ecd9bdbde
197,0,5,0.11927029344448153,0.2522331802212409,0.5319755728380348,0.8888702712951333,0.8723973945025332,1.1525681427686298,2.5,3.5,1.0,e6ae15631b47c15a
197,1,2,0.20586105956477377,0.34657183549025844,0.6412219747198816,0.9263445272380489,1.2052402263276512,0.938970073930303,1.5,3.0,1.0,e6ae15631b47c15a
197,2,3,0.22336324236375377,0.36410656223339133,0.6586378442445341,0.9314006101349714,1.182311936300808,1.4042844272608235,2.0,3.0,1.0,e6ae15631b47c15a
197,3,1,0.10103342432057162,0.22991616096003695,0.5015074030435246,0.8762302158800553,1.0518592206538988,0.9079183873580307,1.5,2.5,1.0,e6ae15631b47c15a
197,4,4,0.14346111638311054,0.2802113293943403,0.5674367440673814,0.9022586631570415,1.0456985064898845,0.7629996449727094,2.5,3.5,1.0,e6ae15631b47c15a
197,5,0,0.174990451109981,0.314601407564993,0.607334166026485,0.9158534294394957,0.8394917790997221,1.2173575190779315,2.0,3.0,1.0,e6ae15631b47c15a
198,0,2,0.1391534514362198,0.27534414635001925,0.5614722345617873,0.9000981100330896,0.7852847951733198,0.6391752144155376,2.0,3.0,1.0,6127de85ce2f05c6
198,1,5,0.19108449015971385,0.33144973948508083,0.6255513869709389,0.9216048775354134,0.9726808437662537,0.9854281719967353,2.0,3.0,1.0,6127de85ce2f05c6
198,2,0,0.15529812966906947,0.2933627871086069,0.5831473076123335,0.9077848436502886,0.9018253181935768,0.5334291750680161,2.5,3.5,1.0,6127de85ce2f05c6
198,3,3,0.14354636041191948,0.2803071896531204,0.5675533862662148,0.902300564588236,1.0362320265756422,0.9807886780317397,1.5,2.5,0.5,6127de85ce2f05c6
198,4,4,0.21267935745960442,0.3534486865759359,0.6481460875641877,0.9283806149508868,1.0679729436970458,0.9621148969711808,2.0,3.0,1.0,6127de85ce2f05c6
198,5,1,0.15050186463006615,0.28807173271422565,0.5768966500804098,0.9056141896519959,1.152806693872141,0.8157951643883894,2.0,3.0,1.0,6127de85ce2f05c6
199,0,5,0.1440147571517757,0.28083361008406993,0.5681933644177595,0.9025302272000447,0.9705281534192145,0.7150448962291831,2.0,3.0,1.0,cc162bb565a6adf0
199,1,0,0.09129344616587237,0.21744803635387364,0.4835593982871962,0.8682289896424011,1.1018144495515196,1.0584793588929866,2.0,3.0,1.0,cc162bb565a6adf0
199,2,1,0.171434156631741,0.31081973376233324,0.6031301301629274,0.9144874428369276,1.0951981985104702,0.7448692123368639,2.5,3.5,1.5,cc162bb565a6adf0
199,3,3,0.11549896121530243,0.24771536787864873,0.5259715843750293,0.8864675569205573,1.0438227533136932,0.8780356552730587,2.5,3.5,1.5,cc162bb565a6adf0
199,4,2,0.13139008149223289,0.26645281638802687,0.550358566171106,0.8959763296453007,1.1397533470555734,1.0373957768855262,2.0,3.0,1.0,cc162bb565a6adf0
199,5,4,0.10006957982533116,0.2287010923968763,0.4997885468278942,0.8754826375442695,1.0690850057571812,1.1793932837647356,2.0,3.0,1.0,cc162bb565a6adf0
200,0,4,0.17681945871378557,0.31653769671692183,0.6094700470028824,0.916541749202527,0.8178835982475036,0.6846473442910033,1.5,2.5,0.5,385ee180ac9d0110
200,1,0,0.15326170630763897,0.2911223602683415,0.5805118719679553,0.906874075169266,0.9891004774684379,0.953911371299802,2.5,3.5,1.5,385ee180ac9d0110
200,2,3,0.08687826212015681,0.21164704882795324,0.47496805041550216,0.864240293845109,0.9891338420036222,1.004512739201461,2.5,3.5,1.5,385ee180ac9d0110
200,3,2,0.10928136920969853,0.24016072302585997,0.515748724240528,0.8822790826997275,0.8654768832275408,1.0309267271273574,2.5,3.5,1.0,385ee180ac9d0110
200,4,5,0.1631685432277502,0.30194090683838637,0.5930870399343746,0.911162939734187,1.1408439869519929,0.9907557453886022,2.0,3.0,1.0,385ee180ac9d0110
200,5,1,0.19314362156242074,0.33357592669774516,0.6277925897365798,0.9222942140204021,0.8659983117401894,1.1563206612379093,2.5,3.5,1.5,385ee180ac9d0110
201,0,1,0.14609038483165687,0.28316010723739876,0.5710102831384701,0.9035363631434902,1.2199544278198584,1.2668451151140763,2.0,3.0,1.0,6c6d3437a28c33fe
201,1,4,0.10488453858750235,0.23473284235050737,0.5082585798933946,0.8791295854870966,0.9426540753656039,1.1048425668509811,2.0,3.0,1.0,6c6d3437a28c33fe
201,2,2,0.11353508488392669,0.24534386091505747,0.5227874123886165,0.8851762877752429,1.2277551340814041,1.1028316550317887,2.0,3.0,1.0,6c6d3437a28c33fe
201,3,5,0.13770398555861393,0.27369602171409774,0.5594336186061881,0.8993515015328035,1.2660487612247981,0.7957881723689575,2.0,3.0,1.0,6c6d3437a28c33fe
201,4,0,0.12958366930370713,0.26436065852416907,0.5477016372553803,0.8949719193525982,0.8838459449126184,0.8802688024790233,2.0,3.0,1.0,6c6d3437a28c33fe
201,5,3,0.18912867541845912,0.3294242970084036,0.6234045827516156,0.9209409036037287,0.8401575693622574,0.9066876843510756,2.0,3.0,1.0,6c6d3437a28c33fe
202,0,4,0.19926088620574212,0.33985564032031257,0.6343389678552458,0.9242855943915997,0.9866619488295201,0.8647549502994849,1.5,2.5,1.0,d4acbd75ebb68967
202,1,3,0.08036514983787944,0.20289806284462444,0.4617089770636626,0.8578701160909107,1.1897052380854725,0.7075356653069822,1.5,2.0,0.5,d4acbd75ebb68967
202,2,1,0.15325440426401832,0.29111431074447186,0.5805023733803228,0.9068707809586088,0.8107367282064086,0.9140891271290291,1.5,2.5,1.0,d4acbd75ebb68967
202,3,2,0.13937812705322666,0.2755991396532322,0.5617867831398212,0.9002129354593325,1.0324914349325751,1.0077542060555813,2.5,3.5,1.0,d4acbd75ebb68967
202,4,0,0.09508646100325997,0.2223548243516041,0.49070566135072013,0.8714672255686371,1.0669759740335032,1.0549831141158108,2.0,3.0,1.0,d4acbd75ebb68967
202,5,5,0.1887900317374311,0.3290730028018602,0.6230310612132233,0.9208250098919373,0.9969996874318194,1.2538028578917682,2.5,3.5,1.5,d4acbd75ebb68967
203,0,5,0.16054493495929917,0.2990952888657807,0.5898159471213864,0.9100610464444763,0.8484001505047192,1.0548362101598772,1.5,2.5,1.0,1e3037ad8f5818b4
203,1,2,0.1986549829980124,0.3392360502562303,0.6336978698026544,0.9240920158271481,1.0820663939702722,1.0501929140386685,1.5,2.5,0.5,1e3037ad8f5818b4
203,2,0,0.17980613060222075,0.31968726841269424,0.6129204518445399,0.9176457157454155,1.0768278130783175,0.704415560180929,1.5,2.0,0.5,1e3037ad8f5818b4
203,3,4,0.1412827812383664,0.27775574927565005,0.5644379140561901,0.9011767950461878,0.8173292091798315,0.8199788640332346,2.0,3.0,1.0,1e3037ad8f5818b4
203,4,1,0.13755837440797292,0.2735301578848111,0.5592279214679549,0.8992759352045434,1.1836215150712197,0.9808417415306803,2.0,3.0,1.0,1e3037ad8f5818b4
203,5,3,0.10936842782167132,0.24026746012520503,0.5158947840098453,0.882339810592587,1.0812126078608677,0.8472922190186913,1.5,2.0,0.5,1e3037ad8f5818b4
204,0,2,0.16020562079091955,0.2987262630700053,0.5893898527800522,0.9099168103816675,0.8422022647132388,0.8405873752218228,2.5,3.5,1.5,ad909d9efde34a3a
204,1,4,0.12962811751322742,0.26441224730874513,0.5477673470239162,0.8949968501240603,0.7639401460694902,1.0196516432286105,1.5,2.5,0.5,ad909d9efde34a3a
204,2,0,0.13121826512109383,0.26625421181529874,0.550107042865377,0.8958815647523732,0.8870523535732044,1.191144691033918,1.5,2.5,0.5,ad909d9efde34a3a
204,3,3,0.12638091804944612,0.2606285336785314,0.5429215987994488,0.8931459347529469,1.0940933904266832,0.5999505432368335,2.5,3.5,1.5,ad909d9efde34a3a
204,4,1,0.12246467342778604,0.2560239512079182,0.5369516194362545,0.8908304970559167,1.2065854255037602,1.0595255586725814,1.5,3.0,1.0,ad909d9efde34a3a
204,5,5,0.15421460092403866,0.2921718153132048,0.5817484146908973,0.9073022063009741,0.8676769875788487,0.8568077473918481,1.5,2.5,1.0,ad909d9efde34a3a
205,0,2,0.09256877572553288,0.21910550907787066,0.4859855819315508,0.8693363465545302,0.9561083018027641,1.3376446910227944,1.5,3.0,1.0,4d4dda445d9840fd
205,1,1,0.12967870004459678,0.2644709491173132,0.5478421047946638,0.8950252081903087,1.1755426586592668,0.9707588109786099,2.0,3.0,1.0,4d4dda445d9840fd
205,2,3,0.1620511451388102,0.30073061649254135,0.5916989358050906,0.9106965085417347,0.973353539293081,1.1080040260459536,2.0,3.0,1.0,4d4dda445d9840fd
205,3,4,0.10763251554719347,0.23813383857030468,0.5129661572573807,0.8811171701504787,0.8105284366089743,1.2425632761087555,1.5,2.5,1.0,4d4dda445d9840fd
205,4,0,0.18566704908689308,0.3258249535115617,0.6195608768038757,0.9197430341432045,0.96531643279298,0.9198620655119798,1.5,2.5,1.0,4d4dda445d9840fd
205,5,5,0.15640730497173944,0.29457938081545776,0.5845714944279969,0.9082743587322866,0.9371192325379404,0.9190212167870855,2.0,3.0,1.0,4d4dda445d9840fd
206,0,2,0.15056357149261196,0.28814012423528895,0.5769780395155144,0.9056426884065305,1.0707707308590897,1.159114893639902,2.0,3.0,1.0,ba3619077b35b532
206,1,1,0.17928460927006099,0.31913838607342476,0.6123212527160218,0.9174547029578469,0.8303532628944179,0.7340713436427846,2.0,3.0,1.0,ba3619077b35b532
206,2,0,0.1372402921891726,0.27316764525253684,0.5587780072934714,0.8991105020276431,0.9376927609202681,1.1698829559600366,1.5,2.5,1.0,ba3619077b35b532
206,3,3,0.21660507158962508,0.3573810998877509,0.6520506131256889,0.9295135653536456,0.7916417244224028,1.2163559321669282,1.5,3.0,1.0,ba3619077b35b532
206,4,5,0.15811345237478458,0.2964457564723417,0.5867469630184924,0.9090185236008066,1.0205506998765592,1.1790942651416885,2.0,3.0,1.0,ba3619077b35b532
206,5,4,0.17922424633772768,0.3190748268702444,0.6122518096123789,0.9174325468469833,1.145837878807616,1.3297107296038526,2.0,3.0,1.0,ba3619077b35b532
207,0,2,0.15040131192650308,0.2879602690940471,0.5767639690235848,0.9055677175863155,0.8304372721673178,1.0117256029662687,2.0,3.0,1.0,c340d66b7e7e980f
207,1,1,0.10803640588628605,0.2386312705423289,0.5136506275772021,0.8814038662226871,1.1390464932927213,1.3102601303181696,2.5,3.5,1.0,c340d66b7e7e980f
207,2,3,0.1656571455400142,0.30462767925302714,0.5961520215457715,0.9121868155845169,1.0150589637382466,1.285132906218407,2.5,3.5,1.0,c340d66b7e7e980f
207,3,0,0.12564386848335662,0.2597654427273159,0.5418087166174919,0.8927172702833949,1.2553229211916013,1.1023899529838606,1.5,2.5,0.5,c340d66b7e7e980f
207,4,4,0.10352710226768602,0.23304191727256246,0.5058998479691101,0.8781232269822038,0.9161580970263218,1.392067616550495,1.5,2.5,1.0,c340d66b7e7e980f
207,5,5,0.13860573386873914,0.2747219868350339,0.5607037995944791,0.8998171759009083,1.0525980671409583,1.0597097646961995,2.0,3.0,1.0,c340d66b7e7e980f
208,0,0,0.1451215249946069,0.2820754093039361,0.5696992491567688,0.9030690521363886,1.2671342034382784,0.858749550308978,1.5,2.5,0.5,23173bbb3e816aeb
208,1,1,0.13209920862698848,0.2672716452184005,0.5513940434618354,0.8963657598351462,1.0192459744253781,1.114545675265564,2.0,3.0,1.0,23173bbb3e816aeb
208,2,2,0.16436960434392656,0.30323910002381504,0.5945708115016209,0.9116596336516413,0.8916733596871247,1.0600025667678485,2.0,3.0,1.0,23173bbb3e816aeb
208,3,3,0.16742858639983094,0.3065329810551555,0.5983118271860789,0.912903377480243,0.739739093961365,1.1597276303229433,3.0,4.0,1.5,23173bbb3e816aeb
208,4,4,0.13506460758041974,0.2706810253291647,0.555679171138205,0.8979654560234626,1.2068841817542328,0.7423359994167762,2.5,3.5,1.0,23173bbb3e816aeb
208,5,5,0.15011980000654052,0.2876480908568553,0.5763921448792507,0.9054373961628818,0.9881013183087617,1.0221758968450392,2.0,3.0,1.0,23173bbb3e816aeb
209,0,2,0.14323646637523418,0.27995861814610773,0.5671290938134806,0.902148081821745,0.969506121606421,0.6575127879402854,1.5,2.5,1.0,8e0a23e5e48008d2
209,1,5,0.12860294625585145,0.2632209601634807,0.5462474546359011,0.8944190137895385,0.8277502063567875,1.131554127763714,3.0,4.0,1.5,8e0a23e5e48008d2
209,2,1,0.18216941639051643,0.32216888451616105,0.6156185286890101,0.918502179118117,0.7506718237686396,1.2494315040474147,2.0,3.0,1.0,8e0a23e5e48008d2
209,3,4,0.14389268026161445,0.2806964611220492,0.568026722488683,0.9024704646450237,1.1385970400911694,1.1809242141896608,2.5,3.5,1.5,8e0a23e5e48008d2
209,4,3,0.17290063631707914,0.31238186941090024,0.6048719839157114,0.9150552191709979,0.9295915200195263,0.8436272786453438,2.0,3.0,1.0,8e0a23e5e48008d2
209,5,0,0.1872971007308587,0.3275221856849653,0.6213779350886036,0.920310768398831,1.1447629134503843,1.0282302316845402,1.5,2.5,0.5,8e0a23e5e48008d2
210,0,0,0.12230573055140087,0.255836088729978,0.5367063280086747,0.8907345196734333,0.9358421028043443,0.8712887712323372,2.0,3.0,1.0,02ab3445662360c6
210,1,4,0.1691747112577616,0.30840530534026694,0.6004232731983722,0.913599989267506,1.1862952582615678,1.1300515871065788,3.0,4.0,1.5,02ab3445662360c6
210,2,3,0.1670241015790171,0.3060984519252102,0.5978202501141421,0.9127406425975931,0.9716213636530062,0.6579215150549201,2.0,3.0,1.0,02ab3445662360c6
210,3,1,0.09263509851160842,0.21919148982925563,0.486111097045599,0.8693934097817483,1.1613006028028459,0.8042228021375795,2.0,3.0,1.0,02ab3445662360c6
210,4,5,0.13054336525962196,0.2654732958098847,0.5491166405190109,0.8955077685785975,1.0193677587590826,0.6598217974568612,2.0,3.0,1.0,02ab3445662360c6
210,5,2,0.16617463932127022,0.30518489122326037,0.5967848349949254,0.9123971855192006,1.0466132927175227,1.018205143913261,2.5,3.5,1.0,02ab3445662360c6
211,0,3,0.16307502824138567,0.30183971146633765,0.5929711549476004,0.911124065326751,1.2043412833190794,0.6384862896696155,2.5,3.5,1.0,ec6ab0b8402837a2
211,1,5,0.21492574179726603,0.3557012648846629,0.650387522181804,0.9290323227251248,0.7875439655693176,1.280659396375896,1.5,2.5,0.5,ec6ab0b8402837a2
211,2,4,0.13558818017123103,0.27128055322619987,0.556428338992789,0.8982431806412702,1.1362129616339292,0.6140708495020019,2.5,3.5,1.5,ec6ab0b8402837a2
211,3,1,0.16651430483269244,0.30555035049065227,0.5971993527385291,0.912534796925399,0.9204979515160263,1.0040858922110294,1.5,2.5,1.0,ec6ab0b8402837a2
211,4,2,0.1337730242380478,0.26919896703154056,0.5538216192116833,0.8972743465208581,0.9014518856154863,1.0782501918609566,1.5,2.5,1.0,ec6ab0b8402837a2
211,5,0,0.1697387940274781,0.30900895278699236,0.6011017090664037,0.9138230055316074,0.9880563795305826,0.7170497224442447,1.5,2.5,1.0,ec6ab0b8402837a2
212,0,1,0.1153297394562958,0.24751154078785406,0.5256987961494354,0.8863573996617361,1.0590659105443314,1.1887707248758899,2.0,3.0,1.0,51ffd42bb1263b60
212,1,4,0.2080515941374525,0.3487878180465161,0.643466678701731,0.9270084168577536,0.9486912022345848,0.7462666165023151,3.0,4.0,1.5,51ffd42bb1263b60
212,2,5,0.1513678469338659,0.28903075548949075,0.5780365070468889,0.9060127459187494,0.9924896635238571,1.379075436363431,2.0,3.0,1.0,51ffd42bb1263b60
212,3,2,0.17827645663081837,0.3180760473771792,0.6111590031501619,0.9170833607340797,1.1335246711319673,1.0072743165805529,2.5,3.5,1.0,51ffd42bb1263b60
212,4,0,0.16802707965368946,0.3071753677772558,0.5990374775148601,0.9131432191119864,0.8686707290623126,1.273236689203193,2.5,3.5,1.5,51ffd42bb1263b60
212,5,3,0.13067638761230366,0.26562731398074374,0.5493121532563137,0.8955816407435213,0.9375478013282758,1.0089448232633174,2.5,3.5,1.0,51ffd42bb1263b60
213,0,3,0.1794543139319682,0.31931704403262634,0.6125163858965725,0.9175169398423765,1.0418075522839403,0.5457524675303406,2.5,3.5,1.5,5caae278b0b82c6d
213,1,0,0.14212164577394298,0.27870274391791133,0.5655969029538994,0.9015959678322883,0.9621343208567376,0.7879893793314723,2.5,3.5,1.0,5caae278b0b82c6d
213,2,5,0.16689361575550013,0.30595820835869797,0.5976614691480868,0.9126880339243572,1.00686380495422,0.6036135464834975,2.5,3.5,1.5,5caae278b0b82c6d
213,3,1,0.15521682844792717,0.29327351041300354,0.5830426064100883,0.9077487827348569,1.0018437112069107,0.8846049163267643,3.0,4.0,1.5,5caae278b0b82c6d
213,4,4,0.20624814908113126,0.3469638866206523,0.6416200492104055,0.9264625303518659,1.1254152320201114,0.7575687958103612,2.5,3.5,1.0,5caae278b0b82c6d
213,5,2,0.16966228537216663,0.30892711204379386,0.6010097943937731,0.9137928143436674,1.0032208071720379,1.0978492099812034,2.0,3.0,1.0,5caae278b0b82c6d
214,0,4,0.11777415456287715,0.2504465082203242,0.5296108022507791,0.8879288758475531,1.0929239248866294,1.1364379888788516,2.0,3.0,1.0,c3b80c5a4649f900
214,1,0,0.15625491375330017,0.29441238408846937,0.5843762886741277,0.9082073734309167,1.161293686245803,0.9294289314408803,2.0,3.0,1.0,c3b80c5a4649f900
214,2,3,0.08814179529943242,0.21331738827035088,0.4774579316115896,0.865407235633201,0.9653228459800922,0.9205176508940638,1.5,2.5,0.5,c3b80c5a4649f900
214,3,2,0.10435657432216515,0.23407604192176998,0.5073438295929215,0.8787401425206285,1.1130679213632375,0.6463877516649323,1.5,2.5,1.0,c3b80c5a4649f900
214,4,5,0.12602018099588203,0.2602063077606175,0.542377526308997,0.8929365350678845,1.1273315646143576,0.8895536325498861,1.5,2.5,1.0,c3b80c5a4649f900
214,5,1,0.17652992429315925,0.31623156399525965,0.6091331039377594,0.9164334163532873,1.145079789290959,1.024894930953999,2.0,3.0,1.0,c3b80c5a4649f900
215,0,3,0.11800722858064058,0.2507253218952528,0.5299806564893412,0.8880765339776759,1.1380700970936029,0.839487036434116,2.0,3.0,1.0,e40922b1f01739b5
215,1,2,0.17194183908268612,0.3113609672976277,0.6037344708005689,0.9146847255433922,1.0209867532408268,1.2989845254495647,1.5,2.0,0.5,e40922b1f01739b5
215,2,4,0.08681486544022068,0.21156301933660035,0.47484244552602844,0.8641811857481886,1.0554410584306868,1.080465076307452,2.0,3.0,1.0,e40922b1f01739b5
215,3,1,0.20072068659889414,0.3413462906273741,0.63587709959682,0.9247487681519957,0.8468837263723707,0.8889931808295609,1.5,2.5,0.5,e40922b1f01739b5
215,4,5,0.16707228968876112,0.30615023545589903,0.5978788629323398,0.9127600571705022,0.9660540954571826,0.7034925786711125,1.5,2.5,0.5,e40922b1f01739b5
215,5,0,0.08785592305637432,0.2129402086408454,0.4768968362162141,0.865145054373412,1.0955895785961753,1.1758881578358862,2.5,3.5,1.0,e40922b1f01739b5
216,0,4,0.1299634500842207,0.2648012716107044,0.5482625379352206,0.8951845816009026,1.0383316560557043,1.382091095942399,2.5,3.5,1.0,633f1a2829b8bf49
216,1,1,0.1419507556821075,0.27850996541599465,0.565361223071762,0.9015108368925349,1.0729398999309,0.9203417796198535,3.0,4.0,1.5,633f1a2829b8bf49
216,2,2,0.12565636427487062,0.2597800887631425,0.5418276249330664,0.8927245647270811,1.1206068817528188,0.7683944482764548,2.0,3.0,1.0,633f1a2829b8bf49
216,3,3,0.19148334537835726,0.33186208076680196,0.6259870218838761,0.9217391732672682,1.023142859704101,1.3398977989919567,3.0,4.0,1.5,633f1a2829b8bf49
216,4,0,0.09011013119494221,0.2159030117092583,0.48128646050427387,0.8671840416444103,1.067971040119393,1.0809833573547176,1.5,2.5,0.5,633f1a2829b8bf49
216,5,5,0.11284138664761606,0.24450298824109942,0.5216529489183223,0.8847133409413477,0.9767476345537274,1.0885530928560918,1.5,2.5,1.0,633f1a2829b8bf49
217,0,5,0.13809441227571687,0.27414048432327504,0.5599843386305171,0.8995536069629464,0.7597446952673074,1.018913143434387,2.5,3.5,1.5,c03fe2365b994307
217,1,4,0.20193082061710674,0.34257974075499364,0.6371453039974094,0.9251293243826093,1.0238822795703575,1.4755409147087126,2.0,3.0,1.0,c03fe2365b994307
217,2,3,0.20720323116663072,0.3479303555006439,0.6425996351321959,0.9267524187037658,1.0014326784668004,1.2428041286351326,1.5,2.5,0.5,c03fe2365b994307
217,3,1,0.18695129785985026,0.3271624798351553,0.6209935212291442,0.920190878219122,1.0407183873719945,0.9729622756069733,1.5,2.5,1.0,c03fe2365b994307
217,4,0,0.1631905753301967,0.3019647459537571,0.593114334843136,0.911172094269271,0.9410764506614949,0.6719374022591811,2.0,3.5,1.0,c03fe2365b994307
217,5,2,0.11058118709073189,0.24175145506764925,0.5179206259836526,0.8831794273222183,1.0782223710934142,1.1069106310591805,1.5,2.5,0.5,c03fe2365b994307
218,0,3,0.1749316212844228,0.3145390307629105,0.6072651727384626,0.9158311318879537,0.9356097783508903,0.8364011218983932,2.5,3.5,1.0,35bf990c2bfde9ae
218,1,2,0.17126628342622188,0.3106406643030273,0.6029299848639039,0.914422038437721,0.9309670962204464,1.0228585182108592,1.5,2.5,1.0,35bf990c2bfde9ae
218,2,5,0.12501937255746615,0.2590328945732895,0.5408619451693433,0.8923515258797523,0.7716978333868889,0.6549496898171128,2.0,3.0,1.0,35bf990c2bfde9ae
218,3,1,0.17380175880220797,0.3133398713479571,0.6059365395759359,0.9154009606385627,1.0073727869771083,1.2725887320499787,1.5,2.0,0.5,35bf990c2bfde9ae
218,4,0,0.1651394078267287,0.3040696944087818,0.5955173570511966,0.9119754789663872,0.9885332885539776,1.0051375344795894,2.5,3.5,1.5,35bf990c2bfde9ae
218,5,4,0.1899484863912162,0.33027400399512424,0.6243066106058222,0.9212203267268997,1.1071002408783444,1.0844917925259372,1.5,2.5,0.5,35bf990c2bfde9ae
219,0,1,0.1463520787825801,0.2834527137162674,0.5713632552084088,0.9036618940755391,0.9643510512716045,0.7923429290213142,2.0,3.0,1.0,af410d78242730ab
219,1,0,0.11097904006484095,0.24223712204777448,0.5185816572401089,0.8834523180246096,0.9811296537429481,0.8913138864528778,1.5,2.5,1.0,af410d78242730ab
219,2,2,0.15326807025098646,0.29112937556867124,0.5805201499777307,0.9068769460022161,1.1202116698481872,1.0844857152693739,2.0,3.0,1.0,af410d78242730ab
219,3,3,0.1982892778991791,0.33886183203950276,0.633310155496347,0.9239747953424833,1.176975944456871,1.1339277023293122,2.0,3.0,1.0,af410d78242730ab
219,4,5,0.16620485917056887,0.3052174147754,0.5968217413284375,0.9124094437343598,1.0074287629153558,1.3342958793069888,2.0,3.0,1.0,af410d78242730ab
219,5,4,0.1817783074116132,0.3217588278703952,0.6151739462935578,0.9183614605104675,0.9736732683451423,0.6345526979378914,2.0,3.0,1.0,af410d78242730ab
220,0,2,0.15164963062255865,0.28934245726601043,0.5784063217787163,0.9061417909894186,1.1055295696691534,1.265504932223058,2.5,3.5,1.5,bf5115f4d3cb0bdb
220,1,5,0.21788500388319823,0.3586590780510968,0.6533110589860809,0.9298769940008341,1.2142289026449693,0.9678884530197175,1.5,2.5,1.0,bf5115f4d3cb0bdb
220,2,0,0.11378493615617508,0.2456463095831903,0.523194762276705,0.8853421452485583,1.1407303280587255,1.0832520868775388,1.5,2.5,0.5,bf5115f4d3cb0bdb
220,3,3,0.13235613892797266,0.26756798255936987,0.551768180690822,0.8965061917437837,0.7817726253294639,0.7519067272533552,2.5,3.5,1.5,bf5115f4d3cb0bdb
220,4,1,0.1406362353424501,0.2770246844614891,0.5635410452031612,0.9008515089769363,1.1264130430737098,1.0217478791694719,1.5,2.5,0.5,bf5115f4d3cb0bdb
220,5,4,0.13497671769028485,0.270580314344511,0.5555531958225721,0.8979186989440571,1.0644887906367084,0.967935470641287,1.5,2.5,1.0,bf5115f4d3cb0bdb
221,0,0,0.16889664371020235,0.3081075188574118,0.6000881794792269,0.9134896910541638,1.1924455019478581,0.762648263098086,1.5,3.0,1.0,cdceda982aa0dc58
221,1,5,0.18193534945389528,0.32192350805465725,0.615352551031482,0.9184180114886823,1.1354219471580171,1.066362956955925,2.5,3.5,1.0,cdceda982aa0dc58
221,2,2,0.12749100446097245,0.2619254503860866,0.5445885808734808,0.8937855165009946,0.8785123907132494,1.0886705137399146,2.0,3.0,1.0,cdceda982aa0dc58
221,3,3,0.1404792086893782,0.27684697485260046,0.5633227479069096,0.9007722134391201,1.0622666284202984,0.5897356932621227,2.5,3.5,1.5,cdceda982aa0dc58
221,4,1,0.12605716920146526,0.2602496183498827,0.5424333665273596,0.8929580413686117,1.1368520543859848,0.7774428047267763,2.0,3.0,1.0,cdceda982aa0dc58
221,5,4,0.13004295151600606,0.26489345607883413,0.548379797784638,0.8952289977692911,0.8643281773764634,1.3200254044705786,2.0,3.0,1.0,cdceda982aa0dc58
222,0,4,0.14379251041680832,0.2805838973767133,0.5678899040519209,0.9024213773473203,1.0605832498020182,1.1242100401594004,2.0,3.0,1.0,fd2be41fc5b318ef
222,1,3,0.17656665346320954,0.3162704067305798,0.6091758714297332,0.9164471720402011,1.0342661500782626,0.8910293003637535,2.0,3.0,1.0,fd2be41fc5b318ef
222,2,1,0.15714447171913548,0.29538651607269845,0.5855136895447464,0.9085971855805041,1.1639902484303133,0.9885558372985852,2.0,3.0,1.0,fd2be41fc5b318ef
222,3,0,0.14993265205732106,0.2874404583245743,0.5761446601210652,0.9053505822924415,1.0691057358368574,0.8321216573364376,2.5,3.5,1.5,fd2be41fc5b318ef
222,4,5,0.16024105215496964,0.29876480773954855,0.5894343786540104,0.9099318903334725,0.9831893001619199,0.8581395728130754,2.0,3.0,1.0,fd2be41fc5b318ef
222,5,2,0.15794751624572528,0.29626450076070915,0.5865361849785767,0.9089466108581737,0.7683539246681834,0.7932879079661779,2.0,3.0,1.0,fd2be41fc5b318ef
223,0,4,0.14337126743684514,0.28011027186768983,0.5673137433757931,0.9022144631149687,0.7972294304006929,0.5295853637580868,2.5,3.5,1.0,c31a561c9859779c
223,1,3,0.1250967495829338,0.25912372260790745,0.5409794451698439,0.8923969702175834,1.034443811553594,1.0051693286804686,3.0,4.0,1.5,c31a561c9859779c
223,2,1,0.10253315884315015,0.23179909103013313,0.5041584057963419,0.8773756884207771,0.9332541740666024,1.341198180042735,2.0,3.0,1.0,c31a561c9859779c
223,3,5,0.12273282592918763,0.25634071741927794,0.5373649123658722,0.8909920584033658,1.1476113497895186,0.6677819504280292,3.0,4.0,1.5,c31a561c9859779c
223,4,0,0.1624046774623651,0.3011138039260609,0.5921389231654618,0.91084453821353,1.0624094379968114,0.8305137531052302,2.0,3.0,1.0,c31a561c9859779c
223,5,2,0.1701693259281418,0.30946928997217166,0.6016183268024419,0.9139925642341926,0.9734447414359924,1.3339221851921186,1.5,2.5,1.0,c31a561c9859779c
224,0,4,0.16698242268337948,0.30605365975673837,0.597769543963966,0.9127238445788566,0.9883235009821916,0.7859801719229536,2.5,3.5,1.5,83c77eb1a5bb479a
224,1,3,0.1445018110911494,0.281380444577837,0.568857145907482,0.9027680090612595,0.7793323550085463,0.6739472122220213,1.5,2.5,0.5,83c77eb1a5bb479a
224,2,2,0.18350491429890636,0.323567203559442,0.6171309055238546,0.9189796778030068,1.094474264180556,0.7338411846925416,2.0,3.0,1.0,83c77eb1a5bb479a
224,3,1,0.1366658573817924,0.27251231189762265,0.5579634815394636,0.8988104780386298,0.8210780567897136,0.8317922335579209,2.0,3.0,1.0,83c77eb1a5bb479a
224,4,5,0.19678228037608564,0.3373177374497493,0.6317063318770255,0.9234886885709804,1.0121683425913588,0.9304404215932678,2.0,3.0,1.0,83c77eb1a5bb479a
224,5,0,0.20468847424061082,0.3453829920666955,0.6400123794718596,0.9259852456591268,0.9483537983847825,1.0964485550739183,2.0,3.0,1.0,83c77eb1a5bb479a
225,0,4,0.14071398789235212,0.2771126556890546,0.5636490674045238,0.9008907300118789,0.8397492681169123,0.6498803161112257,2.0,3.0,1.0,5f916d54e2283ec5
225,1,5,0.1700386211443768,0.3093295724205934,0.6014615962078353,0.9139411479416434,0.8926819609282429,1.1897428230217502,2.0,3.0,1.0,5f916d54e2283ec5
225,2,0,0.20125444312704305,0.34189058215140317,0.6364372322146743,0.9249169982377394,1.0722545979933116,1.2465310525828286,2.0,3.0,1.0,5f916d54e2283ec5
225,3,3,0.1395092080164549,0.2757478501032937,0.5619701197056152,0.9002798163666523,1.1629815675784396,0.6552322991240029,2.5,3.5,1.5,5f916d54e2283ec5
225,4,1,0.18538010920411338,0.32552575370436404,0.6192396977277591,0.9196424093478642,0.9767255526677218,0.975487060882875,1.5,2.5,0.5,5f916d54e2283ec5
225,5,2,0.178858220914867,0.3186892890696619,0.6118303258121476,0.9172979857754705,0.9507839185755365,1.3918884662331001,1.5,2.0,0.5,5f916d54e2283ec5
226,0,5,0.11137025486129573,0.24271412907548237,0.5192299613449968,0.8837194429682236,0.9627818753450685,1.2193522589963741,1.5,2.5,1.0,03a6c9061c458e81
226,1,3,0.10554350045593694,0.23555106592156502,0.5093955938935698,0.8796121830055122,1.1361246107442968,0.7626853776029083,2.0,3.0,1.0,03a6c9061c458e81
226,2,0,0.14690585317227967,0.2840713788070886,0.5721085895680332,0.9039265700568332,0.9282618860112527,0.933710145107364,2.5,3.5,1.0,03a6c9061c458e81
226,3,1,0.13574615991652123,0.27146130985788736,0.5566539576620697,0.898326707043487,0.9105159852077558,0.8007512902355062,2.0,3.0,1.0,03a6c9061c458e81
226,4,4,0.1411720592318316,0.2776306263507401,0.5642845464469921,0.901121226686619,0.9275823591836017,0.9562354632820457,1.5,2.5,1.0,03a6c9061c458e81
226,5,2,0.12211379995749427,0.2556091323412011,0.5364098103774734,0.8906184090148019,1.0773704739932806,1.2551260516003455,2.0,3.0,1.0,03a6c9061c458e81
227,0,3,0.15700539086428517,0.295234320735011,0.5853361892316545,0.9085364300984732,1.0553219395162294,0.6088864723110755,2.0,3.0,1.0,b18a4712257bf5d2
227,1,1,0.16776888107822083,0.30689831490649655,0.598724671016726,0.9130398862851509,1.089758916141229,0.5262238958942533,2.0,3.0,1.0,b18a4712257bf5d2
227,2,2,0.17247604812469894,0.31192998147916123,0.6043688701330995,0.9148914875387824,0.9519191065620423,0.649798260957988,3.0,4.0,1.5,b18a4712257bf5d2
227,3,4,0.16514936828284943,0.30408043398677204,0.59552958169517,0.91197955297331,1.0530456615851072,1.431356411657869,2.0,3.0,1.0,b18a4712257bf5d2
227,4,5,0.15346657663427998,0.29134815548535054,0.5807782271733603,0.9069664158330624,0.9412734529282093,0.8296462264826477,2.0,3.0,1.0,b18a4712257bf5d2
227,5,0,0.16534266621372817,0.3042888144090659,0.5957667053453805,0.912058551350178,0.9495529522286899,1.2338281639866329,2.5,3.5,1.5,b18a4712257bf5d2
228,0,5,0.12586774631688147,0.26002777489207635,0.5421472695229209,0.8928478181275542,0.7602615618066476,0.7002959466612685,2.0,3.0,1.0,d336a5586bdef68f
228,1,2,0.16229644979730917,0.3009965240041687,0.5920043083519168,0.9107992665606331,0.7998050351529399,0.939867199089381,2.0,3.0,1.0,d336a5586bdef68f
228,2,4,0.1477735996861308,0.2850393850163198,0.5732721741998164,0.9043387035971183,0.9276887344583322,1.3790616134047318,1.5,2.0,0.5,d336a5586bdef68f
228,3,3,0.1577027741391132,0.29599706021964145,0.5862249902577189,0.9088403644864347,0.8036386758182216,0.8226210211672572,2.0,3.0,1.0,d336a5586bdef68f
228,4,0,0.1558703773255557,0.2939907768082993,0.5838830585010908,0.9080379649103768,0.9675740900860819,0.9512165593530163,1.5,2.5,1.0,d336a5586bdef68f
228,5,1,0.1371701806338622,0.27308770538172444,0.5586787308222505,0.899073970450033,0.8913835794839501,1.4244652349222673,2.0,3.5,1.0,d336a5586bdef68f
229,0,3,0.1903073417452424,0.3306456223442979,0.624700471264428,0.9213421337483164,1.2447333459215781,0.7394563743028484,2.5,3.5,1.5,02780905c9c0edac
229,1,2,0.12309260147891257,0.2567653700697682,0.5379183622783831,0.8912081115796009,1.004043020101796,1.0426930650289732,2.0,3.0,1.0,02780905c9c0edac
229,2,1,0.12391702631747034,0.25773697011639934,0.5391820477893963,0.8917001513726347,0.8370773919121143,0.7501490599538683,1.5,2.5,1.0,02780905c9c0edac
229,3,0,0.16838042588252344,0.30755431521988846,0.5994649433481398,0.913284291998695,0.9096605954875323,1.0880134067903353,2.5,3.5,1.5,02780905c9c0edac
229,4,5,0.11005455041819721,0.24110769590044365,0.5170429263452642,0.8828162736590673,1.093568448719189,0.8923529413787699,2.5,3.5,1.5,02780905c9c0edac
229,5,4,0.11120705922754764,0.24251521202446838,0.5189597247114577,0.8836081571065905,0.9674089968861115,0.6687899074864637,2.0,3.0,1.0,02780905c9c0edac
230,0,4,0.10183644249692396,0.23092551381605353,0.5029303859290454,0.8768462023130635,0.8532461999265752,1.1121076318847678,2.0,3.0,1.0,83e2272dd1f7a32d
230,1,3,0.15306675659529206,0.2909074148751622,0.5802581588030177,0.9067860559514488,0.9395849066170497,1.1427498629854416,2.5,3.5,1.0,83e2272dd1f7a32d
230,2,0,0.12884637025913276,0.2635040980279899,0.5466091719564048,0.8945567559626281,0.9547071298241023,1.3130523258268343,2.5,3.5,1.0,83e2272dd1f7a32d
230,3,1,0.1091327498241655,0.23997844539384341,0.5154991853957108,0.8821752706131429,0.8975589113212126,1.0438313641125287,2.0,3.0,1.0,83e2272dd1f7a32d
230,4,5,0.08650071661012798,0.21114631335307144,0.4742190726784417,0.8638874908735898,0.949301565206535,0.5301551264626954,1.5,2.5,1.0,83e2272dd1f7a32d
230,5,2,0.21849044746616275,0.3592628985794658,0.6539051613853607,0.9300479059380551,1.174016523382519,0.9625049807894621,1.5,2.5,1.0,83e2272dd1f7a32d
231,0,5,0.1273067809321168,0.26171046967775463,0.544312694315138,0.8936798727334427,1.038841683983096,1.2592872340779573,2.0,3.5,1.0,be88b297320e9d69
231,1,2,0.19793479741403433,0.33849891791800524,0.632933788515003,0.923860896703041,1.1639352198129267,0.7743810609346089,2.0,3.0,1.0,be88b297320e9d69
231,2,0,0.15889878149130138,0.29730282407770553,0.5877421882509202,0.9093575286023513,1.0667188597381032,1.4007992359574017,1.5,2.5,1.0,be88b297320e9d69
231,3,4,0.21621540773911022,0.35699163046829324,0.6516656645216359,0.9294023483620085,1.2228737913391992,1.4225927110324164,2.0,3.0,1.0,be88b297320e9d69
231,4,1,0.15472394445207927,0.29273197606939994,0.5824069496091325,0.9075296347956499,1.0128482059733352,1.0662567882765037,2.0,3.0,1.0,be88b297320e9d69
231,5,3,0.10112482768313666,0.23003118574337017,0.501669787088705,0.8763006421131432,0.9964593148731786,0.9116618363584268,2.5,3.5,1.5,be88b297320e9d69
232,0,0,0.15788817230549146,0.2961996643262384,0.5864607623661948,0.9089208685613898,1.0372714696046184,0.9746651865333102,1.5,2.5,0.5,0e84e0ae968ea62f
232,1,3,0.15956180150593352,0.2980254320961597,0.5885794383775899,0.9096420294067088,1.2075265881913233,1.1703892525744646,2.0,3.0,1.0,0e84e0ae968ea62f
232,2,2,0.14514944444938488,0.2821066976465011,0.5697371227886345,0.9030825753607683,0.7368322720945113,1.1955125060454284,2.5,3.5,1.0,0e84e0ae968ea62f
232,3,5,0.11582450824780352,0.2481072158713035,0.5264955407326216,0.8866788972581802,1.0050812997476803,1.0616922989104105,2.0,3.0,1.0,0e84e0ae968ea62f
232,4,1,0.15924169916305317,0.2976766723414289,0.588175557632486,0.9095048680793087,1.0613914369019561,1.4179188346812113,2.0,3.0,1.0,0e84e0ae968ea62f
232,5,4,0.2135015426543347,0.3542738772668101,0.6489687057964113,0.928620211694364,1.1379187926539158,0.8813641664289531,1.5,2.5,1.0,0e84e0ae968ea62f
233,0,1,0.10873247817268919,0.23948711581481869,0.5148258681791291,0.8818947801688578,1.1095763411743942,0.901973691730607,2.0,3.0,1.0,fe28e49a6d4c109d
233,1,4,0.17570428771318886,0.3153578031416056,0.6081698656428851,0.9161231987191266,0.9708694586349411,0.9799288079346702,2.0,3.0,1.0,fe28e49a6d4c109d
233,2,0,0.1376263194671007,0.2736075600050463,0.5593239244328416,0.8993112088563908,0.8801381107350318,1.2332827136482796,1.5,2.5,0.5,fe28e49a6d4c109d
233,3,3,0.0923194558112642,0.21878210196249406,0.4855131690442817,0.8691213751719999,0.98204146349978,1.3971697135984331,2.0,3.0,1.0,fe28e49a6d4c109d
233,4,5,0.18578030953890134,0.3259430172563708,0.6196875428274631,0.9197826957377802,0.8834214514070371,1.1088702338191392,1.5,2.5,1.0,fe28e49a6d4c109d
233,5,2,0.1210729055284907,0.2543762875482097,0.5347956271571271,0.8899846013710947,0.9257455489238164,0.9471498201700657,1.5,2.5,0.5,fe28e49a6d4c109d
234,0,0,0.12060609753999492,0.25382229336096707,0.5340683559938649,0.8896980834015388,0.8143502349001862,1.2134345997865015,2.0,3.0,1.0,0ffa03ad3da81bf4
234,1,5,0.12461621831441018,0.25855936757284703,0.5402488573478242,0.8921141624249495,0.9937111777360361,1.0120828118125624,1.5,2.5,0.5,0ffa03ad3da81bf4
234,2,3,0.17149548976255075,0.31088514481935214,0.6032032154807642,0.9145113175049533,0.9537829018926696,1.1162779217029077,1.5,2.5,0.5,0ffa03ad3da81bf4
234,3,2,0.11544725787910415,0.2476531016624247,0.525888269149681,0.8864339218096177,1.1924766509082796,0.7546502590223805,1.5,2.5,0.5,0ffa03ad3da81bf4
234,4,4,0.1644940064325643,0.30337340323772644,0.5947240103903635,0.9117108067165789,0.9227273565604521,0.8862602168762913,2.5,3.5,1.0,0ffa03ad3da81bf4
234,5,1,0.11454564892605526,0.2465658345208892,0.5244309514259953,0.8858442759655545,0.8900613295593159,0.8134575290927342,2.0,3.0,1.0,0ffa03ad3da81bf4
235,0,0,0.17669807043725916,0.3164093670633455,0.609328835783145,0.9164963588928137,1.105459978887875,0.6673374628380719,1.5,2.5,1.0,861cad6a9c401659
235,1,4,0.13376307626479705,0.2691875347278249,0.5538072594635255,0.8972689900194035,1.0732027440627046,0.7561744574982536,2.5,3.5,1.0,861cad6a9c401659
235,2,1,0.1115629143847423,0.24294883637359854,0.5195486125028039,0.8838505535844102,1.001393670587201,1.187041198860014,2.0,3.0,1.0,861cad6a9c401659
235,3,3,0.17601139658833545,0.3156829500311152,0.6085285757591542,0.9162388140323515,1.0583662656642518,1.3093880989861961,2.0,3.0,1.0,861cad6a9c401659
235,4,2,0.14153362091102972,0.2780391027544954,0.5647850278094391,0.9013024755970767,1.0795793980677946,1.3717368020934053,2.0,3.0,1.0,861cad6a9c401659
235,5,5,0.11407694266699656,0.24599951363006675,0.5236700046097307,0.8855353982026263,1.1060855517395882,1.0588173925107913,2.0,3.0,1.0,861cad6a9c401659
236,0,5,0.13507215716548754,0.2706896752722264,0.5556899892954699,0.8979694705362384,0.9257370064738799,0.7422707985947617,1.5,2.5,1.0,867635d9b05c903b
236,1,3,0.1298672341820537,0.26468968245151253,0.5481205529436913,0.8951307804075662,0.9406357778204213,1.3604534330856115,1.5,2.5,1.0,867635d9b05c903b
236,2,1,0.16833883692734136,0.30750972503264734,0.5994146671270972,0.9132677079484831,1.113476625271474,1.1754622058311208,2.0,3.0,1.0,867635d9b05c903b
236,3,2,0.12296620629487026,0.2566162276921084,0.5377240638927645,0.8911323010186044,1.005805439100859,1.328896071274312,3.0,4.0,1.5,867635d9b05c903b
236,4,4,0.2196454713981091,0.36041359092867226,0.6550347952062787,0.9303721974917818,0.9008564016616036,1.397091721721364,2.0,3.0,1.0,867635d9b05c903b
236,5,0,0.18663282029080738,0.3268310321766153,0.6206389796697589,0.9200802006312805,0.9306819832723912,1.003918266498327,2.0,3.0,1.0,867635d9b05c903b
237,0,1,0.18071719914647888,0.32064504748207745,0.6139639105726588,0.9179776488065939,0.9865930174641382,0.7760369029305668,1.5,2.5,0.5,a3ce1ff3f1ba73c8
237,1,3,0.16422273329679127,0.3030805011451885,0.5943898256093905,0.9115991523049376,1.1353922844374615,0.7728402303582568,2.0,3.0,1.0,a3ce1ff3f1ba73c8
237,2,5,0.16945394312357573,0.30870419549189126,0.6007593342117888,0.9137105090029871,0.9353298869268958,0.799527586291954,2.0,3.0,1.0,a3ce1ff3f1ba73c8
237,3,0,0.18506814178546094,0.325200308632348,0.6188900533534643,0.9195327727631412,0.7369961296362053,0.5467307378158267,2.5,3.5,1.0,a3ce1ff3f1ba73c8
237,4,2,0.1519403129557585,0.28966381997670676,0.57878725943994,0.9062745832981142,1.0758399621513464,0.9129904704963324,2.5,3.5,1.0,a3ce1ff3f1ba73c8
237,5,4,0.1259673694094798,0.2601444621151607,0.5422977766039638,0.8929058143851857,1.0763110243843474,0.7373284647197949,1.5,2.5,0.5,a3ce1ff3f1ba73c8
238,0,1,0.14126000735043936,0.2777300157920722,0.5644063760924648,0.9011653700754139,1.1978194956083326,1.0962608608123021,2.5,3.5,1.0,073e220715c93ce4
238,1,0,0.1260953097316573,0.26029427400954747,0.5424909335182213,0.8929802091677578,0.8878614673803625,0.802644959984433,2.0,3.0,1.0,073e220715c93ce4
238,2,2,0.18832723534132956,0.32859263186787746,0.6225197299810034,0.9206661794148567,0.8859802850354537,0.6203972876179751,2.5,3.5,1.0,073e220715c93ce4
238,3,4,0.13150276243692233,0.26658302140507645,0.5505233859302706,0.8960383916743165,1.225182111984211,1.056164246247412,2.0,3.0,1.0,073e220715c93ce4
238,4,3,0.1418392770035916,0.27838416965612583,0.5652073624756127,0.9014552306255373,1.1670447530671868,0.6910284348748501,2.0,3.0,1.0,073e220715c93ce4
238,5,5,0.1656763946097583,0.3046484148229856,0.5961755878650299,0.9121946561413137,0.9690160400662594,1.0183866728000577,2.0,3.0,1.0,073e220715c93ce4
239,0,1,0.16083965904112138,0.2994156330032791,0.5901854779028993,0.9101860036524048,0.7936844344147547,1.030015065592311,2.0,3.0,1.0,b52162272221b199
239,1,5,0.15441337292759777,0.29239048456442246,0.5820056090250381,0.90739107739638,1.0306432808313586,0.7193611204514996,2.5,3.5,1.5,b52162272221b199
239,2,4,0.1041547582067676,0.23382468552225888,0.5069932714531329,0.8785906162342431,1.167125913376101,1.255360420255919,2.5,3.5,1.0,b52162272221b199
239,3,0,0.12478266908726637,0.25875493219226664,0.5405021633739446,0.8922122825070762,0.8047083104210917,1.1053592637581091,2.5,3.5,1.5,b52162272221b199
239,4,2,0.18625288790280287,0.3264354184485379,0.620215390121517,0.9199478373331609,1.1089468536181082,0.682435081707324,2.0,3.0,1.0,b52162272221b199
239,5,3,0.10915056956283489,0.24000030513053555,0.5155291187189508,0.882187727361351,0.8182604053982034,1.0440149917037973,1.5,2.5,1.0,b52162272221b199
240,0,4,0.118387156466091,0.25117942809206245,0.5305823853816075,0.8883164289523373,0.842084030493915,1.0690008811551115,2.5,3.5,1.5,f7cbbb9a06a92102
240,1,2,0.0856417227687862,0.2100041901363481,0.4725062951077296,0.863077581517372,0.8056890769695566,0.7296120868265716,2.0,3.0,1.0,f7cbbb9a06a92102
240,2,0,0.1827875393986203,0.3228164438598188,0.616319613984058,0.918723760552411,1.1274680559843415,1.160924517094545,1.5,2.5,1.0,f7cbbb9a06a92102
240,3,1,0.10705858123735129,0.23742591716605627,0.5119902712666854,0.8807074106613776,0.9727107691214448,0.9878367133108454,2.0,3.0,1.0,f7cbbb9a06a92102
240,4,5,0.21999447086421045,0.36076096437207195,0.6553751588118791,0.930469733008111,1.1801908671839234,0.7064132223672565,2.5,3.5,1.5,f7cbbb9a06a92102
240,5,3,0.08359988270330433,0.20727315001020377,0.46838550049327615,0.8611110813607874,1.1749231746505768,1.028626251599032,2.5,3.5,1.5,f7cbbb9a06a92102
241,0,4,0.10214479378076155,0.23131238591322087,0.5034746315253408,0.8770811048348602,0.9626024520882375,1.0928902980713002,2.0,3.0,1.0,128937e116426427
241,1,2,0.12468090891778434,0.2586353830527568,0.5403473340622863,0.8921523165206945,0.823217362908033,0.968738739132166,1.5,2.5,1.0,128937e116426427
241,2,3,0.13579740494482873,0.27151992914647416,0.556727100433101,0.8983537740668279,1.0410991251521877,1.2098805467173588,2.5,3.5,1.0,128937e116426427
241,3,0,0.1210081546217099,0.2542994840302355,0.5346948723604646,0.8899449432130105,1.0404511844199973,1.1952842509911599,1.5,2.0,0.5,128937e116426427
241,4,5,0.10844619393058927,0.23913533883450191,0.5143431788446337,0.8816933596348747,1.0258983372885906,1.0067159611242011,3.0,4.0,1.5,128937e116426427
241,5,1,0.14380969508836206,0.28060320999038457,0.567913381169704,0.9024298016968251,1.0554300156315146,0.9915550338135802,1.5,3.0,1.0,128937e116426427
242,0,5,0.14098417736309804,0.2774182388469594,0.5640240899218169,0.9010268042059305,0.9142196827220386,0.8411789617679869,2.5,3.5,1.0,1b4090938739b761
242,1,1,0.11927801260938097,0.25224237956512147,0.5319877163060452,0.8888750890377831,1.0340393436688426,1.0540770391818706,2.5,3.5,1.0,1b4090938739b761
242,2,0,0.15417376504976793,0.2921268812909779,0.5816955446976236,0.9072839299900365,1.1406697843448832,1.0392602674501956,1.5,2.5,1.0,1b4090938739b761
242,3,2,0.15315422681963786,0.2910038669300317,0.5803720259698293,0.9068255666238372,0.9997072368134101,0.9233890529523974,1.5,2.5,1.0,1b4090938739b761
242,4,3,0.13049003515104557,0.2654115344072584,0.5490382151538368,0.8954781251281689,0.9364454068623325,1.04232096533088,2.0,3.0,1.0,1b4090938739b761
242,5,4,0.13410833381922116,0.26958415299323313,0.554305161414143,0.8974545936416634,0.820407669678326,1.0032041097689066,2.0,3.0,1.0,1b4090938739b761
243,0,1,0.1343880361956081,0.2699052306762194,0.5547078140260333,0.8976045033866478,0.8565476206138861,1.1928947384986768,1.5,2.5,0.5,52a83d3e05303c3d
243,1,3,0.1991408582379756,0.33973294230694306,0.6342120934108243,0.9242473094784768,1.1942991277185133,0.560105785707404,1.5,2.5,0.5,52a83d3e05303c3d
243,2,5,0.15656214005135377,0.29474900597200304,0.5847696794832529,0.9083423307360752,1.0063454116316846,0.8888597793696692,2.5,3.5,1.0,52a83d3e05303c3d
243,3,0,0.1448645804121131,0.28178737441692386,0.5693504330805029,0.9029444377394935,1.0364764236469985,0.6994043046648006,1.5,2.5,1.0,52a83d3e05303c3d
243,4,2,0.15037803319068013,0.28793446119283755,0.5767332425704,0.9055569531555138,0.7656840194804111,0.6258679854202627,2.0,3.5,1.0,52a83d3e05303c3d
243,5,4,0.18585436029807917,0.32602019747566197,0.6197703248854792,0.9198086094972616,1.0058674854436869,1.1154806742749503,2.0,3.0,1.0,52a83d3e05303c3d
244,0,1,0.13043583602877623,0.2653487584778044,0.5489584870874868,0.8954479826093711,0.9021747562135549,0.9231640352864763,2.5,3.5,1.0,9c91233dab9649a6
244,1,4,0.16272993543701492,0.3014661283005774,0.5925430613460815,0.9109803553811168,0.9092907722411032,0.740741542313439,2.0,3.0,1.0,9c91233dab9649a6
244,2,2,0.16291607550322024,0.30166766475370854,0.5927740593823116,0.9110579209932946,0.9712652449606294,1.0249030760052489,2.5,3.5,1.0,9c91233dab9649a6
244,3,3,0.20247094865776374,0.34312962076293646,0.6377093599361163,0.9252981973383975,0.9124106307293015,0.7214509143028572,1.5,2.5,1.0,9c91233dab9649a6
244,4,0,0.12058463725346777,0.2537968083898176,0.5340348712066489,0.8896848772891887,0.7229496043047026,1.1327415664180014,2.5,3.5,1.0,9c91233dab9649a6
244,5,5,0.11020343018145995,0.2412897885206525,0.5172913637666902,0.8829191608949148,1.1194468907095954,1.3825583562980883,2.0,3.0,1.0,9c91233dab9649a6
245,0,3,0.1854057318060936,0.3255524763818964,0.6192683939134733,0.9196514031585347,0.9586223405854756,0.8624580517216895,2.5,3.5,1.0,a7692f59c6729e19
245,1,4,0.13610093740901139,0.27186699977206324,0.5571599078827371,0.8985138255529713,0.8713995132486748,0.7030750496075647,2.0,3.0,1.0,a7692f59c6729e19
245,2,0,0.14984067210527327,0.2873383818887475,0.5760229383863835,0.9053078629130666,1.0277195882771077,0.5691911900048925,2.0,3.0,1.0,a7692f59c6729e19
245,3,2,0.22034762497001448,0.36111232393733733,0.6557191209264928,0.930568217601457,0.9836750643147412,0.7972635997766093,1.5,3.0,1.0,a7692f59c6729e19
245,4,1,0.13890061066545156,0.27505703533920006,0.5611177915477337,0.8999686021071345,0.9756259612053249,1.190744454992851,1.5,2.0,0.5,a7692f59c6729e19
245,5,5,0.12203836501448385,0.25551989989433377,0.5362931741287756,0.8905727095982349,0.7038507096752445,0.8038885040977299,2.0,3.0,1.0,a7692f59c6729e19
246,0,0,0.10697176695531,0.2373187265451863,0.5118423238417248,0.8806451867700535,0.7965609025528354,0.9174252549315798,2.5,3.5,1.5,8931fcfa00584094
246,1,1,0.13490119831502842,0.2704937621434601,0.5554449018824751,0.8978784914369644,1.0046560655657335,1.0161432349027049,1.5,2.5,1.0,8931fcfa00584094
246,2,5,0.14187050344132013,0.2784194095273401,0.5652504698792526,0.9014708122954478,1.1508620586592477,1.0856837515850402,2.5,3.5,1.5,8931fcfa00584094
246,3,4,0.1726468077466316,0.3121117590266306,0.6045713283823977,0.9149574005796228,0.7765684667331003,1.1421168660018277,2.5,3.5,1.5,8931fcfa00584094
246,4,3,0.1741873498013886,0.31374936320038405,0.6063907313901882,0.9155481807754208,0.8204477653978057,1.2030575186020025,2.5,3.5,1.0,8931fcfa00584094
246,5,2,0.17568738498241976,0.3153399028923275,0.6081501084559786,0.916116827695624,1.1457489641300402,1.178214403770251,2.5,3.5,1.0,8931fcfa00584094
247,0,2,0.13358674010077892,0.2689848435079888,0.5535525866623989,0.8971739559347042,0.9592180150796017,1.1224186102412357,1.5,2.0,0.5,36e488fb28fa3f4b
247,1,0,0.18317464968240504,0.3232216728004935,0.6167577185390701,0.9188620240315551,0.7829952116204639,1.0473918607690118,2.0,3.0,1.0,36e488fb28fa3f4b
247,2,4,0.17106999457368816,0.3104312195200739,0.60269576499865,0.9143454557255302,1.124220363113571,0.9090504008862101,2.0,3.0,1.0,36e488fb28fa3f4b
247,3,1,0.18411727006309023,0.3242073992319957,0.6178214289785754,0.9191970819173575,0.8131087570682474,1.0177450542503266,2.5,3.5,1.5,36e488fb28fa3f4b
247,4,5,0.1840626872791618,0.3241503594113885,0.6177599531636158,0.9191777424390042,0.9895994742875694,0.7340540053000826,2.0,3.0,1.0,36e488fb28fa3f4b
247,5,3,0.14834227171587208,0.28567282672131095,0.5740318749834951,0.9046070846483029,1.1965385464953573,1.2575979475352492,2.0,3.0,1.0,36e488fb28fa3f4b
248,0,1,0.1137119533205442,0.24555798518354685,0.5230758416214505,0.8852937455316576,0.9924326214630477,1.2167161427641906,1.5,2.5,0.5,c071339505373f85
248,1,0,0.10935870821779511,0.24025554491672277,0.5158784814924285,0.8823330337159447,1.109179908812176,0.7710873724191825,2.0,3.5,1.0,c071339505373f85
248,2,5,0.15369974870136185,0.29160503320131026,0.5810810433217413,0.9070713168455855,1.016938000249466,0.9176056000181025,2.0,3.0,1.0,c071339505373f85
248,3,3,0.1368240699376029,0.27269289081959003,0.5581880797541654,0.898893274403084,0.9632874315254867,1.289532291906729,2.0,3.0,1.0,c071339505373f85
248,4,4,0.15988363434127578,0.29837586840130476,0.5889848667588805,0.909779568661261,0.9196368755728009,0.6810185047531656,2.0,3.0,1.0,c071339505373f85
248,5,2,0.15611888860592615,0.29426328097733145,0.5842019222021354,0.9081475096867645,0.9306300006208891,1.0922023848298412,2.0,3.0,1.0,c071339505373f85
249,0,3,0.12347010843221817,0.25721052581995607,0.5384977909086921,0.8914339422871727,1.1316121893137707,0.9097813957796776,2.0,3.0,1.0,5fd3c43f7bef438b
249,1,4,0.14444363309048047,0.28131515548640085,0.568777948237171,0.9027396612086713,1.0145278784038254,1.100715947673282,1.5,2.5,0.5,5fd3c43f7bef438b
249,2,2,0.15937604732989877,0.2978230734055475,0.588345144841011,0.9095624792304262,1.0054486779236513,0.8929845791910163,2.5,3.5,1.0,5fd3c43f7bef438b
249,3,0,0.14586820403234296,0.28291155623083736,0.5707102251399457,0.9034295559266404,0.9035936490378484,0.9909648285733693,2.0,3.5,1.0,5fd3c43f7bef438b
249,4,5,0.14317876740220603,0.279893692376743,0.5670500175204544,0.9021196437582337,1.0352324595829068,1.3204107046667386,2.0,3.0,1.0,5fd3c43f7bef438b
249,5,1,0.17010726900315568,0.30940295778888804,0.6015439249875059,0.9139681589483332,1.076522630786105,1.0375789813555125,2.0,3.5,1.0,5fd3c43f7bef438b
250,0,4,0.1278101001266187,0.2622975886875746,0.5450657393504618,0.8939680386512321,0.8953278185826936,1.0380592497621115,1.5,2.5,0.5,069d73d0af7edf40
250,1,0,0.14383548098019822,0.2806321875725882,0.567948604954842,0.902442440119277,0.7432615436594716,0.7478195031213939,1.5,2.5,1.0,069d73d0af7edf40
250,2,3,0.1488251181337521,0.28621009052126517,0.574675162311908,0.9048339094065614,1.0678327278153297,1.2782978424172446,2.5,3.5,1.0,069d73d0af7edf40
250,3,1,0.19340941103480785,0.3338499100703793,0.6280804770829111,0.922382478643137,1.2707720598064176,1.1173994749240959,1.5,2.5,1.0,069d73d0af7edf40
250,4,5,0.10623167358610747,0.2364037511553033,0.5105774891971216,0.8801121098244276,1.043569958239269,1.173463122349722,1.5,2.0,0.5,069d73d0af7edf40
250,5,2,0.15250692183950565,0.2902897015567356,0.5795281817377197,0.9065324749906716,0.9381486356072037,1.17555261459805,2.0,3.0,1.0,069d73d0af7edf40
251,0,1,0.1566796381589847,0.2948776943192634,0.5849199726044886,0.9083938531960548,0.8071095445871138,1.3942823576395036,1.5,2.5,0.5,ec480e29e986aa44
251,1,0,0.14943970424543063,0.28689317922089297,0.5754916436076862,0.9051212357570796,0.9365629612301515,1.1855140366850314,2.0,3.0,1.0,ec480e29e986aa44
251,2,5,0.1906652334251854,0.3310160474864518,0.6250926804241889,0.9214633094401461,1.0018909483138525,0.7794101145601394,2.0,3.0,1.0,ec480e29e986aa44
251,3,3,0.1699985134785183,0.3092866928728885,0.6014134833186333,0.9139253600412787,1.1106453205468934,0.8486928346325767,2.0,3.0,1.0,ec480e29e986aa44
251,4,2,0.12873064257496603,0.2633695107899191,0.5464372698920087,0.8944913130025027,0.7228919326705067,0.8159281411089602,1.5,2.5,0.5,ec480e29e986aa44
251,5,4,0.14998064924161758,0.2874937165728094,0.5762081543742349,0.9053728606299382,0.8233316520675024,1.0585554986625358,1.5,2.5,0.5,ec480e29e986aa44
252,0,1,0.18275058010215137,0.32277774196699494,0.6162777473247946,0.9187105395457845,0.9040253923063962,0.9392119396089218,2.0,3.0,1.0,c1e5310ee939b80d
252,1,2,0.11368668741345314,0.2455274038792988,0.5230346593823043,0.8852769808065719,1.092330124251537,0.8308763768712633,2.0,3.0,1.0,c1e5310ee939b80d
252,2,3,0.19979585715355014,0.34040226449224925,0.6349037019589012,0.9244558581324804,1.2006512423207691,1.2638852408124315,2.0,3.0,1.0,c1e5310ee939b80d
252,3,5,0.14864239679811214,0.2860068384025369,0.5744319152708203,0.9047481862390457,0.9762029702530048,1.0809532270535989,1.5,2.5,1.0,c1e5310ee939b80d
252,4,4,0.1395518171057873,0.27579618054311883,0.5620296867017329,0.900301539064884,0.8498761777457224,0.957602133689545,2.5,3.5,1.0,c1e5310ee939b80d
252,5,0,0.17272282115661608,0.3121926603378229,0.6046614015401838,0.9149867139868066,1.0861366417853036,0.9773417877884801,2.0,3.0,1.0,c1e5310ee939b80d
253,0,2,0.16451216692811726,0.3033930066282324,0.594746367118554,0.9117182728162194,0.9789651531011123,1.2698815673058117,2.0,3.0,1.0,e66b3198bdae52f3
253,1,3,0.15602304581666032,0.29415820024204137,0.584078993444202,0.9081052888759077,0.9498526712784092,1.016873122281631,1.5,3.0,1.0,e66b3198bdae52f3
253,2,5,0.14812528276100473,0.2854312104664945,0.5737422597113118,0.9045048367163048,0.9436076814534061,0.7804167743172301,1.5,2.5,1.0,e66b3198bdae52f3
253,3,0,0.20177832541066565,0.3424244193001892,0.6369858313666099,0.9250815367623714,0.9427915558323985,0.7829903780795111,2.5,3.5,1.0,e66b3198bdae52f3
253,4,4,0.21774621293360302,0.35852059612313997,0.653174676260142,0.9298377242879131,1.1148600486996951,0.9438223112841816,2.5,3.5,1.5,e66b3198bdae52f3
253,5,1,0.20264546760067553,0.34330720467855486,0.6378913488184815,0.9253526324827059,0.7287545511090148,0.8615134686252988,2.0,3.0,1.0,e66b3198bdae52f3
254,0,1,0.17371018821377032,0.31324258628905705,0.6058285605452132,0.9153659351910803,1.202008224738401,1.2682609629978439,2.0,3.0,1.0,0a3ef55473eb21d9
254,1,5,0.12994352576469284,0.2647781659421378,0.5482331422886876,0.895173444709488,0.9111871475719413,0.9241731451315434,2.0,3.0,1.0,0a3ef55473eb21d9
254,2,2,0.1922145448966663,0.3326173814005655,0.6267837555951236,0.92198440507262,0.917977121917432,0.8494386042072579,1.5,2.5,0.5,0a3ef55473eb21d9
254,3,3,0.13734703208497812,0.2732893237828058,0.5589290747409001,0.8991660723492567,1.2522372067665877,0.9547260248263041,1.5,2.5,1.0,0a3ef55473eb21d9
254,4,0,0.16116780836115563,0.2997721040079934,0.5905962969921678,0.9103247791961085,1.0052534258574157,0.8228597553670293,1.5,2.5,1.0,0a3ef55473eb21d9
254,5,4,0.11222064299423246,0.24374911576084185,0.5206334254245271,0.8842959924953728,0.8682454697030293,0.7112334826627386,2.0,3.0,1.0,0a3ef55473eb21d9
255,0,5,0.17220782351974095,0.31164434513583356,0.6040505344604067,0.9147877789002233,1.0502561410915523,1.3403139848007868,1.5,2.5,1.0,9040c13e9de339af
255,1,3,0.14256007113559438,0.2791970001570298,0.5662005600913665,0.9018137673370136,0.9077737214089784,0.701557636922756,2.5,3.5,1.0,9040c13e9de339af
255,2,4,0.17388490271576826,0.3134281910634108,0.6060345430159626,0.9154327417914522,0.8190531459620911,0.8531774696010151,1.5,2.5,1.0,9040c13e9de339af
255,3,0,0.1534881626664552,0.29137194099160013,0.5808062754951194,0.906976135857645,1.1352603368105507,0.9480019992786359,3.0,4.0,1.5,9040c13e9de339af
255,4,1,0.14934716372762072,0.28679037839895954,0.5753688685849676,0.905078070683896,1.1175796158286326,1.1396330265200383,1.5,3.0,1.0,9040c13e9de339af
255,5,2,0.20229877715444006,0.3429543844175792,0.6375296940262761,0.9252444328259063,0.9391422693605986,0.6698972645739608,1.5,2.5,1.0,9040c13e9de339af
256,0,4,0.18916079761254387,0.329457610008443,0.6234399854261137,0.920951882411331,1.0932793531242933,1.0726068138595413,1.5,2.5,0.5,b6e14facb6b1fe04
256,1,5,0.1842815968274425,0.32437909426767875,0.6180064200501468,0.9192552593587581,1.1448524131574747,1.0087135287260005,2.5,3.5,1.0,b6e14facb6b1fe04
256,2,2,0.18532573167919825,0.32546903809087663,0.6191787867860256,0.9196233167747089,0.904752672269911,0.9766186183445246,2.0,3.0,1.0,b6e14facb6b1fe04
256,3,1,0.15192346421194802,0.2896451979647277,0.5787651946275862,0.9062668953608694,0.9744186454791515,1.209422829114653,2.0,3.0,1.0,b6e14facb6b1fe04
256,4,0,0.19533658068223234,0.335833372108322,0.630158386677347,0.9230176599843118,0.8327483772417392,1.072214081666724,2.5,3.5,1.0,b6e14facb6b1fe04
256,5,3,0.13376894368490977,0.2691942776538723,0.5538157290930256,0.8972721494030957,1.006353600276847,1.3086180950815998,2.0,3.0,1.0,b6e14facb6b1fe04
257,0,2,0.2055626942917927,0.34626950881730456,0.640914725740208,0.9262533683150059,0.9504151843546881,1.1999358925116694,2.0,3.0,1.0,887acc25518a99fc
257,1,5,0.12020746150040337,0.253348658675073,0.5334456328716641,0.8894522797488941,0.8683497621401945,1.2711139467063692,3.0,4.0,1.5,887acc25518a99fc
257,2,3,0.1339587211501053,0.2694123230040695,0.5540895216435591,0.8973742408206671,1.0173077088243876,1.2119572991671124,1.5,2.0,0.5,887acc25518a99fc
257,3,0,0.19025707160580368,0.33059357612642243,0.6246453333702167,0.9213250888774296,1.093758875072142,0.8124272573955506,2.0,3.0,1.0,887acc25518a99fc
257,4,4,0.09635920308439139,0.2239862367780028,0.4930576079870527,0.8725176118350095,1.0323025348349204,0.8603149246366868,1.5,2.5,1.0,887acc25518a99fc
257,5,1,0.13796240757151368,0.27399025342840566,0.559798270817698,0.8994853573787915,1.0225173516262442,1.2635117194181646,1.5,2.5,1.0,887acc25518a99fc
258,0,0,0.17098305715067438,0.3103384330115464,0.6025919600145595,0.9143114997454707,0.9940724979283415,1.0250796458328488,2.0,3.5,1.0,1484953862a3b18e
258,1,4,0.09765944369757296,0.2256453563844378,0.49543734640506815,0.8735728030492563,1.0849967047581126,1.0387071483436539,2.0,3.0,1.0,1484953862a3b18e
258,2,1,0.17266646382811035,0.31213268004235295,0.6045946231335452,0.9149649822803654,1.0000992382296252,1.0444802987383452,1.5,2.0,0.5,1484953862a3b18e
258,3,2,0.09839947904439192,0.2265863061531838,0.4967815760108392,0.8741654922868953,1.255144658399947,0.7629936433929674,2.0,3.0,1.0,1484953862a3b18e
258,4,3,0.17271196994575666,0.31218111198953774,0.6046485451609501,0.9149825304263476,0.9146055149868771,0.9598530381492454,2.5,3.5,1.0,1484953862a3b18e
258,5,5,0.11873037590312374,0.2515892547739421,0.5311247436816827,0.8885322992476412,0.8643212203601801,0.9323026635183118,2.0,3.0,1.0,1484953862a3b18e
259,0,2,0.20934226414298177,0.35009051523096824,0.6447802464061005,0.9273952095364387,1.0350238454529155,0.9816115930449771,2.0,3.5,1.0,0a83940e2f635c0c
259,1,0,0.159553297664349,0.2980161696233901,0.5885687170416207,0.9096383902480788,0.8319552706715001,0.9446233030892601,2.0,3.0,1.0,0a83940e2f635c0c
259,2,4,0.10712520942185416,0.23750816425840143,0.5121037583442537,0.880755122770238,0.8606262245469372,1.25097066927499,2.0,3.0,1.0,0a83940e2f635c0c
259,3,5,0.10689966003638418,0.23722967338125364,0.5117193736408886,0.8805934555583511,1.0630445519167675,0.7480209681653847,2.0,3.0,1.0,0a83940e2f635c0c
259,4,1,0.1364821572077686,0.27230256083971704,0.5577024533018651,0.8987141874307488,0.9066916357835274,1.1334371476141503,2.5,3.5,1.0,0a83940e2f635c0c
259,5,3,0.107102694524578,0.23748037333759733,0.5120654147400857,0.8807390041829175,1.0777586277456783,1.0348325349711187,1.5,2.5,1.0,0a83940e2f635c0c
260,0,4,0.12230623416824299,0.2558366841029599,0.5367071056000116,0.8907348240345093,0.9695337093895807,0.8784545754449805,2.0,3.0,1.0,d5b5c44846f6eab9
260,1,0,0.21763186005330704,0.3584064801464095,0.6530622537534284,0.9298053437852501,0.85946609673562,1.0733054794250747,2.0,3.5,1.0,d5b5c44846f6eab9
260,2,1,0.15949260068982596,0.29795005359939597,0.5884921795617969,0.9096124080142389,1.1136219107498244,0.838489557852713,2.0,3.0,1.0,d5b5c44846f6eab9
260,3,5,0.21327966633498496,0.3540512742314146,0.6487469690139855,0.9285556760324307,0.798942779004736,1.1040940317337498,2.0,3.0,1.0,d5b5c44846f6eab9
260,4,3,0.17708996773620328,0.31682358350378687,0.6097844543697836,0.9166427515348519,0.7531209077512298,0.9260197022787154,1.5,2.0,0.5,d5b5c44846f6eab9
260,5,2,0.11305980282113266,0.24476792493019597,0.5220106970310204,0.8848594941036151,0.9107281194493352,1.260670159632857,2.5,3.5,1.0,d5b5c44846f6eab9
261,0,2,0.16278585085994537,0.30152667583832377,0.5926124735418984,0.9110036679031002,1.0993445109101898,0.9250623897898309,2.0,3.0,1.0,0a360da9438438fa
261,1,1,0.1574588508364327,0.2957303916287075,0.5859144628691824,0.9087342582486804,0.9508479852447507,1.1331027425518971,2.5,3.5,1.0,0a360da9438438fa
261,2,0,0.14403722323157686,0.2808588460406282,0.56822402011383,0.9025412182524875,0.9841335557489939,0.8514395764206735,2.0,3.0,1.0,0a360da9438438fa
261,3,3,0.14857967023283036,0.285937046377456,0.5743483577096927,0.9047187265502431,1.201862792494206,1.019304586166711,1.5,2.5,1.0,0a360da9438438fa
261,4,5,0.10389743844979668,0.23350396528185818,0.5065455835771006,0.8783994336818448,1.140118842616397,1.1204256183380146,2.0,3.0,1.0,0a360da9438438fa
261,5,4,0.16904767348332866,0.30826927646518143,0.60027023628234,0.9135496281739379,0.8375301416112912,0.9829638295357519,2.5,3.5,1.0,0a360da9438438fa
262,0,4,0.18054725203541272,0.3204664917360249,0.6137695859958718,0.9179158998581978,0.8967194021329552,1.0964126576296866,2.5,3.5,1.5,3f62921219373ea5
262,1,3,0.13091869555961702,0.2659077405810615,0.5496679057381715,0.8957159540022314,0.8658158516718226,0.989040297335237,2.5,3.5,1.0,3f62921219373ea5
262,2,0,0.10442969511603932,0.23416707187164065,0.5074707196928828,0.8787942275503572,1.180093379021917,0.9068116028453022,2.0,3.0,1.0,3f62921219373ea5
262,3,2,0.16238433805340408,0.30109176506858326,0.5921136301239944,0.9108360332610157,1.2770754073270152,1.0646683725958896,1.5,2.0,0.5,3f62921219373ea5
262,4,5,0.16493479319220497,0.3038490324773036,0.5952661019717431,0.9118917162506351,1.1690444967131846,0.9778373497123705,2.5,3.5,1.5,3f62921219373ea5
262,5,1,0.14925436251919025,0.28668726864953803,0.5752456888304068,0.9050347489388527,0.9492235546412138,0.8483880501875372,2.5,3.5,1.5,3f62921219373ea5
263,0,5,0.13173450520346697,0.26685069480069773,0.5508620240506257,0.8961658145122674,1.1415256330863488,0.8589843511482269,2.0,3.0,1.0,039e7090c64346e6
263,1,1,0.13995811215210716,0.27625680283966586,0.5625969872981078,0.9005082423173553,1.0616015123203646,1.2275545239694123,2.0,3.0,1.0,039e7090c64346e6
263,2,2,0.1605203856218237,0.29906859764077653,0.589785142823608,0.9100506244198462,1.0869339809359717,0.8720603830872634,2.0,3.0,1.0,039e7090c64346e6
263,3,0,0.2081078761644537,0.3488446701468663,0.6435240978631037,0.9270253507308124,0.9166555082696853,1.0501419252543605,2.0,3.0,1.0,039e7090c64346e6
263,4,4,0.12351106431533374,0.2572587948201851,0.5385605737076168,0.8914583893943355,0.8572507433542268,1.0009595648132033,2.0,3.0,1.0,039e7090c64346e6
263,5,3,0.14230887743727344,0.2789138755175859,0.5658548715320104,0.9016890868842121,0.9858995996226207,1.2563210434018808,2.5,3.5,1.5,039e7090c64346e6
264,0,1,0.11571152778020763,0.24797126632992839,0.5263138263417887,0.8866056381291948,1.0939060133429899,1.164097027678673,2.0,3.0,1.0,86d05c411fc99bb5
264,1,2,0.09680086530489446,0.22455064878262515,0.4938685363167079,0.8728780379589683,0.9103065630777994,0.9900579869793356,2.0,3.0,1.0,86d05c411fc99bb5
264,2,0,0.1327555058338939,0.26802824587091123,0.5523486435651473,0.8967237780336048,1.1727111536617822,1.0825542103135526,2.0,3.0,1.0,86d05c411fc99bb5
264,3,5,0.17288958087284303,0.3123701072030377,0.6048588961967517,0.915050962657191,1.154596276217226,0.8973006286228891,2.0,3.0,1.0,86d05c411fc99bb5
264,4,3,0.1086066391519543,0.23933252650117023,0.5146138123361482,0.8818063269848939,0.8123454891345703,1.1392002141510837,2.0,3.5,1.0,86d05c411fc99bb5
264,5,4,0.14075163170626456,0.2771552414938988,0.563701349877906,0.9009097087217218,0.9624710571657416,0.9417178369128645,2.0,3.0,1.0,86d05c411fc99bb5
265,0,2,0.19109990529992085,0.33146568030530005,0.6255682371666227,0.9216100747935696,0.9095119839798216,1.2194838199034461,2.0,3.0,1.0,9f1fc4c678bbad6f
265,1,1,0.16184095600412224,0.3005026794103389,0.5914369901994679,0.9106082976597947,0.8747282799948994,1.0145633686171676,2.5,3.5,1.0,9f1fc4c678bbad6f
265,2,0,0.12915848881925282,0.2638668911500534,0.5470722148232199,0.8947328789184944,0.9623432151687932,0.9395759343371723,2.5,3.5,1.0,9f1fc4c678bbad6f
265,3,4,0.16029102212998636,0.29881916422301796,0.5894971618618939,0.9099531506283349,0.9734672953975778,1.2243110461770395,2.5,3.5,1.0,9f1fc4c678bbad6f
265,4,3,0.1431107782532044,0.27981717731126005,0.5669568072713911,0.9020861148426532,1.1426455042446402,1.2142251011107903,2.0,3.0,1.0,9f1fc4c678bbad6f
265,5,5,0.1349289561705921,0.2705255769700464,0.5554847116759194,0.8978932734696534,0.9905985233723653,0.9597671971118031,1.5,2.0,0.5,9f1fc4c678bbad6f
266,0,1,0.2123269610899663,0.3530947392493461,0.6477927068616648,0.9282775400747887,0.9000387747857496,1.343047699770446,2.0,3.0,1.0,589c29be77719503
266,1,5,0.16460492201265667,0.30349312142598256,0.5948605244106057,0.9117563891594025,1.0476325975143501,0.6963123373973532,1.5,2.5,1.0,589c29be77719503
266,2,0,0.14058519736455188,0.27696693065298933,0.5634701129860477,0.9008257483670451,1.0501969100660633,1.406543129558339,1.5,2.5,1.0,589c29be77719503
266,3,4,0.1476302726558834,0.28487961707228704,0.57308034592171,0.9042708487394505,0.8302678863384956,1.3344859653365644,2.5,3.5,1.0,589c29be77719503
266,4,3,0.09876174818200278,0.2270460561786122,0.4974369519890253,0.8744535851231015,0.9924486134185154,1.3014760098546245,1.5,2.5,1.0,589c29be77719503
266,5,2,0.15825910832475998,0.29660481313158116,0.5869318387043412,0.9090815658801144,1.1268253460762545,0.8920344597408429,1.5,2.5,1.0,589c29be77719503
267,0,4,0.14756233610946315,0.28480387115695555,0.5729893699114403,0.9042386557393773,1.2183806551480543,1.18589720912014,2.0,3.0,1.0,ccf25a57389a0683
267,1,5,0.15665763811395833,0.29485360123049964,0.5848918387660482,0.9083842101157508,1.1161974515582593,1.2348156968880728,2.0,3.0,1.0,ccf25a57389a0683
267,2,0,0.09782478385116332,0.2258557939243931,0.495738313946403,0.8737057130797907,0.9756891209856626,1.2009951831179522,2.0,3.0,1.0,ccf25a57389a0683
267,3,2,0.10411259914094709,0.2337721570817038,0.5069199778922079,0.8785593340607527,0.9468196332826148,0.858989403256404,3.0,4.0,1.5,ccf25a57389a0683
267,4,3,0.1273087540381355,0.2617127727262253,0.5443156507560408,0.8936810052627909,1.0312311160459122,1.348215930997073,2.0,3.5,1.0,ccf25a57389a0683
267,5,1,0.17689101393390205,0.31661333186245494,0.6095532513245401,0.9165684862890963,1.0713936079883504,0.6396463150941797,2.5,3.5,1.0,ccf25a57389a0683
268,0,4,0.10459497364386354,0.23437275316060618,0.5077572970382471,0.8789163019090587,0.8347953622930379,1.253258581362821,2.5,3.5,1.0,598a3b57502a4f54
268,1,3,0.19205206599922336,0.33244961641148846,0.6266069254375431,0.921930019965725,0.9005655895601035,1.313456129375017,1.5,2.5,1.0,598a3b57502a4f54
268,2,5,0.11594245732393907,0.2482490982528137,0.5266851065308675,0.8867552807395295,0.9515253528623061,1.0333106630083775,1.5,2.5,1.0,598a3b57502a4f54
268,3,0,0.1132303366045766,0.24497466459767184,0.5222896633832729,0.8849733565588676,1.0188231072126082,0.9054173685503799,2.0,3.0,1.0,598a3b57502a4f54
268,4,2,0.16958753013975358,0.3088471365654621,0.600919954698009,0.9137632977260353,0.984470095235366,1.1713181144736264,1.5,2.5,0.5,598a3b57502a4f54
268,5,1,0.20483473523547321,0.3455313821819493,0.6401635644733215,0.9260302105607154,0.8645863568904479,0.8660389972989279,1.5,2.5,1.0,598a3b57502a4f54
269,0,5,0.08341784725112841,0.20702854217532482,0.4680146722042659,0.8609328625860618,1.0265696979825312,0.9062642097156345,2.5,3.5,1.5,fefb2316b0a2909b
269,1,0,0.09738065754991335,0.22529025643665668,0.49492903912462366,0.8733480548821827,1.0136870314997963,1.0228607805145755,1.5,2.5,1.0,fefb2316b0a2909b
269,2,1,0.12814709359049378,0.2626902813276639,0.5455686903041858,0.894160161786152,0.79460191655978,0.9283723521758658,2.5,3.5,1.0,fefb2316b0a2909b
269,3,4,0.1790562086301983,0.3188978592194007,0.6120583966699001,0.9173708167866832,1.0411369456219486,0.8535690423317353,2.5,3.5,1.5,fefb2316b0a2909b
269,4,3,0.1463836135386442,0.283487962761987,0.5714057564771626,0.9036770011099521,1.1332191188629883,1.219405269879419,1.5,2.5,1.0,fefb2316b0a2909b
269,5,2,0.13861225913119768,0.2747294034281988,0.5607129679796248,0.8998205312983556,1.0062222649511159,1.2524648680302948,2.5,3.5,1.5,fefb2316b0a2909b
270,0,3,0.1433134759633949,0.2800452607203043,0.5672345972903388,0.9021860142894466,0.9508293909513337,1.1484803297218646,1.5,2.5,1.0,a76b58f33b467522
270,1,2,0.17034069839611207,0.30965243226444666,0.6018236791986674,0.9140598993805592,1.1905678962948512,1.2468429954135698,1.5,2.5,1.0,a76b58f33b467522
270,2,5,0.1731231776998845,0.3126185914799811,0.6051352936616324,0.9151408245898792,0.8536495984234524,0.6877464597722585,2.0,3.0,1.0,a76b58f33b467522
270,3,4,0.12395212180905299,0.2577782849940293,0.5392357028067309,0.8917210039219338,1.109299432336549,0.7061077536404738,1.5,2.5,1.0,a76b58f33b467522
270,4,0,0.16104571597806328,0.2996394992264279,0.5904435225022066,0.9102731892683625,1.0582727495604387,1.2759952664083116,2.0,3.5,1.0,a76b58f33b467522
270,5,1,0.17249972237474653,0.31195518636786607,0.6043969485526169,0.914900630920818,0.9142741669557688,0.8604906287516425,1.5,2.5,0.5,a76b58f33b467522
271,0,5,0.09623272864600665,0.22382445000281123,0.4928248967697215,0.8724140168113458,0.8217792285705918,0.9650659421537973,1.5,2.5,1.0,2359c4b5ca0df012
271,1,2,0.12617326244470628,0.26038552921015395,0.5426085499870082,0.8930254895153071,0.8805077062301763,0.8635616102373198,1.5,2.0,0.5,2359c4b5ca0df012
271,2,1,0.09017903115598304,0.2159931636549432,0.4814193885053073,0.8672453553488167,0.8348918993075682,1.0392213459046764,2.0,3.0,1.0,2359c4b5ca0df012
271,3,0,0.1539703630295941,0.29190301344568675,0.5814320395095881,0.907192801886814,1.0881299126779607,1.2187519319194362,2.0,3.0,1.0,2359c4b5ca0df012
271,4,4,0.11495617225507025,0.24706123593759477,0.5250955497532792,0.8861134879346921,0.7188026920305607,1.116134957589623,2.0,3.0,1.0,2359c4b5ca0df012
271,5,3,0.13523955966009105,0.2708814381893416,0.5559297505672004,0.898058412711146,0.9039823775207461,1.0408071087998247,2.0,3.0,1.0,2359c4b5ca0df012
272,0,5,0.15987292413235302,0.29836420966505917,0.5889713848234974,0.9097749973675084,1.1094509341541037,1.1420443260441808,1.5,2.5,0.5,56d10f83341fc6ac
272,1,0,0.14959508429974278,0.28706574358057246,0.5756976571879595,0.9051936336046041,1.0210166712601856,1.1809233068808191,2.0,3.0,1.0,56d10f83341fc6ac
272,2,4,0.19889284550391736,0.33947934790044587,0.6339497375016746,0.9241681039093522,1.009998406554543,0.7251398479156604,2.5,3.5,1.5,56d10f83341fc6ac
272,3,2,0.18126476253658974,0.3212200228348465,0.6145890294086617,0.9181760791401161,1.052297304979712,0.7532613857020911,2.5,3.5,1.5,56d10f83341fc6ac
272,4,3,0.1586610263510042,0.2970434833660391,0.5874412926589045,0.9092551286019016,1.0484665718379085,0.695008267034901,2.0,3.0,1.0,56d10f83341fc6ac
272,5,1,0.15020018945175673,0.2877372554745872,0.5764983789828875,0.9054746437014018,0.9367265684289761,0.9745988059805333,1.5,2.5,1.0,56d10f83341fc6ac
273,0,5,0.11820244177602823,0.2509587079585304,0.5302900140776856,0.888199919292378,1.0757382333392584,1.2830998941541107,2.0,3.0,1.0,b2dc1e23fce6a79d
273,1,1,0.2213884557339307,0.3621469967336788,0.6567302195894177,0.9308572423475119,1.0358306489179365,1.0525916239699187,2.0,3.0,1.0,b2dc1e23fce6a79d
273,2,0,0.18983571779392303,0.33015718410822703,0.6241827183483304,0.9211819861639903,0.9289751155182304,1.0893720192264134,2.5,3.5,1.0,b2dc1e23fce6a79d
273,3,2,0.13649162862234754,0.2723133775545091,0.5577159182016644,0.8987191561924713,1.0579603489812957,0.7754345882953879,2.0,3.0,1.0,b2dc1e23fce6a79d
273,4,3,0.17126443845314504,0.3106386959976286,0.6029277843523265,0.9144213191551315,0.9673234788799787,0.7643721717796941,1.5,2.5,0.5,b2dc1e23fce6a79d
273,5,4,0.1420752937452845,0.2786504619319472,0.5655329988289011,0.9015728901724688,1.0310717155723121,0.9704431775983464,1.5,2.5,0.5,b2dc1e23fce6a79d
274,0,3,0.1545343233993175,0.2925235010645658,0.5821619833274383,0.9074450811904285,0.9130611357874618,0.934129978296854,1.5,2.5,0.5,d49468e76b1fac8b
274,1,5,0.12231581479214262,0.2558480101130375,0.5367218977600444,0.8907406137825841,0.8062562905412702,0.8750722014917284,1.5,2.5,0.5,d49468e76b1fac8b
274,2,0,0.1387942221431458,0.27493617862452346,0.5609685047139773,0.8999140172211847,0.9247574358477789,1.4676464093893402,1.5,2.5,1.0,d49468e76b1fac8b
274,3,2,0.20258013330678631,0.34324072786484683,0.6378232329396039,0.9253322610614382,1.026168563164939,0.934902664692306,1.5,2.5,1.0,d49468e76b1fac8b
274,4,4,0.1597124518988174,0.29818949784354293,0.5887692991958002,0.909706457005413,1.135148342771111,1.1272958677404825,1.5,2.5,1.0,d49468e76b1fac8b
274,5,1,0.15610542655397322,0.2942485225275559,0.584184659198493,0.9081415814132374,0.7838574304414331,1.295555286921377,2.0,3.0,1.0,d49468e76b1fac8b
275,0,3,0.15561392866189305,0.2937094329993247,0.5835535965688938,0.9079246811937336,1.0567386061743735,1.2550621788841094,2.0,3.0,1.0,030c9f7c8f3d9eff
275,1,4,0.19448474840753294,0.33495733151723633,0.6292419738676701,0.9227379376290904,1.2055284685644814,0.7097781988112242,2.5,3.5,1.0,030c9f7c8f3d9eff
275,2,1,0.11886975739520604,0.2517555764155638,0.5313446629525543,0.8886197361266343,0.9009917204641535,1.1503280932954794,1.5,2.5,0.5,030c9f7c8f3d9eff
275,3,2,0.12700173801455292,0.26135428156180734,0.5438552130404348,0.8935045107965995,1.1224053249537536,1.193920347879994,1.5,2.0,0.5,030c9f7c8f3d9eff
275,4,5,0.1202207838919427,0.25336449565613073,0.533466469055342,0.8894605113677604,1.2263287517012762,0.591760054318883,2.5,3.5,1.5,030c9f7c8f3d9eff
275,5,0,0.12356744396680472,0.2573252333206211,0.5386469747241401,0.8914920261153334,1.0225459175715947,1.3861850699241454,1.5,3.0,1.0,030c9f7c8f3d9eff
276,0,4,0.10307283217217279,0.23247439530373268,0.5051054594251786,0.8777827059907479,0.8928581937227634,0.989005239846942,1.5,2.5,1.0,d30be3e2c589a7b7
276,1,3,0.09544635396027347,0.22281688792966658,0.4913730092480857,0.8717660292708851,0.8376849231182663,0.8912356871982037,2.0,3.0,1.0,d30be3e2c589a7b7
276,2,5,0.10735835577896298,0.23779583137824953,0.5125004677788237,0.8809217814240007,0.9354657459363921,1.134486827425106,2.0,3.0,1.0,d30be3e2c589a7b7
276,3,1,0.17224719432717647,0.3116862797410108,0.6040972852159264,0.9148030149176739,0.8545717779675344,1.0097224764205857,1.5,2.5,1.0,d30be3e2c589a7b7
276,4,2,0.10678558341611238,0.23708874634295082,0.5115247364946635,0.8805115237067973,0.9782339135788438,1.4079422236814325,2.0,3.0,1.0,d30be3e2c589a7b7
276,5,0,0.1409103992569334,0.27733481400084004,0.5639217405080034,0.9009896813448964,1.0380420946413238,1.1823346042654366,2.0,3.0,1.0,d30be3e2c589a7b7
277,0,0,0.12304257566966303,0.2567063470228877,0.5378414789662138,0.8911781185655264,1.0802360183625872,1.0819129712193116,1.5,2.0,0.5,bdadc4249fe2b31c
277,1,4,0.12433767444511068,0.2582319176592979,0.5398244001473641,0.8919495876295648,1.0672054268083466,1.3336196133312828,1.5,2.5,1.0,bdadc4249fe2b31c
277,2,2,0.14990435191563306,0.2874090537380713,0.5761072152406393,0.905337442155142,0.9245035876014802,1.2220094236683374,2.5,3.5,1.0,bdadc4249fe2b31c
277,3,1,0.0888049453986906,0.2141907189365072,0.47875455152326846,0.8660113564640706,0.7685506189190503,0.8502796149659481,1.5,2.5,1.0,bdadc4249fe2b31c
277,4,5,0.15037592914478565,0.2879321284892481,0.5767304651826469,0.9055559801064161,1.2374387868412582,0.8391192760932504,2.5,3.5,1.5,bdadc4249fe2b31c
277,5,3,0.18592831115123518,0.3260972649106657,0.6198529689295693,0.9198344746050865,1.0781305660490323,0.8919926993517109,1.5,2.5,1.0,bdadc4249fe2b31c
278,0,3,0.16500790860104517,0.30392789131165615,0.5953559115413967,0.9119216630656386,1.1986088067753236,1.201159366014494,1.5,2.5,1.0,11f773cb95cca44e
278,1,5,0.10990917900185174,0.24092981613504816,0.5168001049363656,0.8827156398351163,0.9715329282997163,1.3152657836112476,1.5,2.5,0.5,11f773cb95cca44e
278,2,0,0.09700727462481852,0.22481412503842244,0.49424660567770773,0.8730457723254386,0.9342646679794578,0.9295352298968091,1.5,2.0,0.5,11f773cb95cca44e
278,3,2,0.1472609255531605,0.28446768550884605,0.5725853525801696,0.9040955932883719,1.0231644093645733,1.1583869251308618,2.0,3.0,1.0,11f773cb95cca44e
278,4,1,0.1511113377546595,0.288746859830729,0.577699400285897,0.9058950022692966,0.807412759463658,0.9196736106269925,1.5,2.0,0.5,11f773cb95cca44e
278,5,4,0.18122903581502328,0.3211825226565796,0.614548288333073,0.918163156461238,0.7812226512056633,1.0057161889077653,2.0,3.0,1.0,11f773cb95cca44e
279,0,3,0.21054556689146398,0.3513030734097675,0.645998946035457,0.927752947788167,0.9555699683505892,1.0679809711610515,2.5,3.5,1.0,9c79b9ef74368bbc
279,1,0,0.1303038763469697,0.2651958823907808,0.5487642671078226,0.8953745263656754,1.1752054440075994,0.8940225022488537,2.0,3.5,1.0,9c79b9ef74368bbc
279,2,4,0.21721791458658232,0.35799325826163114,0.6526548888160834,0.9296879379331171,1.2129595863366696,1.3753061911228708,2.5,3.5,1.0,9c79b9ef74368bbc
279,3,1,0.21598793101776892,0.356764180421151,0.6514406765402613,0.9293372976906006,0.9666629615127229,0.780337586244664,1.5,2.5,1.0,9c79b9ef74368bbc
279,4,2,0.10553408890630488,0.23553939170854082,0.5093793911559421,0.8796053172873654,0.9615388997805362,0.8755992705613524,2.0,3.0,1.0,9c79b9ef74368bbc
279,5,5,0.19618358551832468,0.33670339803653837,0.6310664131029756,0.9232941878208952,1.0195744734259164,1.3176128331745014,2.0,3.0,1.0,9c79b9ef74368bbc
280,0,4,0.1557594515004617,0.29386909965462676,0.5837406027309847,0.9079889944820129,0.8984643344792671,1.1839568441639237,2.5,3.5,1.5,092180191d8bfbae
280,1,0,0.19214851845132414,0.3325492116225961,0.6267119117524903,0.9219623120234939,1.1249886722420355,0.6984763526707589,2.5,3.5,1.0,092180191d8bfbae
280,2,1,0.15646783637336725,0.2946457002210029,0.5846489912449861,0.9083009422768913,1.0891757013044219,0.9063755573775547,2.0,3.0,1.0,092180191d8bfbae
280,3,5,0.11260955643143644,0.24422159713581773,0.5212726705650984,0.884557816437099,0.9699847575360441,1.0242271707542683,2.0,3.0,1.0,092180191d8bfbae
280,4,3,0.15184199263376447,0.2895551430406452,0.578658474231951,0.9062297048489661,0.8644563174789006,0.8855100823906986,2.5,3.5,1.0,092180191d8bfbae
280,5,2,0.12158836150789296,0.25498722075951924,0.535596266519242,0.8902993364388652,1.144455614712252,0.9871298385262113,2.5,3.5,1.5,092180191d8bfbae
281,0,3,0.1216987885466062,0.25511799404813673,0.5357674596233819,0.8903665400046243,1.2231599349308042,0.9277173134424251,2.5,3.5,1.0,3a3f3f9608175c9f
281,1,2,0.11286107947941056,0.2445268823187357,0.5216852251293932,0.8847265331956575,0.9905387881496044,1.0695385466938077,2.0,3.0,1.0,3a3f3f9608175c9f
281,2,0,0.14288514671705604,0.27956317155643,0.5666472330229317,0.9019746957862494,1.0088305338561225,0.9151944529554357,1.5,2.5,0.5,3a3f3f9608175c9f
281,3,1,0.15461653026867345,0.2926138911214996,0.5822682127291968,0.9074817545848134,0.8984138531970611,1.1316629819545194,2.5,3.5,1.5,3a3f3f9608175c9f
281,4,4,0.1836787832473461,0.32374903862598586,0.6173271557605601,0.9190415041500062,1.0463513002000693,0.9415519747718171,2.0,3.0,1.0,3a3f3f9608175c9f
281,5,5,0.13920760732012327,0.27540562162761906,0.5615480888159289,0.90012580958935,1.1485847695682194,1.150836723167545,2.5,3.5,1.5,3a3f3f9608175c9f
282,0,2,0.12579904625355512,0.2599472903361856,0.5420434278371113,0.8928077894882006,0.8588412329656667,0.7512113561759375,2.5,3.5,1.5,79676560d2128e07
282,1,5,0.17575270487182,0.31540907491167774,0.6082264509399015,0.9161414437605382,1.0870033415054408,0.9923292910906383,2.0,3.0,1.0,79676560d2128e07
282,2,4,0.10273119181842237,0.2320470314798486,0.5045063472236112,0.8775253577486075,1.0129594649011988,0.7873027136540128,1.5,2.5,1.0,79676560d2128e07
282,3,3,0.14018539593890217,0.27651429792396937,0.5629137911944118,0.9006235338068329,1.0054749629570765,1.291115081343591,2.0,3.0,1.0,79676560d2128e07
282,4,0,0.08289912315854352,0.20633048256538133,0.4669548181238241,0.8604223484666055,0.9475195243377575,0.8050777653460344,1.5,2.5,1.0,79676560d2128e07
282,5,1,0.15822198112352442,0.2965642742657165,0.5868847270994494,0.9090655038478058,1.0302188834073345,1.0171190412386957,1.5,2.5,1.0,79676560d2128e07
283,0,3,0.150414480588963,0.2879748679590311,0.5767813491975217,0.9055738060064769,0.831826441250973,1.0345432651844635,1.5,2.0,0.5,07618f5125219886
283,1,2,0.1887610336896463,0.3290429132765544,0.6229990515960933,0.9208150730595435,0.8832600687777836,1.3415418126104124,1.5,2.5,1.0,07618f5125219886
283,2,5,0.12551987808294945,0.2596200913017582,0.5416210210676751,0.8926448400048468,0.9051895197743826,1.1916174610068992,2.0,3.0,1.0,07618f5125219886
283,3,0,0.11145932168731408,0.2428226511805593,0.5193773247129886,0.8837800915258444,0.8851981749941402,0.6770093126923928,2.0,3.0,1.0,07618f5125219886
283,4,1,0.1860263080742736,0.32619937849494396,0.6199624452413853,0.9198687290292219,0.7181635340978497,1.1193447050437975,2.0,3.0,1.0,07618f5125219886
283,5,4,0.1986982584979208,0.3392803205725158,0.633743711503391,0.9241058679648702,1.2762899444376874,0.9430997029575179,2.0,3.0,1.0,07618f5125219886
284,0,1,0.17258863236234134,0.31204983582923834,0.6045023714880344,0.9149349546149359,1.0426145165367882,1.2008728291350919,2.5,3.5,1.5,f5a44d2bd4433036
284,1,2,0.16628697605676163,0.3053057828171909,0.5969220009284159,0.9124427383633846,0.9624829055682418,1.1784165866186382,2.0,3.0,1.0,f5a44d2bd4433036
284,2,3,0.13058891290197544,0.2655260380920087,0.5491836021435259,0.895533073782788,1.060897855971364,1.0320015947217178,1.5,2.5,1.0,f5a44d2bd4433036
284,3,0,0.16465205716793624,0.3035439902088063,0.5949185161780471,0.9117757478333168,0.9585860478427848,0.7021345858012922,2.0,3.0,1.0,f5a44d2bd4433036
284,4,5,0.17777160475260068,0.31754341566679367,0.6105750217126239,0.9168963571630737,1.0914492887291662,0.9834471742946993,2.0,3.0,1.0,f5a44d2bd4433036
284,5,4,0.20066457474251248,0.34128904818398403,0.6358181447412107,0.9247310479886001,1.054522293002638,1.134129799537702,2.5,3.5,1.0,f5a44d2bd4433036
285,0,1,0.19320925073855594,0.3336435888789698,0.6278637050170032,0.9223160235171582,0.9641115366482226,0.5381912838479951,2.5,3.5,1.0,bc9286589dc7ddd0
285,1,4,0.14740532502175546,0.28462877101582357,0.5727789880429843,0.9041641790994873,1.0195936940287729,0.6098016317501977,2.0,3.0,1.0,bc9286589dc7ddd0
285,2,2,0.13749764136795584,0.2734609615852942,0.5591420782093702,0.8992443865442128,0.79469345564237,1.3239628513307284,1.5,2.5,1.0,bc9286589dc7ddd0
285,3,3,0.09794372987623895,0.2260071086477221,0.4959546032878084,0.8738011537630961,1.1143295338936707,0.8600497383912339,1.5,2.5,1.0,bc9286589dc7ddd0
285,4,5,0.14180045206406006,0.27834035135231094,0.5651537553972472,0.9014358511623394,0.96693083876645,1.261912302441375,2.5,3.5,1.0,bc9286589dc7ddd0
285,5,0,0.14680091027044623,0.2839541932939724,0.5719675110646819,0.9038765126541408,0.9382305246067116,0.6794074287552907,2.0,3.0,1.0,bc9286589dc7ddd0
286,0,0,0.1713143738409304,0.3106919672878541,0.6029873360270595,0.9144407833957073,1.247388274315275,1.0304673769874964,1.5,2.5,0.5,f11d1f2481bcacc9
286,1,4,0.19157329220702363,0.3319550357074331,0.6260851621384246,0.9217694071425959,0.9631950240787968,1.2896952900447436,2.5,3.5,1.0,f11d1f2481bcacc9
286,2,2,0.2171064436161669,0.3578819462028524,0.6525450806731276,0.9296562703387065,0.9373678717575226,0.8990774247516828,2.0,3.0,1.0,f11d1f2481bcacc9
286,3,5,0.15999214614829343,0.298493977297544,0.5891214209856165,0.9098258606348264,0.9709698090268761,1.2977152428557261,2.0,3.5,1.0,f11d1f2481bcacc9
286,4,1,0.1539236266105002,0.29185156201201723,0.581371454888127,0.907171840793334,0.9618515544955298,0.7554849821593683,2.0,3.0,1.0,f11d1f2481bcacc9
286,5,3,0.1252177280697064,0.25926569588928017,0.541163046633826,0.8924679497283792,1.0761942339109336,1.1110290496424429,1.5,2.5,0.5,f11d1f2481bcacc9
287,0,1,0.14972208759599798,0.287206752637034,0.57586592447306,0.905252736699808,1.0436026795987277,1.1607334177745914,2.0,3.5,1.0,ef12e23628469c29
287,1,4,0.19484147074705194,0.33532432095102055,0.6296261340102794,0.9228552756860908,0.9540157577445585,1.051095533139019,2.0,3.0,1.0,ef12e23628469c29
287,2,0,0.16874499334256138,0.30794505421743384,0.5999052456991526,0.9134294365004489,0.7290953367775523,0.9955214654412294,2.0,3.0,1.0,ef12e23628469c29
287,3,2,0.16683240819470582,0.3058924126563329,0.5975869554813953,0.9126633378699657,1.0305104076690208,1.0021145154200717,2.0,3.0,1.0,ef12e23628469c29
287,4,3,0.12695619960216406,0.2613010847116214,0.5437868470774375,0.8934782852990812,0.8046501793679843,1.186953817414971,2.5,3.5,1.5,ef12e23628469c29
287,5,5,0.10974181682142073,0.24072493213359916,0.5165202588529917,0.8825995728088499,0.7729232239699443,0.8668210344045327,2.0,3.0,1.0,ef12e23628469c29
288,0,0,0.1432880053495687,0.28001660561149266,0.5671997072386972,0.9021734712124428,1.0057382934846286,1.061523616159616,2.0,3.0,1.0,6158c40b860aa37e
288,1,4,0.16283423185772486,0.3015790598478256,0.5926725176289618,0.9110238306442453,1.105755262322792,0.9165961807702137,1.5,2.5,1.0,6158c40b860aa37e
288,2,5,0.13074498702263893,0.26570672165597287,0.5494129202125297,0.8956196985652034,0.8980756771048362,1.1235058065089794,1.5,2.5,0.5,6158c40b860aa37e
288,3,2,0.11832768291569688,0.2511083738168346,0.5304882860730921,0.8882789411562046,1.225424950505404,0.8249290056129394,2.0,3.0,1.0,6158c40b860aa37e
288,4,3,0.15176846252594742,0.2894738537762644,0.5785621184602139,0.9061961170955765,1.0947470995721493,1.093309661460404,2.0,3.0,1.0,6158c40b860aa37e
288,5,1,0.15506880994951677,0.29311093574114155,0.5828518762503996,0.9076830660218501,0.990909804623761,0.9894687434434635,2.5,3.5,1.5,6158c40b860aa37e
289,0,5,0.17030267377653638,0.3096118007404178,0.6017781290669544,0.9140449665812883,0.9631391734232615,0.7302385736122499,2.0,3.5,1.0,857bfe8f3ed7cabd
289,1,3,0.11375876864490236,0.24561464358002374,0.5231521305432977,0.8853247964095994,1.178651218994646,1.2224008020621486,2.0,3.0,1.0,857bfe8f3ed7cabd
289,2,0,0.13464915758952314,0.27020479087952315,0.555083145469816,0.8977440904743186,0.8448256416482636,0.8334597614134869,2.0,3.0,1.0,857bfe8f3ed7cabd
289,3,4,0.15937279321263187,0.2978195277810379,0.588341038496333,0.9095610845537608,0.762157373682156,0.5951960385028721,2.0,3.5,1.0,857bfe8f3ed7cabd
289,4,2,0.15833742740298862,0.2966903197864482,0.5870311914896682,0.9091154322092594,1.133471544525473,0.5548647949428264,1.5,2.5,1.0,857bfe8f3ed7cabd
289,5,1,0.15457881132521228,0.2925724192745496,0.5822194769716704,0.9074649309161847,0.9786243736898437,1.2965383750682928,2.5,3.5,1.5,857bfe8f3ed7cabd
290,0,0,0.16674610039209972,0.3057996232048163,0.5974818484824561,0.9126284940722387,1.074600079595971,1.4084604103036564,1.5,2.5,0.5,681debeff15f083c
290,1,1,0.1780316304709847,0.3178178034539567,0.6108759675714579,0.9169927617052088,0.802131668003375,0.8336253603852677,2.5,3.5,1.0,681debeff15f083c
290,2,4,0.13628777283379567,0.2720805150401296,0.5574259527580816,0.8986121134246873,1.118142594280565,1.0541790606730168,2.0,3.0,1.0,681debeff15f083c
290,3,2,0.12550587955300924,0.2596036782463802,0.5415998214917396,0.8926366568341718,1.1452631211524271,0.6605177445144532,1.5,2.5,0.5,681debeff15f083c
290,4,3,0.20375847425824165,0.34443877562334885,0.6390490075845283,0.9256983261902147,0.8499806493195445,1.0967093320435486,2.5,3.5,1.0,681debeff15f083c
290,5,5,0.11087748754117763,0.24211320925888916,0.5184130939818858,0.883382780873922,0.9851435279945286,1.007456698992534,2.0,3.0,1.0,681debeff15f083c
291,0,2,0.13074917874696865,0.2657115733884287,0.549419076222141,0.8956220232288886,0.944419407813235,1.14590321125921,2.0,3.0,1.0,642d76d8f0b24a90
291,1,4,0.16957058560999022,0.3088290073550823,0.6008995866875303,0.9137566049027016,1.0890696080729816,1.133505064475858,1.5,3.0,1.0,642d76d8f0b24a90
291,2,3,0.10608895946387177,0.23622707136182694,0.5103328472673312,0.880008772848062,0.8094932257306429,0.9251571521563448,2.0,3.0,1.0,642d76d8f0b24a90
291,3,1,0.14894099056046517,0.28633894339175797,0.5748292978971309,0.904888199480011,1.0588459904331005,1.1032640406705028,2.0,3.0,1.0,642d76d8f0b24a90
291,4,0,0.1409964513388458,0.27743211638504045,0.5640411131512137,0.9010329776423205,1.1530584550877712,1.0357701357170506,1.5,2.5,1.0,642d76d8f0b24a90
291,5,5,0.16058516374785844,0.2991390249384282,0.5898664179195738,0.9100781204034324,0.9665968062305486,1.2064039904569412,2.0,3.0,1.0,642d76d8f0b24a90
292,0,1,0.16885257072266097,0.30806030737828927,0.6000350281541064,0.9134721870888866,1.1271963676084107,1.3391434369932242,2.0,3.5,1.0,c5315199610172e8
292,1,0,0.16273279928193896,0.30146922953937466,0.5925466169140777,0.9109815496446877,1.1866125971895265,1.0491548997362399,1.5,2.0,0.5,c5315199610172e8
292,2,3,0.19876858910559408,0.339352262267835,0.6338181954138632,0.9241283716259753,1.1502912557639724,1.217262750414731,2.5,3.5,1.0,c5315199610172e8
292,3,4,0.14668432403767473,0.2838239763008453,0.5718106891395475,0.9038208467010176,0.977784322479827,1.1474670375932727,2.5,3.5,1.5,c5315199610172e8
292,4,2,0.16805431261007656,0.30720458211327656,0.599070448102613,0.913154105725785,1.1834245804304708,1.1548162105975144,2.5,3.5,1.0,c5315199610172e8
292,5,5,0.11126059586600487,0.2425804776817059,0.5190484085038017,0.8836446875689254,0.9811718226404362,0.7215400086938892,1.5,2.5,0.5,c5315199610172e8
293,0,0,0.10906117798375564,0.23989063531070756,0.5153789239693564,0.8821252128002525,0.8333167798272383,0.9846849340085814,2.0,3.0,1.0,2d10456f0d4cc687
293,1,1,0.1885781721510432,0.328853138992434,0.6227971081998143,0.920752364620685,0.9215306439890502,1.05525186454155,2.0,3.0,1.0,2d10456f0d4cc687
293,2,5,0.16244080779631734,0.3011529511059281,0.592183846885665,0.9108596427119947,0.9940483302632985,0.9901240346655895,2.0,3.0,1.0,2d10456f0d4cc687
293,3,4,0.134002781495348,0.26946293247682707,0.5541530456441198,0.8973979164688781,1.070219316632374,0.8272025220708947,2.0,3.0,1.0,2d10456f0d4cc687
293,4,3,0.13743155369033144,0.27338565371891266,0.559048633674337,0.8992100358067807,0.7801612686515345,1.2958393410101146,2.0,3.0,1.0,2d10456f0d4cc687
293,5,2,0.1665596673900124,0.305599141316703,0.5972546616340759,0.9125531470388761,0.9212934187559925,0.9838900379461111,2.0,3.0,1.0,2d10456f0d4cc687
294,0,0,0.12432533636999674,0.258217407898456,0.5398055824034695,0.8919422868408872,0.9265407881587574,1.1523798270908452,2.0,3.0,1.0,3b3c3e86c24e1939
294,1,2,0.16529627965416366,0.30423881494938776,0.595709821552542,0.9120396048491581,0.951230923063779,1.0396571658338032,2.0,3.0,1.0,3b3c3e86c24e1939
294,2,4,0.09662606421759345,0.22432737052903173,0.4935479068930356,0.8727356366369662,0.9217663649248098,0.7271619077459356,2.0,3.0,1.0,3b3c3e86c24e1939
294,3,3,0.18255434713901714,0.32257221959648447,0.6160553458666358,0.918640283995223,0.9284415616547638,0.9786716509123012,1.5,2.5,0.5,3b3c3e86c24e1939
294,4,1,0.17085325504485008,0.3101998724601327,0.6024368963029643,0.9142607592638488,1.0079318754505597,1.2238884076632663,1.5,2.5,1.0,3b3c3e86c24e1939
294,5,5,0.13125392055741836,0.2662954330584919,0.5501592595588174,0.8959012435934249,0.977655091762527,1.2896358276505975,1.5,2.0,0.5,3b3c3e86c24e1939
295,0,0,0.11047078414381462,0.24161658240107567,0.5177368819374649,0.8831034792861219,0.9715136371493793,0.9228803805516677,2.0,3.0,1.0,170270123f1304cd
295,1,4,0.09924543197225445,0.22765900500544828,0.49830927089978916,0.8748361603183452,0.9722397018058708,0.9950721708338619,2.5,3.5,1.5,170270123f1304cd
295,2,1,0.13623755581497937,0.27202313603276806,0.5573544732957328,0.8985857130906084,1.0716741471867657,0.8981332834896292,2.0,3.0,1.0,170270123f1304cd
295,3,3,0.1278123104161341,0.26230016536440326,0.5450690413753685,0.8939693008843905,1.006368559027003,1.2186408780313116,3.0,4.0,1.5,170270123f1304cd
295,4,2,0.14464101236085988,0.28153662785828587,0.5690465413765556,0.9028357761054728,0.7333467177833035,1.0292440062049253,2.0,3.0,1.0,170270123f1304cd
295,5,5,0.15943823984021566,0.2978908330643511,0.5884236125279867,0.9095891270344327,1.0088582709670102,0.963226778868937,2.0,3.0,1.0,170270123f1304cd
296,0,4,0.16431796259928533,0.3031833393667082,0.5945071889764534,0.9116383757411495,1.1657375523169538,1.198666989321894,2.0,3.0,1.0,64502f4c60430592
296,1,1,0.15904631694755028,0.2974636962713101,0.587928728426475,0.9094209704040432,0.9228940358547841,0.7421045979100485,2.0,3.0,1.0,64502f4c60430592
296,2,3,0.1167843501857489,0.24926046653862843,0.528034050993129,0.8872976177524086,1.0140679079109909,0.7995700784458198,2.0,3.0,1.0,64502f4c60430592
296,3,2,0.0977828690577019,0.2258024580529319,0.4956620515401514,0.8736720463442121,1.0265068314041916,0.9213468179862225,1.5,2.5,1.0,64502f4c60430592
296,4,5,0.10960137468575579,0.2405529241981069,0.5162851837439454,0.8825020010622051,1.071994616963452,1.0381524255548424,2.5,3.5,1.5,64502f4c60430592
296,5,0,0.12648738342463317,0.26075307339383835,0.5430819498518048,0.8932075884607484,0.8070881735217244,1.111090665667817,2.0,3.0,1.0,64502f4c60430592
297,0,3,0.17585462294465126,0.3155169886798288,0.6083455225971632,0.9161798278354153,0.888633739579612,1.13295312904551,1.5,2.5,1.0,0bb237429c45fcb9
297,1,0,0.12242757158268863,0.2559801056725804,0.536894382623963,0.8908081074885055,1.0896491130921429,1.0695919811942751,2.0,3.0,1.0,0bb237429c45fcb9
297,2,4,0.09293429543982734,0.21957910624467702,0.48667652365981534,0.8696501987141441,1.1125717680768523,1.0647442953154138,2.0,3.0,1.0,0bb237429c45fcb9
297,3,5,0.20909328490738577,0.3498393856904001,0.6445273662819981,0.9273208440328026,1.011262074381883,1.0774108905426976,2.0,3.0,1.0,0bb237429c45fcb9
297,4,2,0.16943822483688412,0.308687374422806,0.6007404285259123,0.9137042940996303,0.7699052335580887,0.6716060046053376,2.5,3.5,1.0,0bb237429c45fcb9
297,5,1,0.09580013835869848,0.2232705309891817,0.49202726580417677,0.8720583826796784,1.075531532445878,1.0419567362785471,2.0,3.5,1.0,0bb237429c45fcb9
298,0,0,0.16822270791402913,0.30738519867143466,0.5992742289080654,0.9132213716265362,1.047672935071632,1.2751623425197294,1.5,2.0,0.5,f5cfa6c58bd33b7b
298,1,1,0.13417870593650594,0.2696649546246078,0.5544065271953994,0.8974923484611048,1.057352184758642,0.7813561941614211,2.0,3.0,1.0,f5cfa6c58bd33b7b
298,2,5,0.18282425454287343,0.3228548878912903,0.6163611973885834,0.9187368907091659,0.9387606327019373,0.8533790597802438,2.0,3.0,1.0,f5cfa6c58bd33b7b
298,3,3,0.10250522597659525,0.23176410574732476,0.5041092887716165,0.877354547879132,0.8185294687399555,0.7679337957730354,1.5,2.5,1.0,f5cfa6c58bd33b7b
298,4,4,0.1953237317952733,0.3358201659526541,0.6301445876468124,0.9230134527981506,0.8886834388718283,1.0018359613787242,1.5,2.5,0.5,f5cfa6c58bd33b7b
298,5,2,0.21054265229228764,0.3513001386599744,0.6459960010354256,0.9277520846049454,1.0022348410705644,1.012221437722679,2.0,3.0,1.0,f5cfa6c58bd33b7b
299,0,5,0.17680613390479047,0.3165236111866244,0.6094545499827503,0.9165367687168587,0.9442862578358912,1.1969228298276335,1.5,2.5,0.5,3c75bebc7c2d07d1
299,1,3,0.1651497865842599,0.3040808850041951,0.5955300950712497,0.9119797240590863,1.19199014295998,0.9099284652264823,2.5,3.5,1.5,3c75bebc7c2d07d1
299,2,2,0.14365564133242986,0.2804300548865872,0.5677028414069096,0.9023542339466447,1.0020306617883774,1.2900954040134132,2.5,3.5,1.5,3c75bebc7c2d07d1
299,3,4,0.09081114375390281,0.21681914414341125,0.4826355405884884,0.8678051442167979,1.0564060395716568,0.9943395167247459,1.5,2.5,1.0,3c75bebc7c2d07d1
299,4,0,0.12929697627733,0.26402777448862536,0.5472773979197694,0.8948108491978822,1.2508311232824505,0.9382338701276027,1.5,2.5,1.0,3c75bebc7c2d07d1
299,5,1,0.20542681649055128,0.3461317873449762,0.6407746817845258,0.9262117950698203,0.9521916748650321,0.9997826089346258,2.0,3.0,1.0,3c75bebc7c2d07d1
300,0,4,0.1469242908322309,0.28409196477348986,0.5721333679777769,0.9039353599430974,1.086302068719088,1.1563174466217936,2.5,3.5,1.5,c2ea4001987a8e65
300,1,3,0.19218915779811088,0.33259117096583585,0.6267561340640588,0.9219759115154276,1.0580330310676207,1.1603570291709424,1.5,2.5,1.0,c2ea4001987a8e65
300,2,5,0.1044317411313056,0.23416961870305178,0.5074742693115043,0.8787957402296435,1.0208485171425714,0.8246238518738801,2.5,3.5,1.0,c2ea4001987a8e65
300,3,1,0.12239592285890546,0.255942701069279,0.5368455480772594,0.890789001786685,1.2344303713712697,1.3784193581400022,1.5,2.5,1.0,c2ea4001987a8e65
300,4,2,0.1103891015132081,0.24151676713272843,0.5176008503098453,0.8830472261966441,1.199877117627044,1.0567761043682653,2.0,3.0,1.0,c2ea4001987a8e65
300,5,0,0.15687955319942748,0.29509658275404205,0.5851754850994407,0.9084813988996884,0.8609201658849451,0.7956682879120625,1.5,2.5,1.0,c2ea4001987a8e65
301,0,1,0.14466157205969832,0.2815596918723813,0.5690745028001841,0.9028457779416932,1.0091677212649404,1.2226114728525324,1.5,2.5,0.5,cb94aee55c21f98f
301,1,5,0.13736881958887878,0.27331415692731686,0.5589598993182466,0.8991774083566002,1.1785929757231626,0.8926139139696128,2.5,3.5,1.5,cb94aee55c21f98f
301,2,0,0.14464859126759583,0.28154513004529996,0.5690568491301167,0.9028394632904144,1.283995347186024,1.0258627397243854,2.5,3.5,1.0,cb94aee55c21f98f
301,3,3,0.14376291703099947,0.280550637850242,0.567849469532592,0.9024068668692238,0.9895851903780633,0.9289436049483698,2.0,3.5,1.0,cb94aee55c21f98f
301,4,4,0.1522385370433931,0.28999332840556796,0.5791774958287556,0.9064104762344025,0.8538502968669003,0.9449294430886901,2.0,3.0,1.0,cb94aee55c21f98f
301,5,2,0.16724765640377567,0.30633864986945,0.5980920553817085,0.9128306486800857,0.9208340663261202,1.1742051083870686,2.0,3.0,1.0,cb94aee55c21f98f
302,0,4,0.14106388835683642,0.27750835724764006,0.5641346238647464,0.9010668839589234,0.9312230783084273,0.7604933741271849,2.0,3.5,1.0,d6104feb65bb0630
302,1,3,0.13014122754875657,0.2650073858113013,0.5485246744162025,0.895283854593497,1.2305409198897999,1.0108720546210415,2.0,3.0,1.0,d6104feb65bb0630
302,2,5,0.18751176537564282,0.3277453868983316,0.6216162824255246,0.9203850448584489,0.9249562485138256,0.9842268114116326,3.0,4.0,1.5,d6104feb65bb0630
302,3,2,0.17077945740142544,0.31012108168544644,0.60234869502935,0.9142318885974191,1.075166754834155,1.0739602632614555,1.5,2.5,1.0,d6104feb65bb0630
302,4,0,0.17933877659420125,0.31919541640540056,0.612383552410177,0.9174745765684789,1.180853300444174,0.5151358594949081,2.0,3.0,1.0,d6104feb65bb0630
302,5,1,0.11277606640165877,0.24442372289604797,0.5215458604140897,0.8846695617850456,0.8459307225212701,1.2864211793805218,2.0,3.0,1.0,d6104feb65bb0630
303,0,3,0.13405068115249305,0.26951794604995727,0.554222087036555,0.8974236437324266,1.1072554413982505,0.9775723582976741,1.5,2.5,0.5,a8494e7fb786be3a
303,1,2,0.16861361154503335,0.30780426915019427,0.5997466570608644,0.9133771774183976,0.8712698762141581,0.8777575790318621,2.0,3.0,1.0,a8494e7fb786be3a
303,2,4,0.14151803641138186,0.2780215026890988,0.5647634755578131,0.9012946755848368,0.8731163950101999,1.488065327937104,2.0,3.0,1.0,a8494e7fb786be3a
303,3,1,0.14283583635847602,0.27950764384550203,0.5665795277290511,0.9019503153771302,1.1568217581769977,1.2977036160253144,2.5,3.5,1.0,a8494e7fb786be3a
303,4,0,0.12612977506142733,0.2603346229902622,0.5425429421561626,0.8930002334670255,0.9433358121660983,1.0850559539747195,2.0,3.0,1.0,a8494e7fb786be3a
303,5,5,0.15124645593977393,0.28889642212298666,0.5778770288814533,0.9059570571655045,1.0656916504538712,1.028087614666684,2.5,3.5,1.0,a8494e7fb786be3a
304,0,5,0.12556655208225193,0.25967481163008044,0.5416916920473757,0.8926721159078149,1.0041194365167616,1.2109060117954158,2.0,3.0,1.0,462928ccc1f12ac3
304,1,1,0.10079698392942193,0.22961845488654067,0.501086855966217,0.8760476644393757,0.9481749960433443,0.5940540556158784,2.5,3.5,1.5,462928ccc1f12ac3
304,2,0,0.1399807538140413,0.2762824598766308,0.5626285643978226,0.9005197383776034,0.9069475422252454,0.8362600109313687,2.5,3.5,1.0,462928ccc1f12ac3
304,3,4,0.1366438493694018,0.2724871874981364,0.5579322233693328,0.8987989508856414,1.0053928266176542,0.6513174376397659,2.0,3.0,1.0,462928ccc1f12ac3
304,4,2,0.15243240994993523,0.2902074349585975,0.5794308683889484,0.9064986325408875,1.2454821636053035,0.9594378281997957,2.5,3.5,1.0,462928ccc1f12ac3
304,5,3,0.1701951582597676,0.30949689988825957,0.6016492916215143,0.9140027199204038,1.0059995822545715,0.7557022521910632,1.5,2.5,0.5,462928ccc1f12ac3
305,0,4,0.11091713231202953,0.2421615876120588,0.5184789123719797,0.8834099369144803,1.2253163056444567,1.2209287317078383,1.5,2.5,1.0,c44bba97ac2c026a
305,1,0,0.12438934161883847,0.2582926740504557,0.5399031865401314,0.8919801504449176,1.098835150434147,1.2815206390142497,1.5,2.5,1.0,c44bba97ac2c026a
305,2,3,0.17034868802688502,0.3096609693163126,0.6018332490514867,0.9140630364610131,0.9432093791595786,1.064386496040226,1.5,2.5,1.0,c44bba97ac2c026a
305,3,2,0.1543337882011795,0.2923029434559674,0.5819026638520473,0.9073555129950551,1.0804057676098662,0.7180134669350324,3.0,4.0,1.5,c44bba97ac2c026a
305,4,1,0.12890778593295688,0.2635755068224468,0.5467003517069751,0.8945914551912834,1.1031281000018627,0.9715644950635198,2.5,3.5,1.5,c44bba97ac2c026a
305,5,5,0.1712536337509837,0.3106271689019756,0.6029148971374138,0.9144171066204742,1.112236958420979,0.9954141143724509,1.5,2.5,0.5,c44bba97ac2c026a
306,0,1,0.13744032437702602,0.27339564868862964,0.5590610369339634,0.8992145958247567,1.0155647673194594,0.9724704070437862,2.5,3.5,1.0,091164b6a065f5ea
306,1,0,0.1639404879968901,0.3027756012466008,0.5940416650783132,0.9114827239770787,1.0295171172807598,0.8043723489456349,1.5,2.5,0.5,091164b6a065f5ea
306,2,4,0.12736117859260424,0.2617739595714952,0.5443941894832346,0.8937110877868373,1.1172277011961451,1.3260675712277932,2.5,3.5,1.0,091164b6a065f5ea
306,3,2,0.1354060012641809,0.27107202720695794,0.5561679126507162,0.8981467031518957,1.1676304134941449,1.1377574796343994,2.0,3.0,1.0,091164b6a065f5ea
306,4,3,0.20925451879884574,0.35000202131019326,0.6446911543812085,0.9273690151718869,1.16157458953148,0.5847875103303466,2.0,3.0,1.0,091164b6a065f5ea
306,5,5,0.10162241917496966,0.23065675920377265,0.5025519263569879,0.8766826293402848,1.0254210855383339,1.2564838084925982,2.0,3.0,1.0,091164b6a065f5ea
307,0,5,0.16890089790439894,0.30811207580826605,0.6000933093926973,0.9134913803251793,0.9448773195981361,1.023381563322348,1.5,2.0,0.5,15ed649d7318ad25
307,1,3,0.10388953900493048,0.23349411532147074,0.5065318272526309,0.8783935550891588,0.7638719484071074,0.7456230189846247,2.0,3.0,1.0,15ed649d7318ad25
307,2,1,0.15991636424476985,0.2984114955277868,0.5890260625694661,0.9097935358330446,1.0439110103858216,1.0916218085982576,1.5,2.5,0.5,15ed649d7318ad25
307,3,4,0.16134086060095176,0.2999600055867428,0.5908126830345584,0.9103978142457368,0.9765360457183871,0.873125902573667,1.5,2.5,0.5,15ed649d7318ad25
307,4,0,0.17483191517465524,0.31443329937124,0.6071481994196267,0.9157933188437177,0.9199840205560726,1.1446550029648819,1.5,2.5,0.5,15ed649d7318ad25
307,5,2,0.10811759621567021,0.23873119046581093,0.5137879938785016,0.8814613336414868,0.8398810812989195,1.0403145506212976,2.0,3.0,1.0,15ed649d7318ad25
308,0,2,0.11872933749387451,0.2515880154211988,0.5311231045362887,0.8885316473387372,1.0156793017896733,0.8422206236611909,1.5,2.5,1.0,055318187e678d83
308,1,4,0.17538729109130452,0.31502201643638117,0.6077990852138967,0.9160035803275527,1.0735628340065593,0.983270741222243,1.5,2.5,1.0,055318187e678d83
308,2,0,0.188424398845888,0.32869351258328755,0.622627166824727,0.9206995687081778,1.0272161213820885,1.0262827826840502,2.0,3.0,1.0,055318187e678d83
308,3,3,0.15690734964306646,0.29512701070341246,0.5852109918556935,0.9084935597890174,1.12056476433071,1.0038606845686013,2.5,3.5,1.5,055318187e678d83
308,4,1,0.13400996017893735,0.26947117770793955,0.5541633940128439,0.8974017729513272,1.1365407801274516,0.6685973264245465,1.5,2.5,1.0,055318187e678d83
308,5,5,0.1652469152788671,0.3041856012261309,0.5956492723254415,0.9120194343771214,0.7925199274611722,0.7982363916126578,2.5,3.5,1.0,055318187e678d83
309,0,3,0.1511979239475599,0.28884270670226186,0.5778132420266265,0.9059347765156271,1.0099967154096676,0.6623509445583076,2.5,3.5,1.0,3d6f8a8a5c80a59b
309,1,1,0.15719457508258877,0.295441334056656,0.5855776034718796,0.908619055252164,0.8991617517216541,1.1973350768688853,2.5,3.5,1.0,3d6f8a8a5c80a59b
309,2,2,0.08500933121807562,0.20916080186925942,0.47123753467772667,0.8624748228601729,0.8322785211298384,1.0901514793167324,1.5,2.5,0.5,3d6f8a8a5c80a59b
309,3,5,0.17048077684910323,0.30980209156143385,0.6019914117222447,0.9141148722224409,1.0118437581078952,1.3575926955431739,2.5,3.5,1.5,3d6f8a8a5c80a59b
309,4,4,0.1458918640700131,0.2829380299098077,0.5707421950029041,0.9034409399098012,1.1421551507057404,1.0145693804318257,2.0,3.0,1.0,3d6f8a8a5c80a59b
309,5,0,0.14749665471092382,0.28473062956472395,0.5729013832192439,0.9042075130023369,0.912275242751696,1.0935860599770335,1.5,2.5,0.5,3d6f8a8a5c80a59b
310,0,4,0.16584985964353208,0.3048352438104444,0.5963878614718091,0.9122652580948485,1.1001088148092817,1.0999141125110214,2.0,3.0,1.0,28ef0da24873c972
310,1,1,0.1754127255855749,0.3150489650022055,0.6078288546701854,0.916013188559727,0.885791079924232,1.3702351643107873,2.5,3.5,1.0,28ef0da24873c972
310,2,5,0.11951821835781361,0.252528549998066,0.5323653062546863,0.8890248086639961,1.0665694136034034,1.2057554826417936,1.5,2.5,1.0,28ef0da24873c972
310,3,2,0.13926031299677855,0.2754654436130546,0.5616218902381644,0.9001527539711213,1.0301481124565381,1.3694902745396886,2.5,3.5,1.5,28ef0da24873c972
310,4,3,0.16522672198279587,0.30416383194972185,0.5956244995997698,0.9120111810335633,0.7871369386343374,1.0269977104981465,2.0,3.0,1.0,28ef0da24873c972
310,5,0,0.11812799515203871,0.2508697183919577,0.5301720820575831,0.8881528957932425,0.9780346859313848,1.2066376686708757,1.5,2.5,1.0,28ef0da24873c972
311,0,4,0.16298358028784785,0.30174073637962767,0.5928577811968916,0.9110860218353283,1.111904518372831,0.9211095462302261,2.0,3.0,1.0,79af0976b453fbcf
311,1,3,0.144794216614044,0.28170846943561556,0.5692548277253561,0.9029102621117271,0.9158246964593445,0.8736266652444198,1.5,2.5,0.5,79af0976b453fbcf
311,2,0,0.17588993319386312,0.3155543719899828,0.6083867630790071,0.9161931194106276,0.8521901175188169,0.6615817917761553,3.0,4.0,1.5,79af0976b453fbcf
311,3,5,0.12084775245790963,0.2541091681207129,0.5344451075438446,0.8898465839068463,1.0145229553051522,0.8667081865982004,2.5,3.5,1.5,79af0976b453fbcf
311,4,2,0.13368878978165458,0.26910215561931833,0.5537000024949338,0.8972289740501888,1.0674004544496893,1.129192118833721,2.0,3.0,1.0,79af0976b453fbcf
311,5,1,0.1353373434742835,0.2709934173505081,0.5560696968027844,0.8981103000481747,1.1285539275767493,0.7638598062463213,2.0,3.0,1.0,79af0976b453fbcf
312,0,0,0.13296152048164228,0.2682655048087287,0.552647561236191,0.8968356900323695,0.9934138159857643,1.0651815693787723,2.0,3.0,1.0,653be89f5253283f
312,1,2,0.14782975064940446,0.2851019641965189,0.5733472874002317,0.9043652635730186,1.1315708236915896,1.1054681272086353,2.5,3.5,1.0,653be89f5253283f
312,2,4,0.20016631250989728,0.3407805533679664,0.6352940498412016,0.9245734052001789,1.0339048626182743,0.6477576177690703,2.0,3.0,1.0,653be89f5253283f
312,3,5,0.09071187952485887,0.21668956721603025,0.48244496293294287,0.8677175610680794,0.8199145066632805,0.7536092545477802,2.0,3.5,1.0,653be89f5253283f
312,4,3,0.128863585259392,0.2635241152124885,0.5466347332157747,0.8945664844131707,0.8950138126614468,1.2441026231424608,2.0,3.0,1.0,653be89f5253283f
312,5,1,0.19379833718449957,0.33425063748802764,0.6285011647550511,0.9225113440080275,1.0754558215327807,1.234426100193583,2.0,3.5,1.0,653be89f5253283f
313,0,2,0.14533561633743147,0.2823152870138614,0.5699895281781809,0.9031726641022216,0.9293513201429006,1.0066511736339618,1.5,2.0,0.5,f9bd8495cee9b6f8
313,1,0,0.16607009389758104,0.30507236280256356,0.5966571170895232,0.9123547556293985,1.043505405254396,0.9872082951299876,2.0,3.0,1.0,f9bd8495cee9b6f8
313,2,4,0.15125006715721825,0.28890041882675976,0.5778817745664667,0.9059587146731604,1.056969453879763,0.8831791240295414,2.0,3.0,1.0,f9bd8495cee9b6f8
313,3,1,0.14815020279630575,0.28545896426351586,0.5737755370805091,0.9045165892793792,1.1149595074602479,1.219760711876998,2.0,3.0,1.0,f9bd8495cee9b6f8
313,4,5,0.11692132236295419,0.2494247879165115,0.5282528360591036,0.8873853805655862,1.0175155048958173,1.1717419226362993,2.0,3.0,1.0,f9bd8495cee9b6f8
313,5,3,0.2059159330761614,0.34662742455931894,0.6412784425509548,0.9263612733520473,0.7575106873476679,1.166243029650948,1.5,2.5,1.0,f9bd8495cee9b6f8
314,0,3,0.1634898023982947,0.3022884211535713,0.5934847532088824,0.9112962650948792,0.9594091942240757,1.1407836000643914,1.5,2.5,1.0,847d32319326ff91
314,1,4,0.16097446462126774,0.2995620992654706,0.5903543237500027,0.9102430583867771,1.0549981807270123,1.0120646448021473,2.0,3.5,1.0,847d32319326ff91
314,2,5,0.12946279325999388,0.2642203356446181,0.5475228549350752,0.8949040647656691,1.0535121349570833,0.7902835661093571,2.5,3.5,1.5,847d32319326ff91
314,3,2,0.19654969869376848,0.3370791396912779,0.6314579226033561,0.9234132226509244,0.9154375715919367,1.1019939252260509,2.5,3.5,1.5,847d32319326ff91
314,4,0,0.19091035088347832,0.33126963681939736,0.625360960447321,0.9215461271705533,1.0190869144150132,0.8986626747563824,2.0,3.0,1.0,847d32319326ff91
314,5,1,0.1742742217930758,0.31384158387876343,0.6064929490980367,0.9155812893881222,1.0831451288812257,1.0711859763638332,1.5,2.0,0.5,847d32319326ff91
315,0,1,0.17714614095836473,0.31688293433362474,0.6098496956473939,0.9166636998202836,0.981125625621948,0.7997599485662663,2.5,3.5,1.0,daa4cf37a1024c81
315,1,5,0.15283375697167717,0.2906504090864549,0.5799545982871932,0.9066806647728611,0.985585748679723,1.078948060933819,1.5,2.5,0.5,daa4cf37a1024c81
315,2,4,0.16291352390476344,0.30166490256069733,0.592770894268058,0.9110568585155443,0.996416875102573,1.0378559920053565,2.0,3.0,1.0,daa4cf37a1024c81
315,3,3,0.18000756320240846,0.31989914733006747,0.6131515168071416,0.9177192961420464,1.0958372149884688,1.0639586700579244,2.5,3.5,1.5,daa4cf37a1024c81
315,4,2,0.13406376161725303,0.2695329681212772,0.5542409376514922,0.8974306672803334,1.0502265372018207,0.9276477650718697,2.0,3.0,1.0,daa4cf37a1024c81
315,5,0,0.16847121337290735,0.30765164317054455,0.5995746609814188,0.9133204757504585,1.2100203328532522,0.9966946570658561,1.5,2.5,0.5,daa4cf37a1024c81
316,0,3,0.16063680271503378,0.29919516122131284,0.5899311894109444,0.9101000288564349,1.118206616599796,1.087536540536759,2.0,3.0,1.0,0f849c60919fb36f
316,1,4,0.14191028844362238,0.2784643045207474,0.5653053816916864,0.9014906581438775,0.7266938043688425,1.3040225722615513,1.5,2.5,0.5,0f849c60919fb36f
316,2,0,0.19108523375767222,0.3314505084491237,0.6255521998184167,0.92160512825439,0.8873848162383035,0.8856107123567669,1.5,2.5,1.0,0f849c60919fb36f
316,3,5,0.13613047288074903,0.2719007589207556,0.557201983445978,0.8985293748053934,1.0448751436135084,1.436214743889306,2.0,3.0,1.0,0f849c60919fb36f
316,4,2,0.13175635155372756,0.2668759207107861,0.5508939242050587,0.8961778117032674,1.0717663251554548,1.1100981100076366,2.0,3.0,1.0,0f849c60919fb36f
316,5,1,0.14415312027657276,0.2809890131144912,0.5683821072516986,0.9025978829988739,1.0522086570872302,1.3172450019008828,1.5,2.5,0.5,0f849c60919fb36f
317,0,4,0.1271882384738035,0.2615720838439288,0.5441350108015682,0.8936117898547044,0.9136899261654766,1.1066062322956536,2.0,3.0,1.0,d284658cb074eea6
317,1,5,0.15538714033096984,0.29346051351851804,0.5832618884459677,0.9078242957275947,1.0599868458991044,1.0683922830079862,1.5,2.5,1.0,d284658cb074eea6
317,2,2,0.1265956124975616,0.26087964218381277,0.5432448535133317,0.8932701950648654,0.9920442971511535,1.08041996829034,2.5,3.5,1.0,d284658cb074eea6
317,3,3,0.15010029119391538,0.28762645032393114,0.5763663575024959,0.9054283530479637,1.089944256585035,1.1531267654866464,1.5,3.0,1.0,d284658cb074eea6
317,4,0,0.12258043567936418,0.2561607273078889,0.5371301220550354,0.8909002992625297,1.1079847568613432,1.180546575383747,2.0,3.0,1.0,d284658cb074eea6
317,5,1,0.19703191486752208,0.33757374231893267,0.6319726905145775,0.9235695552252493,1.055831906386938,0.8627724732945772,2.0,3.0,1.0,d284658cb074eea6
318,0,3,0.17044602945867315,0.30976497090780114,0.6019498146849562,0.9141012414039157,1.0785032253617213,1.400595347414578,3.0,4.0,1.5,d46f4a40702b24db
318,1,0,0.1427891370698086,0.27945505101239526,0.5665153910661682,0.9019272158591176,1.0274218251087428,1.223597136356919,2.0,3.0,1.0,d46f4a40702b24db
318,2,1,0.14068033964146423,0.27707458703105237,0.5636023252275014,0.900873760143817,1.1886837653899587,0.9867188853694566,2.5,3.5,1.0,d46f4a40702b24db
318,3,2,0.13531023990658567,0.2709623816595905,0.5560309144013764,0.8980959228593898,0.9626250428392975,0.9602903029537436,2.0,3.0,1.0,d46f4a40702b24db
318,4,4,0.16333942495882148,0.30212577902935395,0.5932986647093608,0.9112339000701675,0.7784797443684243,0.7518823484820429,2.0,3.0,1.0,d46f4a40702b24db
318,5,5,0.15595753710549695,0.2940863663026602,0.583994937707878,0.908076411326858,1.1983269041863873,0.9756268023974595,2.5,3.5,1.5,d46f4a40702b24db
319,0,1,0.09385710522300393,0.2207719453398299,0.48841227211194005,0.8704357167639767,0.9843336672428771,0.7013857351143452,2.0,3.0,1.0,de2330a78baa0525
319,1,0,0.20474870913093626,0.3454441072991149,0.6400746528735617,0.9260037688350106,0.92881648719407,1.2125316343729942,2.0,3.0,1.0,de2330a78baa0525
319,2,5,0.19825022813732202,0.33882186200558584,0.6332687214085414,0.9239622615444272,1.098654467976916,0.8273419152182828,2.0,3.0,1.0,de2330a78baa0525
319,3,4,0.13102526973244033,0.26603102886389346,0.549824218929654,0.8957749273306643,0.7498559016304592,1.4574238968816209,1.5,2.5,0.5,de2330a78baa0525
319,4,2,0.19707326398750885,0.33761613795686224,0.6320167834584919,0.9235829366613784,1.1216521192280364,1.0286635704198117,2.5,3.5,1.0,de2330a78baa0525
319,5,3,0.12359282993420966,0.2573551453120301,0.5386858687375078,0.8915071652236285,1.0475669071875697,1.0717734065204108,2.5,3.5,1.0,de2330a78baa0525
320,0,4,0.1776703107960324,0.31743649583001765,0.610457692602249,0.91685875187682,0.9051690354404205,0.7137410233741729,2.0,3.0,1.0,f89f925d7633edfc
320,1,3,0.17675346311883727,0.3164679304139841,0.6093932837359725,0.9165170768094228,0.9241483446374186,1.1044362879081229,2.5,3.5,1.5,f89f925d7633edfc
320,2,5,0.12613616199158423,0.26034209986304735,0.542552578947653,0.8930039434891925,1.1151625836700905,0.7357415090912698,2.0,3.5,1.0,f89f925d7633edfc
320,3,2,0.17870523803335314,0.3185280840885072,0.6116539606075513,0.9172416368863148,1.1470444816929377,1.2125090700161176,2.0,3.0,1.0,f89f925d7633edfc
320,4,1,0.14019723167861103,0.27652770338588084,0.5629302779384521,0.9006295309292747,1.0674326409791965,1.1464960884017206,2.5,3.5,1.0,f89f925d7633edfc
320,5,0,0.1511925411587327,0.288836748688313,0.5778061663141106,0.9059323047445976,0.7763181530573389,0.8476638790090245,2.0,3.0,1.0,f89f925d7633edfc
321,0,5,0.1342057084372526,0.2696959555293213,0.5544454115959303,0.8975068285703736,1.0452224291117977,0.9428616176556699,1.5,2.5,1.0,29bac1681aea7846
321,1,0,0.15872385911345852,0.29711203185911206,0.5875208459680341,0.909282209932256,1.1180578387765054,1.1462419474727241,2.0,3.0,1.0,29bac1681aea7846
321,2,1,0.14422097578860432,0.28106520862294293,0.5684746190821287,0.9026310316156444,1.099672746788168,1.212931995716675,2.0,3.0,1.0,29bac1681aea7846
321,3,4,0.1360563995471838,0.2718160885370472,0.5570964471502626,0.8984903698708192,0.892150001097396,1.323131127577436,2.5,3.5,1.5,29bac1681aea7846
321,4,3,0.18062694330202247,0.3205502257033782,0.6138607264154119,0.9179448646454473,1.0470040027322176,0.8566358658287855,1.5,2.5,0.5,29bac1681aea7846
321,5,2,0.11883455152883943,0.2517135717693474,0.5312891324364699,0.8885976631644454,0.897710341755213,1.0627629225891482,2.0,3.0,1.0,29bac1681aea7846
322,0,1,0.20029229564554024,0.34090915660244214,0.635426664489874,0.9246133139257375,0.8782210458843491,0.9781904046589354,2.5,3.5,1.0,7798a5d27fcc1168
322,1,4,0.14874264044932917,0.2861183549020696,0.5745653927118023,0.9047952322618368,0.9607799737075677,1.2227799419190486,1.5,3.0,1.0,7798a5d27fcc1168
322,2,5,0.1592998242346806,0.29774001653032384,0.5882489423710993,0.909529801084562,1.0874687482779626,0.9737387657778565,2.0,3.0,1.0,7798a5d27fcc1168
322,3,3,0.11772465621502864,0.25038727312721243,0.5295321857163304,0.887897469260829,1.0182377844582597,1.1947955656693172,2.0,3.0,1.0,7798a5d27fcc1168
322,4,0,0.18557844116995406,0.32573257362902486,0.6194617381083604,0.9197119829621697,1.1667447927117693,0.6837878934991868,2.0,3.0,1.0,7798a5d27fcc1168
322,5,2,0.18896984167267214,0.3292595517879821,0.6232294571539057,0.9208865804946371,0.8596847597347127,1.23888709948256,1.5,2.5,1.0,7798a5d27fcc1168
323,0,4,0.20695729274818744,0.3476816009454341,0.6423477395550443,0.9266779425114702,0.9351239523403927,1.3603087733065626,2.0,3.0,1.0,c6d3b972bbceb0c6
323,1,1,0.15201026218450486,0.28974112446611805,0.5788788434838198,0.9063064886183925,1.0509159104558832,0.8222841939799171,2.5,3.5,1.0,c6d3b972bbceb0c6
323,2,5,0.2028248630566501,0.3434897070993522,0.638078290230863,0.9254085233233892,1.1115096550888912,0.8307485607941393,1.5,2.5,1.0,c6d3b972bbceb0c6
323,3,0,0.11265862829634596,0.24428117541144498,0.5213532128092416,0.8845907706078371,0.8745450293311077,1.0334571494393954,2.5,3.5,1.0,c6d3b972bbceb0c6
323,4,3,0.14412873430368617,0.28096162723128937,0.5683488521222516,0.9025859650590651,0.8974284517855542,1.0142669187979034,2.5,4.0,1.5,c6d3b972bbceb0c6
323,5,2,0.14554354467048652,0.28254815638218445,0.570271137232978,0.9032731033040758,1.175269392995657,0.8539422836344848,1.5,3.0,1.0,c6d3b972bbceb0c6
324,0,0,0.10615372963780702,0.23630726647092729,0.5104439067231512,0.8800556937332801,1.1040569855530447,1.480911786076379,2.0,3.0,1.0,c99b9ddc00e5095f
324,1,1,0.17602828606284432,0.31570082677833056,0.6085482886596826,0.9162451645617767,0.9682650273358523,1.4372368576240127,1.5,2.5,1.0,c99b9ddc00e5095f
324,2,2,0.17567205213851214,0.3153236647490988,0.6081321849689981,0.9161110476967761,0.9608307961836102,1.3753403052484403,2.0,3.0,1.0,c99b9ddc00e5095f
324,3,4,0.11155924782005036,0.24294437082453782,0.5195425519342471,0.8838480610707283,0.9222186947983434,0.7324604478070857,2.0,3.0,1.0,c99b9ddc00e5095f
324,4,5,0.19141139159769469,0.3317877118407389,0.6259084870001351,0.9217149737798681,1.0002555399022257,0.9977953006506399,2.0,3.0,1.0,c99b9ddc00e5095f
324,5,3,0.1049787684298273,0.23484995072695475,0.5084214889018873,0.8791988309821788,1.2158103041498116,1.2467246298388135,1.5,2.0,0.5,c99b9ddc00e5095f
325,0,1,0.13937536638023668,0.27559600722518024,0.5617829205087521,0.9002115260146285,1.0188469419849548,1.2175265363910346,2.0,3.0,1.0,bc28363fa776efb4
325,1,3,0.13175716783874486,0.2668768632470596,0.5508951160712954,0.8961782599263802,1.2286752978747084,1.082702833509906,2.0,3.0,1.0,bc28363fa776efb4
325,2,2,0.15379269721111657,0.29170739884887337,0.5812016546726777,0.9071130751192892,0.8782360873938634,0.9780814072696606,2.5,3.5,1.0,bc28363fa776efb4
325,3,5,0.20714291859647052,0.34786935974695626,0.6425378842492991,0.9267341655503636,1.200374262639252,0.6451459960136224,2.0,3.0,1.0,bc28363fa776efb4
325,4,0,0.15613282610662615,0.2942785602618259,0.584219793678248,0.9081536466277536,1.1380168119084682,0.7416337663457845,2.0,3.0,1.0,bc28363fa776efb4
325,5,4,0.12900146190847125,0.2636844044354547,0.5468393632431121,0.8946443401205798,0.9425840929773197,1.2827776426378865,2.0,3.0,1.0,bc28363fa776efb4
326,0,3,0.10877184236628565,0.23953546138328427,0.5148921652284338,0.881922422823997,1.13472428525114,1.0573547221678776,1.5,2.5,1.0,4a91fcd91936d4b1
326,1,5,0.16261456406690797,0.30134118003661803,0.5923997828941224,0.9109322209113531,0.8651899367472168,0.8700371773101951,2.0,3.0,1.0,4a91fcd91936d4b1
326,2,0,0.1357178560890118,0.2714289301065874,0.5566135502195435,0.8983117516197009,1.048688207696958,0.7561893191062146,2.0,3.0,1.0,4a91fcd91936d4b1
326,3,1,0.15756303049877626,0.2958443008227501,0.5860471348560966,0.9087796025780063,1.0600431896995843,0.6371013049576353,2.0,3.0,1.0,4a91fcd91936d4b1
326,4,2,0.15770459131072767,0.29599904637793484,0.5862273022126935,0.9088411541455228,1.154432687500961,1.0483792634750848,3.0,4.0,1.5,4a91fcd91936d4b1
326,5,4,0.16327873895959277,0.30206013105164653,0.5932235292828233,0.9112087107880028,0.8193120560732791,0.8567565446817847,2.0,3.0,1.0,4a91fcd91936d4b1
327,0,0,0.17026633131498314,0.3095729642394838,0.6017345865236763,0.9140306902768414,0.944369006082321,1.205380501688106,1.5,2.0,0.5,1b91efd801d4844a
327,1,4,0.1774485691960606,0.31720237772710974,0.610200663199798,0.9167763313414512,0.8723944589108534,1.225209473551128,1.5,2.5,1.0,1b91efd801d4844a
327,2,3,0.11400512648517527,0.2459126738454232,0.5235532067312156,0.8854879281135826,0.7663357767674572,1.123461658023658,2.5,3.5,1.5,1b91efd801d4844a
327,3,5,0.157535001598395,0.2958136564543676,0.5860114469762138,0.9087674068295365,0.8728817526965383,1.0329467642191776,2.0,3.0,1.0,1b91efd801d4844a
327,4,2,0.2034089026724274,0.3440835559618491,0.6386859667852156,0.9255900240390206,0.901740051171683,1.0103612136659803,2.5,3.5,1.0,1b91efd801d4844a
327,5,1,0.14880761288184846,0.28619062163022435,0.5746518684776812,0.9048257028197089,1.1040425513831122,1.032636065863466,1.5,2.5,1.0,1b91efd801d4844a
328,0,3,0.13934752045784188,0.27556441047236335,0.5617439562697205,0.9001973074230023,1.134343405680277,0.7407753438478168,2.0,3.0,1.0,73eb8a35d97a8f0f
328,1,5,0.17862090195596864,0.3184391984892176,0.6115566830816042,0.9172105456600435,0.9326221022685723,0.7940481858814423,2.0,3.0,1.0,73eb8a35d97a8f0f
328,2,4,0.08760965102220407,0.21261493583830787,0.4764124222237119,0.8649183352061578,0.9818908471484662,0.8310052522711143,1.5,2.5,0.5,73eb8a35d97a8f0f
328,3,1,0.15985521888598328,0.2983449358834021,0.5889490960409389,0.9097674395948689,0.746419988530669,0.7149988920419508,2.5,3.5,1.5,73eb8a35d97a8f0f
328,4,2,0.2212456534059695,0.3620051158545601,0.6565917292313678,0.9308176965911649,0.9895781221347768,1.2294588341096269,2.0,3.0,1.0,73eb8a35d97a8f0f
328,5,0,0.13627534317129775,0.272066313261085,0.5574082621003562,0.8986055800161371,1.0473767935663845,1.3209118935487163,2.5,3.5,1.5,73eb8a35d97a8f0f
329,0,3,0.17737481223847945,0.31712448546060384,0.6101151121302081,0.9167488859257811,1.2320315252347622,1.0131133039875895,2.5,3.5,1.0,909e80291ba978d3
329,1,4,0.1284809003133423,0.2630789391962819,0.5460659058881534,0.8943498271458107,1.2603040579017426,1.3653063435223523,1.5,2.5,1.0,909e80291ba978d3
329,2,5,0.09301687880337109,0.21968601952772226,0.48683236078345776,0.8697208940293114,0.8121393918099441,0.9199890192362954,1.5,2.5,1.0,909e80291ba978d3
329,3,1,0.14553713768004561,0.28254098238584713,0.5702624644944224,0.9032700112164692,0.7664902925710847,1.122651192529991,1.5,3.0,1.0,909e80291ba978d3
329,4,0,0.1600010307137787,0.2985036465886903,0.589132598368976,0.9098296490335676,0.9678328360556225,0.8743707622936081,2.0,3.0,1.0,909e80291ba978d3
329,5,2,0.14724961960910135,0.2844550710869491,0.5725701854801424,0.9040902195718334,0.9820949164816755,1.2252599522084822,2.5,3.5,1.0,909e80291ba978d3
330,0,2,0.14345373845421885,0.28020303180462935,0.5674266461114361,0.9022550350364898,1.040446482831917,1.0683882677570415,2.5,3.5,1.0,db51f776662bace7
330,1,4,0.13543444429966495,0.2711045894793145,0.5562085897154352,0.8981617769563819,0.8525438753484488,0.7744578014564254,1.5,2.5,0.5,db51f776662bace7
330,2,5,0.1915829602433765,0.33196502634866615,0.6260957086483013,0.9217726557391511,1.2026838986003308,1.0979300099833798,1.5,2.5,0.5,db51f776662bace7
330,3,1,0.1742051202864896,0.3137682288876816,0.6064116442657574,0.9155549552299452,1.0051075635719513,0.9928007578209948,2.0,3.0,1.0,db51f776662bace7
330,4,3,0.1358038386386635,0.2715272881758844,0.5567362818580057,0.8983571713338108,0.8688522699958884,1.1808939746529679,2.0,3.0,1.0,db51f776662bace7
330,5,0,0.14543060962842094,0.28242168734580975,0.5701182212588366,0.90321857355185,1.0223633394882359,0.9284737238588812,2.0,3.0,1.0,db51f776662bace7
331,0,3,0.11001808202427549,0.24106307960819276,0.5169820334520924,0.8827910442051837,0.7931072200716249,0.942918038536174,3.0,4.0,1.5,0e8b18c2f1db6d30
331,1,2,0.19679368029750338,0.33732943024059453,0.631718501481152,0.9234923844484674,0.9819990377318425,1.308162500417702,2.5,3.5,1.5,0e8b18c2f1db6d30
331,2,5,0.18669335459756797,0.3268940440129347,0.6207064060698612,0.920101256882327,0.9425525734894592,0.7643532254555432,2.0,3.0,1.0,0e8b18c2f1db6d30
331,3,1,0.16385139561338785,0.3026793258016682,0.5939316687609876,0.9114459179327419,1.2277600081323343,1.18206241864091,2.5,3.5,1.5,0e8b18c2f1db6d30
331,4,0,0.09302410765542606,0.21969537652693663,0.4868459971024738,0.8697270785215541,1.0193898086659532,1.225962516882621,2.0,3.0,1.0,0e8b18c2f1db6d30
331,5,4,0.20222393903637342,0.34287820135718156,0.6374515595617376,0.9252210438039933,0.8142714551244687,1.0335761856890149,2.0,3.0,1.0,0e8b18c2f1db6d30
332,0,3,0.18681420366977042,0.3270198219513855,0.6208409619966667,0.9201432658839767,1.141006799519746,1.213362171645856,2.5,3.5,1.5,6f9d1fddc0cf8ded
332,1,2,0.16817564864572393,0.30733472939307066,0.5992172970573183,0.913202582629408,1.183914909676688,1.211431760728699,2.0,3.0,1.0,6f9d1fddc0cf8ded
332,2,0,0.123077537533557,0.25674759765087946,0.5378952133652204,0.8911990816272001,1.0681898048837357,0.8759511736562049,2.0,3.0,1.0,6f9d1fddc0cf8ded
332,3,1,0.11387033831723886,0.24574964050702328,0.5233338479009058,0.8853987307421595,0.9046410699485672,0.9209274283040125,2.5,3.5,1.5,6f9d1fddc0cf8ded
332,4,5,0.1426428818893258,0.27929030403954797,0.5663144207991796,0.9018548080118461,1.0186931685173026,0.8542593517117347,2.5,3.5,1.5,6f9d1fddc0cf8ded
332,5,4,0.12139857405375512,0.2547623759386949,0.5353017712935638,0.8901836525859398,0.9035434185577471,0.92874873823216,1.5,2.5,1.0,6f9d1fddc0cf8ded
333,0,2,0.17935696737596207,0.31921456755603933,0.6124044708961676,0.9174812488545362,1.0512394235700926,0.8137162221684868,2.5,3.5,1.0,ece07af5440cbb93
333,1,5,0.1321776984819492,0.26736219268668215,0.5515083972312642,0.8964086979179361,0.8411593341947863,0.9544212331241939,2.0,3.0,1.0,ece07af5440cbb93
333,2,4,0.0942750406479741,0.22131085512418255,0.48919435056919447,0.8707882878133006,0.9890646682230346,0.9751578602983653,2.0,3.0,1.0,ece07af5440cbb93
333,3,0,0.12293269841020518,0.25657668122596733,0.5376725295719809,0.8911121865368202,1.1170737670710489,0.9183180744945815,2.0,3.0,1.0,ece07af5440cbb93
333,4,1,0.14845458526621225,0.28579784533037317,0.5741816519236456,0.9046599316093455,0.982341581637028,1.2521811624348662,2.0,3.0,1.0,ece07af5440cbb93
333,5,3,0.13149454337336225,0.26657352530066625,0.5505113674128369,0.8960338671292273,1.0768528132933226,0.9192467042433162,2.0,3.0,1.0,ece07af5440cbb93
334,0,1,0.10656217745746348,0.23681261236038892,0.5111431209095656,0.8803507471339345,1.1825904425985796,0.8964963824585005,2.0,3.0,1.0,594001740a84ff2a
334,1,4,0.15022938880997153,0.28776963861933047,0.5765369548811569,0.9054881664484037,1.2034553105319146,0.9468297801191008,2.0,3.0,1.0,594001740a84ff2a
334,2,0,0.16611897858932442,0.3051249828651259,0.5967168449150793,0.9123745999187397,0.923281825722966,0.799052322079663,2.0,3.0,1.0,594001740a84ff2a
334,3,5,0.17889811712567164,0.3187313230343487,0.6118763001653524,0.9173126704346829,1.077568077805822,1.2263150299320507,2.0,3.0,1.0,594001740a84ff2a
334,4,3,0.15197006866863336,0.28969670585234564,0.5788262223704905,0.9062881578531631,0.8424785713495134,0.6582947902838785,2.5,3.5,1.0,594001740a84ff2a
334,5,2,0.10689487341311055,0.23722376112330956,0.5117112097757763,0.8805900199528778,1.1782669843267575,1.3653335949668284,2.5,3.5,1.5,594001740a84ff2a
335,0,4,0.11846485567961772,0.25127223959816325,0.5307052685282926,0.8883653685567414,0.8803919553719868,0.9331128815944366,2.0,3.0,1.0,1f8022bbdc662ff6
335,1,3,0.1872451403876036,0.32746814821905434,0.6213202093698482,0.9202927724976373,0.9741358963868072,1.0369232950479144,2.0,3.0,1.0,1f8022bbdc662ff6
335,2,1,0.15096189988698794,0.28858140017476086,0.5775028039681099,0.9058262863767469,0.9670417705208156,1.14874646515594,2.5,3.5,1.5,1f8022bbdc662ff6
335,3,5,0.18916040864174802,0.32945720662754985,0.6234395567605169,0.9209517494827151,1.0958430819970963,0.9873453892939463,2.5,3.5,1.0,1f8022bbdc662ff6
335,4,0,0.20109695502601854,0.3417300269120424,0.6362720871846633,0.9248674230525445,1.0430752358167434,0.9458630385372384,2.0,3.0,1.0,1f8022bbdc662ff6
335,5,2,0.196277674379578,0.33679997988135296,0.6311670849888135,0.9233248073455342,0.8882538343865874,0.95659708668686,2.0,3.0,1.0,1f8022bbdc662ff6
336,0,1,0.13509409679415432,0.2707148117654103,0.5557214250253103,0.8979811353460483,1.1441722269347754,1.0779978412978048,2.0,3.0,1.0,b5bb2e9e0eb52e03
336,1,0,0.15676094744020672,0.29496673047318367,0.5850239249679596,0.9084294773646946,1.0068485956610431,0.9443898173957153,2.0,3.0,1.0,b5bb2e9e0eb52e03
336,2,3,0.17303710817356696,0.31252704789446806,0.6050334883920897,0.9151077333103629,0.909773673461455,1.1286015454664755,2.5,3.5,1.5,b5bb2e9e0eb52e03
336,3,5,0.18796993651652366,0.3282215379610876,0.6221242704509969,0.9205431997831223,1.1743520794276512,0.7328490354953133,1.5,2.5,1.0,b5bb2e9e0eb52e03
336,4,2,0.1469443982080428,0.28411441411229826,0.572160387598936,0.9039449442031687,0.99140111489959,1.2617822381129264,2.5,3.5,1.0,b5bb2e9e0eb52e03
336,5,4,0.1455371082924924,0.2825409494799734,0.5702624247136717,0.903269997033288,0.8835412054707088,0.8957620115050704,1.5,3.0,1.0,b5bb2e9e0eb52e03
337,0,0,0.17781201300621036,0.3175860633339839,0.6106218119161438,0.9169113507736455,1.258322208263066,1.4417482481942987,2.5,4.0,1.5,24c642084e003d26
337,1,2,0.12757769670492314,0.2620265824076381,0.5447183044731636,0.8938351625032676,1.0364062554768974,1.3962913934913375,2.5,3.5,1.0,24c642084e003d26
337,2,4,0.12989445870712663,0.2647212595146042,0.5481607359816443,0.8951460088038659,1.022789627087067,1.0137583925590663,2.0,3.0,1.0,24c642084e003d26
337,3,5,0.1635760962533172,0.30238173321695366,0.5935914793501926,0.9113320191121955,1.1602625739863999,0.9473090938686963,2.0,3.0,1.0,24c642084e003d26
337,4,3,0.14616870056522957,0.28324769069718353,0.5711159660419765,0.9035739608100166,0.9691254355257747,0.6450806680777537,3.0,4.0,1.5,24c642084e003d26
337,5,1,0.1469612442832084,0.28413322157941523,0.5721830226061505,0.9039529726353558,0.9635093775952763,0.9334180100443601,1.5,2.5,1.0,24c642084e003d26
338,0,2,0.13707235904565832,0.27297614990106234,0.5585401530895288,0.8990229601162874,1.1116454057142198,0.7303143457836252,2.0,3.0,1.0,2e59b9e0a1b117d0
338,1,4,0.15354704149336035,0.2914368140855004,0.5808827655758115,0.9070026394523648,1.136876826404293,1.032802504053382,2.5,3.5,1.0,2e59b9e0a1b117d0
338,2,0,0.15104888623283524,0.288677718646508,0.577617259053984,0.9058662960404733,1.0363864925775057,1.0563319697989766,2.0,3.5,1.0,2e59b9e0a1b117d0
338,3,5,0.17381151835448216,0.3133502390742499,0.6059480452804908,0.9154046921968367,0.8554233377916973,0.76832141263389,2.0,3.0,1.0,2e59b9e0a1b117d0
338,4,3,0.14197602696980394,0.2785384780524519,0.5653960891509096,0.9015234344778766,1.0025436413926991,0.901120367203853,1.5,2.5,1.0,2e59b9e0a1b117d0
338,5,1,0.13787862248690208,0.2738948768838679,0.5596801009268774,0.8994419945388455,1.1108608384579455,1.2760805528315091,2.5,3.5,1.0,2e59b9e0a1b117d0
339,0,3,0.11582645782102713,0.2481095614175369,0.5264986752157456,0.8866801606043357,0.9015002213501895,0.9085372837029521,2.5,3.5,1.0,c10c466deff0ec0a
339,1,4,0.1598525502308562,0.29834203075316656,0.5889457363572533,0.9097663003406979,0.9936592494339682,1.3214153021173303,1.5,2.5,1.0,c10c466deff0ec0a
339,2,5,0.11943199606227649,0.2524258499087201,0.5322298346345737,0.8889711109329519,0.8164950370532293,1.0198640313198697,2.5,3.5,1.0,c10c466deff0ec0a
339,3,1,0.163496539478895,0.3022957066763737,0.5934930870519068,0.9112990573534946,1.2430535653636177,1.2000402210803294,2.5,3.5,1.0,c10c466deff0ec0a
339,4,0,0.1737014488087369,0.3132333007277282,0.6058182527831077,0.9153625911220111,0.9186741185119695,1.1731939339079793,2.5,3.5,1.0,c10c466deff0ec0a
339,5,2,0.07839107939134592,0.2001974553319533,0.4575408964508789,0.8558116077646742,1.136746010439281,0.9071614951564015,2.5,3.5,1.0,c10c466deff0ec0a
340,0,4,0.12046137336855098,0.25365039925723903,0.5338424548262107,0.8896089654141759,1.0880633145776808,1.3431840551847432,2.0,3.0,1.0,776e2be84fd4f111
340,1,3,0.10745333723397399,0.2379129647750535,0.5126619023547258,0.8809895446997942,0.8707453753267679,0.8104957497920184,2.0,3.0,1.0,776e2be84fd4f111
340,2,5,0.19252581816756265,0.3329386712350048,0.6271221869210619,0.9220884238741501,1.0344370908341665,0.833469409660175,1.5,3.0,1.0,776e2be84fd4f111
340,3,0,0.1773401527316864,0.3170878795056662,0.6100749006446133,0.9167359836924726,0.998850817633084,0.9029346703974238,2.0,3.0,1.0,776e2be84fd4f111
340,4,2,0.132349798697581,0.2675606720552134,0.5517589547683035,0.8965027305675406,1.1611874013878654,1.1084888660668384,2.5,3.5,1.0,776e2be84fd4f111
340,5,1,0.11752195488373124,0.25014461472468097,0.5292099859852301,0.8877686791665289,1.1462583869500123,1.195248192825698,2.5,3.5,1.5,776e2be84fd4f111
341,0,3,0.12219375664156049,0.25570369433374857,0.5365333793850077,0.890666808203283,0.9836368027684095,1.059388490896932,2.0,3.0,1.0,7a6d66115c6bf77f
341,1,1,0.13226918255160824,0.26746770930210906,0.5516416178686377,0.8964587029542838,0.8905876825903021,1.1539283209314481,1.5,2.5,0.5,7a6d66115c6bf77f
341,2,5,0.17444781528560896,0.31402582581934924,0.6066970867741194,0.9156473839475291,1.0243531578231946,0.9290984779544922,1.5,2.5,1.0,7a6d66115c6bf77f
341,3,2,0.11780010644267327,0.25047756184186915,0.5296520109363771,0.887945335503593,1.0480294977995472,1.100633707366259,1.5,2.5,1.0,7a6d66115c6bf77f
341,4,4,0.19775833792086323,0.33831819329539964,0.6327462306023568,0.9238040966088089,0.9599261381172062,1.1023031462314858,2.0,3.0,1.0,7a6d66115c6bf77f
341,5,0,0.1935678705977238,0.3340132048442682,0.6282519594170161,0.9224350237297728,0.7731586800024063,0.5778143058922378,2.0,3.5,1.0,7a6d66115c6bf77f
342,0,0,0.10756258857021042,0.23804765379318193,0.5128474614652153,0.8810673945810669,0.870355479307895,0.9681449166277121,1.5,2.5,1.0,796b2435a3d9c962
342,1,2,0.21638883604528442,0.35716499541050756,0.6518370646337336,0.929451881167932,0.8497289866553558,1.2023339613425366,1.5,2.5,1.0,796b2435a3d9c962
342,2,4,0.2042972492916984,0.3449859297290176,0.6396075508816509,0.9258647598540104,0.8260694893057524,0.5541359186423638,2.0,3.0,1.0,796b2435a3d9c962
342,3,3,0.16673875514579503,0.30579172568840285,0.597472901354583,0.9126255275856036,1.1596019283219854,1.0711115070565094,2.5,3.5,1.0,796b2435a3d9c962
342,4,1,0.1331121085453225,0.2684388584578506,0.5528658360563095,0.8969173512740615,0.8652726326663127,0.973929224273266,2.0,3.0,1.0,796b2435a3d9c962
342,5,5,0.15378352293741837,0.29169729590231386,0.5811897525107962,0.9071089549317237,1.062053397708004,0.5741392936201485,1.5,2.0,0.5,796b2435a3d9c962
343,0,1,0.09440132599481772,0.22147353403219167,0.48943017659219057,0.8708944360268669,0.8064603604833435,0.9464665163373182,2.0,3.0,1.0,7561e153ff618947
343,1,4,0.14581094644187667,0.28284748418437317,0.5706328411962797,0.9034019965857842,0.9211517511888397,0.9648934789461108,2.0,3.0,1.0,7561e153ff618947
343,2,3,0.2071771261553292,0.3479039553802161,0.6425729093784831,0.9267445190897236,0.9939492655586644,1.134948793007275,1.5,2.5,1.0,7561e153ff618947
343,3,2,0.1610827185840139,0.2996796909653533,0.5904898334920594,0.9102888300799673,0.9150036481489857,1.1112570874908116,2.5,3.5,1.5,7561e153ff618947
343,4,0,0.20155918563789577,0.34220116173783993,0.6367564933879811,0.9250127799688469,1.0110545296266047,0.7981257319651238,2.0,3.0,1.0,7561e153ff618947
343,5,5,0.12414012108810363,0.25799953682192384,0.5395229283175995,0.8918325776225852,0.9481589941660045,1.3717833259427388,1.5,2.5,1.0,7561e153ff618947
344,0,3,0.21271630778628592,0.35348579037591726,0.6481831132855331,0.9283914095155508,1.0094805321786218,1.2386807611329644,2.0,3.0,1.0,43aa2a0298bc1f92
344,1,1,0.20892313610481128,0.3496677208115237,0.6443544100446209,0.9272699553376627,0.9700940408150898,0.5505853858170324,2.0,3.0,1.0,43aa2a0298bc1f92
344,2,2,0.1549920676343739,0.2930266283180649,0.5827529338990367,0.9076489619094095,0.9965724868536757,1.033883829193616,1.5,2.5,1.0,43aa2a0298bc1f92
344,3,4,0.16526127813892888,0.3042010845573615,0.5956668909469244,0.9120253039144992,0.8849518799623428,0.8735836230826853,2.5,3.5,1.0,43aa2a0298bc1f92
344,4,0,0.13113334739887395,0.2661560243011176,0.5499826393884474,0.895834669395877,0.8928916758727711,0.7371070512007796,2.0,3.0,1.0,43aa2a0298bc1f92
344,5,5,0.15504556581106327,0.29308540155734636,0.5828219120497928,0.9076727387123107,0.9066804363372892,1.4158848633627985,2.0,3.0,1.0,43aa2a0298bc1f92
345,0,3,0.1808187801808926,0.32075175125351507,0.6140799930969397,0.9180145207265928,1.2412908565871026,1.0988179609028705,1.5,2.5,1.0,50b3eab27dea41a5
345,1,5,0.16203630284856013,0.30071452381064234,0.5916804474940546,0.9106902845551038,1.0400258247792582,1.224467050566694,2.0,3.0,1.0,50b3eab27dea41a5
345,2,1,0.15853621098295828,0.29690728997348026,0.5872831896834201,0.9092012906104768,0.984852845623623,1.1416407741480077,2.5,3.5,1.0,50b3eab27dea41a5
345,3,4,0.11327947969477413,0.24503422235040023,0.522369996181741,0.8850061279410254,1.1689946692366355,0.9191656850195031,2.0,3.0,1.0,50b3eab27dea41a5
345,4,2,0.21293568492721307,0.3537060429858339,0.6484028294917398,0.9284554458851109,0.9874235818518357,1.1726234012638288,1.5,2.5,0.5,50b3eab27dea41a5
345,5,0,0.1522447906901458,0.2900002359954763,0.5791856726128773,0.9064133221320901,1.0483005514127228,1.0748791835854221,2.0,3.0,1.0,50b3eab27dea41a5
346,0,3,0.2012908511741942,0.341927694348896,0.6364753954607468,0.9249284516278417,0.9837742875961831,1.0188069836072517,2.5,3.5,1.0,6f7c54e6f2f66d0e
346,1,4,0.13028562389789822,0.26517473298909067,0.5487373912458351,0.8953643584577724,0.786498613337686,0.9802873720547142,2.0,3.0,1.0,6f7c54e6f2f66d0e
346,2,5,0.14235774802514883,0.2789689703705464,0.5659221629414161,0.9017133662997099,1.2607361658458027,1.028650751955019,2.0,3.5,1.0,6f7c54e6f2f66d0e
346,3,2,0.1232606001086244,0.25696352757130586,0.538176384103374,0.8913087207960266,1.159697395824941,0.8615104015551813,2.0,3.0,1.0,6f7c54e6f2f66d0e
346,4,0,0.13837743499505833,0.2744624350921275,0.5603828189949377,0.8996996516889552,0.8799489432190988,1.284095042174059,2.0,3.5,1.0,6f7c54e6f2f66d0e
346,5,1,0.12422719274204108,0.2581019731915554,0.5396558462491298,0.8918841792761009,1.1254966266733928,1.0268451921736255,2.5,3.5,1.0,6f7c54e6f2f66d0e
347,0,0,0.21353648981002768,0.3543089332139706,0.6490036137345317,0.9286303683185904,0.879488533246056,1.1786801534516598,2.0,3.0,1.0,c599fc765eacba84
347,1,4,0.09849538906212145,0.22670807961448167,0.49695525513321537,0.8742418943637005,0.9519079325157915,1.0362277693100632,2.5,3.5,1.0,c599fc765eacba84
347,2,1,0.1694073125840606,0.3086542920677582,0.6007032437710632,0.9136920693872432,1.08466421436514,1.1405491582589664,2.0,3.0,1.0,c599fc765eacba84
347,3,5,0.12952674302652253,0.2642945789429479,0.547617455809912,0.8949399735785498,0.8089594556979638,0.6928318124217839,2.5,4.0,1.5,c599fc765eacba84
347,4,3,0.18067362026656617,0.32059926568313435,0.6139140945446953,0.9179618221048411,0.9128724570714412,1.0047524358425366,2.5,3.5,1.5,c599fc765eacba84
347,5,2,0.09285867273858184,0.2194811757550577,0.4865337343006691,0.869585392840577,1.0534645546890091,1.1261576243602578,1.5,2.5,1.0,c599fc765eacba84
348,0,5,0.15800014043304578,0.2963219894499831,0.5866030487532723,0.9089694276436371,1.1704862555332012,0.5972819703339292,2.5,3.5,1.0,c0c138431e601b19
348,1,0,0.16039638591407324,0.2989337607209848,0.5896294928956115,0.9099979503461579,0.7903422702132196,0.9417526853858025,2.5,3.5,1.5,c0c138431e601b19
348,2,4,0.16831471098355377,0.30748385658967325,0.5993854971851135,0.9132580849893778,1.1734261505268442,1.276612776531921,2.0,3.0,1.0,c0c138431e601b19
348,3,2,0.13823671148672595,0.2743023813902415,0.5601847656446776,0.8996270843487232,1.1141024190470172,1.0206726135385076,2.0,3.0,1.0,c0c138431e601b19
348,4,3,0.18209757390417355,0.322093580310836,0.6155369207871377,0.9184763606994135,1.20579878288438,1.07828528950226,2.5,4.0,1.5,c0c138431e601b19
348,5,1,0.21475795808312048,0.3555332377872945,0.6502207745771483,0.9289839633537555,1.0245552218632947,0.9600751977954916,2.5,3.5,1.5,c0c138431e601b19
349,0,1,0.12594250667483664,0.26011534346226833,0.5422602232137093,0.8928913459059221,1.026226077998018,0.8494123036798051,1.5,2.5,0.5,fbb44dde775b68b9
349,1,4,0.11296986088569644,0.24465884649842634,0.521863441171006,0.8847993531285583,0.8826015549260635,1.2322034464494682,1.5,2.5,1.0,fbb44dde775b68b9
349,2,2,0.18904089312113007,0.32933325242826483,0.6233078110671079,0.9209108884788272,0.8894922495421758,1.0173554899121227,3.0,4.0,1.5,fbb44dde775b68b9
349,3,3,0.13076392872196554,0.2657286454330702,0.549440737004461,0.8956302025655799,0.9148465610324743,0.8409530298449356,1.5,3.0,1.0,fbb44dde775b68b9
349,4,5,0.09966694300534093,0.228192344133307,0.49906695501021386,0.8751676449667979,0.8907027410971762,1.055877966461308,2.0,3.0,1.0,fbb44dde775b68b9
349,5,0,0.0938191467659027,0.2207229589634811,0.48834111691333526,0.8704035972326896,1.1634985324318028,0.9964681941864404,2.0,3.0,1.0,fbb44dde775b68b9
350,0,0,0.16022389710124335,0.2987461456095971,0.5894128212056449,0.9099245895134188,1.0960258671915402,0.9793171139352523,1.5,2.0,0.5,58a42ea951da3c1c
350,1,5,0.16775466963072155,0.3068830620959414,0.5987074429272276,0.9130341926826508,0.852028832940871,1.4600914989248832,2.0,3.0,1.0,58a42ea951da3c1c
350,2,4,0.11425461219083613,0.24621427430038564,0.5239587233028169,0.8856526729582646,0.9935053438011746,0.7228716780434556,2.0,3.0,1.0,58a42ea951da3c1c
350,3,2,0.11395035798951964,0.24584643606425413,0.5234640977401797,0.8854517007803082,0.9540018042620593,1.210196551895452,2.5,3.5,1.5,58a42ea951da3c1c
350,4,3,0.12969069548287934,0.264484868951485,0.5478598300694536,0.8950319310949486,1.2029026484559826,0.8882154657356247,2.0,3.0,1.0,58a42ea951da3c1c
350,5,1,0.18457506125598067,0.32468560970978333,0.6183364604907323,0.919358984875557,0.9496515432893603,1.349750670016607,2.0,3.0,1.0,58a42ea951da3c1c
351,0,4,0.14310192329895804,0.2798072111170666,0.5669446650101438,0.9020817464882812,1.0180821783877114,0.8093970184131503,2.5,3.5,1.0,901f645e998c66b1
351,1,0,0.13347034714028166,0.268851008803448,0.5533843471990526,0.8971111385184564,1.05988048402953,0.7113869198966988,2.5,3.5,1.0,901f645e998c66b1
351,2,3,0.16910580842226067,0.30833152959419213,0.6003402801554576,0.9135726805742027,1.0320156384146648,1.1018585930606104,2.0,3.0,1.0,901f645e998c66b1
351,3,2,0.2043764677586814,0.3450663469489428,0.6396895748498498,0.9258891817584931,1.1298579142552951,1.038629385835478,2.5,3.5,1.5,901f645e998c66b1
351,4,1,0.14574720935539595,0.2827761524839225,0.5705466727484239,0.9033713019340817,0.9698887498663171,0.9823042252667005,2.0,3.0,1.0,901f645e998c66b1
351,5,5,0.1653669649237421,0.3043150040274193,0.5957964978383593,0.9120684733194533,1.0134512065215056,0.6331044933988057,2.0,3.0,1.0,901f645e998c66b1
352,0,5,0.1733851649788908,0.31289716044543114,0.6054449331165179,0.9152414175990957,0.9018364436371483,0.8826543091085051,1.5,2.5,0.5,2790a2db08990ad0
352,1,1,0.1613279463847152,0.2999459852772265,0.5907965412404524,0.9103923674773604,0.9459983858692156,1.1463818718949108,2.5,3.5,1.5,2790a2db08990ad0
352,2,2,0.17427559031369372,0.3138430365528741,0.6064945590418985,0.9155818107834988,1.0176912165870324,1.174959133590634,2.0,3.0,1.0,2790a2db08990ad0
352,3,4,0.1253534462255007,0.25942491492362685,0.5413688594916483,0.8925474722413638,0.9132761800848178,0.6839810887037371,1.5,2.5,0.5,2790a2db08990ad0
352,4,3,0.16136719817484116,0.29998859792810173,0.5908455998861099,0.9104089207459122,1.1988036513821163,1.0548322292648873,2.0,3.0,1.0,2790a2db08990ad0
352,5,0,0.15583137075866677,0.29394799253126497,0.5838329735399115,0.9080207498848507,1.1918007473627215,1.174604616798794,2.0,3.0,1.0,2790a2db08990ad0
353,0,0,0.14413169542491377,0.2809649526988021,0.5683528904304896,0.9025874123615131,0.9633889711708903,0.8400161290230634,2.0,3.0,1.0,5d06158130042ab8
353,1,2,0.12554526418353112,0.25964985462126855,0.5416594616257746,0.8926596770527435,0.7747015497622198,1.2245823084447678,2.0,3.0,1.0,5d06158130042ab8
353,2,5,0.10120809454611313,0.23013594092680562,0.5018176233820669,0.8763647291619503,0.796237249664846,1.114964311377281,2.0,3.0,1.0,5d06158130042ab8
353,3,4,0.1705415788757678,0.3098670411147591,0.6020641833987098,0.9141387150200941,1.0574300565624257,0.9906413419388562,1.5,2.5,0.5,5d06158130042ab8
353,4,3,0.10629608472915886,0.2364834662316832,0.510687824716218,0.8801586911879651,0.947732549552518,1.1250480297046734,2.5,3.5,1.0,5d06158130042ab8
353,5,1,0.17285154620331467,0.31232963935519675,0.6048138647284831,0.915036315985295,0.9776823717703249,0.672190638640991,1.5,3.0,1.0,5d06158130042ab8
354,0,2,0.13153827698886533,0.2666240519084826,0.5505753113953816,0.8960579380230406,0.9250134658496506,0.6891289186753917,1.5,2.5,1.0,0d95314750bb1bd1
354,1,3,0.14172975212361966,0.2782605490738911,0.5650561084818737,0.9014005435766195,0.7781873725509398,1.0865441635144852,2.0,3.0,1.0,0d95314750bb1bd1
354,2,5,0.15217379559719652,0.28992181194217215,0.5790928296705375,0.9063810048360498,0.9224380303930452,0.8800169187905174,1.5,2.5,0.5,0d95314750bb1bd1
354,3,4,0.13573748982603187,0.2714513914443755,0.5566415806447551,0.8983221262943946,0.8427241676172643,1.0568487745964772,2.0,3.0,1.0,0d95314750bb1bd1
354,4,1,0.12774725038420598,0.26222431480171315,0.5449718280708817,0.8939321351827519,1.2046021607429183,0.9406561544895856,2.5,3.5,1.5,0d95314750bb1bd1
354,5,0,0.16569468255177916,0.3046681143892307,0.596197975503061,0.9122021040994635,0.9731336971276482,0.9190578014516189,2.5,3.5,1.5,0d95314750bb1bd1
355,0,1,0.17581478114475463,0.31547480518302,0.6082989816295128,0.9161648262421578,1.0332924592836816,0.6012469113399003,1.5,2.5,1.0,dc6d7f29e3fe3f8c
355,1,2,0.14418473852258998,0.2810245188634249,0.5684252186109356,0.9026133315970847,1.0222253638278385,1.0200080068804511,1.5,2.5,0.5,dc6d7f29e3fe3f8c
355,2,4,0.158543627312923,0.29691538325649747,0.5872925866159973,0.9092044911314788,0.9666590272604088,1.0527971747715532,2.5,3.5,1.0,dc6d7f29e3fe3f8c
355,3,3,0.16012724413834822,0.2986409906070318,0.5892913311598895,0.9098834369143745,0.7987015552287783,1.0301168932997418,1.5,2.5,1.0,dc6d7f29e3fe3f8c
355,4,5,0.17852562832089924,0.31833877087442725,0.6114467457225965,0.9171753988086252,1.2955361096337916,0.8227574407744295,2.5,3.5,1.0,dc6d7f29e3fe3f8c
355,5,0,0.19156728877676987,0.33194883188272445,0.6260786129988432,0.9217673897954421,1.0641500160756923,0.989094740622374,1.5,2.5,1.0,dc6d7f29e3fe3f8c
356,0,4,0.1881695625012041,0.3284288957824407,0.6223452913759169,0.9206119478774132,0.9543788259839665,0.9034691825633858,1.5,2.5,0.5,6839920410727cdc
356,1,0,0.18239263731477576,0.32240280752657247,0.6158719280306056,0.9185823130963771,0.8267596321910015,1.192753641681326,2.5,3.5,1.5,6839920410727cdc
356,2,1,0.09149938300199252,0.21771621666235866,0.48395280912079247,0.8684091118118971,0.9127142621065943,1.2218187335225998,1.5,2.5,0.5,6839920410727cdc
356,3,2,0.13117940448031806,0.26620928103423397,0.5500501200184341,0.8958601090376649,1.1935677142049228,0.9892196015429902,1.5,2.5,0.5,6839920410727cdc
356,4,5,0.11576508912893838,0.2480357221360796,0.5263999891723279,0.8866403799315432,1.2406446866348535,1.0219210923599706,2.5,3.5,1.5,6839920410727cdc
356,5,3,0.17175883344285736,0.3111659207988136,0.60351678497797,0.9146136992761098,0.916026555662451,1.0896513474987408,2.0,3.5,1.0,6839920410727cdc
357,0,3,0.16235937580825896,0.30106471600474305,0.5920825849783774,0.9108255933492652,1.1719358871672254,0.9379141580424806,2.5,3.5,1.0,3dd6f15c192294d3
357,1,1,0.1719583418153273,0.3113785528742708,0.6037540918695541,0.9146911255075268,0.84379084163497,1.3821794498658448,1.5,2.5,0.5,3dd6f15c192294d3
357,2,5,0.19372246525178072,0.3341724809357188,0.6284191502216115,0.9224862319693002,1.0939132649955465,0.9993094624198393,2.5,3.5,1.5,3dd6f15c192294d3
357,3,2,0.19754494066850872,0.3380995785916004,0.6325192307672313,0.9237353162058219,0.8013563006312874,1.4157473060724195,2.0,3.0,1.0,3dd6f15c192294d3
357,4,4,0.12469482959045233,0.25865173906775474,0.5403685201158865,0.8921605235137581,0.8936481784471146,1.1540161227240702,2.5,3.5,1.5,3dd6f15c192294d3
357,5,0,0.17033918716216914,0.3096508174730586,0.6018218690268917,0.9140593059818094,0.8196385053942689,0.8876782231512881,2.0,3.0,1.0,3dd6f15c192294d3
358,0,1,0.17748600826033623,0.31724191232778914,0.6102440781659642,0.9167902568685564,0.9281523176324449,0.9992798643261742,2.5,3.5,1.0,70b38e2ecc56ba02
358,1,0,0.16094298159873416,0.29952789620590803,0.5903149007051706,0.9102297392183893,1.0217760403123728,1.1096892037248978,2.0,3.0,1.0,70b38e2ecc56ba02
358,2,3,0.14385127295876765,0.2806499334449994,0.5679701745677712,0.9024501787758495,1.1440745253064444,0.9264146778504689,2.5,3.5,1.5,70b38e2ecc56ba02
358,3,2,0.17148024176781818,0.3108688836465506,0.6031850477071016,0.9145053830902841,1.049251411751549,1.0235565690421822,2.5,3.5,1.0,70b38e2ecc56ba02
358,4,5,0.16825985233549148,0.3074250317482217,0.599319157032805,0.9132361971063186,1.1446647260764924,1.0390183617366944,2.0,3.0,1.0,70b38e2ecc56ba02
358,5,4,0.11162025390686434,0.2430186645487046,0.5196433715477302,0.8838895191477576,0.9296939144002047,1.0678160123329838,1.5,2.5,0.5,70b38e2ecc56ba02
359,0,2,0.17993311921435448,0.319820850547553,0.6130661454756011,0.9176921155557081,1.020184277648246,0.8783448834746432,2.0,3.0,1.0,1faf643b2d5cee42
359,1,0,0.15254540260441912,0.29033218242032915,0.5795784236491147,0.9065499440503834,0.9663114187740404,1.1601887247983511,1.5,2.5,1.0,1faf643b2d5cee42
359,2,5,0.16856103059952984,0.30774791592893075,0.5996831603059467,0.9133562475140289,0.8693599557299968,1.3843952566953956,2.0,3.5,1.0,1faf643b2d5cee42
359,3,1,0.12613446670200235,0.26034011528055295,0.5425500210796375,0.8930029587576882,0.8394156909127239,0.8192799744140384,2.0,3.0,1.0,1faf643b2d5cee42
359,4,3,0.12559469426439268,0.2597078022416725,0.5417342937447208,0.8926885556642367,0.7492094525772272,1.0456700742172829,1.5,2.0,0.5,1faf643b2d5cee42
359,5,4,0.2011498311564587,0.3417839366729625,0.6363275458057396,0.9248840735532794,0.8472231496425392,1.1645506692130174,2.0,3.0,1.0,1faf643b2d5cee42
360,0,0,0.15166392089855946,0.28935826015201965,0.5784250622861116,0.906148326984382,0.8103132762297619,1.1041039542125148,1.5,2.5,0.5,a78688f8230a84f9
360,1,3,0.21252323161500325,0.3532918930966345,0.6479895848992142,0.9283349769483075,0.8453744694307374,0.5128291632713207,2.0,3.0,1.0,a78688f8230a84f9
360,2,1,0.19551033440702117,0.33601193347940644,0.6303449171499053,0.9230745169436351,0.9034301346387855,0.8959306515901813,2.5,3.5,1.5,a78688f8230a84f9
360,3,4,0.1702669832671596,0.30957366095375094,0.6017353677035449,0.9140309464167505,0.8704253081407008,0.8485855584759527,1.5,2.0,0.5,a78688f8230a84f9
360,4,5,0.14523122515499273,0.2821983358299739,0.5698480287904457,0.9031221676386928,0.9161039480749896,0.821004974648385,2.0,3.0,1.0,a78688f8230a84f9
360,5,2,0.14148595694322902,0.2779852724639693,0.5647191062353552,0.901278616358127,0.807335691545492,1.0148338407527722,1.5,2.5,0.5,a78688f8230a84f9
361,0,2,0.08880402815861115,0.21418951254742533,0.4787527628722641,0.8660105247707717,1.260199941950005,0.9641809826086065,2.0,3.0,1.0,b39e9f7fff49f094
361,1,3,0.21740228179152302,0.358177329145199,0.6528364040038411,0.9297402665059026,1.0562986337069158,1.1939250721864016,2.5,3.5,1.0,b39e9f7fff49f094
361,2,5,0.19387646964795024,0.3343311137454754,0.6285855957871601,0.9225371905369999,0.9200348320239627,1.2700573759124454,2.0,3.0,1.0,b39e9f7fff49f094
361,3,4,0.11988784500779245,0.25296854559051657,0.5329452374925139,0.8892544442232537,0.9620606427059972,0.7442173480601497,1.5,2.5,1.0,b39e9f7fff49f094
361,4,1,0.17411493896456964,0.3136724839194898,0.6063054985516194,0.9155205669074937,0.8521775097747626,1.1107270144900943,2.0,3.0,1.0,b39e9f7fff49f094
361,5,0,0.14728524414330926,0.2844948175815799,0.5726179733148468,0.9041071500945048,0.9537199677354098,0.9953378255041319,1.5,2.5,1.0,b39e9f7fff49f094
362,0,1,0.1362763166714811,0.2720674255692314,0.5574096476897067,0.8986060917452989,1.0400281320739433,1.0054710237279632,2.0,3.0,1.0,02e513dec9f4ff70
362,1,0,0.19993466609270405,0.34054403122658145,0.6350500332751385,0.9244999369144048,0.9490721888810998,1.0422143592860948,1.5,2.5,0.5,02e513dec9f4ff70
362,2,3,0.16400713812510304,0.3028476149835947,0.59412392288332,0.9115102414284296,0.9668004041412697,1.029777846750076,2.0,3.0,1.0,02e513dec9f4ff70
362,3,5,0.188329185049611,0.3285946563103594,0.622521886273762,0.9206668496384598,1.126085364952049,0.9465228806771637,1.5,3.0,1.0,02e513dec9f4ff70
362,4,2,0.13336406719999588,0.26872877075036855,0.5532306285604655,0.8970537171966855,0.9692001466528642,1.2758210700127723,2.5,3.5,1.0,02e513dec9f4ff70
362,5,4,0.16405174879763385,0.30289581085784123,0.594178965567671,0.9115286513616169,1.047812897471107,1.1493038398197772,1.5,2.5,1.0,02e513dec9f4ff70
363,0,2,0.16929677034188698,0.30853597517557324,0.6005702273515292,0.913648329723391,0.884367204345109,0.9128358884140875,3.0,4.0,1.5,289c1f6641800dc3
363,1,5,0.09109967878501733,0.21719551356668287,0.4831886547019743,0.8680590457029204,0.92645628699075,0.9400488044632482,1.5,2.5,0.5,289c1f6641800dc3
363,2,1,0.15342851176519356,0.2913062096139933,0.5807287592452947,0.9069492711561553,1.2149619983967996,0.9555563721873772,2.5,3.5,1.0,289c1f6641800dc3
363,3,0,0.1808410354384664,0.3207751265658602,0.6141054185343781,0.9180225952801738,1.0449364815956597,1.0055754539799464,2.0,3.0,1.0,289c1f6641800dc3
363,4,4,0.18578472062830137,0.32594761500592945,0.6196924747661068,0.9197842397648808,0.8686654148956672,0.7726780729430995,2.0,3.0,1.0,289c1f6641800dc3
363,5,3,0.1943389300159583,0.33480726239469916,0.6290847759821878,0.9226898903252786,1.1189009683179272,1.201871864692895,2.0,3.0,1.0,289c1f6641800dc3
364,0,0,0.152021064200424,0.2897530613760277,0.578892983586384,0.9063114139352895,0.851377449873089,0.7493935452076497,2.0,3.0,1.0,db82b0263881d0ad
364,1,1,0.14039220430558058,0.27674848427063475,0.563201714911228,0.9007282282642773,1.0790509230851202,1.1978121476698782,2.5,3.5,1.5,db82b0263881d0ad
364,2,4,0.16040993216016167,0.29894849236876997,0.5896465013078174,0.9100037072830301,1.0618257460399596,1.083558330300547,2.5,3.5,1.0,db82b0263881d0ad
364,3,2,0.11602223206251946,0.24834503371959918,0.5268132382360409,0.8868068863324271,0.9963202875406809,0.9180239894547612,2.5,3.5,1.5,db82b0263881d0ad
364,4,5,0.14377490527582665,0.280564111496314,0.5678658502752907,0.9024127455146642,1.1676312429935254,1.0952274573144856,2.5,3.5,1.0,db82b0263881d0ad
364,5,3,0.09636492242795618,0.22399355128732462,0.4930681262929589,0.8725222924937759,1.233069427768221,0.8627940100300917,1.5,2.5,1.0,db82b0263881d0ad
365,0,0,0.1317671957834543,0.266888442021107,0.5509097575226644,0.8961837659904788,0.8890579804958951,1.3945192431118436,1.5,2.5,1.0,bd371374c95adcab
365,1,5,0.1586429776851505,0.29702379137158785,0.587418436495268,0.9092473469080984,1.041779035890033,0.8683170739059971,2.0,3.0,1.0,bd371374c95adcab
365,2,2,0.10010689964520082,0.22874821259638636,0.49985532348101863,0.8755117526645262,0.908007053606495,0.9486308743499217,1.5,2.5,1.0,bd371374c95adcab
365,3,1,0.2141758930879508,0.35495005511770716,0.6496414731586733,0.9288158032894448,0.9051296976205917,0.8245623535616051,2.0,3.0,1.0,bd371374c95adcab
365,4,4,0.11056252996503937,0.24172866588058564,0.5178895843320955,0.8831665995553162,0.9283418153464488,0.6173134995148131,2.0,3.0,1.0,bd371374c95adcab
365,5,3,0.14279223057752774,0.2794585350899071,0.5665196401764699,0.9019287463476701,0.945438403913992,1.294298550359611,2.0,3.0,1.0,bd371374c95adcab
366,0,4,0.1338458477491431,0.2692826484146235,0.553926714237334,0.8973135427657274,1.0542573038140528,1.316300792941063,2.5,3.5,1.0,d3bf91241ff3e87b
366,1,3,0.14147699255882584,0.2779751477285254,0.564706706163326,0.9012741278729428,1.0870697525928126,1.0141636927955218,2.0,3.0,1.0,d3bf91241ff3e87b
366,2,5,0.12806543297752276,0.2625951536030604,0.5454469060411453,0.8941136661339522,1.0058857555576364,1.1844712352858815,2.0,3.0,1.0,d3bf91241ff3e87b
366,3,1,0.18924833955001985,0.3295483891732875,0.6235364431023532,0.9209817901328,0.8597441152188701,1.328029186199859,2.0,3.0,1.0,d3bf91241ff3e87b
366,4,2,0.13793353085707166,0.27395738371545525,0.5597575494689391,0.8994704161379264,1.0769595448083402,1.2531345641134972,2.0,3.0,1.0,d3bf91241ff3e87b
366,5,0,0.12453540238408489,0.25846438618962303,0.5401257797189457,0.892066461912266,0.8960136988707748,0.9259310524925524,1.5,2.5,0.5,d3bf91241ff3e87b
367,0,2,0.12534637006007582,0.25941661480707556,0.5413581328070532,0.8925433287804098,0.9427802006643425,0.9224139837564569,1.5,2.5,0.5,f2940bbe8a78fe53
367,1,3,0.14687388162249007,0.28403568015845676,0.5720656172711808,0.9039113246760639,0.871276817490785,0.7943644652471455,2.5,3.5,1.5,f2940bbe8a78fe53
367,2,4,0.1058723789640843,0.23595879441059317,0.5099611229491021,0.8798516129052741,1.0513091362217841,0.6899475662938374,3.0,4.0,1.5,f2940bbe8a78fe53
367,3,0,0.10123361835667777,0.23016804576306843,0.50186292198988,0.8763843604315382,1.1045265931564494,0.8771597864766854,2.0,3.0,1.0,f2940bbe8a78fe53
367,4,5,0.1723367247777337,0.31178163003148,0.6042035665103039,0.9148376449840738,1.2057331401125866,0.9245785419352981,1.5,2.0,0.5,f2940bbe8a78fe53
367,5,1,0.12747777860660375,0.2619100196737199,0.5445687842878975,0.8937779386335387,0.7732930403595246,0.6736879909266363,2.0,3.0,1.0,f2940bbe8a78fe53
368,0,2,0.19592415166111568,0.33643702371608486,0.6307886255080332,0.9232096581044946,1.038247060118803,1.2215559671998868,2.0,3.0,1.0,764ed8ed163ee607
368,1,1,0.145988043639968,0.2830456336658272,0.5708721135965167,0.9034871917813918,0.7977312931833354,1.203894944056858,2.0,3.0,1.0,764ed8ed163ee607
368,2,0,0.17549189203934187,0.31513283690996846,0.6079214920942496,0.9160430829933408,1.0289823248144425,1.008659458263772,2.0,3.0,1.0,764ed8ed163ee607
368,3,3,0.10062766018704608,0.22940511231936705,0.5007852464599719,0.875916599652578,1.0801903720030994,0.9396613046438933,2.0,3.0,1.0,764ed8ed163ee607
368,4,4,0.18261130431545713,0.32263187950312594,0.6161199181528181,0.9186606861878676,0.9316171332532378,0.8672855813788397,2.5,3.5,1.0,764ed8ed163ee607
368,5,5,0.19199131354933996,0.33238687727129607,0.6265407759867553,0.9219096690909633,1.203347581522946,0.9968082871389486,2.0,3.0,1.0,764ed8ed163ee607
369,0,4,0.08482292983777898,0.2089117898512779,0.4708622820926278,0.862296088602892,1.0202493379129693,0.8999984787232133,2.0,3.0,1.0,12cf1521e5df8d80
369,1,2,0.17461301719123426,0.31420111239378573,0.6068912071746208,0.9157102027682367,0.9483216082801449,0.9096893214241875,1.5,2.5,1.0,12cf1521e5df8d80
369,2,5,0.20205502327824215,0.34270622154285973,0.6372751173002364,0.9251682102637034,0.9827074999595299,1.2523496958475322,2.0,3.0,1.0,12cf1521e5df8d80
369,3,3,0.1592754954160529,0.2977135040326773,0.5882182290069212,0.9095193665836123,1.0229966287361494,0.8287067414229561,2.0,3.0,1.0,12cf1521e5df8d80
369,4,0,0.15190718434782505,0.2896272041150764,0.5787438730139367,0.9062594659398066,0.9951420623230676,0.9899245822709577,1.5,2.5,1.0,12cf1521e5df8d80
369,5,1,0.13969873786091275,0.27596279426583575,0.5622349739412561,0.9003763753065257,0.9789237063759143,1.0689802780475524,2.0,3.5,1.0,12cf1521e5df8d80
370,0,2,0.09343530277536383,0.2202272168892657,0.4876204156114613,0.870077877566364,1.0636912922221826,0.6948868675959294,1.5,2.5,1.0,4b7d6c4ed9382c0b
370,1,4,0.15396751690312993,0.2918998803208334,0.581428350470774,0.9071915256487758,1.1273098153231027,1.2861980622215907,1.5,2.5,0.5,4b7d6c4ed9382c0b
370,2,0,0.2153920741695581,0.3561680890813188,0.6508504136574906,0.9291664648532043,0.7648333700683535,1.3776559920099403,1.5,2.5,1.0,4b7d6c4ed9382c0b
370,3,1,0.14154314623998526,0.27804985971498347,0.5647981997677756,0.9013072424564221,1.02762908007716,0.8581293525091246,1.5,3.0,1.0,4b7d6c4ed9382c0b
370,4,5,0.12970264786793426,0.2644987384225338,0.5478774904977994,0.8950386290722124,0.9115753836680633,0.6943713835734414,2.0,3.0,1.0,4b7d6c4ed9382c0b
370,5,3,0.20267134890986757,0.3433335369584572,0.6379183270802191,0.925360699918755,0.8270981520264131,1.0985652909503787,1.5,2.5,1.0,4b7d6c4ed9382c0b
371,0,3,0.12581233927341834,0.25996286466753044,0.5420635238510354,0.8928155369672287,1.0242599025678625,0.5956847799858596,1.5,2.5,1.0,edebd2c8d804da8c
371,1,4,0.16841852518013067,0.30759516110593227,0.599510992410664,0.913299479771562,0.9395375017893501,0.7260651694811588,1.5,2.0,0.5,edebd2c8d804da8c
371,2,2,0.1506664309408542,0.28825410759257425,0.5771136507552188,0.9056901592155242,1.019925833307967,0.9894215438748069,2.0,3.0,1.0,edebd2c8d804da8c
371,3,0,0.13799772302865806,0.27403044932485954,0.5598480631385111,0.8995036246087293,1.1008618154807384,1.1652522071166684,2.0,3.0,1.0,edebd2c8d804da8c
371,4,5,0.19356535789633256,0.3340106157610019,0.6282492410957031,0.9224341909672246,1.0327405113018104,0.9106408897901088,1.5,2.5,0.5,edebd2c8d804da8c
371,5,1,0.10739699482198369,0.237843486102211,0.5125661529754862,0.8809493571305441,1.178556959564333,0.6619589616559881,2.5,3.5,1.0,edebd2c8d804da8c
372,0,1,0.16710602046371847,0.30618648036344026,0.5979198829117286,0.9127736426197249,1.104395493793338,0.9796218673518267,2.5,3.5,1.5,a0a3297c9fe5e434
372,1,3,0.2198671522461404,0.36063425594177756,0.655251042304693,0.930434175215151,0.958363233327127,0.9924244446030948,2.0,3.0,1.0,a0a3297c9fe5e434
372,2,4,0.10559801421199957,0.2356186787179771,0.509489422943613,0.8796519354742496,0.9262957643897416,1.2140314065554778,2.0,3.0,1.0,a0a3297c9fe5e434
372,3,2,0.17676942786449487,0.3164848080022412,0.6094118553320614,0.9165230463328679,0.8450813488262267,0.926383966213018,2.0,3.0,1.0,a0a3297c9fe5e434
372,4,5,0.13799689320823733,0.27402950486344224,0.5598468932610354,0.8995031954463956,0.8026616407333337,0.5691259250529812,2.5,3.5,1.0,a0a3297c9fe5e434
372,5,0,0.1434520334019999,0.2802011141986286,0.5674243123996855,0.9022541965369759,1.0335657623811492,0.774367748397576,2.5,3.5,1.0,a0a3297c9fe5e434
373,0,2,0.21467344845860256,0.35544859223890785,0.6501367462871477,0.9289595863652661,1.084758916707375,0.8226506488444756,2.0,3.0,1.0,f2394d2904852c97
373,1,4,0.1448941795375949,0.2818205629708593,0.5693906396439774,0.9029588075481405,0.9884438519329753,1.4265126552550629,2.0,3.0,1.0,f2394d2904852c97
373,2,3,0.15536861871171537,0.2934401796766738,0.5832380502990568,0.9078160888536491,0.8653014344067335,0.8051942850752901,2.0,3.5,1.0,f2394d2904852c97
373,3,0,0.1384618370385569,0.2745584067167836,0.5605015323718711,0.8997431296509032,1.0727903237975684,0.904113668549243,2.0,3.0,1.0,f2394d2904852c97
373,4,5,0.16333960138300035,0.3021259698683627,0.5932988831085729,0.9112339732816128,0.8588263233570574,1.2321054678539352,2.0,3.0,1.0,f2394d2904852c97
373,5,1,0.08913408106258139,0.2146233327134291,0.4793955286208099,0.8663091032800744,1.1082188513672242,0.9058453302883445,2.0,3.0,1.0,f2394d2904852c97
374,0,2,0.1872929728832891,0.32751789298030154,0.6213733496956407,0.9203093390063738,0.8663833575933572,1.0963424199029805,2.0,3.0,1.0,46285b7bf7e7c1c3
374,1,1,0.156251251450712,0.2944083701855444,0.584371595624179,0.9082057625708614,0.7536105936220813,1.0671033267232586,2.0,3.0,1.0,46285b7bf7e7c1c3
374,2,0,0.19770287113210822,0.33826137664314215,0.6326872472601321,0.9237862285595446,0.8096865355290084,1.033958517204078,1.5,2.5,0.5,46285b7bf7e7c1c3
374,3,4,0.16054820995330474,0.29909884950615895,0.5898200562780476,0.9100624366320751,0.8025892306566267,0.8776879110173942,1.5,2.5,0.5,46285b7bf7e7c1c3
374,4,5,0.09709219444800135,0.22492246781926753,0.49440198037510874,0.8731146501990502,0.946662972251599,0.9340850916923646,2.0,3.0,1.0,46285b7bf7e7c1c3
374,5,3,0.15669208026683115,0.294891319700211,0.5849358823162447,0.9083993060469314,0.859811483978572,1.015581534521893,2.5,3.5,1.5,46285b7bf7e7c1c3
375,0,0,0.14568892334868333,0.28271091307625024,0.5704678484962379,0.903343217114987,1.0924558867027079,0.7778055113850697,1.5,2.5,1.0,88e6a21f58e65060
375,1,4,0.1318550989317718,0.2669899276454068,0.5510380658382612,0.8962320079904763,0.7663124747146376,0.8446740501947942,2.0,3.5,1.0,88e6a21f58e65060
375,2,3,0.10198800099505703,0.231115715243892,0.5031980388867054,0.876961772113285,0.9315706504637554,0.8643486976598265,2.0,3.0,1.0,88e6a21f58e65060
375,3,1,0.18002835308213733,0.319921011525841,0.6131753533359808,0.9177268841691972,0.9674016197744841,1.0292963187694204,1.5,2.5,1.0,88e6a21f58e65060
375,4,5,0.21356609943245441,0.35433863380493263,0.649033186460252,0.9286389719573525,0.921367178101675,0.7835315352072254,1.5,2.5,1.0,88e6a21f58e65060
375,5,2,0.09992475072739551,0.22851817436708774,0.49952923185606146,0.8753695188494065,1.143583198576554,0.8175440896143542,2.5,3.5,1.5,88e6a21f58e65060
376,0,4,0.0816719207091056,0.2046728565618009,0.4644286073401661,0.8591985890646424,1.0776826181949843,0.926494573780198,2.5,3.5,1.5,09537d4fe6d09c83
376,1,1,0.153503170647401,0.29138847759576936,0.5808257746713589,0.906982892782409,0.9764885939049206,1.0641957337925243,2.0,3.0,1.0,09537d4fe6d09c83
376,2,0,0.1767729672456745,0.3164885497012598,0.6094159724714059,0.9165243696784902,1.173856666549489,1.434285835160408,2.5,3.5,1.0,09537d4fe6d09c83
376,3,2,0.1650768371648911,0.30400222503287844,0.5954405497547558,0.9119498790337658,1.1352054894195902,0.7457792935660734,2.0,3.0,1.0,09537d4fe6d09c83
376,4,5,0.18443522521663694,0.3245395720546505,0.6181792482769141,0.9193095869213803,1.0403292909500288,1.0150196536405893,3.0,4.0,1.5,09537d4fe6d09c83
376,5,3,0.16409894154836932,0.30294679213355147,0.5942371813882708,0.9115481197003995,0.9616089002391035,0.9186725265106696,2.5,3.5,1.0,09537d4fe6d09c83
377,0,2,0.1717695404211867,0.31117733389884766,0.6035295260030635,0.914617857510044,0.9209108499555687,1.2064030772941263,1.5,2.5,0.5,c5fe6fe3285a2703
377,1,5,0.1360197373746791,0.27177417612031357,0.5570441964332583,0.8984710544234241,1.128585719483491,0.9450064541281888,2.0,3.0,1.0,c5fe6fe3285a2703
377,2,0,0.1805575845438061,0.3204773490015127,0.6137814047701307,0.9179196562938398,0.904136795284342,0.9696759828069175,2.0,3.0,1.0,c5fe6fe3285a2703
377,3,3,0.18884410811045654,0.3291291111289477,0.6230907431106308,0.9208435349516559,1.2718383209868034,0.9957978636880171,2.0,3.0,1.0,c5fe6fe3285a2703
377,4,4,0.19209614890408339,0.3324951374227642,0.626654913947104,0.9219447815011187,0.7927670094865743,1.036826234425728,2.0,3.5,1.0,c5fe6fe3285a2703
377,5,1,0.20459179080017414,0.34528488531974033,0.6399123928005762,0.9259554987093559,0.8775230769637362,0.6275930980835008,2.0,3.0,1.0,c5fe6fe3285a2703
378,0,4,0.1411105425001949,0.2775610954945259,0.5641992962947785,0.9010903286375899,1.0960428318406108,1.0455894415087343,2.0,3.0,1.0,c288a3eaf97b8c2c
378,1,2,0.1363373355262146,0.27213713996720285,0.5574964812452575,0.8986381574087197,1.0259802563562785,1.2230598942338862,2.5,4.0,1.5,c288a3eaf97b8c2c
378,2,5,0.21083195431716317,0.3515913873345371,0.6462881580318117,0.9278376856867869,0.9838644505190908,0.9057192639902159,2.0,3.0,1.0,c288a3eaf97b8c2c
378,3,3,0.10819225405801691,0.23882304907411456,0.5139142411258454,0.8815141288975584,0.8961698072209586,0.7972480565676394,2.0,3.0,1.0,c288a3eaf97b8c2c
378,4,1,0.1972249211328883,0.3377716123918333,0.632178440188258,0.9236319839952244,0.9286831399394306,1.0337938545001164,3.0,4.0,1.5,c288a3eaf97b8c2c
378,5,0,0.11463584392665324,0.24667472729419004,0.52457711932937,0.885903529357531,0.9848711737330417,1.036126793687004,3.0,4.0,1.5,c288a3eaf97b8c2c
379,0,5,0.17787994372955124,0.3176577525073582,0.6107004523838472,0.9169365465188423,1.245027925442278,1.002516091800468,2.0,3.0,1.0,e107050a4950eea7
379,1,4,0.11401937875435358,0.24592990903827666,0.523576390157412,0.8854973518188686,0.945624192191115,1.233552029977438,1.5,2.0,0.5,e107050a4950eea7
379,2,0,0.1268821585984653,0.2612145789408257,0.5436756514032552,0.8934356193296056,0.8234567988930936,0.8201097298202737,2.5,3.5,1.0,e107050a4950eea7
379,3,2,0.11156725356305197,0.24295412104399333,0.5195557846639791,0.8838535032028251,0.8363635965121773,0.8325442493000583,2.0,3.0,1.0,e107050a4950eea7
379,4,3,0.1264473564550006,0.2607062550517011,0.5430216757797892,0.8931844168308474,0.9291107254109372,0.8325650935377598,2.5,3.5,1.5,e107050a4950eea7
379,5,1,0.12212752574136415,0.25562536675679426,0.5364310271734921,0.8906267203659476,1.1817145101300681,0.8678913487401895,1.5,2.0,0.5,e107050a4950eea7
380,0,4,0.18036203170674525,0.3202718345892274,0.6135576315352368,0.9178485136872426,0.9588109476317135,1.1557051480962433,2.0,3.0,1.0,253f011a21672e13
380,1,2,0.14003045020768967,0.27633877026397097,0.5626978596173757,0.9005449627236516,0.9621315050699029,0.7856530666142612,1.5,2.5,0.5,253f011a21672e13
380,2,5,0.14370553627297894,0.2804861425841234,0.5677710499561357,0.9023787203753639,0.895626436737582,1.2211040805057995,1.5,2.5,0.5,253f011a21672e13
380,3,1,0.14996014729193272,0.28747096799437477,0.5761810347837124,0.9053633455992853,1.0367443829977092,0.725204682750217,2.0,3.0,1.0,253f011a21672e13
380,4,3,0.16133128327258228,0.2999496079988682,0.590800712194665,0.9103937749157699,0.85813600344662,0.7771157253829519,1.5,2.5,1.0,253f011a21672e13
380,5,0,0.1780863560668628,0.31787553711200345,0.6109392608622518,0.917013027472799,0.813425758840073,0.7642848420844133,1.5,2.5,0.5,253f011a21672e13
381,0,4,0.1686195034605936,0.30781058344626894,0.5997537711685155,0.9133795221658839,1.1131770317304222,1.1713728579902374,1.5,2.5,0.5,03c84cfff0d40ebc
381,1,0,0.12537590223768016,0.25945125412480685,0.5414028973199373,0.8925606194055309,0.80896488240329,1.0660589723844387,1.5,2.5,1.0,03c84cfff0d40ebc
381,2,3,0.20543395723963948,0.34613902560197446,0.6407820433550726,0.9262139807745126,1.0891678715059134,1.0027551483413386,2.5,3.5,1.0,03c84cfff0d40ebc
381,3,5,0.1780666574139071,0.31785475628222265,0.6109164800190946,0.9170057336951768,1.2637890764492468,0.7133109626238291,3.0,4.0,1.5,03c84cfff0d40ebc
381,4,1,0.17615459759118024,0.31583450622527687,0.608695668287461,0.9162926328021103,0.7890493527018327,1.220413494099955,2.0,3.0,1.0,03c84cfff0d40ebc
381,5,2,0.12145268250134195,0.25482649071808733,0.5353857669144517,0.8902166577212355,0.8387191755971536,0.8844931377975431,2.0,3.0,1.0,03c84cfff0d40ebc
382,0,2,0.16270370244129828,0.30143772001459923,0.5925104898485386,0.9109694145675578,0.8889698838328179,0.9366576236585762,2.5,3.5,1.0,127c107d2c55438c
382,1,3,0.1775349749590629,0.3172936161823981,0.6103008498047848,0.9168084642516257,0.9987826064511873,0.5442114748223716,2.0,3.0,1.0,127c107d2c55438c
382,2,4,0.19556818755282546,0.3360713776153255,0.6304069947506901,0.9230934331094234,1.147799313146131,1.197193986214095,2.0,3.0,1.0,127c107d2c55438c
382,3,1,0.11641521540978864,0.24881731569877094,0.5274434851984852,0.8870604432493601,1.1485339299395867,1.109067513024704,1.5,2.5,0.5,127c107d2c55438c
382,4,5,0.10875917771860963,0.23951990778611057,0.5148708373897867,0.8819135307370003,0.8285561847943214,1.2724910939717955,2.5,3.5,1.0,127c107d2c55438c
382,5,0,0.11058909917487822,0.24176111908859532,0.5179337889149485,0.88318486646888,1.077363141622314,0.887013173249797,1.5,2.0,0.5,127c107d2c55438c
383,0,3,0.17567473463590327,0.3153265056589622,0.6081353207915753,0.9161120589618994,1.1260710684205386,0.8811585461637101,2.5,3.5,1.0,2fac5536848a782d
383,1,0,0.1186923589408023,0.2515438788377719,0.5310647263613025,0.8885084275983715,0.8902032926617975,1.4113159728255271,2.5,3.5,1.0,2fac5536848a782d
383,2,1,0.1186913087108992,0.25154262524753557,0.5310630681622245,0.8885077679979313,0.8526659978136468,1.016560977750876,2.5,3.5,1.0,2fac5536848a782d
383,3,5,0.13247873490576093,0.26770931841191625,0.551946509376272,0.8965730756446548,1.1074597552201697,1.2090085357819986,2.0,3.0,1.0,2fac5536848a782d
383,4,2,0.1416446946043357,0.2781645245432275,0.5649385823403691,0.9013580354601464,1.0033267468965392,1.0111483688759326,2.0,3.0,1.0,2fac5536848a782d
383,5,4,0.20814979382599758,0.34888700967643144,0.6435668541984167,0.9270379587297269,1.0141479696359563,1.2039010989084176,1.5,2.5,1.0,2fac5536848a782d
384,0,0,0.1487249915292998,0.28609872293166266,0.5745418976671236,0.9047869523295965,0.8551878854649254,0.8959919164273785,2.0,3.0,1.0,f54e6ae270694edb
384,1,2,0.13963437379768312,0.27588980962142623,0.5621450605425539,0.9003436031081113,1.0667640816161248,1.2073630295640818,1.5,2.5,1.0,f54e6ae270694edb
384,2,1,0.18951381682630675,0.3298236116286897,0.6238287391905307,0.9210723749948457,1.0606373366992232,0.8620109977556676,2.0,3.0,1.0,f54e6ae270694edb
384,3,3,0.1567938477463258,0.29500275340741045,0.585065975481653,0.9084438851491705,1.0617454123915924,1.2649631275922424,2.0,3.5,1.0,f54e6ae270694edb
384,4,4,0.16395117432738496,0.30278714812864066,0.5940548556229468,0.9114871369707052,1.1129932156833329,0.9730060979328641,2.0,3.0,1.0,f54e6ae270694edb
384,5,5,0.13850652895359356,0.27460921754715767,0.5605643702606092,0.8997661378442131,1.04398841215393,1.2334847583906323,1.5,2.5,1.0,f54e6ae270694edb
385,0,4,0.16809394986020065,0.3072471007728651,0.5991184289056157,0.913169946910803,0.77779028447573,0.9157132842755946,2.0,3.0,1.0,ea15c36320872e5e
385,1,1,0.1485331675587212,0.2858852999306603,0.5742863943370766,0.9046968759762024,1.1303609774376964,1.1723124898776636,2.0,3.5,1.0,ea15c36320872e5e
385,2,0,0.11760822073042304,0.25024790206046194,0.5293471584504423,0.8878235245197148,0.9801665960773893,1.0590475393160477,3.0,4.0,1.5,ea15c36320872e5e
385,3,5,0.18060346255173532,0.320525554878996,0.6138338755387465,0.9179363320340239,0.9225263669541461,1.1136831121589224,2.5,3.5,1.0,ea15c36320872e5e
385,4,2,0.19884369260367163,0.33942907843927084,0.6338977105129552,0.9241523907219296,0.8932144917334464,1.2795007283681445,2.0,3.0,1.0,ea15c36320872e5e
385,5,3,0.1737816591657017,0.3133185186582341,0.6059128421585276,0.9153932746834605,1.010500632147122,0.9016743158015481,2.0,3.0,1.0,ea15c36320872e5e
386,0,0,0.15444129795001832,0.29242119815588746,0.5820417211177698,0.9074035506970936,0.8362717106775615,0.6527400194421197,1.5,3.0,1.0,d9192b3d3e4bb7b9
386,1,3,0.1275587807640127,0.2620045176119279,0.5446900048919566,0.8938243336296341,0.9400729940429045,0.7438009061972166,3.0,4.0,1.5,d9192b3d3e4bb7b9
386,2,2,0.09187167853227442,0.21820051078407215,0.4846624160842051,0.8687334525277465,0.9614252322633896,0.7769355979097285,2.5,3.5,1.5,d9192b3d3e4bb7b9
386,3,5,0.16931171926794797,0.3085519768016675,0.6005882195170452,0.9136542469583578,1.0706068706263923,0.7085633445161584,1.5,2.5,0.5,d9192b3d3e4bb7b9
386,4,4,0.14284861445743532,0.2795220336488547,0.5665970743374104,0.9019566342743653,0.9798822899176015,0.7867607321355076,2.0,3.0,1.0,d9192b3d3e4bb7b9
386,5,1,0.12511282964666043,0.2591425957444042,0.5410038565358215,0.8924064096692719,1.097458188093969,1.321650535879499,2.5,3.5,1.5,d9192b3d3e4bb7b9
387,0,4,0.15045424825820758,0.288018952316989,0.5768338279678883,0.9055921880285549,1.007503851638281,1.0302546986288084,2.5,3.5,1.0,a4e0b2cead7fefc6
387,1,2,0.15536195371966122,0.29343286238044725,0.5832294716189707,0.9078131353021855,0.9559191899524104,1.331295525851868,2.5,3.5,1.5,a4e0b2cead7fefc6
387,2,5,0.1509317791227791,0.2885480440786733,0.5774631597387699,0.9058124252084612,1.0406518380217733,1.0320630290184218,2.0,3.0,1.0,a4e0b2cead7fefc6
387,3,1,0.11292219459637512,0.2446010269952032,0.5217853653106985,0.8847674556033017,0.9246733469374019,1.2345337862520616,2.5,3.5,1.0,a4e0b2cead7fefc6
387,4,0,0.14380547917661396,0.28059847209634564,0.5679076217323286,0.9024277350742544,1.036982411097397,0.9136546680391187,2.0,3.0,1.0,a4e0b2cead7fefc6
387,5,3,0.17427118021681642,0.3138383552571883,0.6064893709158987,0.9155801305525855,0.9103771776190186,1.1374007040400604,3.0,4.0,1.5,a4e0b2cead7fefc6
388,0,2,0.14606910355984848,0.2831363051153291,0.5709815576835846,0.9035261419336148,1.128027363348707,0.8689749238161827,2.0,3.0,1.0,28b830da3d8a7305
388,1,3,0.1411241745292185,0.2775765042464244,0.564218190065712,0.90109717711493,0.8592523816795478,1.287630236008072,1.5,2.5,0.5,28b830da3d8a7305
388,2,4,0.13347242941549947,0.2688534034322164,0.5533873579854518,0.8971122629471685,1.0437081433108548,0.8457522691375192,1.5,2.5,1.0,28b830da3d8a7305
388,3,5,0.143609638078206,0.28037833661917927,0.5676399368915075,0.9023316475940544,1.2290400397395589,1.0761371163556253,1.5,2.5,0.5,28b830da3d8a7305
388,4,0,0.1407733636561852,0.2771798248837278,0.5637315279373332,0.9009206622180788,0.8997217117940022,0.59690315683352,2.0,3.0,1.0,28b830da3d8a7305
388,5,1,0.20920864685027377,0.34995575401740514,0.6446445662500107,0.9273553152830778,0.9992703849325832,0.9350204326605055,1.5,2.5,0.5,28b830da3d8a7305
389,0,1,0.1797087318357422,0.3195847942606567,0.6128086510885512,0.9176100981982148,1.0719675478662323,0.8462351856606676,1.5,2.5,1.0,378bc937aeb34fcd
389,1,0,0.18295322506076714,0.3229899141792311,0.6165072160324164,0.9187829857282361,1.1484854398525752,0.686134804368664,2.0,3.0,1.0,378bc937aeb34fcd
389,2,3,0.1341361815285545,0.26961612945804914,0.5543452787744753,0.8974695370725077,1.2065574428017352,0.7986509898114063,2.0,3.0,1.0,378bc937aeb34fcd
389,3,4,0.13651577418123984,0.2723409516454805,0.557750241177776,0.898731821078681,0.949699154951456,1.01746322871984,1.5,2.0,0.5,378bc937aeb34fcd
389,4,2,0.20445836277174279,0.3451494722699935,0.6397743429525502,0.9259144154778776,1.0444555144001795,1.0776888475108262,2.0,3.0,1.0,378bc937aeb34fcd
389,5,5,0.1346711358313007,0.2702299962054125,0.5551147114550481,0.8977558233481526,0.8461666654449336,1.0364496740958529,2.5,3.5,1.5,378bc937aeb34fcd
390,0,0,0.09890891599132742,0.22723266177029386,0.4977026943719649,0.8745702390304477,1.124425012031451,0.6491247637507426,2.0,3.0,1.0,cb8013010fc076ee
390,1,2,0.1690164946664135,0.30823588642291216,0.6002326626817343,0.9135372604485297,1.0749894982667307,0.7681203524877782,1.5,2.5,1.0,cb8013010fc076ee
390,2,4,0.1984590857520008,0.3390356164450303,0.6334902548147112,0.9240292602248664,0.9105898704907575,1.025538107153534,1.5,2.5,1.0,cb8013010fc076ee
390,3,3,0.15227195086210338,0.29003023531452665,0.5792211821385316,0.906425680358565,1.1364876076292467,0.5749034117514144,1.5,2.5,0.5,cb8013010fc076ee
390,4,1,0.146154897644394,0.2832322554027729,0.5710973428926908,0.9035673362359996,0.9961038802564997,0.9169244610313908,2.5,3.5,1.0,cb8013010fc076ee
390,5,5,0.1355145299160496,0.27119626200435365,0.5563230872814038,0.8982041974943589,1.1778690091665933,1.247478305317636,2.0,3.0,1.0,cb8013010fc076ee
391,0,2,0.21587004446583313,0.3566462824642334,0.6513240030622448,0.9293035498340126,1.273980885060498,0.8744069658415676,2.5,3.5,1.5,4db80b2855d0c0a3
391,1,5,0.1403274844492479,0.276675208005935,0.5631116451195123,0.9006954860923673,1.0378230690762684,0.9357823343539476,2.0,3.0,1.0,4db80b2855d0c0a3
391,2,3,0.16555269665181613,0.3045151520468122,0.5960241090507438,0.9121442504038383,1.000337070382176,0.9673576966481412,1.5,2.0,0.5,4db80b2855d0c0a3
391,3,4,0.15672501612665407,0.29492738628062865,0.5849779926343787,0.9084137377060296,0.7324834011211802,0.8348451787966562,1.5,3.0,1.0,4db80b2855d0c0a3
391,4,1,0.16360824558299714,0.3024164935253413,0.5936312295987114,0.9113453331595225,0.7882598382057903,1.0241156628067263,2.5,3.5,1.0,4db80b2855d0c0a3
391,5,0,0.15964860029138533,0.29811996587587064,0.5886888456979148,0.9096791597782604,0.9690579090169656,1.0996278355264333,2.0,3.0,1.0,4db80b2855d0c0a3
392,0,3,0.17840622687445234,0.31821288858172464,0.611308901186815,0.9171313160096872,1.1399462512746719,0.7382141543881408,3.0,4.0,1.5,ff614fd0fe7d9c69
392,1,4,0.11283008355076249,0.24448927313948293,0.5216344214614023,0.8847057676549336,1.0361135017438405,0.8193534805814993,2.0,3.0,1.0,ff614fd0fe7d9c69
392,2,5,0.14110916126738826,0.277559534213995,0.5641973818507996,0.9010896346840082,1.1349439373707793,1.1257692603876475,1.5,3.0,1.0,ff614fd0fe7d9c69
392,3,2,0.15372299787278693,0.2916306396162937,0.5811112170819146,0.9070817649229975,0.8318507309823346,1.2716988506240496,1.5,2.5,1.0,ff614fd0fe7d9c69
392,4,0,0.20985038936961217,0.3506027781506702,0.6452955705435298,0.9275466094791893,0.7744060490673476,1.1006697432417787,2.0,3.0,1.0,ff614fd0fe7d9c69
392,5,1,0.14835592242006346,0.2856880231409793,0.5740500836843234,0.9046135105083856,1.1106695883835638,0.8404375404235169,2.5,4.0,1.5,ff614fd0fe7d9c69
393,0,0,0.15773170024336303,0.29602867548019624,0.5862617899644722,0.9088529330227361,1.1351051461525703,1.2312356885467797,1.5,2.5,1.0,5e086a07e6a882d7
393,1,3,0.19644398770633012,0.3369706685033359,0.6313449392670931,0.9233788831210217,1.0292779079326233,0.9737016502094477,2.5,3.5,1.5,5e086a07e6a882d7
393,2,4,0.15897692400312757,0.2973880359394744,0.5878410064933468,0.9093911403280284,1.0899909214749455,1.1268567780627605,2.0,3.0,1.0,5e086a07e6a882d7
393,3,1,0.12986473827755446,0.26468678740851725,0.5481168687042122,0.8951293840843941,0.8847639313895246,1.0926642279399883,2.0,3.0,1.0,5e086a07e6a882d7
393,4,5,0.13829359252454865,0.27436708183463204,0.5602648381094738,0.8996564279078249,0.9749782200800607,1.153904920077076,1.5,2.5,1.0,5e086a07e6a882d7
393,5,2,0.14863877831233613,0.2860028125763056,0.5744270958523551,0.9047464872490221,0.9496042206912907,0.9302203313942081,1.5,2.5,0.5,5e086a07e6a882d7
394,0,2,0.13578555493701225,0.2715063745101922,0.5567101886066645,0.8983475162075585,1.1003964999521505,0.8702588669267449,1.5,2.5,0.5,bbcc9d873c952278
394,1,3,0.1748239669183172,0.31442487005178027,0.6071388724041784,0.9157903032800658,0.7899012897699497,0.8309706452327895,2.5,3.5,1.5,bbcc9d873c952278
394,2,4,0.19467755727444172,0.3351557129518299,0.6294496834204336,0.9228013946133337,1.1236788643315878,0.7817111176384826,3.0,4.0,1.5,bbcc9d873c952278
394,3,5,0.09568518300989672,0.22312319113368584,0.49181486908653466,0.8719635373598568,1.159666066510602,0.9457045617509104,1.5,2.5,0.5,bbcc9d873c952278
394,4,1,0.1643229981137561,0.30318877673688416,0.5945133934088381,0.9116404489570491,1.0464463817941632,1.2298096699946732,1.5,2.5,0.5,bbcc9d873c952278
394,5,0,0.21048314923082737,0.35124022181307046,0.645935870028927,0.9277344587613741,1.2062769510699491,0.9874808173360464,2.0,3.0,1.0,bbcc9d873c952278
395,0,0,0.13602986787450308,0.271785757719501,0.5570586354316382,0.8984763923464496,1.0043710388950278,0.7849097755970804,2.5,3.5,1.5,83e53599657f91dc
395,1,2,0.0988209024191837,0.22712107374509802,0.4975438018090818,0.8745005006177485,1.083547958222553,1.0466056099698253,2.0,3.0,1.0,83e53599657f91dc
395,2,3,0.19867039224455282,0.33925181403509463,0.6337141937315168,0.924096948664653,1.0240294709793694,0.6692350808094047,2.5,3.5,1.0,83e53599657f91dc
395,3,4,0.21387993785829557,0.3546533684265716,0.6493464271252501,0.9287300652147344,1.2273868824376246,0.8931171599752017,1.5,2.5,1.0,83e53599657f91dc
395,4,1,0.1634034897728298,0.30219507430786885,0.5933779597665516,0.9112604784670089,1.0746140697848543,0.779589502083887,2.0,3.0,1.0,83e53599657f91dc
395,5,5,0.1954925848770022,0.3359936948508324,0.6303258685705926,0.9230687119059966,0.8368138263328954,1.0103178345928194,1.5,2.5,0.5,83e53599657f91dc
396,0,5,0.1359073451286517,0.27164566675855256,0.5568839490279983,0.8984117985734463,1.1319683721578968,1.0061331829648963,2.0,3.0,1.0,a56f6dc9fff910a2
396,1,1,0.18125508067715884,0.32120986058040196,0.6145779893025495,0.9181725774575257,1.046532988507485,1.3208859829979371,2.5,3.5,1.0,a56f6dc9fff910a2
396,2,4,0.11799553210666944,0.2507113342845898,0.529962108832055,0.8880691328748572,1.0599635352464596,1.2293463490512593,2.0,3.0,1.0,a56f6dc9fff910a2
396,3,3,0.10437071290686767,0.23409364506475575,0.5073683700277689,0.8787506041090044,0.891361732772714,1.4609951794907854,2.0,3.0,1.0,a56f6dc9fff910a2
396,4,2,0.13223087981018283,0.26742353416589143,0.5515858492471977,0.896437772182209,1.151080724853297,1.089298869751178,1.5,2.0,0.5,a56f6dc9fff910a2
396,5,0,0.1536134024588966,0.29150992211495896,0.580968948572917,0.9070324951085765,1.0521536073279834,1.4323606878747568,2.0,3.5,1.0,a56f6dc9fff910a2
397,0,5,0.18475292280794786,0.32487131409203013,0.6185362858667013,0.9194217438068458,1.083598240508594,1.1324809727103164,2.5,3.5,1.5,8fe8d0b55e09de62
397,1,1,0.18617800716285074,0.3263574202605327,0.620131823439277,0.9199217075553959,1.159852963980145,0.848906593165073,1.5,2.5,1.0,8fe8d0b55e09de62
397,2,0,0.11689823192578952,0.24939709138554872,0.5282159671236902,0.8873705949441908,1.0006404757056477,0.6923011602812886,1.5,2.5,0.5,8fe8d0b55e09de62
397,3,2,0.15011465303049237,0.2876423815551663,0.5763853416915029,0.9054350104826626,0.9715868952532821,0.9290414346278283,2.5,3.5,1.0,8fe8d0b55e09de62
397,4,4,0.17818206759388827,0.31797649734673783,0.6110499196235784,0.9170484511717779,1.0414977960838498,1.239021355346539,2.5,3.5,1.0,8fe8d0b55e09de62
397,5,3,0.1365663559057984,0.2723987107837782,0.5578221282947426,0.8987583429191606,1.0189115656136518,1.0179434664046427,2.5,3.5,1.0,8fe8d0b55e09de62
398,0,4,0.1353269004004415,0.2709814594484594,0.5560547545419123,0.8981047609221491,1.1587720662974366,1.208623239206267,2.5,3.5,1.5,b7bd7482f3579f57
398,1,0,0.1450421995761665,0.28198650210815934,0.5695916111985282,0.9030306111348039,0.9517613520590444,0.8089289146177856,1.5,3.0,1.0,b7bd7482f3579f57
398,2,1,0.14808886092837062,0.28539064440993395,0.573693615483766,0.9044876551387919,0.8946120012900857,0.8904731677707038,1.5,2.5,1.0,b7bd7482f3579f57
398,3,5,0.16939450429405895,0.3086405840958785,0.600687834946144,0.9136870032954707,0.9333530688916348,1.144554325578967,2.5,3.5,1.0,b7bd7482f3579f57
398,4,3,0.14290331327681702,0.2795836271884608,0.566672172004943,0.9019836750791492,1.1227607670047126,0.9648784663426208,2.0,3.0,1.0,b7bd7482f3579f57
398,5,2,0.18153494307293538,0.3215035469861532,0.6148969237167933,0.9182736966439756,1.0743525612169311,0.6562606724670702,2.0,3.0,1.0,b7bd7482f3579f57
399,0,0,0.19514704777430056,0.33563854470798027,0.6299547639286319,0.9229555626358983,1.071551524826998,0.9799224929524184,1.5,2.5,1.0,76f3d6235445ecd9
399,1,2,0.15404481078747392,0.2919849622261695,0.5815285170587234,0.9072261742142943,0.8922486982013259,1.2628988838463495,1.5,2.5,0.5,76f3d6235445ecd9
399,2,3,0.12405982729880716,0.25790505406087677,0.539400295209057,0.8917849515064179,1.0827790811174256,1.0242339426658842,2.0,3.0,1.0,76f3d6235445ecd9
399,3,1,0.12537872846751008,0.2594545689721333,0.5414071808702786,0.8925622738438457,1.015139409197318,1.179482821684526,1.5,3.0,1.0,76f3d6235445ecd9
399,4,5,0.15627051276636197,0.2944294803748199,0.5843962770403452,0.9082142340868911,0.9800295996717029,1.4119556612789805,2.0,3.0,1.0,76f3d6235445ecd9
399,5,4,0.1832838358497759,0.3233359255050766,0.6168811543018629,0.9189009517505585,1.0024792494678827,0.6396861345348909,2.5,3.5,1.0,76f3d6235445ecd9
400,0,1,0.17834237637836725,0.3181455625382642,0.611235158092329,0.9171077264828241,0.9648810948033661,1.3745506575904964,2.5,3.5,1.0,a3c493f3116693ca
400,1,2,0.16784588199956196,0.3069809516247829,0.5988179968728841,0.9130707244976329,0.791607085422236,0.8465114525208846,2.0,3.0,1.0,a3c493f3116693ca
400,2,0,0.19307613006434338,0.33350633782797023,0.6277194361529765,0.9222717753411671,1.0390422404830617,0.7095157316812624,2.0,3.0,1.0,a3c493f3116693ca
400,3,5,0.20361241244709177,0.3442903741542956,0.6388973795837207,0.9256531044864069,0.994685997430047,0.9646597399186676,1.5,2.5,1.0,a3c493f3116693ca
400,4,4,0.15637901055949238,0.29454837827229885,0.5845352618243463,0.9082619280661647,1.050320213911014,0.8987830013152079,1.5,2.5,0.5,a3c493f3116693ca
400,5,3,0.1479424890047439,0.28522758719873625,0.5734980313807075,0.9044185502530656,1.0350207497405077,1.3823677029782657,2.5,3.5,1.5,a3c493f3116693ca
401,0,1,0.206413179156051,0.3471309710949111,0.6417895773905204,0.926512749069245,1.1152460571234635,1.1813761719806974,3.0,4.0,1.5,1e085977b27c74eb
401,1,4,0.11480715887796958,0.24688147979605446,0.5248545144007144,0.8860159105032792,1.1336690772400901,1.04981914853264,2.0,3.0,1.0,1e085977b27c74eb
401,2,3,0.19777928046181947,0.3383396443582624,0.6327684974042364,0.9238108412897569,0.908301273473483,0.9978989151202291,2.0,3.0,1.0,1e085977b27c74eb
401,3,2,0.18757894033621966,0.32781521843896705,0.6216908234947417,0.9204082649477577,0.7059742932896648,0.7499471759654392,2.0,3.0,1.0,1e085977b27c74eb
401,4,0,0.10863943430242001,0.2393728200098363,0.514669093974749,0.8818293914933314,1.0251917219754552,0.7931744761873811,2.5,3.5,1.0,1e085977b27c74eb
401,5,5,0.15491231205293093,0.29293899736610446,0.5826500663542483,0.9076134952725003,1.0748468887406664,1.025972252295614,2.5,3.5,1.5,1e085977b27c74eb
402,0,3,0.20108767009760964,0.34172056007873053,0.6362623475553173,0.9248644986579697,0.9345449639063562,0.7058410114306677,2.5,3.5,1.0,c04bf6ff726bfc43
402,1,2,0.1690236435632646,0.30824354248327085,0.6002412783010028,0.9135400964727716,1.0677344953057009,1.0812578775507238,2.5,3.5,1.0,c04bf6ff726bfc43
402,2,5,0.1848625136997774,0.3249857122497035,0.6186593334259076,0.9194603733064507,1.0137959634984002,0.6755051097253486,2.5,3.5,1.0,c04bf6ff726bfc43
402,3,4,0.10979348058525572,0.24078818963136225,0.5166066791960157,0.8826354260745715,1.1849943706056445,0.7978200905290485,2.5,3.5,1.5,c04bf6ff726bfc43
402,4,1,0.13157421373154332,0.2666655666407414,0.5506278433708187,0.8960777097971565,0.960710667079834,1.3448772746188056,1.5,2.5,1.0,c04bf6ff726bfc43
402,5,0,0.19295347276148248,0.33337985147018795,0.627586435973818,0.9222309690837638,1.2129380320011411,1.1283100447136407,2.0,3.0,1.0,c04bf6ff726bfc43
403,0,1,0.1231773914344078,0.25686539217701626,0.5380486203669573,0.8912589117148803,0.9898428083251387,1.1261498776047079,2.0,3.0,1.0,128613e176d8c087
403,1,2,0.1529246380465458,0.29075066769738517,0.5800730440581228,0.9067217973889838,1.1164447521901935,1.2080660608465306,2.0,3.0,1.0,128613e176d8c087
403,2,0,0.10505195482541577,0.2349408822875568,0.5085479433850629,0.8792525581832378,0.8991799188845053,0.6815986059586425,1.5,2.5,1.0,128613e176d8c087
403,3,5,0.1736933583406946,0.3132247045376573,0.6058087100495894,0.9153594951657026,1.0298197510307745,1.0726134369321865,2.0,3.5,1.0,128613e176d8c087
403,4,4,0.15866666638602578,0.297049636789179,0.5874484345759554,0.9092575600684754,1.0521071350695133,1.2739657744436224,3.0,4.0,1.5,128613e176d8c087
403,5,3,0.1291010991585248,0.2638002046373565,0.5469871377374147,0.8947005361664748,0.8919452663550409,1.3111417344929723,2.0,3.0,1.0,128613e176d8c087
404,0,2,0.1513350411649742,0.2889944552589243,0.5779934180056774,0.9059977018566804,0.7930858779258517,0.6512863048453938,2.5,3.5,1.0,67f9eb950951719f
404,1,4,0.13322119233564486,0.26856439503901214,0.5530238345460897,0.896976430913133,1.0582242718338775,1.1621588572140196,3.0,4.0,1.5,67f9eb950951719f
404,2,0,0.1491129005476715,0.2865300555107039,0.5750578056177682,0.9049686435397575,1.1661186305168716,0.940139377302565,2.5,3.5,1.0,67f9eb950951719f
404,3,1,0.21144339171150117,0.35220658419153333,0.6469045509905617,0.9280180849483124,1.0565418095000163,0.9644286757203151,1.5,2.0,0.5,67f9eb950951719f
404,4,5,0.16117589960533033,0.2997808908761341,0.590606418394386,0.9103281963237726,0.8740976486541647,0.8460933997407565,2.0,3.0,1.0,67f9eb950951719f
404,5,3,0.13001076505786535,0.2648561369808091,0.5483323311956279,0.895211019936891,1.1587403493442163,1.009962961112307,2.0,3.5,1.0,67f9eb950951719f
405,0,0,0.15820614482711814,0.29654698189291745,0.5868646294231761,0.9090586512186593,1.041889185421443,0.7754823952311101,2.0,3.0,1.0,973660017943b1a8
405,1,3,0.14371481509186404,0.28049657239580816,0.567783732504969,0.9023832728263462,1.0255526449506238,0.7588848125977183,1.5,2.5,1.0,973660017943b1a8
405,2,5,0.13513903934753857,0.2707662990175448,0.5557858079253903,0.8980050226405568,0.7768813480844167,0.583333378629609,2.0,3.0,1.0,973660017943b1a8
405,3,4,0.13582991475236664,0.2715571136163977,0.5567734912976426,0.8983709385087836,0.7528114692301032,0.8978416370825947,2.0,3.0,1.0,973660017943b1a8
405,4,2,0.14434645912766725,0.2812060860592706,0.5686456108722853,0.9026922789962353,0.7542944109352299,0.9002641036838583,1.5,2.5,0.5,973660017943b1a8
405,5,1,0.17063660326981916,0.3099685340164615,0.6021778736208564,0.9141759552599303,1.1325087221984718,1.1055449395793946,2.5,3.5,1.0,973660017943b1a8
406,0,3,0.1353306298919423,0.2709857299571931,0.5560600909097101,0.898106739150707,1.0854714084170116,1.075854191452198,1.5,2.5,0.5,4ad53cdd7950794f
406,1,1,0.1588749140396275,0.29727679492219067,0.5877119981676658,0.9093472580840729,1.093823307355397,0.8762459406808814,2.0,3.0,1.0,4ad53cdd7950794f
406,2,5,0.1825990108777389,0.3226190031644412,0.6161059824557313,0.9186562833646568,1.0735368661586187,0.9519479128965593,2.0,3.0,1.0,4ad53cdd7950794f
406,3,0,0.17329473015995986,0.3128010155695011,0.6053380911498739,0.9152067168277294,1.0556117584544538,1.044239480699146,2.0,3.0,1.0,4ad53cdd7950794f
406,4,4,0.16465310578673006,0.30354512184127136,0.5949198061767393,0.9117761784240481,1.0686493928475986,0.7670580785119381,2.5,3.5,1.0,4ad53cdd7950794f
406,5,2,0.12129548438189555,0.2546401964381774,0.5351416620549118,0.8901207175454257,1.1421964898226649,0.9965333404836335,2.0,3.0,1.0,4ad53cdd7950794f
407,0,0,0.14266816746289573,0.2793187902953435,0.5663491771448343,0.9018673332657369,1.0230137147268206,0.8071417060305552,2.5,3.5,1.0,a543bcfc68516a55
407,1,1,0.09958964806107123,0.22809459963005788,0.49892818807988387,0.8751069913677699,0.9474974128739916,1.0667161393648843,2.0,3.0,1.0,a543bcfc68516a55
407,2,3,0.2148162557519027,0.35559162401224786,0.6502787243724888,0.9290007719271779,0.9422901769656608,0.9409990960077812,2.0,3.0,1.0,a543bcfc68516a55
407,3,2,0.12960739468039587,0.2643881960596237,0.547736713648448,0.8949852281666433,0.8512743403766704,0.9733445838694926,1.5,2.5,0.5,a543bcfc68516a55
407,4,4,0.1913316487880289,0.3317052833227928,0.62582142293807,0.9216881405256397,0.820969122967556,0.7127996135973304,2.0,3.0,1.0,a543bcfc68516a55
407,5,5,0.14767871554854034,0.2849336220645976,0.573145197695568,0.9042937925110665,1.121495568770346,1.1221756271247516,2.0,3.0,1.0,a543bcfc68516a55
408,0,3,0.17688075234992612,0.3166024857238142,0.6095413208067789,0.9165646528589222,0.9141201988334542,0.9233838984609647,1.5,2.5,1.0,b7f994aa0e5b7403
408,1,1,0.11916910051190041,0.2521125654289921,0.531816326271684,0.8888070770327571,1.0535799057446065,0.6598605410872858,2.0,3.0,1.0,b7f994aa0e5b7403
408,2,4,0.18794445702883886,0.3281950671599615,0.6220960466565608,0.920534418053472,0.9367118372594399,1.0789510617097597,2.0,3.0,1.0,b7f994aa0e5b7403
408,3,2,0.21542467792329656,0.35620071708169276,0.6508827460216728,0.9291758288227303,0.948866406457685,0.7661871870273131,2.5,3.5,1.5,b7f994aa0e5b7403
408,4,5,0.18535653670455587,0.32550116822699166,0.6192132947653479,0.9196341336864939,1.1515350845196282,1.0947039075662626,2.5,3.5,1.5,b7f994aa0e5b7403
408,5,0,0.13550938263708712,0.2711903705157822,0.5563157298138814,0.8982014720092306,0.9583297230700052,0.5253053645790198,1.5,2.0,0.5,b7f994aa0e5b7403
409,0,0,0.20500315053157445,0.3457022132940602,0.6403375407696731,0.9260819330925419,1.0983396996833508,0.9250463084971704,2.0,3.0,1.0,70aec75dc2fa4fde
409,1,3,0.18154520200389948,0.32151431021760657,0.6149086074693416,0.9182773994464154,1.1536073151736297,0.9168595806947446,3.0,4.0,1.5,70aec75dc2fa4fde
409,2,2,0.14478054033486665,0.2816931316898048,0.5692362412306118,0.9029036170464161,0.9888502950435551,0.9670808065988866,2.5,3.5,1.5,70aec75dc2fa4fde
409,3,4,0.1369683065284529,0.2728574616078866,0.5583926658981003,0.8989686487694066,0.9336314350087277,0.9231507603131786,2.0,3.0,1.0,70aec75dc2fa4fde
409,4,1,0.13189726983577224,0.2670386071214583,0.5510995979065337,0.8962551369965165,1.160030074916,0.9358634386138683,2.5,3.5,1.5,70aec75dc2fa4fde
409,5,5,0.1164398407657393,0.24884689289573275,0.5274829256050996,0.8870762953300969,1.2244303502965204,1.0412172531759207,2.5,3.5,1.5,70aec75dc2fa4fde
410,0,5,0.1046099047690726,0.2343913289054139,0.5077831699259509,0.878927317960463,0.8178521287860787,0.6889141231007306,2.0,3.0,1.0,425b7c9c91ed7328
410,1,1,0.15084119312227867,0.2884477159664092,0.5773438958084107,0.9057707169698617,1.0441613868481192,0.9653574189234215,2.0,3.0,1.0,425b7c9c91ed7328
410,2,2,0.15395169773624295,0.2918824656608626,0.5814078453173883,0.9071844315775085,0.8297469028080376,0.8039263359277123,2.0,3.0,1.0,425b7c9c91ed7328
410,3,4,0.15537279132878828,0.29344476062094316,0.5832434208349225,0.9078179378395593,1.1985633777781854,1.0903216396404136,1.5,2.5,1.0,425b7c9c91ed7328
410,4,0,0.1316515064029831,0.26675484440072106,0.5507407923466189,0.8961202112595886,1.1893315911725797,1.1944902302145977,2.5,3.5,1.5,425b7c9c91ed7328
410,5,3,0.13705548612472748,0.27295690557282193,0.5585162426792815,0.899014156741784,0.9269329834801461,1.043649975950639,2.0,3.0,1.0,425b7c9c91ed7328
411,0,4,0.12663604723566332,0.26092691990355793,0.543305688045299,0.8932935674154555,1.1398021107180272,0.9443128111989965,2.0,3.0,1.0,bc24dae420a07b01
411,1,1,0.1664577381622574,0.3054895033587114,0.597130366514567,0.9125119052855307,0.9619437262669059,0.8070160856224403,2.5,3.5,1.0,bc24dae420a07b01
411,2,2,0.10954212751683473,0.24048033887571946,0.51618594819223,0.882460791537134,1.0215522772611763,0.9341641246337391,2.0,3.0,1.0,bc24dae420a07b01
411,3,0,0.16538918318119072,0.3043389503072336,0.5958237364990947,0.9120775440915299,0.8119365982491339,0.6828018151699786,1.5,2.5,0.5,bc24dae420a07b01
411,4,5,0.20307067801362963,0.3437397075990217,0.6383342268333394,0.9254849998619845,0.8702548002233423,1.1327873792147694,2.0,3.0,1.0,bc24dae420a07b01
411,5,3,0.15422355583530248,0.2921816684324362,0.5817600071181752,0.9073062132720218,0.9273599128640488,1.1319564463773135,2.5,3.5,1.0,bc24dae420a07b01
412,0,3,0.13265226048792883,0.2679092989871271,0.5521987074518372,0.8966676082459843,1.1820586460777653,1.318070007786797,1.5,2.5,0.5,98bc9edb9359abe8
412,1,5,0.18095696889740032,0.32089688144434775,0.6142378260179118,0.9180646364427751,0.9402012064123465,0.9894246183054597,2.5,3.5,1.0,98bc9edb9359abe8
412,2,0,0.1696292403588513,0.3088917607213448,0.600970085245243,0.9137797688508137,0.8149505058095559,0.9463948972846444,2.0,3.0,1.0,98bc9edb9359abe8
412,3,1,0.13321468463561115,0.2685569067023858,0.553014411447162,0.896972908106112,0.947314078887893,1.0135711082574559,2.0,3.0,1.0,98bc9edb9359abe8
412,4,4,0.17803032493642446,0.317816426097023,0.6108744574572311,0.9169922781440359,1.130883196287398,0.9129342692495701,1.5,2.5,1.0,98bc9edb9359abe8
412,5,2,0.1718147862805996,0.3112255614345283,0.6035833604791979,0.9146354257174264,1.0777175573456652,1.377642241287057,2.0,3.0,1.0,98bc9edb9359abe8
413,0,3,0.13622894482477743,0.272013296277475,0.557342214308126,0.8985811848129375,1.1420668393601427,0.9025646737654964,2.5,3.5,1.0,f66452b5be3fa0c4
413,1,1,0.0998349721148597,0.2284047398552118,0.4993683473869115,0.875299293284023,1.0269390132123775,0.9401861959631377,2.5,3.5,1.0,f66452b5be3fa0c4
413,2,4,0.14603273401833045,0.28309562501666324,0.5709324586493946,0.9035086694668037,0.9975343809387535,0.6630002408899438,1.5,2.5,1.0,f66452b5be3fa0c4
413,3,5,0.1332280984406512,0.2685723416907607,0.5530338341515587,0.8969801691449614,0.9757733209581461,1.0417691362037425,2.0,3.0,1.0,f66452b5be3fa0c4
413,4,2,0.10825791719876585,0.23890382335378035,0.5140252254634388,0.8815605251673673,1.0458586926361413,0.9055063738098476,1.5,2.5,1.0,f66452b5be3fa0c4
413,5,0,0.15091628074889224,0.28853088021190804,0.5774427587706934,0.9058052916582192,1.2055753491715986,1.109203664268616,1.5,2.5,1.0,f66452b5be3fa0c4
414,0,2,0.10236974529312035,0.23159437397137173,0.5038709219392936,0.8772519079542521,0.813861864975064,0.9608252132322512,2.0,3.0,1.0,ea5f65c03234534b
414,1,0,0.1634291137096467,0.3022227880314436,0.5934096685204744,0.911271105164677,0.8058335513007099,1.3105226644688277,3.0,4.0,1.5,ea5f65c03234534b
414,2,3,0.15811031247117263,0.29644232721072894,0.5867429761971872,0.909017163760591,1.1109969720352133,0.9537004097958557,2.5,3.5,1.0,ea5f65c03234534b
414,3,4,0.11924911052356327,0.25220793441060746,0.5319422457485711,0.8888570483998323,0.889721289993417,0.969339388098155,1.5,2.5,0.5,ea5f65c03234534b
414,4,1,0.15635936442076243,0.29452685076770463,0.5845101008328507,0.9082532951375228,0.8223730700792303,0.9688723218722242,2.0,3.0,1.0,ea5f65c03234534b
414,5,5,0.1686655200424812,0.3078598966619929,0.5998093264961148,0.9133978312154803,1.1626685093289497,0.725269931469718,2.5,3.5,1.5,ea5f65c03234534b
415,0,4,0.17173773423977917,0.3111434295074695,0.6034916756423223,0.9146055040462149,1.1906728507856745,0.9936646117209906,1.5,2.5,1.0,a7e3575bad29449c
415,1,2,0.1722139330823607,0.31165085273035803,0.604057789796434,0.9147901435272181,0.9440583570679797,1.1834686639044087,2.0,3.0,1.0,a7e3575bad29449c
415,2,1,0.17526432652902374,0.3148917161544713,0.6076551147954456,0.9159571027572688,0.8919485148641388,0.9270025787438094,2.0,3.0,1.0,a7e3575bad29449c
415,3,0,0.1402229230253778,0.27655680086436346,0.5629660613747051,0.9006425463708301,1.1550090591334623,0.8679288952813671,3.0,4.0,1.5,a7e3575bad29449c
415,4,5,0.1654586124036611,0.30441377330729646,0.5959088353627001,0.9121058787639986,1.1682205010733044,0.752113250278301,2.0,3.0,1.0,a7e3575bad29449c
415,5,3,0.156599580191936,0.29479001494462354,0.5848175790836592,0.9083587535899385,0.8901038792116307,0.8972286681265648,2.0,3.0,1.0,a7e3575bad29449c
416,0,4,0.1194944626281487,0.252500256731982,0.532327988743156,0.8890100189693141,0.9943374057417422,1.0208481104894997,1.5,2.0,0.5,d8b4e3648ea5dd1e
416,1,2,0.1731182011193661,0.3126132987447582,0.6051294083222151,0.9151389118286213,0.9850343833437987,1.2458998187883585,1.5,2.5,0.5,d8b4e3648ea5dd1e
416,2,1,0.11539216058755264,0.24758673814668275,0.5257994544800216,0.8863980575973224,0.7828116051831652,0.9665636022839745,2.0,3.0,1.0,d8b4e3648ea5dd1e
416,3,3,0.13346215659025518,0.2688415895094968,0.553372504040956,0.8971067154009221,1.0262809061026825,1.1256033678611177,1.5,2.5,1.0,d8b4e3648ea5dd1e
416,4,5,0.17041374135283455,0.30973047554093547,0.6019111557347876,0.9140885720344888,1.0428267836117153,1.203390422828934,2.0,3.0,1.0,d8b4e3648ea5dd1e
416,5,0,0.11641601585510938,0.24881827713517743,0.5274447673030884,0.8870609585874707,1.0826754181937968,1.024504894317213,2.5,3.5,1.5,d8b4e3648ea5dd1e
417,0,0,0.10609003627900848,0.23622840475189005,0.5103346940547282,0.8800095532129453,1.026026528630571,1.2474838763164235,2.0,3.0,1.0,5a9836d330d435c3
417,1,1,0.14741463200398552,0.2846391518208855,0.5727914634312455,0.9041685966570355,1.0061294512161434,1.194267833987588,2.0,3.0,1.0,5a9836d330d435c3
417,2,2,0.16706053928578896,0.30613760873161755,0.5978645717458285,0.9127553237148405,1.0115827489094673,1.263497844204254,2.0,3.0,1.0,5a9836d330d435c3
417,3,4,0.1513909148255605,0.2890562791488374,0.5780668014656669,0.9060233218362883,0.993257739902956,1.094941565614608,1.5,2.5,1.0,5a9836d330d435c3
417,4,3,0.11138136547150829,0.24272766817994645,0.5192483488718675,0.8837270119251667,1.0467698553357414,0.9200483695699629,2.0,3.0,1.0,5a9836d330d435c3
417,5,5,0.09610027826320908,0.2236549412981073,0.49258095335952307,0.8723053429629372,1.0662298268097075,0.9745444496707933,2.0,3.0,1.0,5a9836d330d435c3
418,0,1,0.18431062892068678,0.3244094236322375,0.6180390892711094,0.9192655305777814,0.8968539500519358,0.8126860153752355,2.0,3.0,1.0,ceccaa149ac39210
418,1,3,0.16745024730634703,0.3065562422410029,0.5983381257235936,0.9129120776182764,0.952770993716461,1.2766180521297847,2.0,3.0,1.0,ceccaa149ac39210
418,2,2,0.12479218902065166,0.2587661147444338,0.5405166432302857,0.8922178892663913,1.1187929902143228,0.9758260811313326,1.5,3.0,1.0,ceccaa149ac39210
418,3,4,0.12677761496893344,0.26109240822184915,0.5435185635541281,0.8933753216519472,1.004083932674562,0.8436096652216047,2.0,3.0,1.0,ceccaa149ac39210
418,4,0,0.1271093738856111,0.2614799951393306,0.5440167316269878,0.8935664499977471,1.089451190698435,0.8310207826783139,1.5,2.5,1.0,ceccaa149ac39210
418,5,5,0.0978059933427757,0.22583188427445494,0.49570412823680426,0.8736906224463078,1.0918412734382852,1.1216721537178174,2.5,3.5,1.5,ceccaa149ac39210
419,0,4,0.12171362797628424,0.25513556475510185,0.5357904561001295,0.8903755650024222,1.1633184409248636,1.2795090130903517,2.5,3.5,1.0,a8566c56abefc73f
419,1,0,0.14986467817807395,0.28736502489131727,0.5760547123930453,0.9053190156497504,0.7867388271868584,1.3521800119875225,2.5,3.5,1.5,a8566c56abefc73f
419,2,5,0.22109876771485817,0.3618591525999948,0.6564492017353221,0.9307769841228511,0.8718451841865116,0.968213524038888,2.5,3.5,1.0,a8566c56abefc73f
419,3,3,0.22088526101939449,0.36164694080124477,0.6562418903767552,0.9307177411702576,1.1098053055936725,0.8556675629877639,1.5,3.0,1.0,a8566c56abefc73f
419,4,2,0.1533829419925451,0.29125598955414855,0.5806695256844482,0.9069287388998689,1.1030126488449647,1.2198701193212025,2.5,3.5,1.0,a8566c56abefc73f
419,5,1,0.1712936848852396,0.3106698967652203,0.6029626645650308,0.914432719987214,1.2224972409466042,1.236843079353739,2.5,3.5,1.0,a8566c56abefc73f
420,0,1,0.1451932045676862,0.28215573436879526,0.5697964735486889,0.9031037644440837,0.8397121617643257,0.9074277373238397,2.5,3.5,1.5,080810346cf20f3a
420,1,2,0.1483626480767568,0.28569551021086836,0.57405905457674,0.904616676224705,0.8578660402645079,0.825790485951982,1.5,2.5,0.5,080810346cf20f3a
420,2,4,0.12612902407621376,0.26033374384000524,0.5425418090231389,0.8929997972209395,1.1026300262591409,1.2145826692848187,2.0,3.0,1.0,080810346cf20f3a
420,3,5,0.18824371556410496,0.3285059051693393,0.6224273439199645,0.9206374603336032,0.9395921117192322,1.0312306319655606,2.5,3.5,1.5,080810346cf20f3a
420,4,3,0.1282824023292856,0.2628478624747388,0.5457703541461595,0.8942371194206501,0.9956221175794656,0.601084655794587,2.5,3.5,1.0,080810346cf20f3a
420,5,0,0.1941660594128505,0.334629311925958,0.6288982914863298,0.9226328669568898,1.09964922262942,1.1353678922229693,2.5,3.5,1.0,080810346cf20f3a
421,0,2,0.20368284274877693,0.34436193625977685,0.6389705049174218,0.9256749155951588,1.2367138292911513,0.540245921406606,2.0,3.0,1.0,cd9ecdcfdefba2d0
421,1,1,0.14399953259170561,0.28081650778152506,0.5681725879288255,0.9025227776388283,0.9596965309191243,0.841809946483582,2.0,3.0,1.0,cd9ecdcfdefba2d0
421,2,3,0.187875077662734,0.32812298338466755,0.622019179132026,0.9205104978153839,0.9652409325216769,1.0492716027036204,2.5,3.5,1.5,cd9ecdcfdefba2d0
421,3,4,0.19348272366009067,0.333925464371845,0.6281598288679762,0.9224067961937912,1.0894518581622865,0.7283685872360643,2.0,3.0,1.0,cd9ecdcfdefba2d0
421,4,5,0.14451019556296343,0.28138985322134497,0.5688685576685968,0.9027720932598717,0.9155183928328887,1.2295221516209325,1.5,2.5,1.0,cd9ecdcfdefba2d0
421,5,0,0.15180351101404693,0.28951260218147346,0.5786080514102451,0.9062121295159338,0.8856423646321401,1.0065148426776331,2.5,3.5,1.5,cd9ecdcfdefba2d0
422,0,0,0.19755244536444655,0.3381072678799536,0.6325272171995948,0.923737736739577,0.865440105826273,1.3601491537336068,2.5,3.5,1.0,813dfbadd5b6b528
422,1,1,0.10815582781912934,0.23877823304091234,0.5138526519277071,0.88148837540078,1.092679978629695,0.8261249719643289,1.5,2.5,0.5,813dfbadd5b6b528
422,2,4,0.13667404381329934,0.2725216572272148,0.5579751078234831,0.8988147652381564,1.187162132799501,1.0976407159238923,2.0,3.0,1.0,813dfbadd5b6b528
422,3,5,0.19986975016064332,0.34047773541311804,0.6349816096533383,0.9244793279532008,1.1954823128752057,0.7874671878246583,2.5,3.5,1.0,813dfbadd5b6b528
422,4,2,0.15738236100981523,0.2956467440050679,0.5858170102312033,0.908700940908345,0.8899676936870835,0.8471491270654119,2.0,3.0,1.0,813dfbadd5b6b528
422,5,3,0.19332617530182944,0.3337641195801685,0.6279903553858176,0.9223548547287618,0.8048423104617858,1.0120322556572496,1.5,2.5,0.5,813dfbadd5b6b528
423,0,3,0.1841400283499529,0.3242311805665952,0.61784705701473,0.9192051432622855,0.7589922555992114,0.5722899540015538,2.5,3.5,1.5,1f90bd19a7ea7dbe
423,1,4,0.18443948039349423,0.32454401640694525,0.6181840336110993,0.9193110908229003,0.771447352248643,1.0272554306544195,1.5,2.5,1.0,1f90bd19a7ea7dbe
423,2,0,0.12904290804761703,0.26373257730535554,0.5469008434773784,0.894667722805799,1.1846111131324506,1.2927818654627348,2.5,3.5,1.0,1f90bd19a7ea7dbe
423,3,2,0.15715614008933904,0.2953992828763954,0.585528575615552,0.9086022795364496,1.0335876303385712,0.8512293016329928,2.0,3.0,1.0,1f90bd19a7ea7dbe
423,4,5,0.19046702149065828,0.3308109181736933,0.6248755355251838,0.9213962359012966,1.001131390122291,0.9421094665674591,1.5,2.0,0.5,1f90bd19a7ea7dbe
423,5,1,0.15564406003042858,0.29374249658615487,0.583592328439077,0.9079380041070988,1.2487318573992037,0.8568996085953202,2.0,3.0,1.0,1f90bd19a7ea7dbe
424,0,2,0.12712625868910624,0.26149971272921807,0.5440420596756927,0.8935761602490794,0.7780660434259433,0.640550404292793,1.5,2.5,1.0,a236233343fb92a5
424,1,0,0.21511532626936822,0.35589108203329906,0.6505758072563785,0.9290869045423831,0.9486737401089291,0.9221010949242608,2.5,3.5,1.0,a236233343fb92a5
424,2,4,0.1286113043005782,0.26323068459740184,0.5462598828559883,0.8944237487852539,0.746317924561708,0.9826861868964532,2.0,3.0,1.0,a236233343fb92a5
424,3,1,0.16556018140303136,0.30452321637727764,0.5960332772953243,0.9121473017775592,0.7589834175027327,1.4263454705373444,2.0,3.0,1.0,a236233343fb92a5
424,4,3,0.16623896417821088,0.30525411757983933,0.5968633861339099,0.9124232743793506,0.9914910433854298,1.1496761328002196,2.0,3.0,1.0,a236233343fb92a5
424,5,5,0.20054130142643958,0.34116327560687254,0.6356885786035639,0.9246920949075675,1.1179602591936422,0.9141812810807383,1.5,2.5,1.0,a236233343fb92a5
425,0,2,0.12390339793305268,0.2577209255967192,0.5391612092518806,0.8916920518028248,1.1240974861159352,0.8239278158738869,1.5,2.5,1.0,c0a541afb5604927
425,1,5,0.10534429687865202,0.2353038972359281,0.5090524235084368,0.8794666981500252,1.0455154235991317,1.040083144166728,2.0,3.0,1.0,c0a541afb5604927
425,2,0,0.14675887767504533,0.2839072500511271,0.5719109834095947,0.903856450166662,1.1685076648084514,0.5874930917617658,1.5,2.5,1.0,c0a541afb5604927
425,3,3,0.1682961278575414,0.3074639305587269,0.5993630266538736,0.9132506716184595,1.1485759077101043,0.7509555335240659,2.5,3.5,1.0,c0a541afb5604927
425,4,1,0.13661133136707077,0.2724500625719468,0.5578860307715362,0.8987819145032222,0.8477469948871647,1.2779430284181272,1.5,2.5,1.0,c0a541afb5604927
425,5,4,0.1328633621155584,0.268152474036169,0.5525051817164807,0.8967823960822651,1.2465474296249932,1.1102724314910106,2.0,3.0,1.0,c0a541afb5604927
426,0,5,0.1592758902815552,0.2977139343496591,0.5882187275250658,0.9095195359560232,0.8940792901192742,0.9289221723925266,2.0,3.0,1.0,55dbc8ca30ec05b3
426,1,4,0.1427423822704998,0.27940239038627745,0.5664511620932446,0.9019040790385499,1.1188035196444086,0.8585622925265075,1.5,2.5,1.0,55dbc8ca30ec05b3
426,2,3,0.19619669849724855,0.33671685922686584,0.631080445884006,0.9232984563791491,0.9803773080778034,0.9076325274045738,2.0,3.0,1.0,55dbc8ca30ec05b3
426,3,2,0.19460472210355825,0.33508077911288353,0.629371238901146,0.9227774330613032,0.7236084302769743,0.8076052646757457,2.0,3.0,1.0,55dbc8ca30ec05b3
426,4,1,0.0945411334919235,0.22165354535925122,0.4896909894669083,0.8710117421654876,0.9594108852473482,0.6415200447231031,2.0,3.0,1.0,55dbc8ca30ec05b3
426,5,0,0.16072030408439186,0.29928592356615197,0.5900358920175656,0.9101354357561302,0.9310858313173446,0.852717168878506,2.0,3.0,1.0,55dbc8ca30ec05b3
427,0,2,0.14643768947685065,0.28354840260771735,0.5714786214778735,0.9037028968496579,1.112092061658678,1.1884402078816967,2.0,3.0,1.0,12566c010cf80530
427,1,5,0.08399981083508798,0.2078098930000542,0.4691981995367793,0.8615009335192519,1.257329595358603,1.0914796251822876,2.0,3.0,1.0,12566c010cf80530
427,2,3,0.1653088108345553,0.3042523225483629,0.5957251897600108,0.9120447238755255,0.8476061671416889,0.6120316608545101,2.0,3.0,1.0,12566c010cf80530
427,3,1,0.14527650553191498,0.2822490673362035,0.569909414676549,0.9031440766223412,0.9958275612632428,1.363725903258843,1.5,2.5,1.0,12566c010cf80530
427,4,4,0.12418387082931814,0.25805100952744386,0.5395897225459773,0.8918585110369529,1.0062157770755222,0.8638396175950531,2.5,3.5,1.5,12566c010cf80530
427,5,0,0.1492006300434381,0.28662755860686223,0.5751743400161506,0.9050096493046593,1.1337134121137526,1.2093987818471577,1.5,2.5,0.5,12566c010cf80530
428,0,4,0.14225145766476877,0.2788491352265261,0.5657757859171176,0.9016605462904808,1.0877055041237547,0.8236834475245367,2.0,3.0,1.0,39469194de07b029
428,1,0,0.16163510104555723,0.3002793578367404,0.5911801884006779,0.9105217596939277,0.9638061253913718,1.0675945082352232,1.5,2.5,1.0,39469194de07b029
428,2,1,0.20108332448250651,0.3417161292856333,0.6362577890016436,0.924863129894657,0.9803825365044228,1.0717449817949425,2.5,3.5,1.0,39469194de07b029
428,3,5,0.1363306132885151,0.27212946024603163,0.5574869165367187,0.8986346257561098,1.0744497333560754,1.284701916085311,2.0,3.0,1.0,39469194de07b029
428,4,3,0.10154273011235045,0.2305566431133031,0.5024108634354861,0.8766216135093932,0.8770791064694525,1.0647816244072168,1.5,2.5,0.5,39469194de07b029
428,5,2,0.1299844105813492,0.2648255777025919,0.5482934586576399,0.8951962952958111,1.092676661044334,1.2485955526511954,2.5,3.5,1.0,39469194de07b029
429,0,3,0.14589362269642947,0.28293999761913946,0.570744571131273,0.9034417859736004,1.1272988900797087,1.1447699440229222,1.5,2.5,1.0,91e074b1c1d42524
429,1,1,0.0986117229477004,0.22685573075908905,0.4971657548004262,0.8743344402594138,0.8585263554793136,1.2541238513355484,2.0,3.0,1.0,91e074b1c1d42524
429,2,5,0.12093502642519927,0.25421272804052686,0.5345810338724715,0.8899001214430827,0.9805705149221614,0.8473522786507094,2.5,3.5,1.0,91e074b1c1d42524
429,3,0,0.17093359480876683,0.3102856367768,0.6025328824401003,0.9142921705936741,0.9863741742036805,1.1149594433479972,2.0,3.0,1.0,91e074b1c1d42524
429,4,4,0.10914227966011814,0.23999013593065424,0.5155151939139153,0.8821819326919047,1.099617395134659,0.7771067616571415,2.0,3.0,1.0,91e074b1c1d42524
429,5,2,0.10760135048437569,0.23809543001670785,0.5129132638824495,0.8810949912467854,0.8927141939456855,0.8832586374990328,2.0,3.0,1.0,91e074b1c1d42524
430,0,1,0.1132520100078533,0.24500093218221003,0.5223250954436893,0.8849878118423647,0.8734142783011224,1.335730531175562,2.5,3.5,1.0,8831025ffbae4da2
430,1,0,0.13243292565601228,0.26765651160556087,0.5518798896236486,0.8965480931511516,0.912078208408284,0.9977377682788353,2.0,3.0,1.0,8831025ffbae4da2
430,2,2,0.1133680401865095,0.24514152976741221,0.5225146985689688,0.8850651392864611,1.255598096296891,0.771824719122755,2.0,3.0,1.0,8831025ffbae4da2
430,3,4,0.10113089022522215,0.2300388137967476,0.5016805538219736,0.8763053104518379,0.8664460367977262,1.4549616353795671,2.0,3.0,1.0,8831025ffbae4da2
430,4,3,0.17095111278490002,0.3103043360173255,0.602553807364316,0.9142990172038769,1.0929578161267406,1.1515103771581545,2.0,3.0,1.0,8831025ffbae4da2
430,5,5,0.20517345220710223,0.3458749189229939,0.6405133474060255,0.9261341771000344,1.0593629208103577,1.0973309397452902,1.5,2.5,1.0,8831025ffbae4da2
431,0,2,0.1587839573924157,0.2971775895873706,0.5875969141859673,0.9093080995269935,1.0484388134071765,1.213322464036771,2.0,3.0,1.0,8e82bc8998507301
431,1,4,0.12374753504214485,0.2575373902255226,0.5389227644694485,0.8915993384402258,0.998181482064233,0.9164629509452425,2.0,3.0,1.0,8e82bc8998507301
431,2,3,0.17234412639312088,0.311789512140628,0.6042123509922882,0.914840506839759,0.8681716035777407,1.0417773813750777,2.5,3.5,1.0,8e82bc8998507301
431,3,0,0.1334800478192787,0.26886216454205686,0.5533983732228697,0.8971163766922101,0.9414051662488746,1.0711961578916094,2.0,3.0,1.0,8e82bc8998507301
431,4,1,0.16790625029213993,0.3070457306209259,0.5988911403007458,0.9130948884488581,0.8401165798770385,0.8368570157019195,1.5,2.5,1.0,8e82bc8998507301
431,5,5,0.10383919596026991,0.23343133580038028,0.5064441404877185,0.8783560775943486,1.0865138957925882,1.1696925416814565,2.0,3.0,1.0,8e82bc8998507301
432,0,0,0.1398440735738069,0.27612755737059824,0.5624378846465621,0.9004503037257926,0.9651524031627872,1.090513128261481,1.5,3.0,1.0,546b9c29b517a7bc
432,1,3,0.20764201342899272,0.3483739629368982,0.6430484402765917,0.9268849987870312,0.8814913365193799,1.2695499581760579,1.5,2.5,0.5,546b9c29b517a7bc
432,2,4,0.15048374597895042,0.2880516496775628,0.5768727472536674,0.9056058188187519,1.1710107128109573,1.2783721140469686,1.5,2.5,1.0,546b9c29b517a7bc
432,3,5,0.14751090809834283,0.2847465244147695,0.5729204795921603,0.9042142727608596,1.03350878686618,0.9929339825957013,2.5,3.5,1.0,546b9c29b517a7bc
432,4,2,0.14545442086081878,0.2824483545741817,0.5701504696497827,0.9032300751962264,1.0091460648286468,0.6002687384938158,2.0,3.0,1.0,546b9c29b517a7bc
432,5,1,0.15301846374906097,0.2908541560213047,0.580195270475402,0.9067642292121233,0.927098556967652,0.876035297356034,2.5,3.5,1.0,546b9c29b517a7bc
433,0,0,0.11773417659481725,0.2503986668713188,0.5295473085153485,0.8879035112325471,0.9114440418903417,0.9802771233612195,2.0,3.0,1.0,321b7c3dfb86fc10
433,1,3,0.12140932704195206,0.2547751182170912,0.5353184659907825,0.8901902132094361,1.0890200703181767,0.8516095572193252,1.5,2.5,1.0,321b7c3dfb86fc10
433,2,1,0.21128643801588473,0.3520487113175249,0.646746464626775,0.9279718440329279,1.1142945057061449,0.8897296504114863,2.0,3.0,1.0,321b7c3dfb86fc10
433,3,2,0.14710288086592355,0.2842913230607374,0.572373251933047,0.9040204257949344,0.9155670206292129,1.0000040298838915,2.0,3.0,1.0,321b7c3dfb86fc10
433,4,4,0.15161258055557378,0.2893014834036254,0.5783577273471191,0.9061248415174253,1.0028407317788186,1.2453764258810436,3.0,4.0,1.5,321b7c3dfb86fc10
433,5,5,0.09196472556806289,0.21832144399343706,0.48483944473652435,0.868814256889194,0.9724565333758863,1.4506818001698703,2.5,3.5,1.0,321b7c3dfb86fc10
434,0,4,0.11756733717316861,0.25019895464392733,0.5292821582742978,0.8877975383469716,0.9059597937321978,0.7807656672657932,2.0,3.0,1.0,fdce2dd9e4be1ed6
434,1,1,0.14964213156224657,0.2871179833691224,0.5757600031677185,0.9052155354663429,1.0471775449443013,1.0951627565236823,2.0,3.0,1.0,fdce2dd9e4be1ed6
434,2,3,0.18693689799246638,0.3271474969626404,0.6209775011823527,0.920185879377499,1.0836954412260928,0.7576662071149702,2.5,3.5,1.5,fdce2dd9e4be1ed6
434,3,2,0.14105824929729904,0.2775019824429547,0.5641268058394135,0.9010640495316649,1.0904988933244222,0.7375961936107442,1.5,2.5,1.0,fdce2dd9e4be1ed6
434,4,5,0.1420626150506042,0.27863616030193344,0.5655155163253368,0.901566576023277,1.0481827594895456,1.288383767280286,2.0,3.0,1.0,fdce2dd9e4be1ed6
434,5,0,0.1965882793113411,0.3371187236579335,0.6314991451292357,0.9234257491735944,0.9845803350625617,1.0001340287143679,2.5,3.5,1.5,fdce2dd9e4be1ed6
435,0,0,0.1452657096108108,0.2822369721734054,0.5698947801504515,0.903138853805924,1.1143667137364075,0.6040234869024609,2.0,3.0,1.0,9e1dfbd10c4cfe6d
435,1,3,0.17618535634800625,0.3158670550136686,0.6087315447646815,0.9163041852144502,1.0698204044369415,1.1298616710895182,2.0,3.0,1.0,9e1dfbd10c4cfe6d
435,2,1,0.13920123856322067,0.27539839248949055,0.5615391694869113,0.900122552834438,1.0101519840656499,1.2214953640584605,2.0,3.0,1.0,9e1dfbd10c4cfe6d
435,3,5,0.14831771360890428,0.285645486750496,0.5739991136302129,0.9045955223528083,0.9956866638748072,0.8051840637512381,1.5,2.5,1.0,9e1dfbd10c4cfe6d
435,4,2,0.16874840266220567,0.3079487071243717,0.5999093597356626,0.9134307918943855,0.8697749649973938,0.6125392958277655,2.0,3.5,1.0,9e1dfbd10c4cfe6d
435,5,4,0.12975031673331233,0.2645540490684194,0.5479479121647451,0.8950653342286764,1.1929907352462255,0.6566698464431056,2.0,3.0,1.0,9e1dfbd10c4cfe6d
436,0,2,0.1474569004271628,0.28468629459686595,0.5728481138121944,0.9041886547817067,1.124796065358268,0.6647187287030834,1.5,2.5,1.0,50cdfb65c6a38691
436,1,4,0.14973101506267203,0.28721666325412076,0.57587774837859,0.9052568887825597,0.8798947816383582,1.2703697995595087,2.0,3.0,1.0,50cdfb65c6a38691
436,2,3,0.1830441639714539,0.3230851068726011,0.616610126460888,0.9188154620512252,0.8781547652951338,0.6162926249575024,1.5,2.5,0.5,50cdfb65c6a38691
436,3,5,0.08847744138548869,0.21375969842258116,0.4781150675500478,0.865713712386559,0.7563972374527448,1.0377928880540532,2.0,3.0,1.0,50cdfb65c6a38691
436,4,1,0.18673193077616027,0.3269341960234793,0.620749365182963,0.9201146704843737,0.9538063815494718,0.9259293740417551,2.5,3.5,1.0,50cdfb65c6a38691
436,5,0,0.09023594619627483,0.21606761604549957,0.4815291393738294,0.867295959502348,1.0347787512634123,0.866123116097302,1.5,2.5,1.0,50cdfb65c6a38691
437,0,2,0.18677754026287138,0.326981665638225,0.6208001475461294,0.9201305249368492,0.9656759898146176,0.9158646751683125,2.0,3.5,1.0,41a9cfe4c859f49f
437,1,3,0.14486482286009122,0.2817876462744961,0.5693507624401365,0.9029445554588728,1.2111189581805424,0.9222165524563294,2.5,3.5,1.5,41a9cfe4c859f49f
437,2,0,0.15904567528103364,0.2974629966960118,0.5879279174109519,0.9094206946478706,1.1472588612768009,0.7685942290611434,2.0,3.0,1.0,41a9cfe4c859f49f
437,3,4,0.11867896877697232,0.2515278956136495,0.531043583928673,0.8885000173006773,0.9407229138264853,1.0022241240880603,1.5,2.5,1.0,41a9cfe4c859f49f
437,4,5,0.174216611022817,0.31378042750755036,0.606425166033868,0.9155593352358103,0.9863082400414176,0.6795231041304599,1.5,2.5,1.0,41a9cfe4c859f49f
437,5,1,0.16992457510597703,0.3092076368428195,0.6013247639056125,0.913896242206773,1.07806863334503,0.6834894838966376,2.0,3.0,1.0,41a9cfe4c859f49f
438,0,0,0.15217467231131282,0.2899227804631097,0.5790939763865373,0.9063814040405813,1.0456368260597317,1.122908124867985,1.5,3.0,1.0,bb846cf3adf501de
438,1,1,0.1796371611880087,0.3195094840165088,0.6127264668422773,0.91758390937008,0.8616632704738107,1.1646484600983187,2.5,3.5,1.5,bb846cf3adf501de
438,2,2,0.0957884559564135,0.22325556023972387,0.4920056892542573,0.8720487505110657,1.0359695420483113,1.3858425026629262,2.5,3.5,1.5,bb846cf3adf501de
438,3,4,0.18042357734625286,0.3203365222406895,0.6136280796899368,0.9178709151664028,0.9241054855164357,1.1216547445677802,2.0,3.0,1.0,bb846cf3adf501de
438,4,3,0.11991416655351231,0.2529998615402932,0.5329864843073323,0.889270762216028,1.0404440940470705,0.8323149317002556,2.0,3.5,1.0,bb846cf3adf501de
438,5,5,0.09893440317380833,0.22726496944012525,0.4977486877546081,0.8745904194266941,1.1524021836097116,1.0926600232612473,1.5,2.0,0.5,bb846cf3adf501de
439,0,1,0.0970353819225503,0.2248499885736742,0.49429804344094497,0.8730685783665879,1.0285647049058164,0.9626182662774134,2.5,3.5,1.5,49c018511ee29d38
439,1,4,0.16382588415737903,0.30265175465591343,0.593900162879012,0.9114353737349921,0.8846068269104133,0.981708686573154,2.0,3.0,1.0,49c018511ee29d38
439,2,5,0.11203323894053299,0.24352125203369876,0.5203248120683385,0.8841694150510986,0.8004171404053401,0.7204664130445442,2.5,3.5,1.0,49c018511ee29d38
439,3,3,0.19164186877577657,0.3320258975106764,0.6261599605781399,0.921792445118074,0.8902382644880265,1.099979011140945,2.5,3.5,1.0,49c018511ee29d38
439,4,0,0.1524247321673668,0.2901989574364959,0.5794208390307742,0.906495144150497,0.8262053164082899,1.056773802336698,2.0,3.0,1.0,49c018511ee29d38
439,5,2,0.10027007751317696,0.22895417243317331,0.5001470871336885,0.8756388952942938,0.9880675290155676,0.9954438716611305,2.0,3.0,1.0,49c018511ee29d38
440,0,5,0.14069887384784383,0.27709555644253553,0.5636280729151997,0.9008831081774247,0.9618222927711536,1.0036464754019288,1.5,3.0,1.0,a6f45a5e02eba2ff
440,1,2,0.10628647198407892,0.23647157053860562,0.5106713613024276,0.8801517416414733,0.9721914843722577,0.9370571000545627,2.0,3.0,1.0,a6f45a5e02eba2ff
440,2,3,0.16250192770879635,0.30121916862977866,0.5922598243670343,0.910885184200546,0.9910113589270495,1.1969899187184203,2.0,3.0,1.0,a6f45a5e02eba2ff
440,3,1,0.202362512630756,0.3430192592173342,0.6375962183044568,0.9252643428309862,0.8427303939859387,0.6814727294937716,2.0,3.0,1.0,a6f45a5e02eba2ff
440,4,0,0.17125107326255792,0.3106244371905205,0.6029118430430586,0.9144161082864463,1.0511782131625893,0.8691084415887054,2.0,3.0,1.0,a6f45a5e02eba2ff
440,5,4,0.17328203888853327,0.3127875218123557,0.6053230938382146,0.9152018451416021,1.1047136128457375,1.1460313743989088,2.0,3.0,1.0,a6f45a5e02eba2ff
441,0,2,0.08334809521591106,0.20693476410404651,0.4678724270793746,0.8608644447127308,1.2186678170301002,1.012810742255977,2.0,3.0,1.0,8b0d113dd4acb50f
441,1,5,0.14593035391706433,0.2829810941613631,0.5707941946672306,0.9034594540901002,1.036325202169434,1.3240087427982625,2.0,3.0,1.0,8b0d113dd4acb50f
441,2,4,0.20885818463109795,0.3496021806125312,0.6442883565160128,0.9272505147562433,0.7878967998450987,0.9295399860319886,2.0,3.0,1.0,8b0d113dd4acb50f
441,3,0,0.1900699440007604,0.3303998033326535,0.6244399829159859,0.9212615876135188,0.9867058816630686,1.1378278719276371,1.5,2.5,0.5,8b0d113dd4acb50f
441,4,3,0.16481451888319637,0.30371928797431913,0.595118298019888,0.9118424159355818,1.1903060907581597,1.3712601140475025,2.0,3.0,1.0,8b0d113dd4acb50f
441,5,1,0.15935170502871618,0.2977965499754611,0.5883144259020723,0.9095520454985032,1.0611120691238953,1.396797612909155,2.5,3.5,1.0,8b0d113dd4acb50f
442,0,5,0.15244139141561086,0.2902173517963577,0.5794426002308628,0.906502712966436,0.748940559061378,1.0542314295523871,1.5,2.5,0.5,b22293b0c7b261cf
442,1,4,0.1615563678098167,0.30019392197503747,0.5910819020479906,0.9104886232742975,1.174923412429524,0.7292730837840588,2.5,3.5,1.0,b22293b0c7b261cf
442,2,0,0.16183637534946602,0.30049771100286304,0.5914312786582351,0.9106063736030474,1.185786330371092,1.1780831268393248,2.5,3.5,1.5,b22293b0c7b261cf
442,3,1,0.17987833767563544,0.31976322793124656,0.6130033048232726,0.9176721044950493,0.9750482504346865,1.0919975427463735,1.5,2.5,1.0,b22293b0c7b261cf
442,4,3,0.20640995551627178,0.34712770767341905,0.6417862669448869,0.9265117686298269,0.9781089668340167,0.854018327870264,2.0,3.0,1.0,b22293b0c7b261cf
442,5,2,0.21251118404420904,0.35327979271844984,0.6479775043331664,0.9283314533844054,0.8247837279512955,1.04960145812663,2.0,3.0,1.0,b22293b0c7b261cf
443,0,3,0.16722312398442082,0.30631229565107254,0.5980622420035395,0.9128207793529377,0.9136388065704725,1.2488815692145616,1.5,2.5,0.5,653d7dc25dd77941
443,1,5,0.15700316847421647,0.2952318884613483,0.585333351940976,0.9085354587066214,0.9877433606487926,1.1133343563448566,2.5,3.5,1.5,653d7dc25dd77941
443,2,4,0.171353940020464,0.31073417346739884,0.6030345119290397,0.9144562005206844,1.2334487023542482,1.0954989478145247,2.0,3.0,1.0,653d7dc25dd77941
443,3,2,0.1609322850458296,0.29951627505364936,0.5903015051110525,0.9102252131692047,1.0874579289225752,1.0254762998477447,2.5,3.5,1.5,653d7dc25dd77941
443,4,1,0.19492952683018638,0.3354148827236584,0.6297208757212397,0.9228841962154775,1.2594489048415545,0.5687220194877696,2.0,3.0,1.0,653d7dc25dd77941
443,5,0,0.14494336989793546,0.2818757139785998,0.5694574444285422,0.9029826800739631,0.9972247933024051,1.1165455970008527,3.0,4.0,1.5,653d7dc25dd77941
444,0,2,0.1869420903176881,0.32715289954615995,0.620983277828153,0.920187681926135,0.899436376650812,0.550651125118345,2.0,3.0,1.0,218e843e467583da
444,1,4,0.1463376020389872,0.28343653107061845,0.5713437416839305,0.9036549574287049,1.0452624179208858,0.7495640484571624,1.5,3.0,1.0,218e843e467583da
444,2,5,0.15030841813263152,0.28785727547539647,0.5766413332199498,0.9055247491360296,1.0538556517368387,0.9493149665164801,2.5,3.5,1.0,218e843e467583da
444,3,1,0.16058371740718208,0.2991374525569376,0.5898646035200616,0.9100775066428263,0.9257369559840285,1.0109587475714856,2.5,3.5,1.5,218e843e467583da
444,4,3,0.14424319200277136,0.28109015301241386,0.5685049006462123,0.9026418802180893,1.1891978519241098,0.8418439201355195,2.0,3.0,1.0,218e843e467583da
444,5,0,0.12772110185019991,0.26219382596410057,0.5449327462076716,0.8939171908962871,0.9398244999259511,0.9282485338480164,1.5,2.5,1.0,218e843e467583da
445,0,0,0.13061006079371348,0.26555052450990063,0.5492146866184829,0.8955448191833274,1.063505147860741,0.7279061080494236,2.5,3.5,1.0,2f73d33c669813f9
445,1,2,0.19211251486963213,0.3325120365496325,0.6266727276291424,0.9219502606348047,1.0157499365698117,0.9309941025304471,1.5,2.5,1.0,2f73d33c669813f9
445,2,1,0.16510900383849864,0.30403691100060654,0.5954800381250882,0.9119630411841381,0.8769107546950627,0.6582689084982752,2.0,3.0,1.0,2f73d33c669813f9
445,3,5,0.1540734587058589,0.2920164934207789,0.5815656325457416,0.9072390104517963,1.1134971847423716,1.017189218077321,1.5,2.5,0.5,2f73d33c669813f9
445,4,3,0.20048020714327017,0.3411009348142195,0.6356243416526631,0.9246727778822083,1.064744443467244,1.083219798375905,2.0,3.0,1.0,2f73d33c669813f9
445,5,4,0.16679851752673272,0.3058559784981423,0.597545687983201,0.9126496585137339,0.9756058302456657,1.044707805104217,1.5,2.5,0.5,2f73d33c669813f9
446,0,3,0.1760707609884007,0.3157457823953327,0.6085978575280617,0.9162611317903688,1.0048564751509534,0.95651647814296,1.5,2.5,1.0,ac25595f42114152
446,1,0,0.14313738582690744,0.2798471228293984,0.5669932891641054,0.9020992388609418,0.9851535992036249,0.5848187183377497,1.5,2.5,0.5,ac25595f42114152
446,2,5,0.20166060639951877,0.3423044965398184,0.636862659166971,0.9250446139414094,1.2046096467278276,0.6439898357906771,1.5,2.5,1.0,ac25595f42114152
446,3,4,0.13224216734513705,0.26743655266838434,0.5516022851160932,0.8964439411403448,0.7818174169418773,1.0942229019584406,2.0,3.0,1.0,ac25595f42114152
446,4,2,0.1576234953299791,0.29591040230488114,0.5861241050785649,0.9088059019492142,0.9880608930322711,0.8582495804187689,1.5,2.0,0.5,ac25595f42114152
446,5,1,0.1508769532074338,0.2884873240537927,0.5773909835067428,0.9057871857858938,0.9099266880483827,1.0750068873603629,1.5,2.5,1.0,ac25595f42114152
447,0,2,0.1686880772903314,0.3078840684833663,0.5998365552670292,0.9134068038743448,0.9988454406845563,0.8444432029777678,2.5,3.5,1.5,57e6c71010cca0ef
447,1,5,0.1890768573119254,0.32937055460172643,0.623347462547182,0.9209231878440288,0.9200747879385489,0.8658096033652025,2.0,3.0,1.0,57e6c71010cca0ef
447,2,4,0.12264666839238383,0.2562389644082353,0.5372321947124132,0.8909401981315207,0.8256724017401623,0.9250672922613918,3.0,4.0,1.5,57e6c71010cca0ef
447,3,1,0.20293331366342574,0.3436000145352521,0.6381912374514863,0.9254422791399364,1.2057749178772774,0.8266924521723802,2.0,3.0,1.0,57e6c71010cca0ef
447,4,3,0.19060080117932235,0.33094937317234907,0.6250221135961532,0.9214415162069398,1.16825170528818,1.1453134282351605,1.5,2.5,1.0,57e6c71010cca0ef
447,5,0,0.10925925130289268,0.24013360118869198,0.5157116030319225,0.882263644507204,0.9322272804056627,1.120795164346102,1.5,2.5,0.5,57e6c71010cca0ef
448,0,1,0.10617080140356838,0.23632840115272943,0.5104731709140056,0.8800680548307909,1.1536607471443514,0.7091490675204541,2.0,3.0,1.0,1fdfaf45a0c63556
448,1,4,0.14605163688032563,0.28311676865077967,0.5709579787639383,0.9035177513893936,1.064564290493177,0.821242777739295,2.5,3.5,1.5,1fdfaf45a0c63556
448,2,2,0.16418809563572223,0.3030430915579672,0.5943471239336354,0.9115848781812881,0.8613925846875101,0.8569174313423324,2.0,3.0,1.0,1fdfaf45a0c63556
448,3,5,0.12284933375866322,0.25647827817954233,0.5375442712033254,0.8910621129120921,1.1460433673695563,1.391245864690872,2.0,3.0,1.0,1fdfaf45a0c63556
448,4,3,0.14521901792587932,0.282184658195053,0.5698314771325479,0.903116259628682,1.0773388326224778,0.7533279525370338,3.0,4.0,1.5,1fdfaf45a0c63556
448,5,0,0.12010795064361561,0.2532303473902729,0.533289943766167,0.8893907571075309,0.8847301292027554,1.1349091693154638,2.5,3.5,1.0,1fdfaf45a0c63556
449,0,2,0.14296836652312972,0.27965687092234875,0.56676145696233,0.9020158171589895,0.7768878679520781,1.0773683004783339,1.5,2.5,1.0,d8dc7cfe51c05255
449,1,4,0.1656932933743781,0.3046666180052391,0.5961962749750621,0.9122015383802289,0.9401244627286827,1.0823555548453474,2.0,3.0,1.0,d8dc7cfe51c05255
449,2,0,0.17214533540440094,0.31157778214782406,0.6039763157997655,0.9147635873222494,0.8530476857429204,1.1795127012100046,2.0,3.0,1.0,d8dc7cfe51c05255
449,3,3,0.08894636331646576,0.21437666560218338,0.4790301639954707,0.8661394565860304,0.9908213611315602,1.0429137496598504,1.5,2.5,1.0,d8dc7cfe51c05255
449,4,5,0.16617735198822992,0.30518781075141654,0.5967881480852627,0.9123982859905762,1.1217135997640026,0.8159663488036663,2.0,3.0,1.0,d8dc7cfe51c05255
449,5,1,0.1444442619191513,0.28131586121963,0.5687788043918335,0.9027399676916145,0.9922859905690328,0.695261760445053,2.5,3.5,1.0,d8dc7cfe51c05255
450,0,1,0.17861824012104455,0.31843639286600367,0.611553612191781,0.9172095640349759,0.940750020289448,0.892247225815352,2.5,3.5,1.5,195f506db7943e32
450,1,5,0.14611607697430518,0.2831888413101068,0.5710449581063166,0.9035487002717769,0.9328960443520136,1.4811380760740225,2.5,3.5,1.0,195f506db7943e32
450,2,4,0.1619126201080493,0.3005804044883945,0.5915263305335897,0.9106383901141184,0.951620639458217,1.380216565782087,1.5,2.5,0.5,195f506db7943e32
450,3,3,0.12608503972399637,0.26028225011033834,0.5424754338795201,0.8929742409477652,0.9642965086558124,1.1951769233775376,3.0,4.0,1.5,195f506db7943e32
450,4,2,0.15261904446260738,0.2904134704236096,0.5796745458740654,0.9065833590835848,1.0799790507100562,1.008594289575191,2.0,3.0,1.0,195f506db7943e32
450,5,0,0.1923916375973163,0.3328001905984837,0.6269763533787779,0.9220436119931575,0.8576549051631127,0.6050907894284356,1.5,2.5,0.5,195f506db7943e32
451,0,4,0.15881466732327845,0.2972110864286768,0.5876357760281695,0.909321324022939,0.8710500450266214,1.1286560519462168,2.5,3.5,1.0,3fa3716d4f64adc8
451,1,2,0.1078142204929197,0.23835770285323085,0.5132743238896194,0.8812463198449447,0.752623049317693,0.902588344294876,2.5,3.5,1.5,3fa3716d4f64adc8
451,2,3,0.1563234347389774,0.2944874782795937,0.5844640790081885,0.9082375031989975,1.0574074833917821,1.355023043741851,1.5,2.5,0.5,3fa3716d4f64adc8
451,3,0,0.08512541638361645,0.2093157825719273,0.4714709358360908,0.8625858865310954,1.014991203869077,0.923146059600735,2.5,3.5,1.0,3fa3716d4f64adc8
451,4,1,0.17567432111878734,0.3153260677227774,0.6081348373951403,0.9161119030728886,0.9531782354184271,1.18404221370281,1.5,2.5,0.5,3fa3716d4f64adc8
451,5,5,0.1057578417421863,0.23581684421279356,0.5097643142171012,0.8797683348319022,1.1935723401863216,0.7094360961605903,2.0,3.0,1.0,3fa3716d4f64adc8
452,0,0,0.16128750738552727,0.29990208056373524,0.5907459890247264,0.9103753080051291,1.0609034957458827,1.0574903010361938,3.0,4.0,1.5,3a8d217d8a074925
452,1,2,0.19538696098214822,0.3358851509293899,0.6302124854087447,0.9230341527383352,0.8984546400928396,1.1275372939367216,1.5,2.5,1.0,3a8d217d8a074925
452,2,5,0.13031267445817707,0.2652060765689452,0.5487772208940944,0.8953794268805977,1.1108392276582173,1.0934360416663291,2.5,3.5,1.0,3a8d217d8a074925
452,3,4,0.14722684653043006,0.2844296615051032,0.57253963232309,0.9040793938916472,0.994138200436794,0.996416291296484,2.5,3.5,1.0,3a8d217d8a074925
452,4,3,0.19076707499523926,0.3311214200190808,0.6252041792347421,0.9214977358164528,0.9841420558214855,1.2060062802935474,2.0,3.0,1.0,3a8d217d8a074925
452,5,1,0.12264431182527447,0.25623618095539696,0.5372285636624515,0.890938779000287,1.1002805276033674,0.7979241230612938,2.5,3.5,1.5,3a8d217d8a074925
453,0,1,0.18536680717212284,0.32551188015447136,0.6192247987871521,0.9196377395392985,0.9695088769272309,0.8906016652921247,2.5,3.5,1.0,2d1652bd8cbb91f9
453,1,2,0.16082276396274311,0.2993972739434883,0.5901643088008003,0.9101788485984617,1.20897141991896,1.1207736151570562,2.5,3.5,1.0,2d1652bd8cbb91f9
453,2,5,0.08736504431730108,0.2122915480876957,0.4759303230365073,0.8646923595193717,1.0993516783930202,0.8311437096768131,2.0,3.0,1.0,2d1652bd8cbb91f9
453,3,4,0.14907687519306748,0.28649001168916405,0.5750099364854914,0.9049517957581682,0.8155704546797724,0.9978530976446968,2.5,3.5,1.0,2d1652bd8cbb91f9
453,4,3,0.14061321470077182,0.27699863544771686,0.5635090537113292,0.9008398911767025,0.847517487620877,0.9954294460249371,1.5,2.5,0.5,2d1652bd8cbb91f9
453,5,0,0.17819105364185442,0.31798597538234324,0.6110603065957532,0.9170517756951041,0.9991138244196629,0.9737018239583158,1.5,2.5,1.0,2d1652bd8cbb91f9
454,0,1,0.21023586189701082,0.3509911657730593,0.6456858238866636,0.927661136204955,1.0158036047843297,1.0548300021852501,2.0,3.0,1.0,4edab9d21d9989a8
454,1,2,0.17119999227660296,0.31056993788272713,0.6028509072398436,0.9143961876997736,1.0240555086140435,0.9067385227673265,2.0,3.0,1.0,4edab9d21d9989a8
454,2,5,0.14274790951160954,0.2794086160754652,0.5664587559280332,0.9019068147320654,0.7245205537174658,1.4320828712977627,2.5,3.5,1.0,4edab9d21d9989a8
454,3,3,0.08419372029860464,0.20806981594318993,0.4695912592294273,0.8616891265677056,1.0119876601497422,0.828104898783171,2.0,3.0,1.0,4edab9d21d9989a8
454,4,0,0.14356072270516468,0.2803233389024494,0.5675730334438596,0.9023076211410731,1.0849095286421617,1.0538130502036591,3.0,4.0,1.5,4edab9d21d9989a8
454,5,4,0.2057497122494145,0.3464590237858445,0.6411073545552737,0.9263105282449575,0.7594909926348268,1.1132571554361428,2.0,3.0,1.0,4edab9d21d9989a8
455,0,2,0.086536752424793,0.21119414015929572,0.4742906610458619,0.8639212479830923,0.9302079682160538,0.6219662430994332,2.5,3.5,1.5,6544074c0409e476
455,1,0,0.18512078944420798,0.3252552416418025,0.6189490924124545,0.9195512922610549,1.0412402366645266,1.1221308019115461,1.5,2.0,0.5,6544074c0409e476
455,2,3,0.1803396315367292,0.3202482892907749,0.6135319864551175,0.9178403579224852,1.0453022904139013,0.9352633318271515,2.0,3.0,1.0,6544074c0409e476
455,3,4,0.09875261257763907,0.227034469336549,0.49742044629245463,0.8744463364727867,1.1567879718570677,0.9847429493581064,2.0,3.0,1.0,6544074c0409e476
455,4,5,0.12309974522904096,0.2567737980121633,0.5379293394097,0.8912123933428423,0.9977005481011969,1.2877282139366608,2.0,3.0,1.0,6544074c0409e476
455,5,1,0.19628341334779226,0.3368058704946577,0.6311732242282055,0.9233266743552964,0.9980302679877431,1.1616344550145647,2.0,3.0,1.0,6544074c0409e476
456,0,4,0.11112572456923783,0.24241603853027774,0.518824933173774,0.8835526158998758,1.026665486530938,0.9988927476357168,2.0,3.0,1.0,8dce1c2faf3c13a6
456,1,3,0.11905867549818647,0.25198090901535247,0.5316424364946949,0.8887380388960835,0.8534262349198385,0.7091000693471652,2.0,3.5,1.0,8dce1c2faf3c13a6
456,2,1,0.12134166829387964,0.2546949366578453,0.5352134031270014,0.8901489207683966,1.0738935521257567,0.6235191364398602,2.0,3.0,1.0,8dce1c2faf3c13a6
456,3,0,0.16771299976126114,0.3068383366379174,0.5986569212479307,0.9130174946118851,0.9889778059414915,0.753087655959302,2.0,3.0,1.0,8dce1c2faf3c13a6
456,4,2,0.10713915273034223,0.2375253739996929,0.5121275012956826,0.8807651027339681,0.9796562427195501,0.7871203990945665,2.0,3.0,1.0,8dce1c2faf3c13a6
456,5,5,0.172952678918667,0.3124372361269272,0.6049335844073515,0.9150752515333986,0.9688152198165458,1.4050889176580807,2.0,3.0,1.0,8dce1c2faf3c13a6
457,0,2,0.1206672696061569,0.25389492971451094,0.5341637792822806,0.8897357105941676,1.0551375654922661,0.679386243498975,2.5,3.5,1.5,5b4edf1d04b8da4d
457,1,0,0.1433577214440982,0.28009503434374333,0.5672951941742392,0.902207796210762,0.8735820754106859,0.9186190315744664,1.5,2.5,0.5,5b4edf1d04b8da4d
457,2,3,0.13909563528633132,0.27527850795931746,0.5613912286838879,0.9000685228858845,1.0273802653037205,0.8806265334155761,2.5,3.5,1.5,5b4edf1d04b8da4d
457,3,1,0.18294710984817109,0.3229835124384683,0.616500294327569,0.9187808010799773,0.9893769502546444,1.008123536899793,1.5,2.5,1.0,5b4edf1d04b8da4d
457,4,5,0.1782921118610259,0.31809255714482054,0.6111770911532405,0.9170891484173188,0.8191348252074265,1.3476364640101064,2.5,3.5,1.0,5b4edf1d04b8da4d
457,5,4,0.1698726852067388,0.3091521494090711,0.6012624825284347,0.9138757973476244,1.0601786635178716,0.960867288665192,3.0,4.0,1.5,5b4edf1d04b8da4d
458,0,5,0.13349671490643153,0.26888133102873674,0.553422470040604,0.8971253754382462,1.0268909500287777,0.9996808839932263,2.5,3.5,1.0,1c346520865eb521
458,1,3,0.10172450018817339,0.23078496861331482,0.5027325093977966,0.8767607017475003,1.157850186102267,1.2798512449199881,2.0,3.0,1.0,1c346520865eb521
458,2,2,0.20778826368686784,0.3485217648829409,0.6431978592309253,0.9269291055137993,0.7824737566219245,1.0223108884622145,1.5,2.5,1.0,1c346520865eb521
458,3,1,0.10454098427559702,0.2343055778637672,0.5076637209251899,0.8788764523893543,0.9831022032537494,1.0866425437200602,2.0,3.0,1.0,1c346520865eb521
458,4,0,0.16709614567515796,0.3061758697759648,0.5979078748590974,0.9127696658115144,0.8632396983436954,0.9001152438526779,1.5,2.5,1.0,1c346520865eb521
458,5,4,0.18398381061165953,0.3240679236638827,0.617671089767493,0.919149781824477,0.9148140334099166,1.089219245499934,2.0,3.0,1.0,1c346520865eb521
459,0,0,0.18445256041365626,0.324557677753356,0.6181987427336421,0.919315713388585,1.011945746434068,0.9120309821996655,2.0,3.0,1.0,69185e7457e9ba3d
459,1,1,0.17314761118217725,0.312644576547606,0.6051641869323544,0.9151502146065561,1.0051480801230506,0.5737792587332028,1.5,2.5,1.0,69185e7457e9ba3d
459,2,2,0.20011097744683506,0.34072406045352555,0.6352357806528585,0.9245558656348176,0.8372793223150317,1.0701774766646936,2.0,3.0,1.0,69185e7457e9ba3d
459,3,3,0.1834890406297399,0.3235506001792127,0.6171129811232745,0.9189740293846979,1.1651845451199139,0.8375006383083816,1.5,2.5,0.5,69185e7457e9ba3d
459,4,4,0.12546551133398065,0.259556343891106,0.5415386773541984,0.8926130520613573,1.0824571218164045,0.8641251428924076,1.5,2.5,0.5,69185e7457e9ba3d
459,5,5,0.13390639024794965,0.269352206894236,0.554014053016827,0.8973461079302353,1.1227495051824439,1.2433788414500369,2.5,3.5,1.0,69185e7457e9ba3d
460,0,2,0.13001957011748771,0.26486634643513196,0.5483453172302535,0.8952159385972234,1.001683114549007,0.9148599138015701,1.5,2.5,1.0,cd30da0c644fcb1f
460,1,3,0.1525028918382175,0.2902852524481895,0.5795229194519239,0.9065306451631537,0.7943493670164263,0.8219855930440364,2.0,3.0,1.0,cd30da0c644fcb1f
460,2,5,0.16086494352683003,0.29944310735943214,0.5902171554783037,0.910196709770833,1.0728734406008016,0.7507464208162524,1.5,2.0,0.5,cd30da0c644fcb1f
460,3,1,0.17915265134247577,0.31899943293305155,0.6121694207447297,0.9174062552050971,0.886962037246338,0.9684208411105599,2.0,3.0,1.0,cd30da0c644fcb1f
460,4,4,0.20590212466151678,0.34661343646109,0.6412642340954204,0.9263570599096247,0.9967326547920515,0.8122629703736046,1.5,2.5,0.5,cd30da0c644fcb1f
460,5,0,0.19576798024690312,0.3362766272310679,0.630621262412803,0.9231587016753662,0.7642023144885548,0.6231211581500644,2.0,3.0,1.0,cd30da0c644fcb1f
461,0,3,0.15615559777647864,0.2943035233189476,0.5842489901773087,0.9081636718738187,1.093451314595534,0.9616930736030198,2.0,3.0,1.0,67427a7161bc8a69
461,1,0,0.168056688003295,0.30720713026680346,0.5990733237613293,0.9131550551998622,0.8465373993881518,1.0517048905360067,2.0,3.0,1.0,67427a7161bc8a69
461,2,1,0.13143653363087915,0.26650649697490614,0.5504265251866299,0.8960019227230069,1.0888916229053107,0.8145059048990528,2.0,3.0,1.0,67427a7161bc8a69
461,3,4,0.16730782659487745,0.30640328357469054,0.5981651635409365,0.9128548469146007,0.8613214857176608,0.6980384397548264,2.0,3.0,1.0,67427a7161bc8a69
461,4,5,0.16898326873251643,0.3082003021081908,0.6001926160979758,0.9135240773800406,1.0094394811239535,0.9845350292552011,2.0,3.0,1.0,67427a7161bc8a69
461,5,2,0.21950674373906776,0.36027546883030537,0.6548993763574441,0.9303333689986883,0.803097641911354,1.0391922349643101,2.0,3.0,1.0,67427a7161bc8a69
462,0,1,0.12410858837911079,0.2579624341890622,0.5394747753297974,0.891813878777073,1.169430148373927,1.1896867912441533,1.5,2.5,1.0,25a031122e8fd367
462,1,5,0.15948347162164414,0.29794010883966904,0.5884806660554609,0.9096084990595329,0.9915159953102209,1.046302163518606,2.0,3.0,1.0,25a031122e8fd367
462,2,3,0.1273311685116868,0.26173893455165786,0.5443492334929152,0.8936938692025771,0.8585661580092041,0.6239628958122629,1.5,2.5,1.0,25a031122e8fd367
462,3,4,0.18428448562832764,0.32438211221241786,0.6180096709428935,0.9192562814793939,1.2442984840167441,1.088778519835563,2.0,3.0,1.0,25a031122e8fd367
462,4,0,0.20746583211035874,0.3481958748226601,0.6428683276339656,0.9268318099729873,0.9705598824367553,0.9308088222933786,1.5,2.5,0.5,25a031122e8fd367
462,5,2,0.0892488622629914,0.21477407033291898,0.47961866263451425,0.8664126147350314,1.0142918563892407,1.1396069820702817,1.5,2.5,0.5,25a031122e8fd367
463,0,2,0.17648422746699383,0.3161832343266512,0.6090798846476393,0.9164162968412376,0.7275774644869475,1.0408500417598503,2.0,3.5,1.0,f53c4e35b0ea290e
463,1,1,0.10467219455158179,0.23446881381917353,0.5078910775839306,0.8789732533123075,1.275500445282132,1.2269753009436264,2.0,3.0,1.0,f53c4e35b0ea290e
463,2,5,0.11147078520346382,0.24283661666117085,0.5193962850998798,0.8837878929281852,0.9032136451771513,1.0373006727690173,1.5,2.5,1.0,f53c4e35b0ea290e
463,3,0,0.17431406021885712,0.3138838707168668,0.6065398114033622,0.9155964652945769,0.9227570017138069,0.9598865321157432,2.0,3.0,1.0,f53c4e35b0ea290e
463,4,3,0.11951187908933683,0.2525210000550739,0.5323553485347322,0.8890208623701743,1.0266287912925876,0.9021580457347602,2.0,3.0,1.0,f53c4e35b0ea290e
463,5,4,0.12793562015918067,0.2624438931814229,0.5452531899573277,0.894039675022454,0.9782392742615973,0.937548493768656,2.0,3.0,1.0,f53c4e35b0ea290e
464,0,4,0.1042754739186316,0.23397505309309935,0.5072030162268488,0.8786800990247726,1.0423444597710625,1.3175118225390097,2.5,4.0,1.5,abaca9fd75381df7
464,1,1,0.1443389160590249,0.2811976186753574,0.5686353354119669,0.902688599244827,0.9379259858712559,0.8945219733873894,1.5,2.5,0.5,abaca9fd75381df7
464,2,3,0.16221089235948755,0.3009037941573492,0.5918978413863684,0.9107634497787768,1.0359278447939573,1.124141573025167,2.5,3.5,1.0,abaca9fd75381df7
464,3,0,0.1494919642431156,0.2869512249761952,0.5755609519256429,0.9051455967651578,0.9075563688667745,0.9782261921411901,2.0,3.5,1.0,abaca9fd75381df7
464,4,2,0.15983750887200282,0.2983256562795316,0.588926799332093,0.9097598786878259,1.0971175163311324,1.0234748742826203,1.5,2.5,0.5,abaca9fd75381df7
464,5,5,0.17731052464334787,0.31705658590451463,0.6100405215988017,0.9167249517915856,0.9304746932594408,0.9207963688956711,1.5,3.0,1.0,abaca9fd75381df7
465,0,4,0.18082362915657604,0.3207568443365144,0.614085533003685,0.9180162801226609,1.1713424117082418,0.6241475498419975,2.0,3.5,1.0,eeb13e0941e41b59
465,1,5,0.12925211963048125,0.26397566967184305,0.5472109564074362,0.8947856061096046,1.074184677890085,0.9980540129921376,2.0,3.0,1.0,eeb13e0941e41b59
465,2,1,0.1085200321235848,0.23922609814473864,0.5144677630182632,0.8817453745061408,1.0642170291369382,1.0587562796101277,2.5,3.5,1.5,eeb13e0941e41b59
465,3,0,0.10104620751877483,0.22993224982818378,0.5015301196433346,0.8762400701700171,0.8056044301405381,0.9811764790657523,2.5,3.5,1.0,eeb13e0941e41b59
465,4,2,0.18381888460007975,0.32389552351308043,0.6174851838047307,0.9190912665192459,0.8389574422904282,1.209582244193136,2.0,3.0,1.0,eeb13e0941e41b59
465,5,3,0.13775151805663083,0.27375015363228566,0.5595007294397907,0.8993761465591836,0.8789249317796386,1.350440624748445,2.0,3.0,1.0,eeb13e0941e41b59
466,0,4,0.15467266793827483,0.29267560869148296,0.5823407298330658,0.9075067835577467,1.0105724509971101,0.7974172355741023,2.5,3.5,1.0,48e07a00eebc646c
466,1,5,0.1196298093432131,0.2526614315614881,0.5325405290308065,0.8890942319014704,1.0903477967596489,0.9334236560960358,2.5,3.5,1.5,48e07a00eebc646c
466,2,2,0.10744881092041186,0.23790738359445415,0.5126542116086075,0.8809863171878235,1.2150377201837848,1.0037042141075068,2.5,3.5,1.0,48e07a00eebc646c
466,3,0,0.14695797056311227,0.28412956675067325,0.5721786240712914,0.9039514125534137,0.9334867706269978,0.9984230343993583,1.5,2.5,1.0,48e07a00eebc646c
466,4,3,0.14345184279913004,0.2802008998345513,0.5674240515194605,0.902254102802728,0.944369074999067,0.8205263829527463,1.5,2.5,0.5,48e07a00eebc646c
466,5,1,0.16803535831356248,0.3071842489109647,0.5990475008254439,0.9131465288250751,1.0230073275848888,1.3619990214350395,1.5,2.5,0.5,48e07a00eebc646c
467,0,5,0.09855545632134856,0.22678432442380803,0.49706396592898455,0.874289696259916,1.16112418559767,0.8519124011383807,2.5,3.5,1.5,9a61763c5877b27b
467,1,4,0.14714842945293288,0.28434215673532964,0.5724343974405384,0.9040420999134193,0.9303842208144717,1.0911055282052964,2.0,3.0,1.0,9a61763c5877b27b
467,2,3,0.13028691776910312,0.2651762322488041,0.5487392965030123,0.8953650792962953,1.0214187284215939,1.1067209688331068,1.5,2.5,1.0,9a61763c5877b27b
467,3,0,0.18891878059324152,0.3292065820681587,0.6231731335634743,0.9208691040643925,1.0588788723022249,1.3571781698121943,1.5,2.5,1.0,9a61763c5877b27b
467,4,2,0.15087718013025692,0.28848757538585723,0.5773912822837167,0.9057872902758007,0.9590615653363896,1.0653028839298353,2.5,3.5,1.0,9a61763c5877b27b
467,5,1,0.16952672384778492,0.3087820765423316,0.6008468556327007,0.9137392760972276,0.8160987599494638,0.7528183726205062,1.5,2.5,1.0,9a61763c5877b27b
468,0,3,0.16640894220278402,0.3054370100996115,0.5970708423292519,0.9124921500978822,0.9954020444484488,0.7204649491792038,2.0,3.0,1.0,5c024975e37c7d0f
468,1,1,0.11801190107662726,0.25073090952717214,0.5299880655078446,0.8880794903004499,0.8980707614345511,1.1599184437865477,2.0,3.5,1.0,5c024975e37c7d0f
468,2,2,0.19821815989606684,0.3387890363985803,0.6332346901833984,0.9239519661374623,0.7467194735599615,0.9361967303225682,2.5,3.5,1.0,5c024975e37c7d0f
468,3,0,0.1297835693261133,0.26459262858786153,0.5479970249983411,0.8950839555745853,1.0162190832583542,0.8620206568354931,2.0,3.0,1.0,5c024975e37c7d0f
468,4,5,0.15306486139054393,0.29090532487942,0.5802556911024651,0.9067851995525631,1.1358332149208346,1.2859120104465869,1.5,2.5,0.5,5c024975e37c7d0f
468,5,4,0.17079629553101122,0.31013905994805424,0.6023688222254165,0.9142384773579358,1.0484561804106205,1.0466408186493767,2.0,3.0,1.0,5c024975e37c7d0f
469,0,1,0.18480416267951244,0.3249248040156228,0.6185938247413609,0.9194398090461351,0.9734283185304871,0.8444338704031162,2.0,3.0,1.0,e10e1bb0977a0ed4
469,1,5,0.10024397999136987,0.2289212402446035,0.500100447644787,0.8756185785623347,0.926513992747082,0.956537250304831,2.5,3.5,1.5,e10e1bb0977a0ed4
469,2,2,0.1439184544667685,0.28072542046680693,0.5680619147641253,0.9024830878612244,0.8759349795377837,1.1300921033837505,3.0,4.0,1.5,e10e1bb0977a0ed4
469,3,0,0.10687896855423945,0.23720411540713585,0.5116840811902733,0.8805786028150487,1.0015162347131796,1.1657730036268863,2.0,3.0,1.0,e10e1bb0977a0ed4
469,4,3,0.14978800588188929,0.28727992606658637,0.5759532165701461,0.905283387073829,1.1305578097792701,1.003235686392486,1.5,2.5,0.5,e10e1bb0977a0ed4
469,5,4,0.13712142348405276,0.2730321059388728,0.5586096690031516,0.899048551299073,0.8059124962575462,1.1378097165156178,2.0,3.0,1.0,e10e1bb0977a0ed4
470,0,1,0.1517654266787959,0.2894704973212347,0.5785581394318067,0.9061947298964402,1.0547063627298212,0.9851136486740877,1.5,2.5,1.0,1352c8286c988c2a
470,1,3,0.15440742239223676,0.2923839395988706,0.5819979132552314,0.9073884190825483,0.8749080666517889,1.1740710142379642,2.5,3.5,1.0,1352c8286c988c2a
470,2,4,0.16354801441924965,0.30235136909903465,0.5935567532558147,0.9113203867265783,0.9921038503748316,0.9485879890873057,2.0,3.0,1.0,1352c8286c988c2a
470,3,5,0.12848346027417318,0.2630819185778652,0.5460697152747938,0.894351279232366,1.0128261853995437,1.2021694835387193,2.5,3.5,1.0,1352c8286c988c2a
470,4,0,0.1866745356209934,0.32687445543556987,0.6206854463463152,0.9200947118625649,1.0982880828627064,0.6474049717341067,1.5,2.5,1.0,1352c8286c988c2a
470,5,2,0.17710955857285407,0.3168442831678006,0.6098072096232033,0.9166500584067895,0.8333597396961367,1.2732165609436148,1.5,3.0,1.0,1352c8286c988c2a
471,0,3,0.12223665188925065,0.2557544168957808,0.5365996469510641,0.8906927566952432,0.9232924111190924,0.6114686787504754,1.5,2.5,1.0,92a67b4f992e2527
471,1,2,0.18278066523578573,0.3228092457546579,0.6163118275982449,0.9187213018090192,1.0229586784321065,1.2014859521902201,1.5,2.5,0.5,92a67b4f992e2527
471,2,1,0.10295955986831798,0.23233275356886302,0.5049069816129169,0.8776975009181129,1.1382041782570387,0.8545038806460936,2.0,3.5,1.0,92a67b4f992e2527
471,3,4,0.1526747392650238,0.29047494012878317,0.579747218601777,0.9066086166315264,0.9773789137712205,0.9387707523010912,1.5,2.5,0.5,92a67b4f992e2527
471,4,5,0.12070731533653911,0.2539424740347875,0.5342262277468355,0.8897603296405628,0.9087125088156003,0.6858754921562402,2.5,3.5,1.0,92a67b4f992e2527
471,5,0,0.12258956308797384,0.25617150982147,0.5371441909466629,0.8909057992971979,0.7997481642637397,0.825296751064442,2.0,3.0,1.0,92a67b4f992e2527
472,0,5,0.10296213410982008,0.23233597311603502,0.5049114940107601,0.8776994386178285,1.024887995758374,1.1567805434410166,1.5,2.5,1.0,393a7f650ec309dc
472,1,3,0.14742924418478387,0.28465544952764216,0.5728110488624675,0.9041755315925566,0.940992562091465,0.6527942441705656,3.0,4.0,1.5,393a7f650ec309dc
472,2,2,0.21009089724050978,0.35084512744852275,0.6455391300439167,0.9276180992356028,0.8104046608638376,0.7723164247127533,2.5,3.5,1.5,393a7f650ec309dc
472,3,1,0.1177170271026326,0.2503781425881393,0.5295200664760791,0.8878926271032199,1.0393725214927478,0.9564326742368967,1.5,2.5,0.5,393a7f650ec309dc
472,4,0,0.18832659465126855,0.3285919666182632,0.6225190214016888,0.9206659591718932,0.9962468097754575,1.3334830330579934,2.0,3.0,1.0,393a7f650ec309dc
472,5,4,0.09189118025608436,0.21822586065313004,0.4846995301504676,0.8687503968109581,1.152123483976683,0.6658443036929391,2.5,3.5,1.0,393a7f650ec309dc
473,0,1,0.10120763162256148,0.23013535861856388,0.5018168017278279,0.8763643730532044,0.980024348016779,0.9185593075579626,3.0,4.0,1.5,c05f6b37d01f6dff
473,1,5,0.19762452671063432,0.3381811180957103,0.6326039130474078,0.923760979307215,0.9871110136058401,1.147827598843356,2.0,3.0,1.0,c05f6b37d01f6dff
473,2,3,0.13485207269099359,0.27043745153098026,0.5553744316209163,0.8978523206647304,1.0306870671445503,1.0508244648414837,2.0,3.0,1.0,c05f6b37d01f6dff
473,3,0,0.22291824899762652,0.3636654005952841,0.6582092061769202,0.9312787360541195,1.1012036515044814,0.7657118091171893,1.5,2.5,1.0,c05f6b37d01f6dff
473,4,4,0.17859407571518532,0.3184109225888933,0.6115257326812945,0.9172006518571302,0.979526901315307,1.4077855800643542,2.5,3.5,1.0,c05f6b37d01f6dff
473,5,2,0.11132706973797685,0.24266150058774064,0.5191584792118044,0.8836900145303674,1.1136407300098143,1.275261775344552,3.0,4.0,1.5,c05f6b37d01f6dff
474,0,1,0.15918691439996324,0.2976169621173927,0.5881063710417279,0.9094813569794464,0.9117688378721318,1.0342161608712102,1.5,2.5,1.0,c928357179d1f7d1
474,1,5,0.1392537666596339,0.27545801377080414,0.5616127248497037,0.9001494080494601,0.8713304828577353,0.9813199223502076,1.5,2.5,1.0,c928357179d1f7d1
474,2,4,0.17761558687136728,0.31737872527058875,0.6103942836191445,0.916838423858473,0.9812031689636549,0.9930354504059925,2.0,3.0,1.0,c928357179d1f7d1
474,3,0,0.15859598832479205,0.2969725205175472,0.587358921411859,0.9092270819666705,1.0396064814299826,0.6385606714912537,2.5,3.5,1.0,c928357179d1f7d1
474,4,2,0.08782476582379554,0.21289907409214123,0.4768356038192751,0.8651164147918223,0.9739587298672575,0.9191019988745737,2.5,3.5,1.5,c928357179d1f7d1
474,5,3,0.20009830672084442,0.3407111239959815,0.6352224362271637,0.9245518484799105,1.1737496525060185,1.4079773447678559,2.0,3.0,1.0,c928357179d1f7d1
475,0,0,0.19351768031251174,0.3339614870868657,0.6281976565599223,0.9224183868723256,1.0290167460486066,1.1433629793183957,1.5,2.0,0.5,82cc02170ea18c64
475,1,1,0.15765893694231614,0.2959491443495241,0.5861692106984989,0.9088213112437082,1.0907535599807783,0.9834130893659676,3.0,4.0,1.5,82cc02170ea18c64
475,2,3,0.15518362325094204,0.2932370438404996,0.5829998319189116,0.907734047553883,1.0248612310074214,1.1038947102275265,2.0,3.5,1.0,82cc02170ea18c64
475,3,4,0.11256813674304861,0.24417130278382174,0.5212046677898817,0.8845299868211767,0.9850809206571625,1.018799512905634,1.5,2.5,1.0,82cc02170ea18c64
475,4,5,0.07668402372914461,0.19784256073090217,0.45387674093822056,0.8539790971129414,1.2268908765469926,1.2083346240314148,2.0,3.0,1.0,82cc02170ea18c64
475,5,2,0.12508331410312667,0.2591079528226579,0.540959046780877,0.8923890820142774,0.8553183240538889,1.254399918459072,1.5,2.5,0.5,82cc02170ea18c64
476,0,4,0.12272074826945564,0.25632645494421236,0.5373463120506589,0.8909847913910948,0.8565493566677364,0.6523625120391336,2.0,3.0,1.0,e4b9df6d709352f7
476,1,0,0.1578056259875488,0.29610946600671195,0.5863558142507604,0.908885040400047,0.8962999450702707,0.9031209070629276,2.0,3.0,1.0,e4b9df6d709352f7
476,2,2,0.13888639391486282,0.27504088685151945,0.5610978473149062,0.8999613110427234,1.0297129894226902,0.8500725700908593,2.5,3.5,1.5,e4b9df6d709352f7
476,3,1,0.19443997997654763,0.33491126137450977,0.6291937218766173,0.9227231915000652,0.8144537056140009,1.308496779138424,2.5,3.5,1.0,e4b9df6d709352f7
476,4,5,0.14084596707527677,0.27726194610688654,0.5638323228642083,0.9009572404030024,1.2166976821314284,0.8367294899132791,2.0,3.5,1.0,e4b9df6d709352f7
476,5,3,0.17032089836159836,0.3096312751011199,0.601799961507849,0.9140521241793179,0.8102623084836178,1.0568454771281972,2.0,3.0,1.0,e4b9df6d709352f7
477,0,4,0.1850264469961489,0.3251568008065817,0.6188432873097207,0.9195181011123027,1.0741731345975254,0.9067772431738309,1.5,2.5,0.5,e02cd45843ada359
477,1,2,0.16251535163628805,0.3012337111764821,0.5922765085108587,0.9108907922539102,1.0269517635548744,1.1312538018495366,1.5,2.5,0.5,e02cd45843ada359
477,2,1,0.178556851848436,0.31837168517577735,0.6114827800477953,0.9171869200378548,1.0271396372894017,1.1073475257974683,2.0,3.0,1.0,e02cd45843ada359
477,3,3,0.12081494581785593,0.2540702333209928,0.5343939933691995,0.8898264461001038,1.0632508009033854,1.0744477211268055,2.0,3.0,1.0,e02cd45843ada359
477,4,5,0.1760180599919074,0.3156900030021732,0.6085363532678479,0.9162413196027113,1.09303668029471,1.049608794131316,2.5,3.5,1.0,e02cd45843ada359
477,5,0,0.11512821186047237,0.24726867464771574,0.525373543792607,0.8862259426827181,1.075665980983504,1.4289700364359545,1.5,2.5,0.5,e02cd45843ada359
478,0,1,0.09224572544289722,0.2186864046990315,0.48537328902445637,0.8690576629331962,1.0370717425411904,0.5587363201820521,2.0,3.0,1.0,e70c9ea9c1504090
478,1,4,0.1549451275564181,0.2929750548299223,0.5826923962644438,0.9076280909450961,1.109359291454456,0.8026082880502248,2.5,3.5,1.0,e70c9ea9c1504090
478,2,2,0.11260631559376244,0.24421766212795037,0.5212673504282584,0.8845556394104434,0.743608606052327,0.944691551910558,2.0,3.0,1.0,e70c9ea9c1504090
478,3,5,0.08611124469378988,0.21062896162309114,0.473443995765848,0.8635215233340446,0.8865777522947903,1.3806286871328814,2.0,3.0,1.0,e70c9ea9c1504090
478,4,0,0.10483568318706524,0.23467211132400265,0.5081740743183198,0.8790936526737456,1.2636781460314372,0.7135485265422993,2.5,3.5,1.0,e70c9ea9c1504090
478,5,3,0.18396723242924579,0.32405059616731124,0.6176524087202476,0.9191439030791384,0.8362368888400257,0.6492296515893213,1.5,2.5,0.5,e70c9ea9c1504090
479,0,1,0.10677157289468867,0.23707143470269826,0.5115008213021809,0.8805014534378438,0.9020525929384999,1.0847546831961714,1.5,2.5,0.5,3591c3e6206b446b
479,1,4,0.1561493469319509,0.29429667104466933,0.5842409760402504,0.9081609201251812,1.0965396944143646,0.8232010151583207,2.0,3.0,1.0,3591c3e6206b446b
479,2,2,0.18131765484256085,0.3212755368289749,0.6146493335699851,0.9181952045653868,1.0087875208006207,0.8115846382589369,2.0,3.0,1.0,3591c3e6206b446b
479,3,5,0.11705656889712274,0.24958697797925158,0.5284686784046915,0.8874719087298911,0.9367501435896353,1.3089055949452473,2.0,3.0,1.0,3591c3e6206b446b
479,4,0,0.20641801326379183,0.3471358648325462,0.6417945415916233,0.9265142192787277,0.8668975778497939,1.276571888338746,2.5,3.5,1.0,3591c3e6206b446b
479,5,3,0.1823827265419183,0.3223924233171296,0.6158606826142433,0.9185787579935034,1.0390680333360856,0.8001207612960222,2.0,3.0,1.0,3591c3e6206b446b
480,0,2,0.17027755085785198,0.3095849539919,0.6017480296367002,0.9140350980465162,1.0582755156706567,1.0995811243371663,2.5,3.5,1.5,cb2d41be62342552
480,1,5,0.17537767488230685,0.31501182749836626,0.6077878291629855,0.9159999471914234,0.9651566448578739,1.1226598859497983,2.0,3.0,1.0,cb2d41be62342552
480,2,4,0.14460092909520506,0.2814916592942946,0.5689920189217703,0.9028162711654376,1.2206792446923622,1.2200311966963715,2.0,3.0,1.0,cb2d41be62342552
480,3,1,0.16871569330382827,0.3079136598790904,0.599869886556989,0.9134177866188758,1.0382721299035154,1.121281072951861,2.0,3.0,1.0,cb2d41be62342552
480,4,0,0.1625657395208265,0.30128829473993973,0.5923391242965408,0.9109118371414329,1.0310877797074687,0.7159111872009642,1.5,2.5,1.0,cb2d41be62342552
480,5,3,0.2068912017559369,0.3476147394777045,0.6422800060621965,0.9266579083036605,1.1642537506204371,0.7157811032825528,2.5,3.5,1.0,cb2d41be62342552
481,0,3,0.18834154698860212,0.32860749195744504,0.6225355576253412,0.9206710989123473,0.9382974100026193,1.1303789062781373,2.0,3.0,1.0,d88e6c0555dd0025
481,1,2,0.1801601407030011,0.32005959252926197,0.6133264028369304,0.9177749578798295,0.9350625062931092,1.1307750569205715,2.0,3.0,1.0,d88e6c0555dd0025
481,2,4,0.2028485409365155,0.34351379175587593,0.6381029540387848,0.9254158952482362,1.0378355709067342,0.7209579487708451,2.0,3.0,1.0,d88e6c0555dd0025
481,3,1,0.13120454336260282,0.26623834715670525,0.5500869447639676,0.8958739896403259,1.0688930555922316,0.9280662594838678,2.0,3.0,1.0,d88e6c0555dd0025
481,4,0,0.15171693930643998,0.2894168865870526,0.5784945796003809,0.9061725691736153,0.733341376259088,0.9760907284956157,2.5,4.0,1.5,d88e6c0555dd0025
481,5,5,0.14291857272274577,0.2796008087813896,0.5666931182387234,0.9019912163085287,1.1707946225182275,1.0842996650778662,1.5,3.0,1.0,d88e6c0555dd0025
482,0,1,0.13029806856443255,0.2651891529222175,0.5487557157324293,0.8953712912185676,1.229516275793626,0.8701317647836264,1.5,2.5,1.0,6d2d350515be881d
482,1,2,0.2027811989366446,0.34344529082810643,0.6380328018338297,0.9253949258157955,0.9633379627094236,1.2440530639204552,2.0,3.5,1.0,6d2d350515be881d
482,2,5,0.14857821819340422,0.28593543067611843,0.5743464231379325,0.9047180444041203,1.0579521196107848,1.0052831675795035,2.0,3.0,1.0,6d2d350515be881d
482,3,0,0.1275137322521775,0.2619519659036664,0.544622596446311,0.8937985362195794,1.0166704115949177,0.8263550545652321,1.5,2.5,1.0,6d2d350515be881d
482,4,3,0.10886760560262793,0.23965304997923284,0.5150533759062476,0.8819896173946259,0.8110733924894504,0.9566455044566531,2.0,3.0,1.0,6d2d350515be881d
482,5,4,0.16519041862765096,0.30412469334830833,0.5955799574135251,0.911996339895559,1.002376872898605,1.1036363244118268,2.5,3.5,1.0,6d2d350515be881d
483,0,0,0.15066266084881327,0.2882499301917482,0.5771086814778094,0.9056884200224605,0.9171294154882454,0.8813117061577626,2.0,3.0,1.0,59ecca8965ceb13b
483,1,1,0.1844550915300887,0.3245603213306714,0.618201589001665,0.9193166078516084,0.7821557081718736,0.7573817810893706,2.0,3.0,1.0,59ecca8965ceb13b
483,2,3,0.16036840338513014,0.2989033283384043,0.5895943550113416,0.9099860561995331,1.1124292021575155,0.9526576279144681,2.0,3.0,1.0,59ecca8965ceb13b
483,3,2,0.0955444846563711,0.22294277411604413,0.4915546580509059,0.8718472570945216,0.7982202481360658,1.435879559515595,2.0,3.0,1.0,59ecca8965ceb13b
483,4,5,0.08200191518349767,0.2051194493229219,0.46511052599646063,0.859529893328331,0.9341603462978013,1.1818364262453007,3.0,4.0,1.5,59ecca8965ceb13b
483,5,4,0.15800412913164058,0.2963263466260082,0.5866081160483596,0.9089711566565415,0.8940802915897283,1.0640652989729142,1.5,2.5,1.0,59ecca8965ceb13b
484,0,4,0.14057842596601683,0.2769592677556582,0.5634607006687877,0.900822329698324,1.0151751639033166,0.7154698950242722,1.5,2.5,0.5,b746bc57b7067b0b
484,1,1,0.09629284987125473,0.22390136639631333,0.4929355464781608,0.8724632833821729,0.8494603297512068,0.816803412165853,2.5,3.5,1.0,b746bc57b7067b0b
484,2,2,0.10142470081162949,0.2304083104357188,0.5022017840649108,0.8765311302005517,0.879851066317542,1.0008602999261875,2.0,3.0,1.0,b746bc57b7067b0b
484,3,0,0.084210335063296,0.20809207718337241,0.46962490796188716,0.8617052264227085,1.2148136626324675,1.0985048443929797,2.0,3.0,1.0,b746bc57b7067b0b
484,4,3,0.163351415581653,0.3021387492143625,0.5933135077344678,0.9112388756301515,1.1265912047665851,1.3065651507964882,2.0,3.0,1.0,b746bc57b7067b0b
484,5,5,0.21883963332616999,0.3596109454497052,0.6542471896107627,0.9301461885952004,0.7338415268953531,1.3451324782939424,2.0,3.0,1.0,b746bc57b7067b0b
485,0,1,0.1389591528095813,0.275123526670964,0.5611999021096956,0.8999986152614602,0.869158240691812,1.132307300160711,2.0,3.0,1.0,d498c42e00dbe838
485,1,3,0.11567948104053466,0.24793269660685152,0.5262622594189369,0.8865848416390181,0.9969708744075776,1.1084183453456835,1.5,2.0,0.5,d498c42e00dbe838
485,2,0,0.12004581412736712,0.2531564555472706,0.5331926797566027,0.889352308015561,0.9070046581980761,1.2528729696845766,2.0,3.0,1.0,d498c42e00dbe838
485,3,4,0.14642147890041335,0.28353028500754834,0.5714567805922324,0.9036951352805543,0.9920824767916632,1.0644571669301293,2.0,3.0,1.0,d498c42e00dbe838
485,4,5,0.17949765007055396,0.3193626587743919,0.612566192001026,0.9175328202842398,1.022348291024664,0.7826835943058976,2.0,3.0,1.0,d498c42e00dbe838
485,5,2,0.14569911145358777,0.2827223171740962,0.5704816283294262,0.9033481272575801,1.0593468054532365,0.7326828267579256,1.5,2.5,1.0,d498c42e00dbe838
486,0,3,0.15172989576930168,0.28943121258396576,0.5785115651582746,0.9061784917160515,0.8998341189297443,1.0004641531653053,2.0,3.0,1.0,623ac425fd6dd7f9
486,1,1,0.14955282106612688,0.2870188115946448,0.5756416380118898,0.9051739511782013,0.9052361862626618,1.0416186712941644,2.0,3.0,1.0,623ac425fd6dd7f9
486,2,2,0.13447608028029184,0.2700062556810393,0.554834428773442,0.8976516081131373,0.9675669157247146,0.6756021898398614,2.5,3.5,1.0,623ac425fd6dd7f9
486,3,0,0.14837302296692953,0.28570705944328956,0.5740728923178329,0.904621559240801,0.9192725651852677,1.2394034330545205,2.0,3.0,1.0,623ac425fd6dd7f9
486,4,5,0.1727220286607749,0.3121918169350809,0.6046604626225888,0.9149864084608352,1.0512274754662703,1.0056468058963506,1.5,2.5,0.5,623ac425fd6dd7f9
486,5,4,0.15686374565932998,0.2950792779887671,0.5851552906073515,0.9084744818723719,1.1471547892680298,0.841646281260262,2.0,3.0,1.0,623ac425fd6dd7f9
487,0,0,0.2109181855213699,0.3516781778819632,0.6463751767139123,0.9278631699816665,0.8499349495298728,0.6585528261631144,2.0,3.0,1.0,02cdb9eba3b7524e
487,1,3,0.16295862787462206,0.3017137272815836,0.5928268374927225,0.9110756364460458,0.9903814920418823,1.0746462719048908,2.0,3.0,1.0,02cdb9eba3b7524e
487,2,2,0.10867842393123661,0.23942071909718637,0.5147348015056266,0.8818568009993065,0.9937726071533779,0.8372123630793213,2.0,3.0,1.0,02cdb9eba3b7524e
487,3,1,0.1674023555996335,0.3065048111822748,0.5982799767565892,0.9128928398514672,0.9324126468625347,1.062205745865551,2.5,3.5,1.0,02cdb9eba3b7524e
487,4,4,0.138340388485598,0.27442030464564354,0.5603306948447775,0.899680557083342,0.9054080213427409,0.995718032530517,2.5,3.5,1.5,02cdb9eba3b7524e
487,5,5,0.17241883604003608,0.3118690662664705,0.6043010022034266,0.9148693844522124,1.0628749731483873,0.6819279416369569,1.5,2.5,0.5,02cdb9eba3b7524e
488,0,4,0.1534097528441069,0.29128553693107273,0.5807043772373752,0.9069408199630916,0.9878062202176272,0.5815465007741245,2.5,3.5,1.5,e2c274b83d55f87e
488,1,0,0.14445851063742482,0.28133185227790175,0.5687982033566514,0.9027469118666801,1.1909700223939819,0.9313656560327958,2.0,3.0,1.0,e2c274b83d55f87e
488,2,2,0.15081147148476284,0.2884147939472972,0.5773047527828963,0.9057570251962321,1.0463900294611799,0.7839407672481956,2.0,3.0,1.0,e2c274b83d55f87e
488,3,1,0.11560141799476803,0.2478387296312449,0.5261366026560539,0.8865341523801815,1.0885785678044295,0.5643152814411052,2.0,3.0,1.0,e2c274b83d55f87e
488,4,3,0.1312975767262651,0.2663458991645982,0.5502231785962786,0.8959253287744986,0.9960675986585779,0.8342124920498382,2.0,3.0,1.0,e2c274b83d55f87e
488,5,5,0.17013051846207894,0.30942780978458695,0.6015718019298022,0.9139773036984041,0.8992713162692919,0.6976332434290139,2.0,3.5,1.0,e2c274b83d55f87e
489,0,2,0.09528903238726913,0.22261497720287385,0.49108151187566806,0.8716355865945561,1.135098633639854,1.2305832790326594,2.0,3.0,1.0,9d827acab8310381
489,1,4,0.09560250110685889,0.22301717935915308,0.49166198854392645,0.8718952309283141,0.8595218623905263,1.1825137840211357,2.0,3.0,1.0,9d827acab8310381
489,2,1,0.20583202072861903,0.3465424163510046,0.6411920872120963,0.9263356628426737,0.9587733561126892,1.277365079217692,1.5,2.0,0.5,9d827acab8310381
489,3,5,0.15911418452361575,0.29753768400055575,0.5880144932735217,0.9094501282542929,0.8840508937366465,1.1108902021231881,2.0,3.0,1.0,9d827acab8310381
489,4,3,0.1844053356284172,0.3245083528263799,0.6181456322250083,0.91929902178496,1.2359027733972023,1.2509997595325881,2.5,3.5,1.5,9d827acab8310381
489,5,0,0.2007876278811066,0.34141457494498734,0.6359474150814545,0.9247698995910523,1.0300494679073895,1.0125439863802568,2.0,3.0,1.0,9d827acab8310381
490,0,1,0.18658032115386958,0.3267763797095367,0.6205804891003868,0.9200619319805077,0.8342822619247081,0.8752088215037308,2.5,3.5,1.5,533a769d2a7792f9
490,1,2,0.17406673389415933,0.3136212990248583,0.6062487421238713,0.9155021754890829,1.0307844871324015,1.0332755934292683,2.0,3.0,1.0,533a769d2a7792f9
490,2,3,0.13591076303622862,0.271649575282612,0.5568888237183607,0.8984136015108168,1.0111108344679862,1.0795032814120917,1.5,2.0,0.5,533a769d2a7792f9
490,3,0,0.16434156986510495,0.30320883017104566,0.594536275022374,0.911648094573434,1.0917293197203457,1.075366656480233,2.0,3.0,1.0,533a769d2a7792f9
490,4,4,0.10515736028226354,0.23507180790024243,0.5087299543444944,0.8793298545051786,1.1811863440770252,0.9637370464961896,2.0,3.0,1.0,533a769d2a7792f9
490,5,5,0.14176196298125932,0.278296908466729,0.5651006009810053,0.9014166325333431,0.9421452438527483,0.7116380445115231,1.5,3.0,1.0,533a769d2a7792f9
491,0,2,0.1734222918528285,0.3129366273207967,0.605488782988542,0.9152556566390737,0.9639074596434497,0.9240703172565861,1.5,3.0,1.0,f012e618fbf59626
491,1,5,0.2085398993098222,0.34928093042550346,0.6439644278396158,0.9271551315825853,0.8481841830408993,1.048711132437306,2.5,3.5,1.0,f012e618fbf59626
491,2,3,0.11976239970486481,0.25281926717820546,0.5327485675249244,0.8891766114888329,0.7422868722841042,0.8506731238054153,1.5,2.5,1.0,f012e618fbf59626
491,3,0,0.13908583021956505,0.27526737548045227,0.5613774883178608,0.9000635036055165,0.7494367447672445,1.31509536574973,1.5,2.5,1.0,f012e618fbf59626
491,4,4,0.1809000333431527,0.3208370897343123,0.6141728084220596,0.9180439942628033,0.8915875601235315,0.8411900583605624,2.5,3.5,1.5,f012e618fbf59626
491,5,1,0.17775440327921077,0.3175252600507941,0.610555100932207,0.9168899731324017,1.1948910601563572,0.9921046024784891,2.5,3.5,1.5,f012e618fbf59626
492,0,1,0.20498331531667024,0.34568209554447044,0.6403170566529929,0.9260758443975654,1.0497359116331537,1.1126213299294914,2.0,3.0,1.0,6d5b05728ff166f0
492,1,0,0.16051969152541623,0.29906784296810646,0.5897842718240004,0.9100503297220072,0.9151598396633589,1.200136194059756,1.5,2.5,0.5,6d5b05728ff166f0
492,2,4,0.14867934344170447,0.2860479425092769,0.5744811189008748,0.9047655307330675,1.0971835467582323,0.8554071696889255,2.5,3.5,1.5,6d5b05728ff166f0
492,3,3,0.1513433021286403,0.2890035964013242,0.5780042691242815,0.9060014905689381,0.9589969972703323,1.0708389920577064,2.0,3.0,1.0,6d5b05728ff166f0
492,4,5,0.12152217510576341,0.25490882124076625,0.5354936033186083,0.8902590192311078,1.21067852074884,0.9555815755408219,1.5,2.5,1.0,6d5b05728ff166f0
492,5,2,0.15917806100215343,0.29760731217723047,0.5880951885210879,0.9094775565118959,0.8816826243015032,1.313271365787799,1.5,2.5,0.5,6d5b05728ff166f0
493,0,5,0.18139194291141333,0.32135349932377466,0.6147340080514941,0.9182220540327379,0.8950820944582558,0.8281596078088728,1.5,2.5,0.5,89a05cfbd87d55f9
493,1,1,0.16305755835186003,0.3018208048824128,0.5929495002737788,0.9111167998019923,0.818346172682989,0.9052962970695752,2.5,3.5,1.0,89a05cfbd87d55f9
493,2,3,0.11746954944209366,0.25008185697420515,0.5291266189186364,0.887735336122256,0.9278986771746545,0.9969807148883334,2.5,3.5,1.0,89a05cfbd87d55f9
493,3,4,0.15077812490194586,0.28837785432682683,0.5772608286632812,0.9057416593337483,0.7942081555270968,1.0211732426274374,2.5,3.5,1.5,89a05cfbd87d55f9
493,4,2,0.09372352232205397,0.22059952308725597,0.48816177192755705,0.8703226097002917,1.189105046060989,0.945063130263597,1.5,2.5,1.0,89a05cfbd87d55f9
493,5,0,0.10309248160324469,0.23249896070527282,0.505139873356921,0.8777974745105586,1.1215758705517946,0.7814150320732346,2.0,3.0,1.0,89a05cfbd87d55f9
494,0,5,0.10238937827660098,0.23161897505740267,0.5039054787274208,0.8772667925158878,1.032303289686129,0.9989459722366563,2.5,3.5,1.5,81be02a152ee824b
494,1,4,0.11538804169523065,0.24758177661518063,0.5257928137269514,0.8863953756275721,0.9549242642384962,1.2911040803464506,2.0,3.0,1.0,81be02a152ee824b
494,2,1,0.15592993071147812,0.2940560916632333,0.5839595071020999,0.908064237117342,1.1434676645343438,0.8102381910549072,1.5,2.5,1.0,81be02a152ee824b
494,3,2,0.13667393028026534,0.2725215276232592,0.5579749465886772,0.8988147057836625,0.9292066812906917,1.294780262853485,1.5,2.0,0.5,81be02a152ee824b
494,4,0,0.18027769878392347,0.3201831861107576,0.6134610688708755,0.9178178015952312,1.1270539849015335,0.646378763814418,2.0,3.0,1.0,81be02a152ee824b
494,5,3,0.12811296505034692,0.26265052678664047,0.5455177999256753,0.8941407344364869,0.834141734358566,1.033718791807061,2.0,3.0,1.0,81be02a152ee824b
495,0,3,0.0998344944457068,0.22840413623245534,0.49936749111704726,0.8752989194340138,1.08461808692526,0.7810971588646825,2.0,3.0,1.0,67b956dedfee53b3
495,1,1,0.19642126292108028,0.33694734824540135,0.6313206447228191,0.923371497899808,1.0597151376972784,1.1303725041997872,2.0,3.0,1.0,67b956dedfee53b3
495,2,0,0.11293144636970819,0.24461225007661708,0.5218005213210087,0.8847736480867073,1.0157697479135586,0.7188575584044501,2.5,3.5,1.0,67b956dedfee53b3
495,3,4,0.1374240569996624,0.27337711042329293,0.5590380315873292,0.8992061378603096,0.9508027039147152,1.3195162068441173,2.0,3.0,1.0,67b956dedfee53b3
495,4,5,0.10210755018074856,0.23126567912725227,0.5034089593659683,0.8770527802670918,1.084337965950577,1.1351386439802806,2.5,3.5,1.0,67b956dedfee53b3
495,5,2,0.11002447801608671,0.24107090496678407,0.5169927141953836,0.8827954698306933,1.0132947838418183,1.1335679864227766,2.0,3.0,1.0,67b956dedfee53b3
496,0,3,0.16436287989726261,0.30323183953080274,0.5945625278831781,0.911656866084645,1.1202449288981509,0.9827352551367283,2.0,3.0,1.0,dc67fa07b99cbcc9
496,1,5,0.12346015380176169,0.2571987929108566,0.5384825287332927,0.8914279986624897,0.9024169315310334,1.160782863177862,1.5,2.5,1.0,dc67fa07b99cbcc9
496,2,2,0.10981502831390705,0.2408145699375084,0.5166427142412136,0.8826503732747972,1.1389223016070589,1.1693996752365132,2.5,3.5,1.5,dc67fa07b99cbcc9
496,3,0,0.18781486785020313,0.3280604205284793,0.6219524523941798,0.9204897294809179,1.0213488423362358,1.1685047318514856,2.0,3.0,1.0,dc67fa07b99cbcc9
496,4,4,0.15513840063333734,0.2931873757609982,0.5829415653324723,0.9077139728654858,1.0431003258629685,1.0123133091817427,2.0,3.0,1.0,dc67fa07b99cbcc9
496,5,1,0.2012563544763898,0.3418925305130658,0.6364392358478023,0.9249175995866487,1.1399128145450133,0.9940463194656926,2.0,3.0,1.0,dc67fa07b99cbcc9
497,0,5,0.11884774804691628,0.2517293172023861,0.5313099488503679,0.8886059379444244,0.9440548554616008,1.0705896617528348,2.5,3.5,1.5,fa8daa3957d553b3
497,1,1,0.12948147650240768,0.26424202738716446,0.5475504966887663,0.8949145580697977,1.185064216973449,1.3238459184354565,3.0,4.0,1.5,fa8daa3957d553b3
497,2,4,0.15409370017561075,0.29203877103959136,0.5815918536379768,0.9072480781393223,1.0215787201880957,0.8080380895519209,2.5,3.5,1.5,fa8daa3957d553b3
497,3,0,0.19884363815475972,0.3394290227515941,0.6338976528745093,0.9241523733128364,0.901153679135269,0.9080568642710114,1.5,2.5,1.0,fa8daa3957d553b3
497,4,3,0.15063144540022932,0.2882153411145704,0.5770675333790125,0.905674017741048,1.0573522132806532,1.3421853105848696,2.5,3.5,1.5,fa8daa3957d553b3
497,5,2,0.14094427917560393,0.2773731255015347,0.5639687458398297,0.9010067318066337,1.1063531533672903,1.1773177102370156,2.5,4.0,1.5,fa8daa3957d553b3
498,0,2,0.1157821522851543,0.24805625393100705,0.5264274320558938,0.8866514433880842,0.9785839933184444,0.9826720318198572,1.5,2.5,0.5,823e8759599def1e
498,1,1,0.19291396477344425,0.33333910537341627,0.6275435820400996,0.9222178180011227,0.9217553210713452,0.9179292260477157,2.0,3.0,1.0,823e8759599def1e
498,2,3,0.13976945064534335,0.27604296600050143,0.5623337198020429,0.9004123574886526,0.8011105101975106,1.200163489658577,2.0,3.0,1.0,823e8759599def1e
498,3,5,0.0947967057867362,0.2219823768793093,0.49016704688727286,0.8712256185360885,0.9701654256562459,0.8819993855224888,2.0,3.0,1.0,823e8759599def1e
498,4,0,0.14662751553753128,0.2837605146027899,0.5717342404629505,0.9037937016784003,0.9574377732903686,0.6001671443762187,2.5,3.5,1.5,823e8759599def1e
498,5,4,0.1737083715128483,0.3132406560671686,0.6058264178563342,0.915365240062138,1.1342395958639142,1.208029811065783,1.5,3.0,1.0,823e8759599def1e
499,0,3,0.1283851735670159,0.2629675152501701,0.5459234173304819,0.8942955012718559,0.9662425587333092,1.1269912064173249,2.0,3.0,1.0,26f93b13869d682e
499,1,4,0.15392422197962025,0.291852217474507,0.5813722267572418,0.9071721078663258,1.040169842979251,1.259215105402754,1.5,2.5,0.5,26f93b13869d682e
499,2,5,0.1468064353509818,0.2839603635633254,0.5719749405602828,0.9038791492616235,1.0155994807145072,0.8135338212573792,2.0,3.0,1.0,26f93b13869d682e
499,3,2,0.09490813213464891,0.22212564867404777,0.49037431293833555,0.8713186391143015,0.9776371870444522,0.8530278857716002,2.5,3.5,1.0,26f93b13869d682e
499,4,0,0.15610008248593427,0.29424266371964947,0.5841778059357772,0.9081392278643724,0.8685649038880965,1.0204819211487666,1.5,2.5,1.0,26f93b13869d682e
499,5,1,0.16043464177247468,0.2989753633164405,0.5896775233488534,0.9100142068272091,0.7404275220948395,0.6666356923866276,2.5,3.5,1.5,26f93b13869d682e
500,0,1,0.12338213588258096,0.2571068275473551,0.5383628818646279,0.8913813950599239,1.1521155320999885,1.431793465521249,2.0,3.0,1.0,51d6ca3817ace704
500,1,0,0.15052612283078998,0.2880986197960798,0.5769286489638198,0.9056253949021268,1.002643690935861,0.7548760620555004,2.5,3.5,1.5,51d6ca3817ace704
500,2,2,0.1583479639791866,0.2967018223773252,0.5870445548961608,0.909119986704119,0.9145511088436279,0.8713881408301214,2.0,3.0,1.0,51d6ca3817ace704
500,3,3,0.16896834197249075,0.3081843151822647,0.6001746231426373,0.9135181537701537,0.9207009258901766,1.282771351992156,2.0,3.0,1.0,51d6ca3817ace704
500,4,5,0.17556890000151582,0.3152144115966611,0.6080115719925545,0.9160721452387447,1.1793011901338086,0.8947297974419871,2.0,3.5,1.0,51d6ca3817ace704
500,5,4,0.18070403083792205,0.3206312138449459,0.6139488585820584,0.9179728669572014,0.9435410851460615,1.0766273639277408,2.0,3.0,1.0,51d6ca3817ace704
501,0,4,0.17121816271419152,0.31058932481948537,0.602872584858011,0.9144032747144342,0.8841063120483684,1.166060977756189,1.5,3.0,1.0,a6787d5454fee598
501,1,0,0.15441247590007892,0.2923894979329499,0.5820044489227334,0.9073906766711607,1.2165079014987439,0.6700817497702298,2.0,3.0,1.0,a6787d5454fee598
501,2,3,0.08659596512659083,0.21127271231755432,0.47440824635581624,0.8639766783156186,1.0280310567327924,1.0056899127929246,1.5,2.5,1.0,a6787d5454fee598
501,3,5,0.15288326759630533,0.29070503066755865,0.5800191324902977,0.9067030771604,1.0884733659380057,0.6305718646919554,2.0,3.0,1.0,a6787d5454fee598
501,4,2,0.18205251403366612,0.32204634493210643,0.6154857229158794,0.9184601603954812,1.119225767076958,0.7089761860928614,2.0,3.0,1.0,a6787d5454fee598
501,5,1,0.1629524461325589,0.30170703582575203,0.5928191708882555,0.9110730632335894,1.0083148038997647,1.0648042983186632,1.5,2.5,1.0,a6787d5454fee598
502,0,1,0.12998568851099745,0.26482705956819697,0.5482953437255831,0.895197009383142,0.8731957150095145,0.7197529043958355,2.0,3.0,1.0,40622fdbeb807571
502,1,0,0.16823809423688546,0.3074016990260599,0.5992928404180201,0.9132275133041364,0.9418862044175709,1.1301667316440884,2.0,3.0,1.0,40622fdbeb807571
502,2,3,0.13276427189499151,0.26803834374092667,0.5523613698526583,0.8967285445365358,1.2041748411470239,1.1682322521314803,2.5,3.5,1.5,40622fdbeb807571
502,3,5,0.16077812448953405,0.29934876365703345,0.5901083683324769,0.9101599390620645,1.1371525205757,1.1497195572139598,2.0,3.0,1.0,40622fdbeb807571
502,4,2,0.1152660389683635,0.24743478858727647,0.525596033205309,0.8863158794150421,1.1176688672192294,1.0050630535511722,2.5,3.5,1.5,40622fdbeb807571
502,5,4,0.12320444012437218,0.25689729542432577,0.5380901596685044,0.8912751079220781,1.0680213499874376,1.2802688727919656,1.5,2.5,0.5,40622fdbeb807571
503,0,0,0.09517336718021834,0.22246645694849843,0.4908669774353286,0.8715395101998603,1.1421162274165373,0.9071124760974721,2.0,3.0,1.0,2d2cb355a1aeec82
503,1,2,0.16319048737341185,0.30196465078487905,0.5931142258818508,0.9111720577256731,0.8453757554366146,0.9942523220915161,1.5,2.5,1.0,2d2cb355a1aeec82
503,2,4,0.10735554758681509,0.23779236772709644,0.5124956932629947,0.8809197767968735,1.1319578743322527,0.9774761509000041,2.0,3.0,1.0,2d2cb355a1aeec82
503,3,1,0.13458236058046869,0.2701281781425312,0.5549871851042834,0.8977084163112604,1.0250648290195834,0.7482002398911989,2.0,3.0,1.0,2d2cb355a1aeec82
503,4,3,0.14904365177733142,0.2864530797567244,0.574965782566627,0.9049362536336932,0.8858230642830259,0.5317492092786507,2.0,3.0,1.0,2d2cb355a1aeec82
503,5,5,0.15783259794546345,0.29613893979336436,0.5863901106759831,0.9088967499318615,0.883636718880261,1.230416453184365,1.5,2.5,0.5,2d2cb355a1aeec82
504,0,5,0.17141783398195615,0.3108023247080586,0.6031106764173165,0.9144810871468876,1.1100937671945084,1.011520410060358,2.5,3.5,1.5,4e41e727a947bebc
504,1,4,0.1761142025613384,0.3157917578942752,0.6086485446886879,0.916277457131536,1.1402568167426943,1.1468967160457768,2.5,3.5,1.0,4e41e727a947bebc
504,2,3,0.18268701265157808,0.3227111721767307,0.6162057237492451,0.9186877920208029,1.0541967654835929,0.7647944513855256,2.0,3.0,1.0,4e41e727a947bebc
504,3,0,0.1869796705892814,0.32719200033607226,0.6210250833820776,0.9202007261716784,0.7521460619088991,1.1680592792182631,2.5,3.5,1.5,4e41e727a947bebc
504,4,2,0.15747641254303194,0.29574959502592824,0.5859368323456562,0.9087419047594082,1.1637793431710284,1.0722009472559608,2.0,3.0,1.0,4e41e727a947bebc
504,5,1,0.09778351561853939,0.22580328084950713,0.49566322811290753,0.8736725658119726,0.9552035021822921,0.664971984820287,2.5,3.5,1.5,4e41e727a947bebc
505,0,2,0.2019482905544331,0.34259753241498464,0.6371635670276988,0.9251347958765728,1.1000687613325386,0.565692826698847,2.5,3.5,1.5,c0ec5196e68132d8
505,1,5,0.11447919898957815,0.24648559140737605,0.5243232097843258,0.8858005836985192,1.0353901286465572,0.640598845933136,2.0,3.0,1.0,c0ec5196e68132d8
505,2,0,0.13501110631914814,0.27061972190537686,0.5556024935166641,0.8979369982532285,1.2891554278782582,0.8578186282988969,2.5,3.5,1.5,c0ec5196e68132d8
505,3,1,0.14371446561383389,0.28049617957044143,0.5677832548399963,0.9023831013694713,1.1335289781624318,1.0007053292257566,1.5,2.5,1.0,c0ec5196e68132d8
505,4,3,0.16943066032386545,0.30867927902793796,0.6007313295672978,0.9137013028717423,0.9052633150571168,0.9455515807804857,1.5,2.5,1.0,c0ec5196e68132d8
505,5,4,0.14888344467164527,0.28627495479815607,0.5747527608667008,0.9048612442152287,1.1413757066770904,0.8065834048006524,1.5,2.5,1.0,c0ec5196e68132d8
506,0,5,0.1176432978928943,0.25028989344877817,0.5294029137614569,0.8878458108504306,0.9969065517200557,1.0528298970352208,2.0,3.0,1.0,bc0b1d4730e8b881
506,1,2,0.20300014130404212,0.34366797832472185,0.6382608114904046,0.9254630675689471,0.8484109833153981,1.016094921967888,2.0,3.0,1.0,bc0b1d4730e8b881
506,2,1,0.18392569523484809,0.3240071796000207,0.6176055968231551,0.9191291705949726,0.9436289924818511,0.5756912322254633,1.5,2.5,1.0,bc0b1d4730e8b881
506,3,0,0.15713601167054014,0.29537725943819176,0.5855028959937328,0.9085934919427572,1.013340929472705,0.7351148348504226,2.0,3.0,1.0,bc0b1d4730e8b881
506,4,3,0.16609011553365355,0.305093914877126,0.5966815814001,0.9123628841576034,1.000624555214026,1.020668519296216,2.5,3.5,1.0,bc0b1d4730e8b881
506,5,4,0.15204697372065606,0.28978169199332676,0.5789268966170235,0.9063232258469904,1.0725018207347228,0.985577274554958,2.0,3.0,1.0,bc0b1d4730e8b881
507,0,5,0.15560328527724493,0.2936977534025889,0.5835399138154828,0.9079199742975493,1.085726323627509,1.1754668635049397,2.5,3.5,1.0,83309241db387546
507,1,3,0.10185645846204308,0.23095063869374388,0.5029657507947398,0.8768614778042668,1.1170122510223979,1.1651153287133176,2.0,3.0,1.0,83309241db387546
507,2,4,0.1719868194693155,0.3114088979709293,0.6037879471326159,0.9147021675873754,0.8008810129892907,1.0229000275823599,2.0,3.5,1.0,83309241db387546
507,3,2,0.18616133702480472,0.3263400549049525,0.6201132159547208,0.9199158885777106,1.181677687624738,1.2428091759787605,2.5,3.5,1.5,83309241db387546
507,4,1,0.12840442534079283,0.26298992602074456,0.5459520798706946,0.8943064310380492,0.9511636790064247,0.6706289011438943,1.5,2.5,1.0,83309241db387546
507,5,0,0.1846146614367456,0.32472696044216826,0.6183809641416118,0.9193729648561716,1.1214059359800126,0.8686996232102673,1.5,3.0,1.0,83309241db387546
508,0,5,0.12340545521630403,0.2571343176755951,0.5383986498961688,0.8913953287110029,1.1909247755870127,0.8010566561409048,2.0,3.0,1.0,5dbfe9392098113d
508,1,2,0.10364366444146851,0.23318740484937978,0.5061032725011669,0.8782102970062171,1.1046194073413154,1.20328167056763,2.0,3.0,1.0,5dbfe9392098113d
508,2,0,0.16921114919842203,0.3084443166929201,0.6004671517236594,0.9136144250166954,0.898582612777965,0.8464829058504609,1.5,3.0,1.0,5dbfe9392098113d
508,3,4,0.1396686998436828,0.275928734405865,0.5621930162528107,0.900361083313209,0.8934465991610986,1.1650147114302658,2.5,3.5,1.0,5dbfe9392098113d
508,4,3,0.11771540846433468,0.2503762053735612,0.5295174951103405,0.8878915997103273,1.0216909017729154,1.3570591005495312,2.0,3.0,1.0,5dbfe9392098113d
508,5,1,0.1538444411519015,0.2917643772295061,0.5812687739205468,0.9071363074224368,1.2236966103291398,0.9228866721737792,2.5,3.5,1.0,5dbfe9392098113d
509,0,2,0.1453115525615153,0.28228833023456373,0.5699569173038241,0.9031610280796615,0.9419426764121979,1.1797989899510717,1.5,2.0,0.5,39f902dabe04d1f4
509,1,5,0.14748733457772883,0.2847202358452524,0.5728888955439534,0.9042030924100151,0.8985162793409228,1.0450053273339754,2.0,3.0,1.0,39f902dabe04d1f4
509,2,3,0.10961574213385766,0.24057052420512093,0.5163092424464328,0.8825119901078372,1.0756908286220421,1.1755160366173514,2.0,3.0,1.0,39f902dabe04d1f4
509,3,4,0.15733648421596305,0.2955965683319321,0.5857585427771658,0.9086809477678794,1.0371022146902213,0.6955759278473813,2.5,3.5,1.5,39f902dabe04d1f4
509,4,1,0.20155675520788108,0.34219868526507685,0.6367539487170808,0.9250120168419774,1.0792279760755152,0.9675187333579058,2.0,3.0,1.0,39f902dabe04d1f4
509,5,0,0.1340738760509806,0.26954458358367994,0.5542555128835202,0.8974360976117891,1.0244670705007448,0.9359606895264672,2.5,3.5,1.5,39f902dabe04d1f4
510,0,3,0.1549142969152692,0.29294117838491746,0.5826526268977605,0.9076143782141561,0.8718570667249401,0.9730978942922974,2.0,3.0,1.0,0eea643f658e2891
510,1,4,0.1441017872975061,0.28093136361613313,0.5683120995015062,0.902572792435511,1.0346598629331383,1.252312290682,1.5,2.5,1.0,0eea643f658e2891
510,2,5,0.13367886808139992,0.26909075126792253,0.5536856738437829,0.8972236273413831,1.2591893945425732,0.9606286335926568,2.0,3.0,1.0,0eea643f658e2891
510,3,0,0.13777765555472235,0.2737799176022706,0.5595376253054969,0.8993896938379472,1.1791989511507524,1.0955574407335136,2.5,3.5,1.0,0eea643f658e2891
510,4,2,0.15580264033132907,0.29391647757441847,0.5837960770603688,0.9080080664856537,0.963093590989679,1.090752467425414,2.5,3.5,1.5,0eea643f658e2891
510,5,1,0.12900630901335183,0.26369003847990935,0.5468465540927026,0.8946470752139997,1.0576020973941305,0.8881489963601049,1.5,3.0,1.0,0eea643f658e2891
511,0,0,0.14249287113839768,0.27912127289889543,0.5661081262320582,0.9017804404984162,0.9559677982251238,0.9605533559177014,2.5,3.5,1.5,fbd4f6d635b996ac
511,1,2,0.1331354405188913,0.26846571222612986,0.5528996386435038,0.8969299931026624,1.0424485472659362,1.1572665333493841,1.5,2.5,1.0,fbd4f6d635b996ac
511,2,3,0.17448012887498598,0.3140601157350228,0.6067350682752839,0.9156596775314713,1.0491259392223722,0.7374504979690082,2.0,3.0,1.0,fbd4f6d635b996ac
511,3,1,0.17790634167126348,0.3176856088721512,0.6107310057106711,0.9169463341712986,0.8790523221690297,0.9457136969096935,2.0,3.0,1.0,fbd4f6d635b996ac
511,4,5,0.19896802751649992,0.3395562311289708,0.6340292954462415,0.9241921280403256,0.9963405340833897,0.9944521137276534,2.5,3.5,1.0,fbd4f6d635b996ac
511,5,4,0.10756451740163417,0.23805003132017855,0.5128507362695511,0.8810687681173719,1.083775187424668,1.0548439687627598,2.0,3.0,1.0,fbd4f6d635b996ac
512,0,5,0.12382024527003978,0.2576230188614963,0.539034027179862,0.8916426080042635,1.0279412291885146,0.6075378531393354,2.0,3.0,1.0,db3512886c87d164
512,1,1,0.1869239836932055,0.3271340595278348,0.6209631330095687,0.9201813958078937,0.9065404862069202,1.0157465852938792,2.0,3.0,1.0,db3512886c87d164
512,2,2,0.19939988323987023,0.3399977039326571,0.6344858160293966,0.9243298913051625,0.9067426106041963,1.0635382781533553,1.5,2.0,0.5,db3512886c87d164
512,3,3,0.15505797320889317,0.29309903149184974,0.5828379069566123,0.9076782515387283,1.0156281985850641,0.9271406079295057,3.0,4.0,1.5,db3512886c87d164
512,4,4,0.15488818321367515,0.2929124832964776,0.5826189372536914,0.9076027606698873,0.7933351850730626,0.7437033168550684,1.5,2.5,1.0,db3512886c87d164
512,5,0,0.16208729014328419,0.30076980472264647,0.5917439543282049,0.910711662505299,0.8249853853931368,0.7067619575696256,1.5,2.5,1.0,db3512886c87d164
513,0,4,0.20102242618471555,0.34165403455935495,0.6361938982274066,0.9248439442451362,1.120261794419888,0.9254481238928618,2.0,3.0,1.0,ab808d6b5060aab7
513,1,0,0.14597227320792872,0.28302799150445235,0.5708508155265061,0.9034796106470033,0.7151877033651108,1.3050784486592732,2.0,3.0,1.0,ab808d6b5060aab7
513,2,5,0.17974744052273753,0.3196255219280304,0.6128530892519176,0.9176242565580851,0.9784646780894218,1.1627469700120292,2.0,3.0,1.0,ab808d6b5060aab7
513,3,1,0.1249756578070983,0.258981572671779,0.5407955385552998,0.8923258357503139,1.011455200501766,1.2870769658299839,2.0,3.0,1.0,ab808d6b5060aab7
513,4,3,0.0969539253067348,0.2247460442273761,0.4941489441549194,0.8730024621991409,0.9389528611206504,1.3002417846001824,1.5,2.5,1.0,ab808d6b5060aab7
513,5,2,0.1547982517072382,0.2928136508289595,0.5825028816893872,0.9075627320332768,1.1182072412786264,1.2476031970069155,2.0,3.0,1.0,ab808d6b5060aab7
514,0,5,0.15074033569676584,0.2883359904231281,0.5772110436604146,0.9057242409764649,0.8124410996051851,0.993593870376235,2.0,3.0,1.0,b0f403666a85264a
514,1,1,0.16477246261186096,0.3036739137132071,0.5950665955326615,0.9118251659407683,1.0076745903325202,0.8714894443347471,1.5,2.5,0.5,b0f403666a85264a
514,2,3,0.1105232429817525,0.24168067373709226,0.5178242062089715,0.8831395786465012,0.9416985195251287,0.8386215422290458,2.0,3.0,1.0,b0f403666a85264a
514,3,0,0.1081329641679491,0.23875010082322082,0.5138139864793628,0.8814722050745571,1.16202052068952,1.1519703144370241,2.0,3.0,1.0,b0f403666a85264a
514,4,2,0.07862425452763233,0.20051769636864308,0.4580370419981736,0.8560580839857796,0.8725341721376915,1.3170786329122366,2.0,3.0,1.0,b0f403666a85264a
514,5,4,0.20671848865409836,0.34743998549559885,0.6421029173009719,0.9266055131264245,1.289005002722569,1.1761163664960932,2.0,3.0,1.0,b0f403666a85264a
515,0,1,0.13837330682713705,0.27445774058333045,0.5603770112205386,0.8996975242665096,1.2501670444880815,1.0687221073722486,1.5,2.5,1.0,942baa90c874f46a
515,1,3,0.12123254111833578,0.25456558117240036,0.5350438545807603,0.8900822576590285,1.0661432907762998,1.211693592539726,1.5,2.5,1.0,942baa90c874f46a
515,2,4,0.17787495483444074,0.3176524878548216,0.6106946777663188,0.9169346965535489,0.9389928868665669,1.071572513658805,3.0,4.0,1.5,942baa90c874f46a
515,3,0,0.18805214864288877,0.3283069417857171,0.6222153164519433,0.9205715241223575,1.0471762770385848,1.255559167456797,2.5,3.5,1.0,942baa90c874f46a
515,4,5,0.1173419655460167,0.24992903197049288,0.5289235418505445,0.8876540810124234,1.1086843863063771,0.9599911540029176,2.5,3.5,1.5,942baa90c874f46a
515,5,2,0.13110142285965784,0.2661191058683292,0.5499358545890667,0.8958170290954086,0.8951356796473583,0.957223636773191,2.5,3.5,1.0,942baa90c874f46a
516,0,4,0.16010532347683762,0.2986171390909383,0.5892637695558994,0.9098740990663476,1.0711761712956174,1.370622620735972,1.5,2.0,0.5,c691a4133e061dd1
516,1,0,0.16778882914031212,0.30691972405426365,0.5987488514889915,0.9130478771038267,1.0314286493657925,1.1573802570628575,1.5,2.5,1.0,c691a4133e061dd1
516,2,3,0.1627167156656195,0.3014518124889542,0.5925266478834591,0.910974842192567,0.8466899382948209,0.9142086843555866,2.0,3.0,1.0,c691a4133e061dd1
516,3,1,0.12908286152641207,0.2637790106399689,0.546960095468653,0.8946902542087111,0.9423489423160444,0.8012018628064366,2.0,3.0,1.0,c691a4133e061dd1
516,4,5,0.16349499365282125,0.3022940350178002,0.5934911748717462,0.9112984166819165,0.9505125053226902,0.9485318943801184,2.0,3.0,1.0,c691a4133e061dd1
516,5,2,0.11680112957109831,0.2492805996112635,0.5280608628530205,0.8873083759612531,1.1227973268595293,0.8678270332580849,2.5,3.5,1.0,c691a4133e061dd1
517,0,1,0.17368767469077104,0.3132186655429436,0.6058020059558056,0.9153573201056405,1.1632494868497647,1.0024162030692134,2.0,3.0,1.0,5940ef23d6b6be71
517,1,4,0.1068694695420398,0.23719238174487584,0.5116678775146286,0.8805717830184987,0.932205132997362,1.069488103405618,2.0,3.0,1.0,5940ef23d6b6be71
517,2,0,0.1584346428072722,0.2967964394744962,0.5871544623138165,0.9091574390408735,1.012611120663866,0.9678974797708599,2.0,3.0,1.0,5940ef23d6b6be71
517,3,5,0.13068815414083385,0.265640935329123,0.549329440163733,0.8955881704520774,1.1852093981453373,0.7752647223134153,1.5,2.5,1.0,5940ef23d6b6be71
517,4,3,0.15297890849362178,0.29081052949772107,0.5801437490508919,0.9067463448564943,1.1601855333487254,1.0405597000502633,1.5,2.5,1.0,5940ef23d6b6be71
517,5,2,0.17165230586051733,0.3110523565373597,0.6033899857923491,0.9145723088586932,0.8772944764542333,0.8796840719724495,2.0,3.0,1.0,5940ef23d6b6be71
518,0,4,0.12943138632564047,0.2641838691353435,0.5474763817806405,0.8948864208914427,1.0002598071779223,0.7097212502047405,1.5,2.5,0.5,4d87c491b9314809
518,1,1,0.1790234961785859,0.3188634028329299,0.612020727565452,0.9173587906677392,1.0282468003424388,0.6131264510860495,2.0,3.0,1.0,4d87c491b9314809
518,2,5,0.1864236336111879,0.326613239626542,0.6204058413135175,0.9200073671888238,1.033813681127619,1.2839237265291872,1.5,2.5,0.5,4d87c491b9314809
518,3,0,0.14455057400981106,0.2814351616037158,0.5689235080147148,0.9027917578716639,1.1159346380302002,0.9662605959740016,2.0,3.0,1.0,4d87c491b9314809
518,4,3,0.14042457134504,0.2767851265550012,0.5632467478258961,0.9007445955957298,1.00347063019,1.036109811542275,2.0,3.5,1.0,4d87c491b9314809
518,5,2,0.1822550645167307,0.3222586485656966,0.6157157852898906,0.9185329412965413,1.0836872393232309,1.1670557013935337,2.0,3.0,1.0,4d87c491b9314809
519,0,0,0.1284054985355658,0.26299117528335314,0.5459536775758176,0.8943070402583321,0.8273823914663581,0.8735233299230062,2.0,3.0,1.0,5cc950f2f19f0ce4
519,1,4,0.154981856197767,0.2930154093176545,0.5827397656329317,0.9076444223032943,1.0164944988754188,1.1518217884742843,1.5,2.5,1.0,5cc950f2f19f0ce4
519,2,5,0.12361463290540961,0.25738083393667593,0.5387192684509364,0.8915201643959292,0.9453397307352327,1.1428574525444217,2.0,3.0,1.0,5cc950f2f19f0ce4
519,3,1,0.18715367805830974,0.32737301941757657,0.6212185674547052,0.9202610793742637,1.1013810942725828,0.8346728155960017,1.5,3.0,1.0,5cc950f2f19f0ce4
519,4,2,0.1738428031994349,0.3133834723270605,0.6059849240817399,0.9154166520699777,1.0182776432859038,0.6030588094405979,2.0,3.0,1.0,5cc950f2f19f0ce4
519,5,3,0.11717370989308579,0.24972740656705716,0.5286554764129683,0.8875467500001433,0.8360572266132867,0.89981457761896,2.0,3.0,1.0,5cc950f2f19f0ce4
520,0,4,0.15254724576450351,0.2903342170972479,0.5795808299012589,0.9065507806426143,1.0860663877024286,1.187561056795169,2.5,3.5,1.5,448dbc85971599bb
520,1,1,0.17181085494376147,0.311221371170664,0.6035786833355612,0.9146338994876894,0.9573906456878316,0.8777377330733388,2.0,3.0,1.0,448dbc85971599bb
520,2,0,0.13678583448317108,0.27264925598844253,0.5581338188635675,0.8988732762603028,1.079821635331302,1.308384577719826,2.0,3.0,1.0,448dbc85971599bb
520,3,5,0.17162883003751314,0.3110273272758316,0.6033620343049042,0.9145631829598199,0.8146753248505092,0.8105497241103408,1.5,2.0,0.5,448dbc85971599bb
520,4,2,0.1819401444227832,0.32192853560363466,0.615358002441615,0.9184197371423662,0.756726646082708,1.404394508532098,1.5,2.5,1.0,448dbc85971599bb
520,5,3,0.15106032133360678,0.28869037929257463,0.5776323013724667,0.9058715534149672,1.1308867355217798,0.7226038060096235,1.5,2.5,0.5,448dbc85971599bb
521,0,3,0.1396209826058502,0.27587462358152876,0.5621263497441161,0.9003367822612697,0.9427165913642022,1.1915484796640756,1.5,2.5,0.5,684a3b196359be67
521,1,5,0.10684051508383907,0.23715661359646345,0.511618479702652,0.8805509904732531,0.9773334435711765,1.089795113729985,3.0,4.0,1.5,684a3b196359be67
521,2,2,0.15272423608154356,0.29052956353935755,0.5798117867570368,0.9066310532881297,1.018946854641501,1.0671769609637667,2.0,3.0,1.0,684a3b196359be67
521,3,4,0.10038386842176322,0.22909773030328456,0.5003503427043465,0.8757274026853477,0.9821988259905224,0.9221298229127282,2.0,3.0,1.0,684a3b196359be67
521,4,0,0.19252149886686756,0.33293421393346334,0.6271174937835194,0.9220869820187628,1.046752972964159,0.9334425874059054,2.0,3.0,1.0,684a3b196359be67
521,5,1,0.19812201275960484,0.3386906097386663,0.6331326309047542,0.923921085062157,1.021921689960885,0.6514297484790879,2.0,3.0,1.0,684a3b196359be67
522,0,3,0.14754300885927518,0.28478232028925266,0.5729634822862945,0.9042294936297484,1.010975481359764,0.9157869852418153,1.5,2.5,1.0,356bff81c9078925
522,1,2,0.17532118271578706,0.31495196748725884,0.6077216935778452,0.9159785983515242,0.9408712590803104,1.3498804820725665,2.5,3.5,1.0,356bff81c9078925
522,2,1,0.1367874558163869,0.27265110635317175,0.5581361199719912,0.8988741244070599,0.8884547877406446,1.305105269099586,1.5,2.5,1.0,356bff81c9078925
522,3,0,0.13566273434889986,0.27136586447675065,0.5565348383239863,0.8982826143160663,0.8361486735401895,0.9645223230196103,2.5,3.5,1.0,356bff81c9078925
522,4,5,0.12453482989458015,0.2584637132839521,0.5401249076398733,0.8920661238660679,1.2069669974478565,1.213826642719773,1.5,2.5,1.0,356bff81c9078925
522,5,4,0.14237393973371537,0.2789872230120122,0.5659444539066628,0.901721408118735,1.1177920569064337,0.9744554175965684,2.5,3.5,1.0,356bff81c9078925
523,0,0,0.16647358630497855,0.3055065513570523,0.5971496960671557,0.9125183198120298,1.1234099354839122,0.9937061104202158,2.5,3.5,1.0,f722fa1b60288934
523,1,3,0.17765721722741037,0.31742267376930866,0.6104425224060424,0.9168538888299145,0.9067507280951865,0.9638058703436234,1.5,2.5,1.0,f722fa1b60288934
523,2,2,0.17802867359038266,0.31781468390007633,0.6108725473296353,0.9169916664899023,1.0566717645049761,0.8661433264759211,2.0,3.0,1.0,f722fa1b60288934
523,3,4,0.14016180160302677,0.27648757333520263,0.5628809219974181,0.9006115766882603,1.1795623403867839,0.935183819596122,2.5,3.5,1.0,f722fa1b60288934
523,4,1,0.1606753997525085,0.2992371162495782,0.589979591621092,0.9101163980753616,0.8087795597267347,1.203290704237089,2.0,3.0,1.0,f722fa1b60288934
523,5,5,0.13788637710846463,0.2739037050908679,0.5596910402831613,0.8994460093659711,1.0292587276153065,0.9511106324329832,1.5,2.5,0.5,f722fa1b60288934
524,0,5,0.14355357243986258,0.28031529906310637,0.5675632522878025,0.9023041081522344,1.0826284083527808,0.9188756779530779,1.5,2.5,1.0,7982b683989860e7
524,1,0,0.10665433157377874,0.23692653980785386,0.5113006067489899,0.880417118680886,0.762613314427118,0.9301971557125795,1.5,2.5,0.5,7982b683989860e7
524,2,1,0.11626234314825137,0.24863365742136434,0.5271985038935161,0.8869619387467318,1.0033568544972546,1.08261157970156,1.5,2.0,0.5,7982b683989860e7
524,3,4,0.09807667016514268,0.22617615232495578,0.49619611497962873,0.8739076504442095,1.0630101443147546,0.8548179724461991,2.0,3.0,1.0,7982b683989860e7
524,4,2,0.10187511239154871,0.23097405239765012,0.502998704624546,0.8768757104188705,0.9877163612935969,1.1913645435312805,2.0,3.0,1.0,7982b683989860e7
524,5,3,0.10021230080821339,0.2288812607398554,0.5000438212065197,0.8755939075665282,0.9366745371173374,1.2611905451310648,1.5,2.5,0.5,7982b683989860e7
525,0,5,0.16768463178918977,0.3068078866311822,0.5986225215072676,0.9130061237877725,0.9845624412712148,0.8506453317290383,1.5,2.5,0.5,d887252c356f76e0
525,1,1,0.10530850996845051,0.23525947694437863,0.50899072276628,0.8794405248231821,0.9340237951155391,1.1100096707197766,2.5,3.5,1.5,d887252c356f76e0
525,2,4,0.14036423142813617,0.27671681446300644,0.5631627893037181,0.9007140790198985,0.9502581630714815,0.9795745533662185,2.0,3.0,1.0,d887252c356f76e0
525,3,2,0.10256131515329922,0.23183435294364876,0.5042079058734947,0.8773969906960456,0.9847806276448433,0.6627004912733223,2.5,3.5,1.5,d887252c356f76e0
525,4,3,0.15410453866329327,0.29205069944252027,0.5816058928749699,0.9072529328781785,1.0009745831483743,1.1816064956256311,1.5,2.5,1.0,d887252c356f76e0
525,5,0,0.11340078108173635,0.24518119449330544,0.5225681740539206,0.8850869409420736,1.056930614769675,1.291572135037647,2.0,3.0,1.0,d887252c356f76e0
526,0,5,0.19575062402636137,0.33625879926521157,0.6306026557403493,0.9231530352467697,0.8302197750230184,0.9693195652333411,2.0,3.5,1.0,78681c00f3a95531
526,1,4,0.1102815227290272,0.24138527002617072,0.5174215791129542,0.882973058050098,0.8226966005635257,1.3607183971024113,2.0,3.0,1.0,78681c00f3a95531
526,2,3,0.09122101959536842,0.217353669732325,0.4834208873607714,0.8681655207887815,1.0650722356755287,0.9355256151168279,1.5,2.5,1.0,78681c00f3a95531
526,3,0,0.16418152027796018,0.30303598973655654,0.5943390169665345,0.9115821680397024,0.7967531798049571,0.9217647683802033,2.0,3.0,1.0,78681c00f3a95531
526,4,2,0.16139741078878694,0.30002139535645617,0.5908833546217237,0.9104216584102601,1.0544198112832242,1.05113934405517,2.5,3.5,1.5,78681c00f3a95531
526,5,1,0.11725369930641136,0.24982327176041555,0.5287829513741511,0.8875978001718345,1.0979067395964255,0.9593279305984287,1.5,2.5,1.0,78681c00f3a95531
527,0,5,0.15145985405860277,0.2891325505577509,0.5781573162002696,0.9060549158039652,0.8436631599658087,1.0409787771297827,2.5,3.5,1.0,8f4137365e6dc18e
527,1,1,0.08682619420351727,0.2115780366771985,0.47486489546395577,0.8641917521108733,1.0502587956592904,0.9293810725301856,1.5,2.5,1.0,8f4137365e6dc18e
527,2,0,0.16296364264131896,0.3017191554845515,0.5928330566458119,0.911077723798966,0.9462234003924762,0.690886759835939,2.0,3.0,1.0,8f4137365e6dc18e
527,3,4,0.18949378429911953,0.3298028475156421,0.6238066944239465,0.9210655454866189,1.0291631456529522,1.2746005059685952,1.5,2.5,0.5,8f4137365e6dc18e
527,4,2,0.1284787938177938,0.2630764875611135,0.546062771244257,0.8943486322503856,0.9891027668091823,0.9703520790198726,2.5,3.5,1.0,8f4137365e6dc18e
527,5,3,0.18656626550814442,0.32676174681548453,0.6205648271266759,0.9200570397368983,0.8209668326431637,1.2034432428968367,2.5,3.5,1.0,8f4137365e6dc18e
528,0,4,0.14259848040598572,0.27924027841265986,0.5662533772327497,0.9018328066698801,0.785335519686429,0.9982825408836604,1.5,3.0,1.0,ea6cbbeea4e9bad2
528,1,0,0.13150901456269964,0.2665902448332279,0.5505325278673727,0.8960418331873586,0.8774315994059034,0.856403781389806,2.5,3.5,1.0,ea6cbbeea4e9bad2
528,2,2,0.16164090392957395,0.30028565423921416,0.5911874309312285,0.9105242011119048,1.080802508529303,0.6159854165695141,2.0,3.5,1.0,ea6cbbeea4e9bad2
528,3,3,0.0917090138128514,0.21798899435881355,0.4843526259210024,0.8685919435455238,1.043203504898849,0.6297386018011228,2.0,3.0,1.0,ea6cbbeea4e9bad2
528,4,1,0.08496308685086355,0.20909904223937117,0.4711444926446385,0.8624305262199663,1.0771595573022692,1.1699464427889321,2.0,3.0,1.0,ea6cbbeea4e9bad2
528,5,5,0.14222845330471195,0.2788231957643326,0.5657440946207043,0.9016491077322619,0.9994987881217965,0.8043888427328376,2.0,3.0,1.0,ea6cbbeea4e9bad2
529,0,0,0.13556737560432106,0.27125674426429053,0.5563986121089508,0.8982321715445922,1.25206068414155,1.254559983997009,2.0,3.0,1.0,61485c15a098235e
529,1,4,0.15058659483241119,0.2881656395116285,0.577008399994303,0.9056533176194782,1.038929138992835,0.7620521083489209,2.0,3.0,1.0,61485c15a098235e
529,2,2,0.20654132004217926,0.3472606820904081,0.6419211347064862,0.9265517052859091,0.8838187180989167,1.1031839167124495,2.0,3.0,1.0,61485c15a098235e
529,3,5,0.14247054969595782,0.2790961165836594,0.566077415627228,0.9017693659893079,1.0804172410517916,0.6145934451342498,1.5,2.5,0.5,61485c15a098235e
529,4,1,0.11473660749676817,0.24679634658850044,0.524740313907214,0.8859696553606502,0.9861423490909154,1.225533774092366,2.5,3.5,1.0,61485c15a098235e
529,5,3,0.22152029834139017,0.3622779670521893,0.6568580156401769,0.930893722542868,1.0126845048884747,1.4366211925434502,2.0,3.0,1.0,61485c15a098235e
530,0,3,0.13862665583003342,0.2747457662902496,0.5607331950431722,0.8998279335932778,1.0145765212991722,0.5934710964490568,2.5,3.5,1.0,b4c7b6fec1ed2f1e
530,1,4,0.15950429071802963,0.2979627878973124,0.5885069221805538,0.9096174131118121,0.9466190890610998,0.7690310844227084,1.5,2.5,1.0,b4c7b6fec1ed2f1e
530,2,1,0.19152000407390296,0.3318999669190149,0.6260270243645442,0.9217514976578587,0.7675788775644483,1.1653800154097314,1.5,2.5,1.0,b4c7b6fec1ed2f1e
530,3,2,0.13262254427179693,0.26787505816830565,0.5521555362890068,0.8966514309064572,1.1424897745543086,1.3011313418952475,2.0,3.0,1.0,b4c7b6fec1ed2f1e
530,4,5,0.1476145480401369,0.28486208583774836,0.5730592914474946,0.9042633990553993,0.9003984223311859,1.1743177794617088,1.5,2.5,1.0,b4c7b6fec1ed2f1e
530,5,0,0.14805740894021105,0.2853556112547418,0.5736516014688258,0.9044728135920869,0.900081087236236,0.7459587016924265,3.0,4.0,1.5,b4c7b6fec1ed2f1e
531,0,3,0.08611790800681646,0.2106378196271538,0.4734572771611086,0.8635278018763821,1.1008217167911236,1.1434580419437528,3.0,4.0,1.5,c3282bd2989d6312
531,1,0,0.12940588050716448,0.2641542523461149,0.5474386343184807,0.8948720880977318,1.0102153540226988,1.089705117477808,2.5,3.5,1.5,c3282bd2989d6312
531,2,5,0.10855714737041827,0.23927171120653307,0.5145303625871007,0.8817715031253925,0.9338694165174747,0.8220485975456466,2.5,3.5,1.0,c3282bd2989d6312
531,3,1,0.11775455603237286,0.2504230554543295,0.5295796775074181,0.8879164426465388,0.9443298986071841,0.7783786652129143,2.5,3.5,1.5,c3282bd2989d6312
531,4,4,0.14426739014595902,0.2811173213793521,0.5685378795920213,0.9026536941601849,1.090932482561377,1.1359396388470318,2.0,3.0,1.0,c3282bd2989d6312
531,5,2,0.20164001019352576,0.3422835127905711,0.6368411028664503,0.9250381509329464,0.8418879788985868,0.67391552314716,1.5,2.5,1.0,c3282bd2989d6312
532,0,2,0.18847552423686686,0.3287465880272458,0.6226836799926662,0.9207171282552306,1.072526759408345,0.5864959510165368,2.0,3.0,1.0,da86db292b7aa819
532,1,3,0.09462249221477281,0.22175825824125472,0.48984263763943414,0.8710799062383717,0.8138146814650814,1.0821905686112778,2.0,3.0,1.0,da86db292b7aa819
532,2,1,0.1345098330224621,0.2700449793482192,0.5548829513868155,0.8976696556858892,1.0298665605331618,1.0260928007317927,1.5,2.5,1.0,da86db292b7aa819
532,3,5,0.20622619320770583,0.3469416546845811,0.6415974865659297,0.9264558451111652,0.7899791265860903,0.9386693256106768,1.5,2.5,0.5,da86db292b7aa819
532,4,4,0.1451100556458661,0.28206255548005404,0.5696836889999893,0.9030634957962157,0.8444813642573981,1.2930818558689638,2.0,3.0,1.0,da86db292b7aa819
532,5,0,0.2210250889464738,0.3617859268371628,0.6563776796024665,0.9307565487621452,1.1462667247384273,0.6424100868684512,2.5,3.5,1.5,da86db292b7aa819
533,0,3,0.13667084384613615,0.2725180042828733,0.5579705633266937,0.8988130894685142,1.256453206644633,1.0199403575865824,1.5,2.5,1.0,108861a230eadfb0
533,1,4,0.1661167769019973,0.30512261304016886,0.5967141551670471,0.9123737063294581,1.0509191214347569,1.225771327064589,1.5,2.5,1.0,108861a230eadfb0
533,2,0,0.11837253747941798,0.25116196355518483,0.5305592584126955,0.8883072164434661,0.9415639122480374,1.0032728832914983,1.5,2.5,1.0,108861a230eadfb0
533,3,1,0.17170890501639155,0.3111126968896121,0.6034573631776055,0.9145943042173433,1.200628504841465,0.7113772369367499,2.0,3.0,1.0,108861a230eadfb0
533,4,5,0.16784109464799574,0.30697581420307846,0.598812195537631,0.9130688077477244,1.0887216816200418,0.9163213646194357,2.0,3.0,1.0,108861a230eadfb0
533,5,2,0.11620514511713297,0.2485649205104202,0.527106781393771,0.8869250401327613,0.9372068382622563,0.93571599248195,1.5,2.5,0.5,108861a230eadfb0
534,0,1,0.11221356435213213,0.24374051113578438,0.5206217753577461,0.884291216300364,0.9225694248933674,0.7706696060743475,2.5,3.5,1.5,bdc66a63b2c2edfb
534,1,0,0.16497225249007447,0.3038894355906429,0.595312118102776,0.9119070611172796,1.1197474554588012,0.8079647566658303,2.5,3.5,1.5,bdc66a63b2c2edfb
534,2,5,0.14725723684589048,0.284463569926432,0.5725804042202911,0.9040938401044942,0.9460493774961024,1.3598985025801298,1.5,2.5,0.5,bdc66a63b2c2edfb
534,3,4,0.15782169237755084,0.29612702284167863,0.5863762441560466,0.9088920157345145,1.2394706124098471,0.9683485783996673,2.0,3.0,1.0,bdc66a63b2c2edfb
534,4,2,0.15960016932468024,0.29806722090575716,0.588627805602417,0.9096584454779293,0.9732870599708403,0.9135954569134539,2.0,3.0,1.0,bdc66a63b2c2edfb
534,5,3,0.19540482906095827,0.33590351412373043,0.6302316695763016,0.9230400007612924,1.0534243857033392,0.9888019032501911,2.5,3.5,1.0,bdc66a63b2c2edfb
535,0,3,0.19958435958928808,0.34018620812264605,0.6346805843442415,0.9243886183038753,0.9341025758127439,0.7825765811198211,2.5,3.5,1.5,98d0cc1bcdbc6666
535,1,5,0.1868104868739469,0.327015953906498,0.6208368246760865,0.9201419744069675,1.010182633681063,1.0785425071236876,2.0,3.0,1.0,98d0cc1bcdbc6666
535,2,0,0.10778740962582165,0.2383246791523471,0.5132288773299788,0.8812272809962928,1.0197194515765222,0.7714238994109779,1.5,2.5,0.5,98d0cc1bcdbc6666
535,3,1,0.11745036641038237,0.2500588822135757,0.5290960954738227,0.887723126127899,0.8334084716118861,1.1861245321193559,2.0,3.0,1.0,98d0cc1bcdbc6666
535,4,4,0.16361852337317595,0.3024276055934344,0.5936439360308129,0.9113495887895381,0.8125746754282974,0.7991650529771668,2.5,3.5,1.5,98d0cc1bcdbc6666
535,5,2,0.16830168060003958,0.30746988463591096,0.5993697411792255,0.9132528868883896,1.1720879416296448,0.8220634607408019,2.0,3.0,1.0,98d0cc1bcdbc6666
536,0,1,0.1185500872140379,0.2513740258661013,0.530839995382707,0.888419005205865,1.188457137998117,1.0277690218027293,2.0,3.0,1.0,fc8b80b4ec99c8ae
536,1,4,0.16058570364140018,0.2991396118797164,0.5898670951997407,0.9100783495076137,0.9527608655999383,1.0486565109766515,1.5,2.5,0.5,fc8b80b4ec99c8ae
536,2,2,0.1197454674515257,0.25279911414868694,0.5327220098279857,0.8891660978404295,1.2334653274088436,0.7116517338195691,1.5,2.5,0.5,fc8b80b4ec99c8ae
536,3,0,0.18549659227285895,0.3256472294316902,0.6193701280801343,0.9196832828591807,0.9508151105084242,0.825890363099427,1.5,2.0,0.5,fc8b80b4ec99c8ae
536,4,3,0.15522732212788445,0.29328503428528213,0.583056122753067,0.9077534385654757,0.7543479130379275,0.7618132231622138,1.5,2.5,0.5,fc8b80b4ec99c8ae
536,5,5,0.15355359300413002,0.2914440321238496,0.5808912753063311,0.9070055877139864,0.8373876573527836,0.854832814078571,2.0,3.0,1.0,fc8b80b4ec99c8ae
537,0,1,0.22258580927488433,0.3633356713154839,0.6578885226812331,0.9311874735875857,0.8150717619118214,0.8796942849636342,1.5,2.5,0.5,fcd4414e0cb99fd0
537,1,0,0.13625982598029707,0.2720485831955108,0.5573861753638092,0.8985974226251373,1.082150006744821,0.9586631452200937,2.0,3.0,1.0,fcd4414e0cb99fd0
537,2,3,0.14887373811361782,0.28626416077902983,0.5747398487310736,0.9048566961934128,1.0681305324615185,1.2473269485270528,2.0,3.0,1.0,fcd4414e0cb99fd0
537,3,4,0.13355222640147787,0.2689451616517825,0.5535027106269456,0.8971553362366319,0.9634220555565689,0.6555988267617997,2.0,3.0,1.0,fcd4414e0cb99fd0
537,4,5,0.120384368810581,0.25355891115075574,0.5337221753794806,0.8895614916974323,0.7295845634209643,1.0653604024261132,2.0,3.0,1.0,fcd4414e0cb99fd0
537,5,2,0.17066826685997666,0.310002349371145,0.6022157458708631,0.9141883582024544,1.0989828573105107,0.8298440125585609,2.0,3.0,1.0,fcd4414e0cb99fd0
538,0,5,0.1585041993594169,0.2968723550807503,0.5872426251214055,0.9091874737242819,1.0077065306585622,1.1054553451628104,2.5,3.5,1.5,38ed09f16c455c55
538,1,4,0.106926383808894,0.23726267997417755,0.5117649476783601,0.8806126329932592,1.1678012433782,1.4019858486594385,2.0,3.5,1.0,38ed09f16c455c55
538,2,0,0.13002461795899056,0.2648721993022433,0.54835276167882,0.8952187582159262,0.9795701361667486,1.0870949839863222,1.5,2.5,0.5,38ed09f16c455c55
538,3,1,0.12277380727650314,0.2563891088378327,0.5374280158948591,0.8910167096430691,0.957153454556219,1.1583022539126548,2.5,3.5,1.0,38ed09f16c455c55
538,4,3,0.13701843502060335,0.27291464453934455,0.5584637301638783,0.898994820556229,1.085785145059056,1.0393623232784068,2.0,3.0,1.0,38ed09f16c455c55
538,5,2,0.1199577100196279,0.2530516623475212,0.5330547037049252,0.8892977468264791,0.8821418570776458,1.0145792125368502,2.0,3.0,1.0,38ed09f16c455c55
539,0,5,0.12821080298953147,0.26276448411177256,0.5456636625826381,0.8941964099211503,0.8997960173192247,0.9824353000279706,2.0,3.0,1.0,616e63bcb6e38a43
539,1,0,0.13520636176127515,0.27084341520228117,0.5558822209563749,0.8980407857580666,1.0261414520930698,0.6313530528551501,1.5,2.5,1.0,616e63bcb6e38a43
539,2,4,0.11224194211728475,0.24377500538578478,0.5206684763687095,0.8843103614046856,1.1562522534523545,1.060416813470193,2.0,3.0,1.0,616e63bcb6e38a43
539,3,3,0.16660601131142827,0.3056489836627141,0.5973111548656324,0.9125718873389671,0.9458495034888658,1.2279816760099584,2.5,3.5,1.0,616e63bcb6e38a43
539,4,2,0.14068521698215147,0.2770801052867764,0.5636091010717095,0.9008762202663707,0.7795429165214048,1.1350216231229624,1.5,2.5,1.0,616e63bcb6e38a43
539,5,1,0.1569472672454045,0.29517070452164357,0.5852619734512733,0.9085110187235599,1.004441009396822,0.9526533779694268,1.5,2.5,0.5,616e63bcb6e38a43
540,0,0,0.16556994293817798,0.30453373363328123,0.5960452339369378,0.912151281074777,0.9435141982012121,0.9624939195747839,2.0,3.0,1.0,f7a0173bde7b8f72
540,1,4,0.12156684019948179,0.2549617297087284,0.5355628889122078,0.8902862299027079,0.9804036378703989,0.9201507056212537,2.0,3.0,1.0,f7a0173bde7b8f72
540,2,5,0.1885302413169297,0.3288033876786987,0.6227441497363062,0.920735914385832,1.1532357708747982,0.6846002224051477,2.5,3.5,1.0,f7a0173bde7b8f72
540,3,1,0.1465563263617447,0.2836809774702372,0.5716384072145275,0.9037596657253661,0.9663701349068656,1.2588481504884241,2.5,4.0,1.5,f7a0173bde7b8f72
540,4,2,0.20536188069095762,0.346065961690186,0.6407077283317298,0.9261919142628645,1.101949894542093,0.8083810398731381,2.0,3.0,1.0,f7a0173bde7b8f72
540,5,3,0.12498763248185452,0.2589956317222951,0.5408137308864416,0.892332874134141,1.192775934752888,1.2352500390764602,2.0,3.0,1.0,f7a0173bde7b8f72
541,0,4,0.18624606519492037,0.3264283120625466,0.6202077771132599,0.919945457114369,1.1510389359310789,0.6360307940517258,2.0,3.0,1.0,7a4eb1144ea653ad
541,1,0,0.1555397287326465,0.2936280041944803,0.5834581926884458,0.9078918584762832,1.094510816252962,0.845539971700126,1.5,2.5,1.0,7a4eb1144ea653ad
541,2,3,0.19559805580635864,0.33610206535218795,0.6304390381904291,0.9231031961696441,1.090730492238554,1.1574888360797373,2.0,3.0,1.0,7a4eb1144ea653ad
541,3,2,0.19495415460643584,0.3354402092659917,0.6297473671730207,0.9228922816725225,1.0558081251666407,0.9440423160557848,2.0,3.0,1.0,7a4eb1144ea653ad
541,4,1,0.18144286879080554,0.3214069388464235,0.6147920380576806,0.9182404514274676,1.082633805294489,1.1030959274460461,1.5,2.5,1.0,7a4eb1144ea653ad
541,5,5,0.18386107959366638,0.32393963487175914,0.6175327590239047,0.9191062438235709,1.2311899407652998,1.1904533350720503,2.0,3.0,1.0,7a4eb1144ea653ad
542,0,0,0.1314183442186121,0.2664854778047877,0.5503999164174861,0.8959919025518096,0.9580163062053442,1.3566661606994472,2.5,3.5,1.0,7412636c7699c468
542,1,5,0.1705928359037588,0.3099217893521304,0.6021255151439449,0.9141588061468227,1.1713760716567585,1.1883469141670058,2.0,3.0,1.0,7412636c7699c468
542,2,4,0.1249564824776802,0.25895905869025154,0.5407664040269994,0.8923145632130336,1.1595656751040986,0.8221833676695839,2.5,3.5,1.0,7412636c7699c468
542,3,1,0.12674542194560803,0.26105478071295934,0.5434701705569736,0.8933567407693085,0.9556357506840424,0.71648637505928,2.0,3.0,1.0,7412636c7699c468
542,4,2,0.19855912040402643,0.33913797450235594,0.6335962938357602,0.9240613166212995,1.0687077554758464,0.8561124375348237,2.0,3.5,1.0,7412636c7699c468
542,5,3,0.15268388185145143,0.2904850300516948,0.579759146242749,0.906612761635864,0.9435120652270361,0.9060724709818782,2.0,3.0,1.0,7412636c7699c468
543,0,3,0.15562572606403516,0.2937223786870569,0.5835687620375759,0.9079298979462379,0.9185140180276007,1.0323383369663737,2.0,3.0,1.0,2545771bb6f779ca
543,1,5,0.13779245651916888,0.2737967713657959,0.5595585160849754,0.8993973638209216,0.9083244672957776,0.8164090558254469,2.5,3.5,1.5,2545771bb6f779ca
543,2,0,0.12578288171543917,0.2599283509808442,0.542018988597738,0.8927983670021769,1.221011409180012,0.7900936836275911,2.5,3.5,1.5,2545771bb6f779ca
543,3,1,0.11790971395228386,0.25060869214437614,0.5298259811260492,0.888014801527056,1.1551737510322386,0.718167090497924,2.0,3.0,1.0,2545771bb6f779ca
543,4,4,0.18492044345390363,0.3250461753820382,0.618724352824485,0.9194807805752389,0.9350724640771143,0.8302958639607873,1.5,2.5,1.0,2545771bb6f779ca
543,5,2,0.13392846896441798,0.26937757112916766,0.55404589639792,0.8973579790970123,1.0452308925144358,0.7223797498484816,1.5,2.5,1.0,2545771bb6f779ca
544,0,3,0.17354746979678146,0.3130696769139413,0.6056365737199969,0.9153036356902509,1.167642674755467,1.1865076706735702,2.0,3.0,1.0,e59058c29e972261
544,1,2,0.18599997043761513,0.3261719359560761,0.6199330269409759,0.9198595251728996,1.266606230079554,0.9664365861725699,2.0,3.0,1.0,e59058c29e972261
544,2,1,0.1835541936731775,0.32361874571010435,0.617186543454593,0.918997209032229,1.1420553743168596,0.9125825730360735,2.5,3.5,1.5,e59058c29e972261
544,3,5,0.15875286338697173,0.29714367185876606,0.5875575603565185,0.9092947062195106,1.1117404276623306,1.3443209204897197,1.5,2.0,0.5,e59058c29e972261
544,4,4,0.13251945801674248,0.26775625735422476,0.5520057178142764,0.8965952749926144,0.9759694404173678,1.1818641809054873,2.0,3.0,1.0,e59058c29e972261
544,5,0,0.14370231135872846,0.28048251758658876,0.5677666419064543,0.9023771380516533,1.077526399336478,1.2642475296941134,1.5,2.5,1.0,e59058c29e972261
545,0,5,0.20454476906245606,0.3452371667869342,0.6398637506404242,0.9259410245513354,0.8614191422771439,0.8742216126727047,2.0,3.0,1.0,23642197d5397862
545,1,1,0.08767094197794038,0.2126959177524619,0.47653307132496936,0.8649748343136585,1.1725154226682106,1.4028602274189348,2.0,3.0,1.0,23642197d5397862
545,2,3,0.18948578072516592,0.3297945514799958,0.6237978863791122,0.921062816631887,1.0193712948976792,0.9740747805686043,1.5,2.5,1.0,23642197d5397862
545,3,0,0.17363361971632285,0.3131612281739751,0.6057382372700553,0.9153366292564977,0.7844136141424833,1.2911969985965912,2.0,3.0,1.0,23642197d5397862
545,4,4,0.17401879367352238,0.31357039130009695,0.60619228520146,0.9154838784393083,0.908191054289611,0.9918244499684099,2.5,3.5,1.5,23642197d5397862
545,5,2,0.148922599574821,0.28631849420700517,0.5748048400432896,0.9048795863739968,0.8874684725618662,0.9510618593620568,2.0,3.0,1.0,23642197d5397862
546,0,3,0.15839943813549373,0.29675801252234474,0.587109828975514,0.9091422309875858,1.0394972302480299,1.120293816602234,2.0,3.0,1.0,df4f5766b23b8689
546,1,4,0.17422664463214982,0.31379107904494685,0.6064369725453779,0.9155631595058911,1.0637709924123557,0.8202384759119605,2.0,3.5,1.0,df4f5766b23b8689
546,2,0,0.1419244937442976,0.27848033341668793,0.5653249851955032,0.9014977423847463,1.0710794607588474,1.1014113956066334,2.0,3.0,1.0,df4f5766b23b8689
546,3,1,0.16398264127192036,0.3028211477675348,0.5940936925636456,0.9115001292647937,0.8952947706204754,0.8078502262948969,2.5,3.5,1.5,df4f5766b23b8689
546,4,5,0.14735614062406993,0.28457390850846087,0.5727130495849405,0.9041408276925691,1.0809852194118357,1.248808850339743,2.5,3.5,1.0,df4f5766b23b8689
546,5,2,0.1620210075479941,0.3006979394998212,0.5916613935065073,0.9106838698186511,0.9812078218459285,0.7983163972367913,2.0,3.0,1.0,df4f5766b23b8689
547,0,4,0.09794411018960426,0.22600759235573492,0.4959552945383183,0.8738014586869715,1.0090503762419516,0.733998870659965,1.5,2.5,0.5,e1bead618c12f214
547,1,3,0.17830056027885788,0.31810146654552973,0.6111868519043342,0.9170922714879016,0.8398157696535742,0.7010436239974225,2.0,3.0,1.0,e1bead618c12f214
547,2,2,0.1605827842648765,0.2991364380940748,0.589863432908771,0.910077110656204,0.9300221482056856,0.8309471115225713,1.5,2.5,0.5,e1bead618c12f214
547,3,5,0.12990207221909683,0.2647300898690521,0.5481719722891042,0.8951502667849895,1.2843014632480125,1.2795239286017077,2.0,3.0,1.0,e1bead618c12f214
547,4,1,0.11996162608272616,0.25305632073482254,0.5330608380841654,0.8893001730604317,0.8963610315784665,1.1066649842202638,1.5,2.5,1.0,e1bead618c12f214
547,5,0,0.1529741947508017,0.2908053303620633,0.5801376086298449,0.9067442132002848,1.2201453687340187,1.3489486483626962,1.5,2.5,1.0,e1bead618c12f214
548,0,4,0.2038587569523636,0.344540647836467,0.6391530607101983,0.9257293492512658,0.9448122229694066,0.95016692189334,1.5,2.5,0.5,2f2b8bc473a98fb6
548,1,5,0.17635759151820873,0.31604928342572697,0.6089323452024068,0.9163688242433573,1.0980922078142454,0.7620013570496345,1.5,2.5,1.0,2f2b8bc473a98fb6
548,2,3,0.16101522920518016,0.2996063828493666,0.5904053602318732,0.91026029911912,0.9316639205070807,0.9998201514374198,2.0,3.0,1.0,2f2b8bc473a98fb6
548,3,2,0.136077135120246,0.27183979201665437,0.5571259946394137,0.8985012914124694,1.0427416838968138,0.8102676274720185,1.5,2.0,0.5,2f2b8bc473a98fb6
548,4,1,0.17320275101345683,0.3127032140021576,0.6052293794780681,0.915171398929473,1.0418136047199336,0.6939159498273392,2.0,3.0,1.0,2f2b8bc473a98fb6
548,5,0,0.12760725552762228,0.26206105968898147,0.5447625202451414,0.8938520800021301,0.8739167052906226,0.5415007539509014,1.5,2.5,1.0,2f2b8bc473a98fb6
549,0,4,0.14006624871626222,0.27637932931118614,0.5627477644106894,0.9005631257337673,0.8953700116211222,0.9530045911710072,2.5,3.5,1.5,f94888b58422fffd
549,1,3,0.12058058204555482,0.2537919925004293,0.5340285433100647,0.8896823814791424,0.9254083339035313,1.0292708771903696,2.5,3.5,1.0,f94888b58422fffd
549,2,2,0.16208704601088203,0.3007695400441785,0.5917436502881395,0.9107115601665339,0.960204331430903,0.8949907516333394,1.5,2.5,1.0,f94888b58422fffd
549,3,5,0.1381436281065423,0.27419648413110376,0.5600536764000726,0.8995790310724284,0.800236071184216,1.155675328621377,2.0,3.0,1.0,f94888b58422fffd
549,4,0,0.18941848996663185,0.32972479793943743,0.623723820146817,0.9210398674743856,1.0696378749555406,1.3541427927564718,2.0,3.0,1.0,f94888b58422fffd
549,5,1,0.18522790733513522,0.32536699572951716,0.6190691729379243,0.9195889507784175,1.2076017116993705,1.2109918122148318,1.5,2.5,1.0,f94888b58422fffd
550,0,3,0.16577871855805776,0.30475862885275457,0.5963008253685551,0.9122363147466812,0.9630685648890649,0.775241488564134,2.0,3.0,1.0,ec897fc1d453691a
550,1,5,0.16156440902231106,0.3002026483058453,0.5910919419809845,0.9104920085482417,1.0764705189081134,0.9309279297924773,2.0,3.0,1.0,ec897fc1d453691a
550,2,4,0.1307020513809816,0.2656570227683749,0.549349855914832,0.8955958815985448,0.8945172738219841,0.8293310234325153,2.0,3.0,1.0,ec897fc1d453691a
550,3,0,0.12327698381405768,0.25698284784169834,0.5382015330615438,0.8913185230638125,0.9293833897789674,1.0168352541154415,1.5,2.0,0.5,ec897fc1d453691a
550,4,2,0.17497059849949076,0.31458035867258016,0.6073108857240851,0.915845906054857,0.9907183100373369,0.8168409464377686,2.0,3.5,1.0,ec897fc1d453691a
550,5,1,0.14907564382410818,0.28648864291480325,0.5750083001314096,0.9049512197966336,1.0200540798731308,1.078833392380369,1.5,2.5,1.0,ec897fc1d453691a
551,0,5,0.16449683131974424,0.30337645261067775,0.5947274881335642,0.9117119681486864,0.9975348471039913,1.0793882717638197,1.5,2.5,1.0,775022a13d62ab1a
551,1,3,0.1572075117902998,0.2954554872365906,0.5855941035013448,0.9086247005256902,0.9353914359995061,0.8088668299740382,2.0,3.0,1.0,775022a13d62ab1a
551,2,4,0.19961415858924492,0.3402166532497314,0.6347120321479128,0.9243980978392462,1.2540773545851784,0.9757842839765314,1.5,2.5,1.0,775022a13d62ab1a
551,3,2,0.19056379759818828,0.3309110791166946,0.6249815782442587,0.9214289958692696,0.9922407392689587,0.8669185993536246,2.0,3.0,1.0,775022a13d62ab1a
551,4,1,0.1337124750059031,0.26912937918179985,0.5537342048019791,0.8972417357147405,0.8307818598614976,1.0635682389127616,1.5,2.5,1.0,775022a13d62ab1a
551,5,0,0.11003025589368204,0.24107797394734065,0.5170023623501381,0.8827994674783366,1.195539700284725,0.9098668276149481,2.0,3.0,1.0,775022a13d62ab1a
552,0,1,0.15035117365039757,0.2879046819462556,0.5766977851240171,0.9055445302033943,1.215558579712834,0.723924523899689,2.0,3.0,1.0,0cf08951d8c01a21
552,1,4,0.12725676691150029,0.26165208855012,0.544237743363514,0.8936511579811658,1.0773784293051456,0.5905578307990196,2.5,3.5,1.5,0cf08951d8c01a21
552,2,2,0.14446631572301932,0.2813406115689893,0.5688088289948846,0.9027507153312656,0.9595326453356575,0.7983736952034981,2.0,3.0,1.0,0cf08951d8c01a21
552,3,3,0.18374280325576448,0.3238159795459172,0.6173993793946929,0.9190642495620186,0.762879456754008,1.0532531060708692,2.0,3.0,1.0,0cf08951d8c01a21
552,4,5,0.1214378520064292,0.25480891851480786,0.53536274746966,0.8902076132758796,1.038274299972174,0.5627403698334691,2.0,3.0,1.0,0cf08951d8c01a21
552,5,0,0.1004324855734056,0.22915904869487533,0.5004371326747982,0.8757651788156781,0.8570859128240319,1.1255985997968123,1.5,2.5,1.0,0cf08951d8c01a21
553,0,5,0.1873410938094751,0.3275679340964384,0.6214267994890054,0.920325999735096,1.0626093833212404,1.1308969153967605,1.5,3.0,1.0,929dcdd5243baf26
553,1,0,0.12999603089803327,0.26483905225668714,0.5483105992177404,0.8952027882157709,1.1833311574950773,0.8142371515422153,2.0,3.0,1.0,929dcdd5243baf26
553,2,1,0.1585114294018653,0.29688024554644554,0.5872517874602945,0.9091905946817753,1.1203446218870108,1.0365469626584676,1.5,2.0,0.5,929dcdd5243baf26
553,3,2,0.18093985392592002,0.3208789084681025,0.6142182832765587,0.9180584322567261,1.0226044079885497,1.3457172621468736,1.5,2.5,0.5,929dcdd5243baf26
553,4,3,0.11017076911667828,0.24124984818530332,0.5172368829908207,0.882896604774622,1.006757062386979,1.0398058142109488,2.0,3.0,1.0,929dcdd5243baf26
553,5,4,0.16872638879229318,0.307925120040464,0.5998827943793278,0.9134220395221584,0.8338268380364836,1.3855593131633273,2.5,3.5,1.5,929dcdd5243baf26
554,0,3,0.11066964655670597,0.24185948879670766,0.5180677520966149,0.8832402104178271,0.9827288983380411,0.8456753851833255,2.0,3.0,1.0,5721e5009ed6cce2
554,1,2,0.1012920989157014,0.2302415946304378,0.501966679616608,0.8764293163202145,1.186265135597775,0.7522745050550717,2.5,3.5,1.5,5721e5009ed6cce2
554,2,1,0.1498065440927016,0.2873005028908226,0.5759777604071902,0.9052920037111644,0.8022105601539113,0.8472851578392959,2.5,3.5,1.0,5721e5009ed6cce2
554,3,0,0.1801797288565201,0.320080187945316,0.6133488464615628,0.9177820993004397,0.8713567405957562,0.6949545396293786,2.0,3.0,1.0,5721e5009ed6cce2
554,4,5,0.21230109973904882,0.35306875784896136,0.6477667543387948,0.9282699666544952,1.145476034314196,0.8072264816962658,2.0,3.0,1.0,5721e5009ed6cce2
554,5,4,0.17273476280502048,0.3122053689366843,0.6046755491190784,0.9149913175517561,1.2307008207672938,0.5881506601366946,2.0,3.0,1.0,5721e5009ed6cce2
555,0,0,0.14261218233024284,0.27925571640927754,0.5662722163140701,0.9018395970491956,0.9385420548024788,0.7220343460407254,1.5,2.5,1.0,b78f5ebff46888b4
555,1,4,0.16148157324878648,0.30011274871071425,0.5909884978884373,0.9104571248671643,1.119094348550557,1.2098146135052636,1.5,2.0,0.5,b78f5ebff46888b4
555,2,3,0.12397067806285125,0.25780012815547354,0.5392640675602257,0.8917320263505657,1.0462738976604418,0.7043416334144056,2.0,3.0,1.0,b78f5ebff46888b4
555,3,2,0.17646540591887025,0.31616332732295443,0.6090579615811004,0.9164092439736722,0.9810511835031756,0.9676552443890429,2.0,3.0,1.0,b78f5ebff46888b4
555,4,5,0.11344871766211524,0.245239261650597,0.5226464479989836,0.8851188466825367,0.9988724627868074,0.9439538412587569,2.0,3.0,1.0,b78f5ebff46888b4
555,5,1,0.14218324016096828,0.27877221017443976,0.5656817966131619,0.9016266191928475,0.8266700981285644,1.485759164434214,1.5,2.5,1.0,b78f5ebff46888b4
556,0,0,0.13592085300881412,0.27166111342138527,0.5569032137030565,0.8984189236025827,1.1827468175829439,0.8155936761836422,2.0,3.0,1.0,5ae96629afc11de0
556,1,2,0.137784257770864,0.273787435572754,0.5595469441956413,0.8993931152933006,0.9584735004569997,0.6922385020400901,2.0,3.0,1.0,5ae96629afc11de0
556,2,1,0.13154756425186637,0.2666347810522303,0.5505888884626553,0.8960630483830686,1.1759677151197228,1.280811221298785,3.0,4.0,1.5,5ae96629afc11de0
556,3,5,0.11059986977642415,0.24177427421061481,0.5179517063031068,0.8831922699012095,1.008132632463884,0.9955857435756167,2.0,3.0,1.0,5ae96629afc11de0
556,4,3,0.11098139495105672,0.24223999500143628,0.5185855646817797,0.8834539295494107,0.7889771661502178,1.0216504146834915,1.5,2.5,1.0,5ae96629afc11de0
556,5,4,0.15810931502703207,0.29644123784283155,0.5867417097022537,0.909016731776653,1.0342875049752438,0.6993929269722319,2.5,3.5,1.0,5ae96629afc11de0
557,0,5,0.1487327610311939,0.2861073655094398,0.5745522410457116,0.9047905975235806,1.0910008197636496,0.9129924405222407,2.0,3.0,1.0,1b3f68f27a95b21b
557,1,1,0.17210021025419722,0.31152971002474267,0.6039227063348823,0.914746110410676,0.8677010750462637,0.7471924362295229,2.0,3.5,1.0,1b3f68f27a95b21b
557,2,4,0.1735073745750743,0.3130270633721611,0.6055892446640924,0.9152882727011333,0.7230919151624469,1.0425904003347828,1.5,2.5,0.5,1b3f68f27a95b21b
557,3,0,0.15425278852918545,0.29221383207286344,0.5817978461739173,0.9073192916351596,0.9180679974788735,0.7080681589005986,2.0,3.0,1.0,1b3f68f27a95b21b
557,4,3,0.10636255070997838,0.236565707578643,0.5108016289121149,0.8802067210349023,0.8565147620937912,1.078728900937991,2.0,3.0,1.0,1b3f68f27a95b21b
557,5,2,0.0884101129920862,0.21367102062015256,0.47798339308504945,0.8656523518459418,0.9379979095526,0.5739944531962503,2.0,3.0,1.0,1b3f68f27a95b21b
558,0,0,0.21216199376661463,0.3529289915085294,0.6476271134832164,0.9282292086045789,1.0358775172937182,0.9163258119893167,2.5,3.5,1.0,51e4ba1adcc6b9e1
558,1,5,0.1345204220833644,0.27005712728610554,0.5548981722170497,0.8976753164432242,0.9289823361829082,0.8879178959363062,1.5,2.5,1.0,51e4ba1adcc6b9e1
558,2,3,0.13194522423415064,0.26709395678139536,0.5511695506910858,0.8962814264037305,0.9023855153428398,0.8711201378485887,2.0,3.0,1.0,51e4ba1adcc6b9e1
558,3,4,0.17158304798133747,0.3109785128850429,0.6033075152257369,0.9145453810820128,1.172490040838526,0.9718713540615194,2.0,3.0,1.0,51e4ba1adcc6b9e1
558,4,2,0.12590171519431173,0.26006756548420107,0.5421985985450001,0.892867599976143,0.9764258650746793,1.053393855384863,1.5,2.5,1.0,51e4ba1adcc6b9e1
558,5,1,0.14278028920149383,0.27944508593179657,0.5665032376228696,0.9019228382079773,1.0234438401595305,0.8296918798251278,2.0,3.0,1.0,51e4ba1adcc6b9e1
559,0,1,0.07762310601170824,0.19914031885788605,0.4558994559177918,0.8549933650984151,0.8823998729102679,0.7179204034549698,2.0,3.0,1.0,ed57bc6274727c6a
559,1,4,0.1342496702962701,0.26974642289577166,0.5545087053028142,0.8975303950840142,0.9913648294632322,0.992060084281239,2.0,3.0,1.0,ed57bc6274727c6a
559,2,0,0.11807018661383602,0.2508006046303886,0.5300804686112557,0.8881163554004864,1.1819006948431268,1.1582201476231322,2.0,3.0,1.0,ed57bc6274727c6a
559,3,2,0.17391662209260392,0.31346188179840445,0.6060719215350341,0.9154448609990125,1.1467831656861702,0.8753558463370769,2.0,3.0,1.0,ed57bc6274727c6a
559,4,3,0.12807625827736366,0.2626077652651109,0.5454630536689566,0.8941198320046464,1.0335631792156486,1.2618944257627658,2.5,3.5,1.0,ed57bc6274727c6a
559,5,5,0.1323729938952595,0.2675874163847043,0.5517927054033893,0.8965153919467013,1.0846062789420954,1.069114265856723,2.0,3.0,1.0,ed57bc6274727c6a
560,0,4,0.12002081736195255,0.25312672629010563,0.5331535410580966,0.8893368332149141,1.199906014487852,1.1192608946986726,2.0,3.0,1.0,031cb84b8fd16ea2
560,1,5,0.1405344150084913,0.27690945970084485,0.5633995165312904,0.9008001047195099,0.9594215062049247,1.3006821023557402,2.0,3.5,1.0,031cb84b8fd16ea2
560,2,3,0.13751584665527736,0.2734817048052797,0.5591678135400975,0.899253845441185,1.0129535931782703,1.2965599891330055,1.5,2.5,1.0,031cb84b8fd16ea2
560,3,1,0.19856781843740154,0.33914687388404524,0.6336055119062105,0.9240641029117151,1.1473679488282138,0.7604871585559834,1.5,2.5,1.0,031cb84b8fd16ea2
560,4,2,0.20490580769794758,0.34560347880749864,0.6402369979194812,0.9260520447858293,0.8645589978949213,1.121681673553578,2.5,3.5,1.0,031cb84b8fd16ea2
560,5,0,0.09778729777561798,0.2258080938877513,0.4956701105436028,0.8736756044317887,1.017509193546297,1.3956227989755874,2.5,3.5,1.0,031cb84b8fd16ea2
561,0,4,0.08668304862315512,0.21138823358245587,0.47458107400272737,0.8640581132194776,1.0349902921220968,1.172340593255316,2.0,3.0,1.0,e3c6f623e4cf20cc
561,1,3,0.17661452809245087,0.316321032806531,0.6092316061226912,0.9164650962039181,1.179755592351335,0.9748633871551623,2.0,3.0,1.0,e3c6f623e4cf20cc
561,2,0,0.1671817161994994,0.3062678103273132,0.5980119128012842,0.9128041167832874,0.9088153942041297,1.1212252884900231,1.5,2.5,0.5,e3c6f623e4cf20cc
561,3,5,0.13904491339724745,0.27522091671567017,0.561320141416932,0.900042553048579,1.0506019072383137,0.7711426495823999,2.0,3.5,1.0,e3c6f623e4cf20cc
561,4,2,0.16641831525548895,0.30544709370337736,0.5970822771934955,0.9124959453977307,1.072148307929416,0.8855630860402939,2.0,3.0,1.0,e3c6f623e4cf20cc
561,5,1,0.1623847210768693,0.3010921801028835,0.5921141064551156,0.9108361934357518,0.9855214916983206,0.617369437838222,2.0,3.0,1.0,e3c6f623e4cf20cc
562,0,2,0.12972503039744676,0.26452470988464205,0.547910558848154,0.8950511698389516,1.2211634063847068,1.3016160247620312,2.5,3.5,1.0,c5d90161d0a24027
562,1,0,0.10952223558361268,0.24045596582887316,0.5161526215268248,0.8824469492895181,0.945764085024215,1.1709763609756119,1.5,2.5,0.5,c5d90161d0a24027
562,2,1,0.12141848800992751,0.2547859736681428,0.5353326881058459,0.8901958019197764,0.8681749486317041,1.0703525453842433,2.0,3.0,1.0,c5d90161d0a24027
562,3,3,0.196239909163262,0.33676121557651245,0.6311266821749031,0.9233125196907581,1.040568192778466,1.2699424099812724,2.5,3.5,1.5,c5d90161d0a24027
562,4,4,0.10965778862415852,0.24062202645290218,0.5163796371932818,0.8825412135855515,0.9026884167042902,1.0815133290902559,2.5,3.5,1.5,c5d90161d0a24027
562,5,5,0.18770919730987146,0.32795060667401654,0.6218353029390368,0.9204532588358906,1.0966518918747743,1.2586128560222067,1.5,3.0,1.0,c5d90161d0a24027
563,0,4,0.12763433685503664,0.262092645014752,0.5448030232848657,0.8938675751159483,1.1290065516631513,0.8493038456661917,2.0,3.5,1.0,8a15769212edad31
563,1,1,0.1514387795074753,0.2891092356877779,0.5781296494488577,0.9060452596016542,0.8622418320693411,0.9499035072408266,2.0,3.0,1.0,8a15769212edad31
563,2,0,0.13768082861216446,0.27366964755875356,0.5594009170792245,0.8993394909393068,1.0306372838988596,0.8295112737764592,1.5,2.5,0.5,8a15769212edad31
563,3,5,0.1672756845320838,0.3063687580102178,0.5981261127683049,0.9128419219876515,0.9319548917851455,0.8679354764475087,2.0,3.0,1.0,8a15769212edad31
563,4,2,0.17783925252278573,0.31761481089132454,0.6106533487926955,0.9169214555370429,1.0153563806077264,0.993292739061949,2.0,3.0,1.0,8a15769212edad31
563,5,3,0.13462684311149825,0.27017919863673784,0.555051092575624,0.8977321755678693,1.0415567158757524,0.7242071496422142,2.0,3.5,1.0,8a15769212edad31
564,0,5,0.13892146740876132,0.27508072512226284,0.5611470480054521,0.8999792967414842,1.0881430222889745,1.163431263012949,2.0,3.0,1.0,86e6c63d8e52ecb9
564,1,4,0.13874174308044013,0.27487655219532386,0.5608948327941364,0.8998870717276816,0.8278823984969487,0.9149275792565428,1.5,2.5,1.0,86e6c63d8e52ecb9
564,2,2,0.17852909514324566,0.3183424255086041,0.6114507469462508,0.9171766781697601,0.9416172481132219,0.8733536331349213,1.5,3.0,1.0,86e6c63d8e52ecb9
564,3,0,0.11532556852130145,0.2475065156834906,0.5256920687958027,0.8863546819254591,1.0327879006023455,0.7804061559411712,1.5,2.5,1.0,86e6c63d8e52ecb9
564,4,1,0.17596371729006546,0.3156324809852805,0.6084729177890219,0.9162208820192327,0.9998453355457075,0.9386861592495324,2.0,3.0,1.0,86e6c63d8e52ecb9
564,5,3,0.13992505956700052,0.27621934607643256,0.5625508836555352,0.9004914558867926,1.107472350536825,1.3588974740587596,2.0,3.5,1.0,86e6c63d8e52ecb9
565,0,4,0.204566399269513,0.3452591178946751,0.6398861273794909,0.9259476832814761,0.9451814385135426,0.5802701293822186,1.5,2.5,1.0,d9d6849a5b8ec785
565,1,3,0.1951223480361506,0.33561315113127593,0.6299282162618901,0.9229474642447983,1.0912674576968378,0.8354094144481552,1.5,2.5,0.5,d9d6849a5b8ec785
565,2,2,0.16887086128707202,0.3080799008715061,0.6000570876096277,0.9134794520746903,1.191126888275417,0.8453420916749861,2.0,3.0,1.0,d9d6849a5b8ec785
565,3,0,0.11592967273973917,0.24823372178368547,0.5266645662605528,0.886747006281173,0.9825025964221914,1.2137057578725485,2.0,3.0,1.0,d9d6849a5b8ec785
565,4,1,0.1558051171289394,0.29391919448952053,0.5837992580463159,0.9080091600189704,1.1240734305038373,1.0607535790942308,2.0,3.0,1.0,d9d6849a5b8ec785
565,5,5,0.1367796784021034,0.2726422302299084,0.5581250815381784,0.8988700557917935,0.9035962464194109,0.9020757594963417,2.0,3.0,1.0,d9d6849a5b8ec785
566,0,5,0.15107297303941314,0.2887043865957459,0.5776489430515751,0.90587736952702,1.05554536928002,1.1278442163822193,2.0,3.0,1.0,460735c990a523e9
566,1,4,0.0843688988773194,0.20830445104768985,0.46994579983920076,0.861858677399617,1.0751394301399841,0.8269503728207532,2.0,3.0,1.0,460735c990a523e9
566,2,1,0.12027124895078642,0.2534244808381342,0.533545380683632,0.8894916820365097,1.0708723316470234,1.2308110585184502,2.0,3.0,1.0,460735c990a523e9
566,3,3,0.18189527999878674,0.32188149355789336,0.6153069915076494,0.918403588597434,0.7903848929847161,0.7599845825768727,2.0,3.0,1.0,460735c990a523e9
566,4,2,0.16572192062894814,0.30469745376080143,0.596231316080099,0.9122131950889903,0.8525395651848906,0.8012651413725957,1.5,3.0,1.0,460735c990a523e9
566,5,0,0.12639209891382602,0.260641614250258,0.5429384434333535,0.8931524126927611,0.9711441967944706,1.129554470439547,1.5,3.0,1.0,460735c990a523e9
567,0,1,0.19021827118384677,0.3305534022273125,0.6246027678249182,0.9213119288912656,0.9089281335093782,1.0359677745751583,2.0,3.0,1.0,9f0af226eaf555b2
567,1,4,0.14837933285776167,0.2857140834362087,0.5740813079112762,0.9046245288181146,0.9066719353801004,1.3635220267580315,2.5,3.5,1.5,9f0af226eaf555b2
567,2,0,0.15334540816868933,0.2912146221331442,0.5806207273692501,0.9069118213864954,1.2369848687554421,1.2197407149901873,1.5,2.5,1.0,9f0af226eaf555b2
567,3,5,0.15533836029889636,0.2934069591133107,0.5831991016361432,0.907802678685115,1.0851291121212496,1.1766805890454883,2.5,3.5,1.5,9f0af226eaf555b2
567,4,2,0.17580590474132618,0.31546540669603224,0.6082886115723363,0.9161614834062163,0.7882676320122916,1.0348309757560759,2.0,3.0,1.0,9f0af226eaf555b2
567,5,3,0.2136931490792543,0.35446606121939805,0.6491600396061092,0.9286758704538686,0.9880287529351617,1.033611773892458,2.0,3.5,1.0,9f0af226eaf555b2
568,0,1,0.14948509822610442,0.2869435991653035,0.5755518471334993,0.9051423968043778,0.9773155804879408,1.3036206340973169,2.0,3.0,1.0,663751a0b066d865
568,1,5,0.1577121424837127,0.2960072996944107,0.5862369092133182,0.9088444354097255,1.1760186118535731,0.7738670409803354,2.0,3.0,1.0,663751a0b066d865
568,2,3,0.11634092221283844,0.24872807081375795,0.5273244584322366,0.8870125924905807,0.9503602947328136,0.754949475162545,2.0,3.0,1.0,663751a0b066d865
568,3,4,0.17720100543611939,0.3169408971799387,0.6099134010715417,0.9166841515584557,0.9269195449196819,0.5934941708095748,2.0,3.0,1.0,663751a0b066d865
568,4,2,0.14878879371363518,0.2861696906624074,0.5746268238920339,0.9048168788542745,0.9463371326661587,0.911789807936074,1.5,2.5,0.5,663751a0b066d865
568,5,0,0.15543716146007613,0.2935154252804274,0.5833262568520966,0.907846453539758,0.8629677124846911,0.7504991752239232,2.5,3.5,1.5,663751a0b066d865
569,0,1,0.13602779930960274,0.27178339287378417,0.5570556871729998,0.898475302428227,0.7743092933596631,1.0281610752796302,2.0,3.0,1.0,2999a9476842878e
569,1,4,0.13979789085417654,0.2760752070115226,0.5623734239911276,0.9004268226182425,0.9781646682695013,1.087241098816579,1.5,2.0,0.5,2999a9476842878e
569,2,0,0.15816367657509683,0.296500606337659,0.586810725687835,0.9090402700570613,1.015505802254127,0.6437138831850677,1.5,2.5,1.0,2999a9476842878e
569,3,3,0.17307248289983596,0.3125646740596151,0.6050753353770739,0.9151213365158889,1.0287842369669284,0.8469833433347096,1.5,2.5,0.5,2999a9476842878e
569,4,5,0.14906349497240096,0.2864751382196768,0.5749921550840194,0.9049455369498557,1.0044376674216267,1.1582364377706884,2.0,3.0,1.0,2999a9476842878e
569,5,2,0.17506657671185671,0.3146821139890312,0.6074234158738718,0.9158822676899444,1.104108717835664,0.9616350461240053,1.5,2.5,1.0,2999a9476842878e
570,0,0,0.15635324233056452,0.2945201422453118,0.5845022597137933,0.9082506046712372,0.8910159732780787,1.116634830137766,2.0,3.0,1.0,dd328d190349aba0
570,1,3,0.13426622809269548,0.26976542959137406,0.5545325401784392,0.8975392685880811,1.212958555464068,0.882160868059787,1.5,2.5,1.0,dd328d190349aba0
570,2,2,0.14089733183643338,0.27732003657088666,0.5639036083357346,0.900983103590824,0.913526555699398,1.2779120727107947,2.0,3.0,1.0,dd328d190349aba0
570,3,1,0.13186800103189691,0.2670048215472909,0.5510568930237706,0.8962390852762917,1.2214501654934051,0.6390293035119814,1.5,2.0,0.5,dd328d190349aba0
570,4,4,0.1772844279096375,0.31702902092862817,0.6100102363964498,0.9167152327550027,0.9723281581813795,0.8318569489398457,2.0,3.0,1.0,dd328d190349aba0
570,5,5,0.14710675178680377,0.28429564331754514,0.5723784489150433,0.9040222680977827,0.7984455147637459,1.1964143219186578,2.0,3.0,1.0,dd328d190349aba0
571,0,0,0.1859962317417857,0.3261680403276986,0.6199288506668068,0.9198582185212356,0.9597224251654133,0.8830130809757952,2.0,3.0,1.0,459b0cc773c01beb
571,1,2,0.20975475633605475,0.350506392037081,0.6451986606381435,0.9275181524714512,0.9502732836575518,0.8916991837991111,1.5,2.5,0.5,459b0cc773c01beb
571,2,5,0.1424448915962963,0.27906719835627253,0.5660421097906713,0.901756633251281,1.0409294015493675,1.1049896612972476,2.5,3.5,1.0,459b0cc773c01beb
571,3,1,0.13344746133717075,0.2688246892264614,0.553351254003482,0.8970987786885422,1.0221735748950065,1.319410604120685,2.5,3.5,1.5,459b0cc773c01beb
571,4,3,0.13179751659053823,0.26692345028499437,0.5509540227557114,0.8962004110053244,1.2537225573676165,0.9387983096529819,2.0,3.0,1.0,459b0cc773c01beb
571,5,4,0.14239228192540349,0.2790078990884996,0.565969703079991,0.9017305165663113,0.9510807171235062,0.7693732287048157,2.0,3.0,1.0,459b0cc773c01beb
572,0,5,0.15681653071764973,0.2950275879499731,0.5850949630324855,0.9084538162256038,0.7957310085018082,0.8259905086631121,1.5,2.5,1.0,0ea43da3a5123fbf
572,1,4,0.16786854803863197,0.30700527451459386,0.5988454619212951,0.9130797985014569,0.8653952022726623,1.0669810306066236,2.0,3.0,1.0,0ea43da3a5123fbf
572,2,2,0.13057773870612738,0.26551309937130546,0.5491671760890879,0.8955268667160071,0.9275545457406247,1.021902548468498,2.5,3.5,1.0,0ea43da3a5123fbf
572,3,0,0.1978896924336083,0.3384527269581407,0.6328858595321576,0.9238463844135932,0.7381666616341475,1.3481188636023864,2.0,3.0,1.0,0ea43da3a5123fbf
572,4,1,0.11140132174141981,0.24275198526691805,0.5192813721510767,0.883740604455515,1.097113840832319,1.118169883883932,1.5,2.5,1.0,0ea43da3a5123fbf
572,5,3,0.11364093656837745,0.24547202241268942,0.5229600704597387,0.8852466115736259,0.9028049530970015,0.6918094227279932,1.5,3.0,1.0,0ea43da3a5123fbf
573,0,3,0.17010121862673827,0.30939649021092225,0.6015366698752601,0.9139657788728661,0.9528609492808235,0.8112352885957939,2.0,3.5,1.0,e950d8347df57bc1
573,1,1,0.1657745729383076,0.30475416395617844,0.5962957525920916,0.9122346276205476,0.9872067087683805,0.924348412549424,2.5,3.5,1.5,e950d8347df57bc1
573,2,2,0.11716695516518558,0.24971931023560326,0.5286447088002835,0.887542437012546,0.9770046081687968,1.2514628222091804,2.5,3.5,1.0,e950d8347df57bc1
573,3,5,0.18943987152907188,0.32974696280076,0.623747356897478,0.9210471607193155,0.8502739402299333,1.0362675408053326,2.0,3.0,1.0,e950d8347df57bc1
573,4,4,0.13489499325772947,0.2704866499025399,0.5554360018572844,0.8978751864876301,0.9062713173502852,1.2628253246922216,2.0,3.0,1.0,e950d8347df57bc1
573,5,0,0.14203155930344039,0.278601127612462,0.5654726888822009,0.9015511067759064,0.9103702800592863,0.664352943728149,1.5,3.0,1.0,e950d8347df57bc1
574,0,1,0.1382208560074034,0.27428434479999597,0.5601624411326224,0.8996189020970685,0.8577364588453553,0.7789412452903763,1.5,2.5,1.0,1e1af71c96544935
574,1,4,0.1770557350317321,0.31678741167726104,0.6097446874228192,0.9166299810588137,0.886652906321558,1.1282211157215585,1.5,2.5,1.0,1e1af71c96544935
574,2,0,0.1520903874192001,0.2898296618442699,0.5789837108989664,0.9063430118555704,1.244184596665526,0.821645429927023,2.0,3.0,1.0,1e1af71c96544935
574,3,5,0.1054109516139486,0.23538661866591742,0.5091673031346543,0.8795154170974236,0.9599406714190916,1.1593751013020062,2.5,3.5,1.5,1e1af71c96544935
574,4,2,0.14574217387012575,0.2827705165890584,0.5705398638633737,0.9033688761882815,1.037645989988067,0.984573418912412,2.0,3.0,1.0,1e1af71c96544935
574,5,3,0.18763332286955892,0.3278717464970055,0.6217511537095946,0.9204270550327364,1.2679394103490664,0.921435382481057,1.5,2.5,0.5,1e1af71c96544935
575,0,2,0.15991760117255832,0.2984128419050325,0.5890276193117816,0.9097940636065068,0.9226615339257181,1.4267079597613752,1.5,2.5,1.0,4fbb734eceea0420
575,1,1,0.1541913415607994,0.2921462221568531,0.5817183022439917,0.907291797226744,0.9110003207222279,0.8596506569581863,2.0,3.0,1.0,4fbb734eceea0420
575,2,0,0.14128076694174552,0.27775347326114813,0.5644351247542168,0.9011757846309643,1.0593388405470752,1.0757803182981105,2.0,3.0,1.0,4fbb734eceea0420
575,3,3,0.15480189124585814,0.2928176509237353,0.5825075794861372,0.9075643525879616,1.0461171011197323,1.1461838782536158,2.0,3.5,1.0,4fbb734eceea0420
575,4,4,0.1801847735411102,0.3200854919344784,0.6133546262227914,0.9177839383175863,0.8316623297988042,1.0163136286599532,2.0,3.0,1.0,4fbb734eceea0420
575,5,5,0.17092116907877908,0.31027237282373227,0.6025180390924727,0.9142873136419196,0.8752415484598163,0.6713384169710632,1.5,2.0,0.5,4fbb734eceea0420
576,0,3,0.19183652786713695,0.33222700483806467,0.6263721636182461,0.9218577801295847,1.012325580117459,0.9037705425376334,2.0,3.0,1.0,a81e9f02a5d50eca
576,1,1,0.15169542199937108,0.2893930940278994,0.5784663685412922,0.9061627319139857,1.122047181603047,1.2656504806982452,1.5,2.5,1.0,a81e9f02a5d50eca
576,2,4,0.1718787961754662,0.3112937832673957,0.6036595016990901,0.9146602692533246,1.0942939773219704,1.0320838754764694,2.5,3.5,1.5,a81e9f02a5d50eca
576,3,5,0.11235475101916878,0.24391210068998256,0.5208540388765649,0.8843864071163919,0.921884485927276,1.1773554903698833,1.5,2.5,1.0,a81e9f02a5d50eca
576,4,2,0.10572725685843416,0.23577893060641722,0.5097117340216831,0.8797460777182315,0.8024493146756073,0.9553235940656705,2.0,3.0,1.0,a81e9f02a5d50eca
576,5,0,0.13374091408624977,0.2691620647915699,0.5537752657895595,0.89725705490737,1.1559262205380954,0.5524579646509402,1.5,3.0,1.0,a81e9f02a5d50eca
577,0,4,0.10066439903488225,0.22945141234994545,0.5008507191421239,0.8759450609683386,0.8514846112942541,1.1995022120254257,2.0,3.5,1.0,0605e20875b2395d
577,1,0,0.15377558523780294,0.2916885545573069,0.5811794541636928,0.9071053898329265,0.9338279336406088,0.8650066704422599,2.5,3.5,1.5,0605e20875b2395d
577,2,3,0.09961025936360665,0.22812066646644147,0.49896519899667635,0.8751231709359187,0.78477111994646,1.1174780970350608,2.5,3.5,1.0,0605e20875b2395d
577,3,5,0.12697093305893697,0.26131829663328865,0.5438089681534715,0.8934867715986167,0.8820783241103274,0.9761373161191739,2.0,3.0,1.0,0605e20875b2395d
577,4,1,0.18287539393699243,0.32290843175043915,0.616419106533833,0.9187551734696224,0.9637751118533195,1.1714567412422663,2.5,3.5,1.5,0605e20875b2395d
577,5,2,0.14496647189148926,0.28190161338936254,0.5694888129457034,0.9029938880396284,0.799302774106241,1.2923788971048507,1.5,2.5,1.0,0605e20875b2395d
578,0,5,0.11305582407727287,0.24476310024793052,0.5220041847293836,0.8848568349496174,0.9282458870486056,0.8900756133312127,2.5,3.5,1.0,be014ba192a6397f
578,1,0,0.15970823407468754,0.29818490504773226,0.5887639854792184,0.9097046542835261,1.080507162080827,0.9484239300996562,2.0,3.0,1.0,be014ba192a6397f
578,2,2,0.19675496285641492,0.33728971736727936,0.631677167655188,0.923479831012627,0.8937204527735485,1.1145607094811045,1.5,2.5,1.0,be014ba192a6397f
578,3,1,0.16157808569362503,0.30021748994713865,0.5911090172242686,0.9104977657883583,1.23146612182379,1.0932455143721902,2.5,3.5,1.0,be014ba192a6397f
578,4,4,0.1339456289468792,0.2693972837760263,0.5540706429121678,0.8973672038366335,0.8622529854576787,1.1744450044507113,2.5,3.5,1.0,be014ba192a6397f
578,5,3,0.1459878833760319,0.2830454543837235,0.5708718971679205,0.9034871147449605,0.9451393942190238,1.2986347846909632,2.0,3.0,1.0,be014ba192a6397f
579,0,3,0.1787484183787705,0.31857358916393796,0.611703752901237,0.9172575481727389,0.8116017270000366,1.0913892588860343,2.0,3.0,1.0,d36dc91780d904ce
579,1,0,0.14481007824681047,0.28172625746996605,0.5692763824993262,0.9029179679787791,0.9682614607971507,1.120309569345353,2.0,3.0,1.0,d36dc91780d904ce
579,2,1,0.11302911860470893,0.2447307153713889,0.5219604695491863,0.884838983521042,1.0241100084371486,1.1800277718928687,1.5,2.5,1.0,d36dc91780d904ce
579,3,2,0.17282385082833276,0.3123001706155518,0.6047810696312934,0.9150256481663365,1.0380206816321498,1.2184502011641807,1.5,2.5,1.0,d36dc91780d904ce
579,4,5,0.161928247202952,0.3005973518936794,0.5915458080113553,0.910644949759125,0.9473423199531441,1.291978460095189,2.0,3.0,1.0,d36dc91780d904ce
579,5,4,0.12054735970642956,0.2537525363113995,0.5339766959728139,0.889661930470904,1.0222162661732082,1.267923279947064,2.5,3.5,1.5,d36dc91780d904ce
580,0,3,0.1324210939298511,0.2676428716046218,0.5518626800799684,0.8965416387959875,0.8875771401467446,0.870087950137205,1.5,2.5,1.0,9e009b79239b8436
580,1,5,0.12622922941269898,0.26045103581363827,0.542692960360794,0.8930579768105277,1.1771482182182342,0.9501803053296741,2.5,3.5,1.0,9e009b79239b8436
580,2,0,0.1255792521084248,0.259689699949945,0.5417109182608115,0.8926795354410859,1.1365255722836523,0.6363820519184935,2.0,3.0,1.0,9e009b79239b8436
580,3,4,0.18744980801248273,0.3276809730589404,0.6215475121217715,0.9203636185048389,0.9875171344024397,0.7536169863676978,2.5,3.5,1.5,9e009b79239b8436
580,4,2,0.16329558093489094,0.3020783508269222,0.5932443835467757,0.911215702716267,0.8154403029647364,1.1245276570513334,2.5,3.5,1.5,9e009b79239b8436
580,5,1,0.19067263850239255,0.33102370983659923,0.6251007893095238,0.9214658134671988,0.7547373707724783,0.7064950548992561,1.5,2.5,1.0,9e009b79239b8436
581,0,1,0.17816286493797612,0.3179562428839209,0.6110277218809316,0.9170413461167083,1.1699413947976394,0.9794349761674785,2.5,3.5,1.0,47bf37af5d028f35
581,1,3,0.14938148951883545,0.28682851226069783,0.5754144160113908,0.9050940858540718,0.823191237506056,0.9944035506927128,2.5,3.5,1.0,47bf37af5d028f35
581,2,5,0.11285384578640589,0.24451810555631914,0.521673369714194,0.8847216876763008,1.0130868466034049,1.0985431745388845,2.5,3.5,1.5,47bf37af5d028f35
581,3,4,0.15587459913985613,0.29399540730551726,0.5838884787846935,0.9080398278131021,1.14318012919134,1.0992182205994057,2.0,3.0,1.0,47bf37af5d028f35
581,4,2,0.13759643422910314,0.27357351659121115,0.5592817025282611,0.899295696728465,1.0641739184063472,0.9661379194136541,2.5,3.5,1.0,47bf37af5d028f35
581,5,0,0.12989041755181846,0.26471657240864516,0.5481547716910093,0.8951437485908021,1.2809847364597735,1.3633922938778023,1.5,2.0,0.5,47bf37af5d028f35
582,0,5,0.16365501957243708,0.30246706263707107,0.5936890512376296,0.9113646975948168,1.1102803906682357,1.2509366569263953,2.0,3.0,1.0,2a66603863070517
582,1,0,0.15076339704701747,0.28836153878680465,0.5772414267460803,0.905734871432078,1.0071151935382834,0.693717692291739,1.5,3.0,1.0,2a66603863070517
582,2,2,0.1826288983181881,0.322650307308533,0.6161398612068718,0.9186669866933724,1.1254723853315762,1.0709766850640527,2.0,3.0,1.0,2a66603863070517
582,3,4,0.15851047646467026,0.29687920556997094,0.5872505798603298,0.9091901833426638,0.917708750782456,0.8888032232418477,2.0,3.0,1.0,2a66603863070517
582,4,3,0.1129401341376763,0.24462278870469828,0.5218147525589224,0.8847794624755618,0.9170809369133279,1.242059237129637,2.0,3.0,1.0,2a66603863070517
582,5,1,0.12070460985532733,0.25393926210985357,0.5342220092276952,0.8897586667129276,0.8830699833724608,1.057722682381118,1.5,2.5,1.0,2a66603863070517
583,0,2,0.18562241143678418,0.3257784172291058,0.6195109388371861,0.9197273940778599,0.8052575690228295,0.8647715444992194,2.5,3.5,1.5,a24ef036bc259bf8
583,1,3,0.14065557051970556,0.2770465621735992,0.5635679119655309,0.9008612649297413,1.1091571115180212,0.8836067058497545,2.5,3.5,1.5,a24ef036bc259bf8
583,2,4,0.18763902592290627,0.3278776742829232,0.6217574796798219,0.9204290251144956,0.8486694286558473,1.3382618410467184,1.5,2.5,0.5,a24ef036bc259bf8
583,3,5,0.16436416506574184,0.30323322715457945,0.5945641110592753,0.9116573950303665,0.8780628237562935,0.9566764509637411,1.5,2.5,0.5,a24ef036bc259bf8
583,4,1,0.2069293221401721,0.3476533049703176,0.6423190759725994,0.9266694648090127,1.1349207856298436,0.9515341508935369,1.5,2.5,0.5,a24ef036bc259bf8
583,5,0,0.1724861182667244,0.31194070281992725,0.6043808140162095,0.9148953769946842,1.0693485090109203,0.7336988740548984,2.5,3.5,1.0,a24ef036bc259bf8
584,0,4,0.21900556431323986,0.35977628331337314,0.6544095616501866,0.930192817904203,1.0303294713479314,1.1254831972731645,2.0,3.0,1.0,d1f6174c598aa382
584,1,3,0.13324772084735487,0.26859491991446627,0.5530622440224098,0.8969907892647313,1.0251968538190128,1.2103270602784773,2.5,3.5,1.5,d1f6174c598aa382
584,2,2,0.14937404668979137,0.286820243956153,0.5754045406904029,0.9050906137076643,1.0014803159830612,0.8412686047156395,2.0,3.0,1.0,d1f6174c598aa382
584,3,5,0.13753283101088604,0.2735010561214496,0.5591918206042058,0.8992626685165482,0.9205213929621536,0.7133029568619544,2.0,3.0,1.0,d1f6174c598aa382
584,4,1,0.20000536566418156,0.34061622688151266,0.6351245325661883,0.9245223718414991,1.190869743352288,0.9539770934712232,2.0,3.0,1.0,d1f6174c598aa382
584,5,0,0.09860187211441347,0.22684323034784462,0.4971479372323955,0.8743266090668632,0.966980444190902,0.9855720280044828,2.0,3.5,1.0,d1f6174c598aa382
585,0,4,0.1362028045741815,0.2719834247009485,0.5573049962849065,0.8985674361182712,0.8333400050708402,1.3477550912332008,2.5,3.5,1.0,1e06d6cf3e27f08b
585,1,1,0.1326207569607618,0.267872998644101,0.5521529394838981,0.8966504577550812,0.9547958460627456,0.9509209658454947,2.5,3.5,1.0,1e06d6cf3e27f08b
585,2,3,0.11264141160606797,0.24426027355000476,0.5213249577937474,0.8845792108388659,1.03310737154227,0.9580850906514963,2.0,3.0,1.0,1e06d6cf3e27f08b
585,3,2,0.1564063531641407,0.2945783379350774,0.5845702756669597,0.9082739406197874,1.0219990674294746,1.3099834764429223,2.0,3.0,1.0,1e06d6cf3e27f08b
585,4,0,0.11955870353834913,0.2525767640064519,0.5324288910931706,0.8890500049962309,1.2290656926265577,1.0163799810336873,1.5,2.5,1.0,1e06d6cf3e27f08b
585,5,5,0.13758958580233713,0.27356571496493415,0.5592720260798761,0.8992921413926073,0.906205688262071,0.5852185477154678,2.0,3.0,1.0,1e06d6cf3e27f08b
586,0,0,0.0929699363289418,0.2196252513014824,0.486743791204008,0.869680718693856,1.1332592694533423,0.9524800327012168,2.0,3.0,1.0,76696fbd3d6d9522
586,1,4,0.11509857373559572,0.2472329453279228,0.5253256742822785,0.8862065848543826,0.9985130663927948,1.1678344042185766,1.5,2.0,0.5,76696fbd3d6d9522
586,2,3,0.17332777304392197,0.3128361464604378,0.6053771339495377,0.9152193984961925,0.8819781843923936,1.3215545492746332,1.5,2.5,1.0,76696fbd3d6d9522
586,3,1,0.14141073014062727,0.2779003021840264,0.5646150294156916,0.9012409386811365,1.0876810499339595,1.218893866603603,2.0,3.0,1.0,76696fbd3d6d9522
586,4,2,0.09605074009773414,0.22359152243878627,0.49248965306557474,0.872264649064392,0.9896997344150327,0.6785915632776187,2.0,3.0,1.0,76696fbd3d6d9522
586,5,5,0.14465665653837917,0.2815541776971163,0.569067817912469,0.9028433868182388,1.2692543772027993,0.8082245645655906,2.5,3.5,1.0,76696fbd3d6d9522
587,0,4,0.17045227100577617,0.30977163891728654,0.6019572871013813,0.914103690128319,0.867441176827998,0.9707690171364864,1.5,2.5,1.0,12d8a9da800bc022
587,1,1,0.16917122949610555,0.3084015775529492,0.6004190800758533,0.9135986096709264,0.8740150499555166,0.9381300707105062,1.5,2.5,1.0,12d8a9da800bc022
587,2,5,0.1845761798906099,0.32468677782880323,0.6183377177443681,0.9193593798398051,0.8032056224010288,1.06715045814679,2.5,3.5,1.0,12d8a9da800bc022
587,3,0,0.16278854049651692,0.3015295881339427,0.5926158119287445,0.9110047890137188,0.8702144294420546,0.8730538936372194,2.5,3.5,1.0,12d8a9da800bc022
587,4,2,0.1926980506181326,0.3331163837745566,0.6273092570970387,0.9221458828574612,1.0168748448074019,0.5831939112204506,2.5,3.5,1.5,12d8a9da800bc022
587,5,3,0.1500071063025851,0.28752307144388367,0.5762431470497139,0.9053851369400782,0.9172554137577905,1.1033545480007576,2.5,3.5,1.5,12d8a9da800bc022
588,0,3,0.1718311457902251,0.31124299812169665,0.603602822615152,0.9146417763367007,1.0754697473703778,0.9229736966881648,2.0,3.0,1.0,944f8ac2f3e8a234
588,1,5,0.1759720310968799,0.3156412815211463,0.6084826236913949,0.9162240092748551,0.8320007506135675,1.224258698781579,1.5,2.5,1.0,944f8ac2f3e8a234
588,2,0,0.09193436732106869,0.21828199200839554,0.48478170011045457,0.8687879043080724,1.0114244457338548,0.956286310697644,2.0,3.0,1.0,944f8ac2f3e8a234
588,3,4,0.14968745805259437,0.2871683077753744,0.5758200545334102,0.9052366277581215,0.9039867672793731,1.328571545662417,2.0,3.0,1.0,944f8ac2f3e8a234
588,4,1,0.12229963617391286,0.25582888392924097,0.5366969180164899,0.890730836405943,0.9829383572404089,0.8197511586041648,1.5,2.5,1.0,944f8ac2f3e8a234
588,5,2,0.12681681678115145,0.2611382235839342,0.543577479808125,0.8933979396014269,1.1032783283096887,0.6729558343687274,2.0,3.0,1.0,944f8ac2f3e8a234
589,0,5,0.17195588765668068,0.3113759377143565,0.6037511740701159,0.9146901738057429,0.8698924788829218,1.0504102265808064,1.5,2.5,1.0,e2187c81d4455346
589,1,0,0.13430849944041018,0.2698139495615082,0.554593379505645,0.8975619158449011,1.0199433156635076,1.0046155391457754,1.5,2.5,0.5,e2187c81d4455346
589,2,2,0.11326751947151445,0.2450197282300265,0.5223504475162138,0.8849981538606874,0.9478949691128602,1.3803282721643675,1.5,2.5,0.5,e2187c81d4455346
589,3,4,0.14808877783831875,0.28539055186210344,0.5736935044999321,0.9044876159357212,0.9900273702470193,1.2392691231388904,2.0,3.0,1.0,e2187c81d4455346
589,4,3,0.08311071551123388,0.20661541236621392,0.46738770734051344,0.8606310705337563,0.7614541926355124,1.0735495599190945,2.5,3.5,1.5,e2187c81d4455346
589,5,1,0.13254048070964589,0.26778048711052627,0.5520362778980058,0.8966067316210697,0.7476951120461229,0.5890481094462663,1.5,2.5,1.0,e2187c81d4455346
590,0,3,0.1925390018255603,0.33295227593602156,0.6271365111046382,0.922092824534825,0.8488510174299623,1.0802248711103544,1.5,2.5,0.5,c84b013e82542f5d
590,1,1,0.15492127303543413,0.29294884386251707,0.5826616261409121,0.9076174813381088,1.092275215711559,1.2421779178821648,1.5,3.0,1.0,c84b013e82542f5d
590,2,4,0.168824037894935,0.30802974078051226,0.6000006121964025,0.9134608518187737,1.0102546609579321,0.7310921614032232,2.5,3.5,1.0,c84b013e82542f5d
590,3,2,0.12056343372407154,0.2537716268984453,0.5340017826818579,0.8896718262176091,1.1533758155154679,0.8142539113459795,2.0,3.0,1.0,c84b013e82542f5d
590,4,0,0.1045382783830782,0.23430221080188635,0.5076590300575059,0.8788744544851904,0.7451900708606713,1.113132666863846,1.5,2.5,1.0,c84b013e82542f5d
590,5,5,0.20878902217236614,0.3495323851877046,0.6442180020946149,0.9272298048675006,1.0270570418604374,0.977335715467912,2.5,3.5,1.5,c84b013e82542f5d
591,0,3,0.15648034275777895,0.2946594015110024,0.5846649999500673,0.9083064330196965,0.7750348780812499,0.9538866610837055,2.5,3.5,1.5,f10c16734f753085
591,1,4,0.1927285891533387,0.33314788936321604,0.6273424124564193,0.9221560637650397,1.0285025427648047,1.2540475158804336,1.5,2.5,0.5,f10c16734f753085
591,2,2,0.16918750964269644,0.30841900788344057,0.6004386858456993,0.9136050601165606,0.9739950447669321,1.4228935760515977,2.0,3.0,1.0,f10c16734f753085
591,3,5,0.1432418740041299,0.2799647026703684,0.5671365037056713,0.9021507463132916,1.0053450229418532,1.0812090978189215,3.0,4.0,1.5,f10c16734f753085
591,4,1,0.1317287849307941,0.2668440894037832,0.5508536706188594,0.8961626727297743,0.8836234637335467,1.3810881045221592,2.5,3.5,1.0,f10c16734f753085
591,5,0,0.17707523691001698,0.3168080184910887,0.6097673428266426,0.9166372566154847,0.8158754617523046,0.8948774300531308,2.0,3.0,1.0,f10c16734f753085
592,0,3,0.14288230374618643,0.2795599702857611,0.5666433299842174,0.9019732904398665,1.0352211630993529,0.8785215005427751,2.0,3.0,1.0,6d05ade1a787bd6e
592,1,0,0.11974263617176087,0.2527957442263438,0.5327175687837231,0.8891643396439053,1.0890869223064876,0.8433631832610853,1.5,2.5,1.0,6d05ade1a787bd6e
592,2,2,0.1452177406082612,0.28218322699956594,0.5698297451689092,0.9031156413998039,1.1872067578667957,1.25023564223433,2.0,3.0,1.0,6d05ade1a787bd6e
592,3,1,0.15739419088318113,0.2956596816896126,0.5858320846070102,0.9087060951368571,0.9444685016117497,0.9298057025653258,2.5,3.5,1.0,6d05ade1a787bd6e
592,4,4,0.17971139378269352,0.31958759513042156,0.6128117072879781,0.9176110719799436,0.93432364434458,1.2044020999588987,3.0,4.0,1.5,6d05ade1a787bd6e
592,5,5,0.08560678238727422,0.20995764883749926,0.47243636847521603,0.8630444234108174,1.08029591820891,0.955452062100066,2.5,3.5,1.5,6d05ade1a787bd6e
593,0,1,0.11060944042263396,0.24178596336437624,0.5179676264341371,0.8831988477449058,1.1019169122657666,1.0385729380688469,2.5,3.5,1.0,ab7a4428b4366209
593,1,2,0.1277527563417975,0.26223073442256295,0.5449800565646561,0.8939352814191722,0.9577651983295459,1.0858660290404383,1.5,2.5,0.5,ab7a4428b4366209
593,2,5,0.08687031536873883,0.21163651693091107,0.47495230946193956,0.8642328876187733,0.8448188474916531,0.7654110115575117,1.5,2.5,1.0,ab7a4428b4366209
593,3,0,0.14770668672005743,0.2849648023744006,0.5731826359889948,0.9043070358917593,0.9445494225528535,1.0909746887749272,1.5,2.5,0.5,ab7a4428b4366209
593,4,4,0.13468365976514388,0.27024435846628164,0.5551326970586943,0.8977625080218486,0.995189518674842,1.1434409553320828,2.5,3.5,1.5,ab7a4428b4366209
593,5,3,0.1347960460228662,0.27037322275064496,0.5552940381258541,0.8978224584210576,1.0501740678668898,1.0354860324148498,2.0,3.5,1.0,ab7a4428b4366209
594,0,3,0.1219832328168029,0.2554546725243041,0.5362078956161135,0.8905392868888479,0.9707684382540663,0.895747663670762,2.0,3.0,1.0,15de950b8114e45c
594,1,4,0.14902610859498666,0.2864335773372387,0.574942464619602,0.9049280449975823,0.9248536092604287,1.1427166780316445,1.5,2.5,1.0,15de950b8114e45c
594,2,1,0.10278607600293826,0.23211571905442283,0.504602691665215,0.8775667734820413,1.0859371176792283,0.8742018813948351,2.0,3.0,1.0,15de950b8114e45c
594,3,2,0.1282510060615415,0.26281130292132115,0.5457235754723745,0.8942192719362991,0.9167099637140699,0.9852539235067783,2.0,3.0,1.0,15de950b8114e45c
594,4,0,0.1741035370047131,0.3136603775096882,0.6062920750586471,0.9155162173874994,1.187623798197125,0.8346668550072462,2.5,3.5,1.0,15de950b8114e45c
594,5,5,0.17751306982891293,0.3172704870973086,0.6102754546902233,0.9168003200463327,1.1287858544596914,1.1453112376532135,2.5,3.5,1.0,15de950b8114e45c
595,0,2,0.17349430866060983,0.313013176193713,0.6055738195775586,0.9152832653179369,0.9952230830741344,1.001402386932997,1.5,2.5,0.5,a9c4f168d1fcd3ac
595,1,1,0.13286625707364294,0.2681558079955675,0.5525093820150043,0.8967839685947382,0.709179673330473,0.843447524178826,2.0,3.0,1.0,a9c4f168d1fcd3ac
595,2,0,0.2027690587504009,0.3434329410516909,0.6380201530188973,0.9253911445262748,0.8392172506234225,1.031667504958604,2.0,3.0,1.0,a9c4f168d1fcd3ac
595,3,5,0.17458573423050364,0.31417216725120634,0.6068591583669157,0.9156998337090528,1.0124287069094136,1.0644888536635886,2.0,3.0,1.0,a9c4f168d1fcd3ac
595,4,3,0.17889326833743235,0.318726214577026,0.6118707131046205,0.9173108859653986,0.8880153533177828,0.9896715920142773,2.0,3.0,1.0,a9c4f168d1fcd3ac
595,5,4,0.15700956715602588,0.29523889141004034,0.5853415209536702,0.90853825547894,0.9120582898147662,0.6719895991225089,2.5,3.5,1.0,a9c4f168d1fcd3ac
596,0,3,0.16231785554070666,0.30101972197030824,0.592030938624046,0.9108082237342668,1.1328413742253676,0.9802934142068847,2.0,3.0,1.0,0e758015133d9bef
596,1,5,0.11243199537638626,0.24400594886820343,0.5209810210858173,0.8844384222410222,0.9684552605249808,0.7497553462767752,1.5,2.5,1.0,0e758015133d9bef
596,2,0,0.10879702026286522,0.2395663808697736,0.5149345605333535,0.8819400967875309,1.1322237556702504,1.0988489920912803,2.0,3.0,1.0,0e758015133d9bef
596,3,4,0.14251425288121683,0.27914536903831233,0.5661375405173503,0.9017910466720161,1.0674010757719388,0.9490763825680215,2.0,3.0,1.0,0e758015133d9bef
596,4,2,0.14740383889734057,0.2846271134066427,0.5727769959363708,0.9041634736771115,0.9451609693665955,1.1651428219763338,2.0,3.0,1.0,0e758015133d9bef
596,5,1,0.1757206034045678,0.3153750812379314,0.6081889352260755,0.916129347705186,1.0453673578787335,0.7731824714095039,3.0,4.0,1.5,0e758015133d9bef
597,0,1,0.15003922941959394,0.28755871086706003,0.5762856273771695,0.9054000385505446,1.1670210921282198,1.1636544351731795,2.5,3.5,1.0,deb6490f66a4b499
597,1,5,0.13943344406619873,0.2756619016803004,0.5618641683676385,0.9002411695869724,1.0585799463480092,1.106038294781879,2.5,3.5,1.0,deb6490f66a4b499
597,2,2,0.11798144542348765,0.2506944876699199,0.5299397690940328,0.8880602180877062,0.856527964457246,1.1473013339134448,2.5,3.5,1.0,deb6490f66a4b499
597,3,0,0.18856921374310795,0.32884384060147837,0.6227872109341793,0.9207492904481895,1.2399851667684278,0.9327173094839752,2.0,3.0,1.0,deb6490f66a4b499
597,4,3,0.1797188611789765,0.31959545217518354,0.6128202804643884,0.9176138035679929,0.7706845268288983,0.9836936180263851,1.5,2.5,0.5,deb6490f66a4b499
597,5,4,0.19022847157204958,0.33056396391626636,0.6246139587162479,0.9213153889155876,0.963700221570043,0.9000966343083875,2.0,3.0,1.0,deb6490f66a4b499
598,0,4,0.12701390356135145,0.2613684920315518,0.5438734738324846,0.8935115148650845,0.9184284435124834,0.7926871946662081,2.5,3.5,1.0,aa0ec797d8aa4331
598,1,3,0.15315858461429566,0.2910086717702092,0.5803776975528889,0.9068275342863323,0.8228257339169508,1.1074551511793207,2.0,3.0,1.0,aa0ec797d8aa4331
598,2,0,0.16020263665673057,0.29872301660888884,0.5893861023288998,0.9099155401036517,1.1528929914069979,1.1546629147399827,2.0,3.0,1.0,aa0ec797d8aa4331
598,3,5,0.1613010400604969,0.2999167733815141,0.5907629071296403,0.9103810174833429,0.7474537806643012,0.9886057635038719,2.0,3.5,1.0,aa0ec797d8aa4331
598,4,2,0.11381095579769204,0.2456777942919114,0.5232371459254478,0.8853593910017385,1.0669171059173903,0.9904556660699948,1.5,2.5,0.5,aa0ec797d8aa4331
598,5,1,0.13516614987964862,0.2707973549084906,0.5558246375388324,0.89801942711316,0.9170707691286939,1.0751819922733943,2.0,3.0,1.0,aa0ec797d8aa4331
599,0,4,0.14320377001396534,0.27992182754828143,0.567084286528013,0.9021319686127581,0.7472116763838759,1.0236658063366029,2.0,3.0,1.0,3c146a95edb8c6fb
599,1,0,0.19497139343337205,0.3354579366833493,0.6297659089195582,0.9228979404793176,1.1001673250632924,0.9993201730031831,2.5,3.5,1.0,3c146a95edb8c6fb
599,2,2,0.18808457135850626,0.32834062035466643,0.6222512142867116,0.9205826901111774,0.8967750334392913,0.7649237111866753,1.5,2.5,1.0,3c146a95edb8c6fb
599,3,1,0.10637148328137949,0.23657675895174113,0.5108169194504286,0.8802131730119785,1.0015596531848383,0.9047376040531887,2.5,3.5,1.0,3c146a95edb8c6fb
599,4,3,0.14940915353459688,0.2868592433690606,0.5754511179568944,0.9051069893859415,0.9721107922968746,1.0486001086911547,2.0,3.0,1.0,3c146a95edb8c6fb
599,5,5,0.1554945211714865,0.293578386633752,0.5834000489548945,0.9078718506260723,0.8323131494740394,0.9326027172389714,1.5,2.5,0.5,3c146a95edb8c6fb
600,0,0,0.20042486765401962,0.3410444617229717,0.6355661418143358,0.9246552736336672,1.0409429456586592,1.2043298585368927,1.5,2.0,0.5,5c67d5f750bcbb2b
600,1,2,0.12601632116494627,0.2602017879375386,0.542371698505512,0.8929342903522554,1.1881936066057817,0.6541493676240553,2.0,3.0,1.0,5c67d5f750bcbb2b
600,2,4,0.205201018859879,0.3459028710257453,0.6405417939661784,0.9261426283496764,0.7565682757501903,1.3731575369223779,1.5,2.5,1.0,5c67d5f750bcbb2b
600,3,3,0.15727382984369231,0.2955280359077766,0.5856786718155103,0.908653630597888,1.0324517009452674,0.9413670156130949,2.0,3.0,1.0,5c67d5f750bcbb2b
600,4,5,0.17181305043018083,0.31122371126036774,0.6035812953341465,0.9146347518285465,1.0673765783495361,1.1434240205604609,2.5,3.5,1.5,5c67d5f750bcbb2b
600,5,1,0.11688204690603689,0.2493776767131991,0.5281901209796324,0.887360228877514,1.1112657550262224,1.2444952293211275,2.0,3.0,1.0,5c67d5f750bcbb2b
601,0,1,0.10407355431876605,0.23372350253453547,0.5068520791453636,0.8785303483450385,1.0031884188696494,0.9159584839935881,3.0,4.0,1.5,ec2a53f0122c2b82
601,1,3,0.1609955472229661,0.29958500223488466,0.5903807200240763,0.9102519756536354,1.1291422165494445,0.864988150932991,1.5,2.0,0.5,ec2a53f0122c2b82
601,2,5,0.13832408786011863,0.27440176596122995,0.5603077566270734,0.8996721532723023,0.8404765399909545,1.068028453404725,1.5,3.0,1.0,ec2a53f0122c2b82
601,3,2,0.21188155523602153,0.3526471465651276,0.6473453683256437,0.928146930855984,1.040665593200757,0.9972286915029823,1.5,2.5,1.0,ec2a53f0122c2b82
601,4,0,0.1817329512653638,0.3217112581892663,0.6151223396280964,0.9183451156589975,0.9898686060343804,1.1850871168024006,1.5,2.5,0.5,ec2a53f0122c2b82
601,5,4,0.14532116663729314,0.28229910030012245,0.5699699466543594,0.9031656772605099,0.8456358524591695,1.007466939689143,1.5,2.0,0.5,ec2a53f0122c2b82
602,0,2,0.14851025919716462,0.285859806554802,0.5742558641651849,0.9046861085640017,1.1555371630477416,0.748534915627685,1.5,2.5,0.5,19a84dde3e1beaa5
602,1,3,0.19441161129432066,0.33488206630345674,0.6291631411076289,0.9227138448869536,1.1562868852095574,0.7846403931864621,2.0,3.0,1.0,19a84dde3e1beaa5
602,2,4,0.15101379702604145,0.28863886698751207,0.577571095423148,0.9058501602644268,1.0785042171592882,0.6887308922118105,2.5,3.5,1.5,19a84dde3e1beaa5
602,3,1,0.0796319896896789,0.20189784904531866,0.46016946809763537,0.8571129855562517,0.7916617695805488,1.1689252978430837,2.0,3.0,1.0,19a84dde3e1beaa5
602,4,0,0.16657837709198625,0.30561926387037364,0.5972774702417639,0.9125607135917763,0.8226879615273216,1.0011562076670342,2.5,3.5,1.0,19a84dde3e1beaa5
602,5,5,0.2042874487025308,0.3449759802431045,0.6395974014078062,0.9258617375928473,0.876974394245407,0.6834764577247385,2.5,3.5,1.5,19a84dde3e1beaa5
603,0,1,0.133619675403938,0.26902270763199265,0.553600172653693,0.8971917183073396,0.8555461217076067,1.015202900090234,2.0,3.0,1.0,c7a1acf69aac393f
603,1,2,0.15791263199106925,0.2962263887204303,0.5864918518392356,0.9089314802544799,0.9455045974802241,0.6981008313829201,1.5,2.5,1.0,c7a1acf69aac393f
603,2,0,0.14112515680597526,0.2775776145300076,0.5642195514315446,0.9010976705592691,1.0323752967533175,0.9836082601355942,2.0,3.0,1.0,c7a1acf69aac393f
603,3,5,0.1143336865643317,0.2463098216500172,0.524087115047287,0.8857047929115606,0.9013338230528329,1.1382007900761024,2.5,3.5,1.5,c7a1acf69aac393f
603,4,4,0.1327053672945936,0.2679704858836635,0.5522758418261087,0.8966965076263934,1.0056192102475634,1.1442092366671621,2.0,3.0,1.0,c7a1acf69aac393f
603,5,3,0.16328360822452137,0.3020653987157864,0.5932295587327909,0.9112107323556446,1.0902755390368768,0.8183368835410583,2.0,3.0,1.0,c7a1acf69aac393f
604,0,3,0.14264327271722133,0.2792907443507403,0.5663149580484456,0.9018550016311097,1.029850676348076,0.9461291570684285,1.5,2.5,0.5,9da236ddd23e5185
604,1,1,0.14731422876618944,0.28452715373722054,0.5726568476160933,0.9041209210675462,1.1557683614191396,1.0034281026517964,1.5,3.0,1.0,9da236ddd23e5185
604,2,4,0.1455857854944333,0.2825954516137149,0.5703283086405898,0.9032934847769202,1.0925552869298516,1.0398756422444217,2.0,3.0,1.0,9da236ddd23e5185
604,3,0,0.13103745457819554,0.26604512266332164,0.5498420844302144,0.8957816659273011,1.2117918149875526,1.1386324637484004,2.5,3.5,1.0,9da236ddd23e5185
604,4,2,0.11092073184519854,0.2421659798268437,0.5184848874727831,0.8834124019254259,0.9400979469217644,1.0476901472746711,2.0,3.0,1.0,9da236ddd23e5185
604,5,5,0.2079476324610738,0.3486827923801487,0.6433605831956849,0.9269771211906818,1.1946615648946772,0.7615296051026732,1.5,2.0,0.5,9da236ddd23e5185
605,0,3,0.11311877833479195,0.24483943299148067,0.522107206755923,0.8848988958071251,0.9623744757801661,1.1674734511705374,2.0,3.0,1.0,60ef5e1363e3a1b7
605,1,0,0.16790252768749678,0.307041736227165,0.5988866305165588,0.913093398712521,1.199442919890216,0.7604381011904735,2.5,3.5,1.5,60ef5e1363e3a1b7
605,2,2,0.17452041897079648,0.31410286744542787,0.6067824175953395,0.9156750015318029,0.787969484010544,1.0791750458716893,1.5,2.5,1.0,60ef5e1363e3a1b7
605,3,1,0.12524224425297478,0.25929446133672646,0.5412002371153706,0.8924823229123827,0.934808142822553,1.1360113518816435,2.0,3.0,1.0,60ef5e1363e3a1b7
605,4,5,0.17921261765398255,0.31906258173538876,0.6122384295335099,0.9174282774226775,0.8517613374863507,1.0721407381260533,1.5,2.5,1.0,60ef5e1363e3a1b7
605,5,4,0.10151350694247724,0.23051992244410546,0.502359113401012,0.8765992229143367,1.181997941512535,0.9885319035273785,2.0,3.0,1.0,60ef5e1363e3a1b7
606,0,5,0.19802971593667829,0.3385961122743281,0.6330346209821743,0.9238914218113979,1.058257923760472,0.7053106876332952,2.0,3.0,1.0,24da0eeae02ead49
606,1,3,0.14022902296189219,0.27656370928294666,0.5629745567573685,0.9006456361925085,1.0387149763772168,0.8190234486758459,2.0,3.0,1.0,24da0eeae02ead49
606,2,4,0.17396701142238397,0.31351539918142574,0.606131289884822,0.9154641075389566,1.0612535153970917,0.8710264952251047,2.0,3.0,1.0,24da0eeae02ead49
606,3,1,0.1309873199366553,0.26598713098161575,0.5497685686594109,0.895753934733341,1.0038575304728263,1.063018240829979,2.0,3.5,1.0,24da0eeae02ead49
606,4,0,0.12788987244366717,0.26239057550205963,0.5451848867004246,0.8940135765349657,1.1658087026660289,0.7855774701514977,1.5,2.5,1.0,24da0eeae02ead49
606,5,2,0.13582835365949586,0.2715553281134753,0.5567712638409463,0.8983701144087316,0.8467652891497517,1.1859879849756385,1.5,2.5,1.0,24da0eeae02ead49
607,0,1,0.18418779495555215,0.3242810917085362,0.6179008386154237,0.919222058647157,1.0506255004680165,0.987302773686569,2.0,3.0,1.0,cdd36ba4012f2e80
607,1,4,0.1854475598918716,0.32559609806617457,0.6193152327142261,0.9196660817215121,0.9359860633106316,1.0001473281646496,1.5,2.5,0.5,cdd36ba4012f2e80
607,2,0,0.14903102250150002,0.28643904010289406,0.5749489962709515,0.9049303443923074,0.9203441568619849,1.1761265569785717,2.5,3.5,1.5,cdd36ba4012f2e80
607,3,5,0.10509392084397723,0.23499301410623996,0.508620425003541,0.8792833446404185,1.1080760864181913,1.2746218301495287,1.5,3.0,1.0,cdd36ba4012f2e80
607,4,3,0.09251183871907123,0.21903167918279043,0.4858777778268181,0.8692873177729721,0.9285091927373871,0.7440760489434604,1.5,2.5,1.0,cdd36ba4012f2e80
607,5,2,0.09939343258225944,0.22784635743693246,0.4985755733912257,0.8749527530926006,1.1521110158969752,1.398886673511021,1.5,2.5,0.5,cdd36ba4012f2e80
608,0,2,0.1500422977558571,0.28756211495340733,0.5762896846467008,0.9054014617047766,1.2822798275735035,0.9927298496270878,2.0,3.0,1.0,5310e6b97d497388
608,1,0,0.18216906740129432,0.3221685187313337,0.6156181323243429,0.9185020537326465,0.8421610488729891,0.9904277854824999,2.0,3.0,1.0,5310e6b97d497388
608,2,3,0.14720421467984662,0.28440440831995467,0.5725092650438253,0.904068633184185,0.7137955891180408,0.9442341465385928,1.5,2.5,1.0,5310e6b97d497388
608,3,4,0.19583238450705379,0.33634277818272923,0.630690295122182,0.9231797224070472,1.0168848439475275,0.8431385330089042,1.5,2.0,0.5,5310e6b97d497388
608,4,5,0.15417795515081156,0.2921314920601572,0.5817009700988652,0.9072858055835206,1.1223085815473377,0.7414195634069511,2.0,3.0,1.0,5310e6b97d497388
608,5,1,0.12177617032987777,0.255209610831473,0.5358873542222455,0.8904135862998688,0.7796211472236096,0.8325091737462484,1.5,3.0,1.0,5310e6b97d497388
609,0,4,0.13860672247951705,0.2747231104939233,0.5607051886730348,0.8998176842740279,0.887380745000943,1.2379000175973711,2.0,3.0,1.0,632c5500f127a886
609,1,3,0.12017549525549925,0.2533106565300996,0.5333956307407192,0.8894325237225192,1.209598350868806,0.9849562213515264,1.5,2.5,1.0,632c5500f127a886
609,2,5,0.18582515810045283,0.32598976219969117,0.6197376826184483,0.919798391946806,1.1055529858561242,0.863990527288341,2.0,3.0,1.0,632c5500f127a886
609,3,0,0.19809858510295295,0.3386666246453224,0.6331077565946811,0.9239135574025243,1.0152173115144294,1.1335028109332437,2.5,3.5,1.5,632c5500f127a886
609,4,1,0.1411754124054752,0.2776344160932729,0.5642891924744896,0.9011229103845619,1.0961607126584387,1.0189843476691738,2.5,3.5,1.0,632c5500f127a886
609,5,2,0.16973096160877715,0.3090005749991175,0.601092300986597,0.9138199155946843,0.9957271755254673,1.1528598056582249,2.0,3.0,1.0,632c5500f127a886
610,0,5,0.19037403542480572,0.33071466641965336,0.6247736049646184,0.9213647380243888,0.8862881312034718,0.9831710089173775,2.0,3.0,1.0,977e1f12dc3e689e
610,1,4,0.09693088775949522,0.22471664133142058,0.4941067595159081,0.8729837505380857,0.9420469846589274,1.1491214491411397,2.0,3.5,1.0,977e1f12dc3e689e
610,2,1,0.16203256661305945,0.30071047274678775,0.5916757932408595,0.9106887176788856,0.8452261428318496,0.9632906276018469,2.0,3.0,1.0,977e1f12dc3e689e
610,3,2,0.15572876888080656,0.2938354386008785,0.5837011848800306,0.9079754409590566,1.0387214614739888,1.257252098670059,2.0,3.0,1.0,977e1f12dc3e689e
610,4,0,0.1658555958671666,0.30484142098237277,0.5963948780616438,0.9122675911328632,0.8073822742095133,1.078620433166606,2.5,3.5,1.5,977e1f12dc3e689e
610,5,3,0.17569525531087724,0.3153482377515723,0.6081593080769245,0.9161197943022169,1.1155417984591545,1.1157687827670468,2.0,3.0,1.0,977e1f12dc3e689e
611,0,0,0.16367754526218964,0.3024914144884513,0.5937168927064412,0.9113740206356734,1.0065053028107485,0.8633918512997987,2.5,3.5,1.5,815ff2597288487c
611,1,1,0.1801820110336089,0.3200825874350708,0.6133514611976999,0.917782931266318,1.0768408823895437,0.8670727691082349,2.0,3.0,1.0,815ff2597288487c
611,2,4,0.17033741507961314,0.30964892395308646,0.6018197463918123,0.914058610149804,1.0169904815626738,1.0619599849614083,2.0,3.0,1.0,815ff2597288487c
611,3,3,0.17207166052544853,0.3114992939255105,0.6038887830300479,0.9147350500123262,1.0367021793247373,1.1120295737053532,1.5,2.5,1.0,815ff2597288487c
611,4,5,0.1413632134249798,0.27784662388626247,0.5645492679128443,0.9012171262993245,0.9586709956308718,0.7845347481225539,1.5,2.5,1.0,815ff2597288487c
611,5,2,0.19570909623699956,0.33621614096437086,0.6305581306185905,0.9231394746045433,1.038998824793591,0.6051130315037159,1.5,2.5,0.5,815ff2597288487c
612,0,0,0.1698329244932282,0.30910962874785,0.6012147491919286,0.9138601258678074,0.9155703958063034,0.8552610349806709,1.5,2.5,1.0,0b47323e33b58ec7
612,1,5,0.14548156396931358,0.2824787516929827,0.570187225579344,0.9032431832606457,0.9733066057559339,0.8453886059307383,2.0,3.0,1.0,0b47323e33b58ec7
612,2,1,0.14002565610135648,0.2763333383878588,0.5626911756707375,0.900542529890758,0.98163709080812,1.2384359528714945,2.5,3.5,1.5,0b47323e33b58ec7
612,3,3,0.15852326562894997,0.29689316271496013,0.5872667863278423,0.9091957035657035,1.056118083315944,1.0010672683690298,2.0,3.0,1.0,0b47323e33b58ec7
612,4,4,0.15475630234617976,0.29276754366381286,0.5824487286537364,0.9075440499012047,0.941568891631803,1.098618590518154,1.5,2.5,0.5,0b47323e33b58ec7
612,5,2,0.15419539883825317,0.29215068661576177,0.58172355520136,0.9072936130951818,1.1170451314788057,0.6292850388915769,3.0,4.0,1.5,0b47323e33b58ec7
613,0,2,0.17258280159427278,0.3120436290950228,0.6044954591053083,0.9149327043630233,0.977424754119167,1.0055403247583863,3.0,4.0,1.5,ed4836213833950e
613,1,4,0.1647904253280914,0.3036932939964202,0.5950886795228396,0.9118325343202863,0.9166297415346032,0.6295499695754032,2.0,3.0,1.0,ed4836213833950e
613,2,0,0.18200698002559965,0.32199860915105943,0.615433976059812,0.9184437842207824,0.9138467239667242,1.03863955670897,2.0,3.0,1.0,ed4836213833950e
613,3,1,0.11821277467958238,0.25097105793667274,0.5303063782269393,0.8882064429749988,1.014520483544768,0.7697672005933945,1.5,2.5,0.5,ed4836213833950e
613,4,3,0.12445226222086761,0.25836665271055215,0.5399991000304166,0.8920173479920287,1.1084733262781752,0.951183535576503,2.0,3.0,1.0,ed4836213833950e
613,5,5,0.1810409478971708,0.32098506345581973,0.6143336961730417,0.9180950676016797,1.0007542177636126,0.9016139824007137,2.0,3.0,1.0,ed4836213833950e
614,0,1,0.180550613868385,0.3204700243258258,0.6137734314662932,0.9179171221008438,0.9914973931610669,1.435777585301914,1.5,2.5,1.0,3e124a4e951c29b5
614,1,2,0.1600410413975179,0.2985471892309963,0.5891829285179235,0.9098467062579563,0.8966974491291766,0.7601069666963649,1.5,2.5,0.5,3e124a4e951c29b5
614,2,3,0.09943513659994672,0.2278991331272868,0.49865056096871296,0.874985567347647,0.8614865349482544,1.286568853270555,2.5,3.5,1.0,3e124a4e951c29b5
614,3,0,0.17152882262009345,0.31092069107547937,0.6032429266808613,0.9145242879983663,1.2080877886618069,0.6201991804800169,1.5,2.5,1.0,3e124a4e951c29b5
614,4,5,0.14123423508858385,0.2777008927417179,0.5643706812083341,0.9011524380240572,1.0375495417985483,1.0534544632647265,3.0,4.0,1.5,3e124a4e951c29b5
614,5,4,0.15714364953489496,0.295385616479288,0.5855126406004192,0.9085968266281913,1.0829635978067609,0.8102221999278529,2.5,3.5,1.0,3e124a4e951c29b5
615,0,5,0.1616856065695067,0.30033415647370265,0.5912432171150601,0.9105430047675502,0.8394326085241379,0.7321503727579691,1.5,2.5,0.5,5b8a3eacc06341da
615,1,3,0.1790581353236313,0.3188998885708066,0.6120606151290425,0.9173715250085949,0.9119291049032111,0.8196728442702239,1.5,2.5,1.0,5b8a3eacc06341da
615,2,1,0.14395527782798428,0.2807667916577972,0.5681121852607361,0.9025011174267649,1.1278239641290029,1.0126339164677458,2.5,3.5,1.0,5b8a3eacc06341da
615,3,2,0.17594471506088744,0.3156123658285207,0.6084507323898269,0.9162137335574001,1.1050323975279823,0.7240797222407535,3.0,4.0,1.5,5b8a3eacc06341da
615,4,0,0.21297829943353397,0.3537488204684299,0.6484454883248885,0.9284678748107782,0.9471539666491183,0.8630898851392195,2.0,3.0,1.0,5b8a3eacc06341da
615,5,4,0.12813820051464478,0.2626799225735358,0.5455554304784657,0.8941551001291512,0.994845749992556,1.1543438069555922,2.0,3.0,1.0,5b8a3eacc06341da
616,0,0,0.16204326046233175,0.30072206762405357,0.591689114416038,0.9106932022638117,1.107636530738985,0.9664002378166087,2.0,3.5,1.0,1936f93200efa9c7
616,1,3,0.12712850062765557,0.26150233073851575,0.5440454225055579,0.893577449436551,0.9767024781197,0.9373613766801792,1.5,2.5,0.5,1936f93200efa9c7
616,2,5,0.20032885021618518,0.34094646724237854,0.635465130562875,0.9246248873388726,1.0484287500722747,0.7913857824215252,1.5,2.5,0.5,1936f93200efa9c7
616,3,4,0.08956461837326389,0.21518839495571318,0.48023143555257636,0.866696511054792,0.9555012177238109,1.2634172123080631,2.0,3.0,1.0,1936f93200efa9c7
616,4,1,0.15264923534071206,0.2904467925800966,0.579713942641498,0.9065970521180606,0.8050955382401549,0.5818143831427731,3.0,4.0,1.5,1936f93200efa9c7
616,5,2,0.10467067588022869,0.23446692486179313,0.5078884472719832,0.8789721337863954,0.965047495563984,1.1188117572319163,1.5,2.0,0.5,1936f93200efa9c7
617,0,5,0.15381983173827016,0.29173727903270835,0.581236854191975,0.9071252594163126,0.8456698131882641,1.083847908147866,2.5,3.5,1.5,878392f941c73f4e
617,1,3,0.1328480040772131,0.26813478667273716,0.5524828975610518,0.8967740530074778,0.9812957284656694,0.5572199473024078,1.5,2.5,1.0,878392f941c73f4e
617,2,1,0.1617156323109652,0.3003667320950524,0.591280680659809,0.910555630919069,0.8603873774140467,0.6892631590596092,2.5,3.5,1.5,878392f941c73f4e
617,3,0,0.13667113636097075,0.27251833820627935,0.557970978750789,0.898813242655785,0.9366757947399845,1.088347203508915,2.0,3.0,1.0,878392f941c73f4e
617,4,4,0.15625230813265156,0.2944095283173941,0.5843729497157915,0.9082062273564111,1.1440903454759626,1.1945764652505133,2.0,3.0,1.0,878392f941c73f4e
617,5,2,0.19127318368469226,0.33164484303932784,0.6257575715638706,0.9216684576985515,0.8994680276546811,0.8817710530914711,1.5,2.5,0.5,878392f941c73f4e
618,0,0,0.15471833230605306,0.2927258070073433,0.5823997027718427,0.9075271342413197,1.0851607461970096,0.9352047616585031,2.5,3.5,1.5,60c38cc3cc309756
618,1,5,0.16844946764040256,0.3076283322359843,0.5995483852703319,0.9133118112349887,0.8177156110814694,0.9499315560046055,1.5,2.5,1.0,60c38cc3cc309756
618,2,1,0.12074438262193163,0.25398647768351257,0.5342840177862982,0.8897831082831802,1.2443533093458718,0.6569794338762218,2.0,3.0,1.0,60c38cc3cc309756
618,3,2,0.16036548877252366,0.298900158462909,0.589590694834235,0.9099848171687677,1.0917074624552305,1.1081975222711182,2.5,3.5,1.5,60c38cc3cc309756
618,4,3,0.16807510092561173,0.3072268819891128,0.59909561342123,0.9131624144729644,0.9462643980728457,1.1538133482281592,1.5,3.0,1.0,60c38cc3cc309756
618,5,4,0.18683252570730202,0.32703888925824615,0.6208613560582312,0.9201496317528084,1.1296097734666075,0.9524426786835545,1.5,2.5,0.5,60c38cc3cc309756
619,0,5,0.13964141998997912,0.27589780004865433,0.5621549052623969,0.9003471917679885,1.0491758040502004,1.0004555510287176,2.5,3.5,1.0,0588f9a8243dead1
619,1,4,0.16604684806605602,0.3050473391238891,0.596628710252737,0.9123453165001474,1.0161684309830834,1.3246106952493777,2.0,3.0,1.0,0588f9a8243dead1
619,2,2,0.13300881500266165,0.2683199558206992,0.5527161339605495,0.8968613498898033,0.9243989073919612,0.7950283740990076,1.5,2.0,0.5,0588f9a8243dead1
619,3,3,0.11228857881190382,0.24383168786209458,0.520745207025521,0.8843418115217246,1.0367972623625055,1.2273239157156814,1.5,2.5,1.0,0588f9a8243dead1
619,4,1,0.16034782751497484,0.298880950061199,0.5895685146776926,0.9099773085603436,0.7613536152116217,1.4213600773971231,1.5,2.5,1.0,0588f9a8243dead1
619,5,0,0.13044172112137534,0.2653555752607404,0.5489671453928847,0.8954512563509839,1.198139939528313,1.1558312901029446,1.5,2.5,1.0,0588f9a8243dead1
620,0,3,0.17539089272791109,0.31502583254048083,0.60780330090799,0.916004941007623,1.0118653979727397,0.6993191493630291,1.5,2.5,0.5,3a170b3d7ac940ab
620,1,5,0.0941899481518313,0.22120119827555168,0.4890353201939776,0.8707166630991017,0.7741236996578419,1.3060717672720465,2.0,3.0,1.0,3a170b3d7ac940ab
620,2,2,0.21334981919291227,0.3541216635917072,0.6488170982073179,0.9285760906714474,1.013713022056924,1.0184579184863236,2.0,3.5,1.0,3a170b3d7ac940ab
620,3,1,0.18046351163627244,0.3203784918831929,0.6136737802064203,0.9178854450940139,0.9363408445311326,1.2489459093414146,1.5,2.5,0.5,3a170b3d7ac940ab
620,4,0,0.13858407088899993,0.2746973639858011,0.5606733594527711,0.8998060349701863,1.1341690186229416,1.2574980642630993,1.5,2.5,0.5,3a170b3d7ac940ab
620,5,4,0.13436765640474388,0.26988184321959224,0.5546784972307143,0.897593594242215,0.880673161879789,1.1596343239566165,2.0,3.0,1.0,3a170b3d7ac940ab
621,0,0,0.17595833068278688,0.3156267789571231,0.608466629033703,0.916218855731411,0.872170667260439,1.269471448718596,1.5,2.5,0.5,aed21f71df05305b
621,1,3,0.12940374818790204,0.264151776261151,0.5474354783283304,0.89487088969265,0.8328328536877819,1.108948044338139,1.5,2.5,1.0,aed21f71df05305b
621,2,5,0.15610899721810842,0.294252437084217,0.5841892381366626,0.9081431538891331,1.087336260978857,1.09928839508704,2.5,3.5,1.0,aed21f71df05305b
621,3,1,0.17391196166389175,0.3134569318352318,0.6060664299640596,0.9154430805448864,0.8511564109254752,0.9605543204099452,2.0,3.0,1.0,aed21f71df05305b
621,4,2,0.11066050070663369,0.24184832047213584,0.5180525446939235,0.8832339289043651,0.9949229911072599,1.0458153941077926,3.0,4.0,1.5,aed21f71df05305b
621,5,4,0.17955990441365027,0.319428180936105,0.6126377240175145,0.9175556243750278,1.1493972191298063,0.9777647893458657,2.5,3.5,1.0,aed21f71df05305b
622,0,3,0.15060677060236444,0.2881879980439266,0.5770350024883362,0.9056626304464691,1.0716374719372472,1.0861083062163928,2.5,3.5,1.5,e8aac6d50efdf37c
622,1,5,0.16324649015827714,0.3020252425138332,0.5931835931072047,0.911195320085502,1.0497090500456066,1.3634011259440313,2.0,3.5,1.0,e8aac6d50efdf37c
622,2,0,0.13187438576188282,0.26701219177095126,0.5510662093255292,0.8962425872092379,0.9616173463554083,1.023813372729104,2.0,3.5,1.0,e8aac6d50efdf37c
622,3,4,0.11006003476335405,0.2411144051570736,0.517052082516807,0.8828200669014821,1.2482782675763504,0.9108553089903078,2.0,3.0,1.0,e8aac6d50efdf37c
622,4,2,0.11667100163480817,0.24912443853009358,0.5278528559706265,0.8872248917803484,1.0909365059244824,0.5183230718072138,2.0,3.0,1.0,e8aac6d50efdf37c
622,5,1,0.14793386232443367,0.28521797561730067,0.5734864996520881,0.9044144746555158,1.0870730161270976,1.3538488423022357,2.0,3.0,1.0,e8aac6d50efdf37c
623,0,0,0.18005546171583084,0.31994951991579323,0.6132064313107098,0.9177367767123041,1.0713176763991321,0.842012459343028,1.5,2.5,1.0,ebde0623ed202ffb
623,1,4,0.13116116859328258,0.2661881952114925,0.5500234038080477,0.8958500378200501,1.1465347233141467,0.855755346799263,2.0,3.0,1.0,ebde0623ed202ffb
623,2,2,0.1851196841127189,0.32525408837499403,0.6189478530322069,0.9195509035182562,1.0734582406159339,1.062242317117518,2.0,3.0,1.0,ebde0623ed202ffb
623,3,3,0.13198525353022716,0.26714015434928023,0.5512279281467372,0.8963033616845036,0.8303709922514738,1.1571626339544303,2.0,3.0,1.0,ebde0623ed202ffb
623,4,5,0.15389729088649468,0.29182256734142775,0.5813373095012077,0.9071600256594649,0.9868029121177166,0.7693499622643204,2.0,3.0,1.0,ebde0623ed202ffb
623,5,1,0.11332999580307718,0.2450954353118155,0.5224525466142529,0.8850397960247962,0.8788483277202219,0.9698082740061786,2.5,3.5,1.0,ebde0623ed202ffb
624,0,4,0.10650784386615766,0.23674542602488216,0.5110502213865336,0.8803115806506222,0.7907516850908299,0.6881417826066041,2.5,3.5,1.0,85e46ab853240d68
624,1,5,0.21671179210103325,0.3574877344427586,0.6521559428270042,0.9295439783217385,1.2082897630855152,1.3668511597811885,2.5,3.5,1.0,85e46ab853240d68
624,2,3,0.18103667363258555,0.32098057555244913,0.6143288175416931,0.9180935192044121,1.113607896134494,1.2314840817256987,2.5,3.5,1.0,85e46ab853240d68
624,3,0,0.19899827210427676,0.3395871578315933,0.6340612935378643,0.9242017891635982,1.0231491341346266,1.2432000167404014,2.0,3.0,1.0,85e46ab853240d68
624,4,2,0.1554669199818528,0.29354809082941863,0.583364543221099,0.9078596312142613,0.8729707471318442,1.2397800510165475,2.5,3.5,1.5,85e46ab853240d68
624,5,1,0.12162969215524688,0.25503617105603854,0.5356603542703026,0.8903244985689583,0.7957851505950592,1.1022737926111292,1.5,2.5,1.0,85e46ab853240d68
625,0,2,0.17841379970938848,0.3182208731685808,0.6113176459192681,0.9171341130471864,1.060956709007414,0.8811092481007802,1.5,2.5,0.5,e2f91131030341fd
625,1,4,0.14856054191520485,0.28591576169036426,0.574322871626538,0.9047097396589326,1.0577677966782177,0.8605669112738903,1.5,2.5,0.5,e2f91131030341fd
625,2,3,0.17899643822532804,0.31883490103326667,0.6119895656062596,0.917348841118785,1.1174939765476752,0.9499781991222516,1.5,2.5,1.0,e2f91131030341fd
625,3,5,0.13646978562700726,0.27228843167436445,0.5576848643541108,0.8987076965512273,1.0251171964768169,0.9219658578473028,1.5,2.5,0.5,e2f91131030341fd
625,4,0,0.14163810583874648,0.2781570855073954,0.5649294762258582,0.9013547412920121,0.9982909879586295,1.3729718293524003,2.5,3.5,1.5,e2f91131030341fd
625,5,1,0.1595437081409631,0.29800572443927226,0.5885566263833043,0.9096342861742467,0.9181735453096302,0.8662736443019483,2.0,3.0,1.0,e2f91131030341fd
626,0,2,0.1721903309896796,0.31162571261566696,0.6040297602977105,0.9147810080305283,1.0007681855127242,0.9322382863267222,2.5,3.5,1.5,d5aad9b7f52d0cc3
626,1,5,0.07915324047968206,0.2012429522679761,0.4591587872493397,0.8566139039393671,1.1429149826326366,1.2757537651495399,2.0,3.0,1.0,d5aad9b7f52d0cc3
626,2,4,0.1654838440792647,0.30444096288846606,0.5959397546994692,0.9121161721543195,1.0408122845243337,0.6768029267323595,2.5,3.5,1.5,d5aad9b7f52d0cc3
626,3,1,0.17937853594636677,0.3192372741048596,0.6124292714843848,0.9174891589344427,1.0632643370203145,0.7987776267159206,2.0,3.0,1.0,d5aad9b7f52d0cc3
626,4,0,0.17859558594604857,0.3184125144631586,0.6115274751871324,0.9172012088986248,1.0600445967008394,0.8901237122931632,2.0,3.0,1.0,d5aad9b7f52d0cc3
626,5,3,0.18672909024613885,0.32693123953785275,0.6207462021609658,0.9201136829087888,0.9559952783696745,1.170615429584802,2.0,3.0,1.0,d5aad9b7f52d0cc3
627,0,1,0.1769817912557637,0.31670927249131553,0.609658768684192,0.9166023852500109,0.8420365188894308,1.0613597892509383,2.0,3.0,1.0,cfec810b7350e577
627,1,4,0.1648341992426891,0.30374051983096995,0.5951424888061042,0.9118504861335907,0.7899922006803888,1.0550709171413097,2.5,3.5,1.5,cfec810b7350e577
627,2,0,0.1457364861983907,0.2827641506725361,0.5705321728874019,0.9033661361331943,1.0760555107214735,1.2233747716369683,1.5,2.5,0.5,cfec810b7350e577
627,3,5,0.18653779880882804,0.3267321100718544,0.620533104260199,0.9200471300443094,0.8300360808009806,1.3749600923965193,2.5,3.5,1.0,cfec810b7350e577
627,4,3,0.14242555778625982,0.27904540693057267,0.5660155030365547,0.9017470369485175,0.9559386809345891,1.0472094204754243,2.0,3.0,1.0,cfec810b7350e577
627,5,2,0.14559241349269175,0.2826028723186592,0.5703372782383296,0.9032966821301321,0.9935648946450542,0.7247815163298228,2.5,3.5,1.5,cfec810b7350e577
628,0,2,0.16477642315207616,0.3036781868613465,0.5950714649210525,0.9118267906613614,0.896253252978654,0.9690882595524843,1.5,2.0,0.5,361657faf21b5108
628,1,5,0.16220102850828155,0.3008931024781049,0.5918855640717979,0.9107593188934412,0.7690869716404091,1.2418071731505158,1.5,2.5,1.0,361657faf21b5108
628,2,3,0.16711831535101937,0.30619969112231316,0.5979348331016994,0.9127785936256062,1.243653898715492,1.3321131479975525,1.5,2.5,0.5,361657faf21b5108
628,3,0,0.17619254306894683,0.3158746597367309,0.6087399265152887,0.916306884027505,0.8970494670887714,1.2670274386574185,1.5,2.5,1.0,361657faf21b5108
628,4,4,0.10297921635570878,0.23235733682326448,0.5049414354651351,0.877712295322574,0.9790528240526841,0.6129183388923677,1.5,2.5,1.0,361657faf21b5108
628,5,1,0.12294969442384013,0.2565967405850183,0.5376986703433507,0.8911223899710619,1.1288545567508514,1.3642923952432036,1.5,2.5,1.0,361657faf21b5108
629,0,1,0.1831262226348272,0.3231709924264799,0.6167029526123086,0.9188447486636899,1.076097710923623,1.0092521126854663,2.5,3.5,1.5,cd386db992c73903
629,1,4,0.12073749140977749,0.2539782972539127,0.5342732749885979,0.8897788741642366,0.98481794564528,1.2104740811709596,2.0,3.0,1.0,cd386db992c73903
629,2,5,0.14427226762407064,0.2811227973795995,0.5685445264520008,0.9026560751150272,1.0731811522096284,1.1301224203973155,2.0,3.0,1.0,cd386db992c73903
629,3,0,0.20842806221535387,0.349168020004178,0.6438505119069267,0.927121570057919,1.0840402062192875,0.7486001802109981,2.0,3.0,1.0,cd386db992c73903
629,4,2,0.1447045921150627,0.2816079488367575,0.5691330007114173,0.9028667002555831,1.0311304153426257,0.9415842514079256,1.5,2.5,0.5,cd386db992c73903
629,5,3,0.1354762080950584,0.2711523978260528,0.5562683053798054,0.8981839028663466,1.0655211401900508,0.9878632022154861,2.5,3.5,1.0,cd386db992c73903
630,0,2,0.13734785703154626,0.2732902640695644,0.5589302419284832,0.8991665016102462,0.9549690404124437,0.7595922882150657,1.5,2.5,1.0,ec5be73f2ac3c705
630,1,5,0.1268691130748657,0.26119933555390223,0.5436560544317811,0.8934280985517435,1.0773212704133346,0.9720403583335009,2.5,3.5,1.0,ec5be73f2ac3c705
630,2,3,0.16611076785512247,0.3051161450499024,0.5967068139178564,0.9123712673843125,1.0136264629939333,0.7796344377428217,2.5,3.5,1.0,ec5be73f2ac3c705
630,3,0,0.1584039554791504,0.29676294347980753,0.5871155566051265,0.9091441826811328,0.8826050024401019,1.1994358364115323,1.5,2.5,1.0,ec5be73f2ac3c705
630,4,1,0.10971032462558791,0.24068636804839197,0.516467565754756,0.8825777075294177,0.8723459157016348,0.8526196379155022,1.5,2.5,0.5,ec5be73f2ac3c705
630,5,4,0.11307548280563398,0.24478693816622793,0.5220363599648065,0.8848699725034015,1.0067987377702603,1.065739404143303,2.5,3.5,1.5,ec5be73f2ac3c705
631,0,0,0.18822784195848513,0.3284894208404481,0.6224097814890103,0.9206320001240664,1.2339725785541413,1.0132531838613477,2.5,3.5,1.0,a001bd839f906388
631,1,4,0.18709259205712442,0.3273094773605226,0.6211506605337174,0.9202399006489228,1.1926681447935756,1.2313953016856902,2.0,3.0,1.0,a001bd839f906388
631,2,2,0.13497956123378718,0.2705835730143637,0.5555572725350292,0.8979202123150304,1.1099975938744937,1.2375234874234624,2.0,3.0,1.0,a001bd839f906388
631,3,1,0.14875191367675517,0.28612866979618806,0.5745777367936327,0.9047995822519711,1.1046550198121214,0.9315024615266548,2.5,3.5,1.5,a001bd839f906388
631,4,3,0.14607696622951077,0.28314509927196846,0.570992171087113,0.9035299185315027,1.2139968086087682,0.986642177397409,1.5,2.5,1.0,a001bd839f906388
631,5,5,0.12734139520574686,0.26175087050622275,0.5443645542773189,0.893699737457868,0.9952806259500826,0.665660290197684,1.5,2.5,1.0,a001bd839f906388
632,0,1,0.18627048941554838,0.32645375146734623,0.6202350294543475,0.9199539773879797,1.0214251294206949,0.9701598312561628,1.5,2.5,1.0,859eb37092c0a87c
632,1,5,0.08869786062116645,0.21404984779185351,0.47854564326477633,0.8659141863278635,0.9739553401892992,0.8559371421502389,3.0,4.0,1.5,859eb37092c0a87c
632,2,2,0.13422580910906534,0.2697190313522454,0.5544743533123667,0.8975176051218654,1.0392099999453568,0.8736812808043293,1.5,3.0,1.0,859eb37092c0a87c
632,3,3,0.1615068854046344,0.30014022080451747,0.5910201117291843,0.9104677867793185,1.0511500613430238,1.160905269618448,2.0,3.0,1.0,859eb37092c0a87c
632,4,4,0.12909764602855645,0.2637961918188849,0.5469820177501379,0.8946985895149588,0.7432916139161418,1.1912916288773097,1.5,2.0,0.5,859eb37092c0a87c
632,5,0,0.1655369359250563,0.30449817054423606,0.5960048023101508,0.912137824497238,0.7066318040118261,1.3987072354632117,1.5,2.0,0.5,859eb37092c0a87c
633,0,1,0.14300917249264547,0.27970280933471164,0.5668174469061297,0.9020359692244897,0.9071003290062527,1.2510134454286297,2.0,3.0,1.0,b04fad6b26f1be14
633,1,0,0.1344792733382521,0.27000991912531297,0.5548390194775034,0.8976533156905255,0.9149283895327218,1.103297688124028,2.5,3.5,1.0,b04fad6b26f1be14
633,2,3,0.1937040905035469,0.3341535516152068,0.6283992839573779,0.9224801483352726,1.0670153446509036,1.2206065318688628,1.5,3.0,1.0,b04fad6b26f1be14
633,3,2,0.15973406082750627,0.29821302727911114,0.5887965209306834,0.9097156918037365,1.0662688086578938,1.1203112955662395,1.5,2.5,1.0,b04fad6b26f1be14
633,4,4,0.1451560445081678,0.28211409383019914,0.5697460751627655,0.9030857717073912,1.0506004709168109,1.1101091941316683,1.5,2.5,1.0,b04fad6b26f1be14
633,5,5,0.17325975875301083,0.31276383218472636,0.6052967632392481,0.915193291522592,0.8690530376351489,0.7727597742908068,1.5,2.5,1.0,b04fad6b26f1be14
634,0,1,0.14821539708712395,0.2855315653823988,0.5738625749571,0.9045473234309764,1.1257521475745407,1.2570192515181997,2.5,3.5,1.0,41d4b05ef440f472
634,1,3,0.17404967236890995,0.31360318185281655,0.6062286509847261,0.9154956644849771,1.0688849674140977,1.1784285488526942,1.5,2.5,1.0,41d4b05ef440f472
634,2,0,0.15695031408339769,0.29517403945541365,0.5852658643700014,0.9085123510932233,0.9296657708971068,1.0469449217862303,2.0,3.0,1.0,41d4b05ef440f472
634,3,2,0.18930540655422717,0.32960756012828635,0.6235993028362087,0.9210012765229899,0.9198912208707927,0.7142830614170015,1.5,2.5,0.5,41d4b05ef440f472
634,4,4,0.1263173014697181,0.26055410121334677,0.5428257353764973,0.8931090626974391,1.0199828959483213,0.931217923632069,2.0,3.0,1.0,41d4b05ef440f472
634,5,5,0.1463543472368961,0.2834552494352735,0.571366312774091,0.9036629809424348,1.1027150723826808,1.0627786661667638,2.5,3.5,1.5,41d4b05ef440f472
635,0,5,0.19280375673564892,0.33322543132695426,0.6274240030746396,0.9221811139039395,1.0606123386829556,1.0350656440897488,1.5,2.0,0.5,f90d04a449bb1f62
635,1,3,0.09144586001468312,0.2176465365781935,0.4838506226733196,0.8683623469796777,0.9914161113410909,0.851014915396769,1.5,2.5,1.0,f90d04a449bb1f62
635,2,4,0.1579246407581733,0.2962395089223541,0.5865071142071181,0.9089366893997988,0.9467214079629621,1.0189234423375484,2.0,3.0,1.0,f90d04a449bb1f62
635,3,0,0.15368755312570492,0.2915916006469311,0.5810652139739689,0.9070658353796032,0.9078510748558275,0.7513922811284973,2.5,3.5,1.5,f90d04a449bb1f62
635,4,2,0.16561328395698072,0.3045804278449007,0.5960983145115811,0.9121689453450402,1.0933137427168673,0.9173422481243892,2.0,3.0,1.0,f90d04a449bb1f62
635,5,1,0.1535575793086525,0.29144842393575915,0.5808964529634546,0.9070073815202507,1.0511760966715376,0.8556930135950753,1.5,2.5,0.5,f90d04a449bb1f62
636,0,1,0.12364567798166695,0.25741740927086265,0.5387668184364038,0.8915386687290079,1.1869754623519855,1.0102256888894205,2.0,3.0,1.0,948c905937e53e6e
636,1,3,0.20291392250606824,0.34358029255862693,0.6381710458945147,0.9254362453142372,0.7981553011996669,0.9312814816507353,3.0,4.0,1.5,948c905937e53e6e
636,2,0,0.15402980601505983,0.2919684465944521,0.5815090751386394,0.9072194497977565,0.8957083044047225,1.052827787630643,2.0,3.0,1.0,948c905937e53e6e
636,3,4,0.1084284253637717,0.2391134952937909,0.5143131893816054,0.8816808359521201,1.050032159971316,1.2263322635361562,2.0,3.0,1.0,948c905937e53e6e
636,4,5,0.1707785304116617,0.31012009191299816,0.6023475869211479,0.9142315258414034,0.9132210725932028,1.2498162276095302,2.0,3.0,1.0,948c905937e53e6e
636,5,2,0.19985995545446603,0.3404677319919682,0.6349712841325575,0.9244762176357035,0.894585575280741,0.6435253313365585,2.0,3.0,1.0,948c905937e53e6e
637,0,4,0.14989971391744888,0.28740390679403727,0.5761010780277198,0.9053352883611443,0.7995346960168919,1.0479934098331467,2.0,3.0,1.0,3087667c71150c20
637,1,1,0.1670385617764234,0.3061139914878645,0.5978378399325105,0.9127464692609553,1.0855964142102232,1.1939103815928271,1.5,2.5,1.0,3087667c71150c20
637,2,3,0.11642921995888553,0.24883413663036097,0.5274659158905405,0.8870694589238449,1.025766706519903,1.3417108935476123,1.5,2.5,1.0,3087667c71150c20
637,3,5,0.13263714963516038,0.26789188764980654,0.5521767556011524,0.8966593825689155,0.9526858597541066,1.43939588404074,2.0,3.0,1.0,3087667c71150c20
637,4,0,0.19324048490775977,0.33367578834639955,0.6278975432928344,0.9223263996016761,0.996824255958259,1.2261794649477586,2.0,3.5,1.0,3087667c71150c20
637,5,2,0.08742382743855825,0.21236929230883764,0.47604626725239735,0.8647467373834481,1.0296113671255416,1.1074754340092339,2.0,3.0,1.0,3087667c71150c20
638,0,3,0.13123158826099224,0.2662696151058933,0.5501265555974392,0.8958889188277082,1.1082735668114951,1.1822611242299153,2.0,3.0,1.0,18bf67eda3d4534e
638,1,5,0.1469027129203648,0.28406787258328936,0.5721043691388001,0.9039250728440781,0.8431577331305449,0.917053535793965,2.5,4.0,1.5,18bf67eda3d4534e
638,2,2,0.16429599986978688,0.3031596233450701,0.5944801261936123,0.9116293322954748,0.9008709362075259,0.6348991377657762,1.5,2.5,1.0,18bf67eda3d4534e
638,3,1,0.15403891421418486,0.29197847197306276,0.5815208769506987,0.9072235317562944,0.9233783675931471,0.7305475574833842,1.5,2.5,0.5,18bf67eda3d4534e
638,4,0,0.17693602867363004,0.3166609087512449,0.6096055807332735,0.9165852990134724,1.0870215595605541,1.3926010243358693,2.0,3.0,1.0,18bf67eda3d4534e
638,5,4,0.11958824749905958,0.2526119447452292,0.5324752818650061,0.889068385056534,0.9768714861100023,0.9322833403842485,1.5,2.5,1.0,18bf67eda3d4534e
639,0,4,0.1731531629277661,0.3126504806948952,0.6051707515764649,0.9151523479504308,1.0234152835478678,0.7711968055238576,1.5,2.0,0.5,0ec11865fab609e6
639,1,5,0.09047734763288823,0.21638322116065103,0.48199409115267605,0.8675101501764108,0.863206690447429,0.5392603031243953,2.0,3.0,1.0,0ec11865fab609e6
639,2,0,0.11658328985421346,0.2490191474809328,0.5277125534304495,0.8871685526507606,0.8373453736273105,1.0215668455774063,1.5,2.5,0.5,0ec11865fab609e6
639,3,2,0.20099753838287926,0.3416286563163437,0.636167782944742,0.9248361012520057,1.1077922072660973,1.1359768787263347,2.0,3.0,1.0,0ec11865fab609e6
639,4,3,0.15993432067392674,0.2984310405277289,0.5890486608122444,0.9098011969727099,1.0874942170522,0.7791784340350173,2.0,3.0,1.0,0ec11865fab609e6
639,5,1,0.2242943591761264,0.3650289104250996,0.6595324564940374,0.9316545661274896,1.0353961201840898,0.6253619253657684,1.5,2.5,1.0,0ec11865fab609e6
640,0,4,0.1795229158957337,0.31938925162013293,0.6125952255327999,0.9175420765513248,1.058777092372426,0.9336919569136176,2.0,3.0,1.0,ff569ae35b2b7f6b
640,1,2,0.12383560100022768,0.2576411007904936,0.5390575185902683,0.8916517419604121,0.9130319943770175,1.1326548185224417,1.5,3.0,1.0,ff569ae35b2b7f6b
640,2,5,0.14640035587778083,0.2835066761426102,0.5714283182676788,0.9036850199684227,1.1837267656694437,1.0667038243392046,2.5,3.5,1.0,ff569ae35b2b7f6b
640,3,3,0.17363503636694816,0.31316273353481355,0.6057399086938577,0.9153371716224147,1.0198740845608776,0.7149908293477056,2.5,3.5,1.0,ff569ae35b2b7f6b
640,4,1,0.1229279058450479,0.2565710246933358,0.5376651578643609,0.8911093090273187,1.1865695509442438,0.868400368053911,2.0,3.0,1.0,ff569ae35b2b7f6b
640,5,0,0.21644831385998597,0.357224442931466,0.6518958208466026,0.9294688563071083,0.9562941757465435,0.7666023760637939,1.5,2.5,1.0,ff569ae35b2b7f6b
641,0,2,0.19009443743175336,0.33042516959948254,0.6244668707993568,0.9212699041289968,1.1289082613934678,0.9532844483431434,1.5,2.5,1.0,9d0b8bb899f571c5
641,1,3,0.1888999847912802,0.3291870826762309,0.6231523975331161,0.9208626693327242,0.8778330340556488,1.1226332962269046,2.5,3.5,1.0,9d0b8bb899f571c5
641,2,5,0.12879700114684023,0.2634466881454438,0.5465358532206239,0.8945288474501145,1.1883655744441437,1.012858554139474,2.0,3.0,1.0,9d0b8bb899f571c5
641,3,1,0.09314084320528301,0.21984644412526866,0.487066098764766,0.8698268656830412,0.7961637764869391,1.2431351376315267,3.0,4.0,1.5,9d0b8bb899f571c5
641,4,0,0.17006809253517735,0.3093610787375177,0.6014969441963324,0.9139527458692427,1.0385485253488227,1.0632273773179575,2.0,3.0,1.0,9d0b8bb899f571c5
641,5,4,0.19200623288523264,0.3324022850034199,0.6265570222559974,0.9219146675696177,1.0523223076013934,0.7158857344947647,2.5,3.5,1.0,9d0b8bb899f571c5
642,0,2,0.16185971445190145,0.3005230253297352,0.5914603784756315,0.9106161762059013,0.7574416901273633,1.0097480749265346,2.0,3.0,1.0,443c39c0a72b819d
642,1,5,0.1063364211984212,0.23653337839244137,0.5107568957174552,0.8801878437951105,1.2362532431426996,0.9545122513649911,1.5,2.0,0.5,443c39c0a72b819d
642,2,0,0.18075084133543726,0.3206803881390119,0.6140023611991775,0.9179898633031605,1.153787149253593,1.1320345869480046,2.0,3.0,1.0,443c39c0a72b819d
642,3,4,0.20858510561854654,0.34932656593004957,0.6440104602822396,0.9271686908251081,1.1055251094320075,0.7854495124752039,2.0,3.0,1.0,443c39c0a72b819d
642,4,1,0.10353918289427812,0.2330569982971219,0.5059209388496406,0.8781322567783761,0.9907696734646547,1.0491678142697047,1.5,2.5,0.5,443c39c0a72b819d
642,5,3,0.1341686339761849,0.2696533907575671,0.5543920217571279,0.8974869464000599,1.249669915359183,0.8722258052007607,1.5,2.5,1.0,443c39c0a72b819d
643,0,5,0.11663135713564537,0.24907685162295312,0.5277894508673064,0.8871994339932268,0.7617135807981089,1.3317227143003139,2.0,3.5,1.0,a5e858c8c63130d3
643,1,4,0.19940597825336764,0.34000393279109803,0.6344922534166081,0.9243318327781024,1.1938393735923991,1.0849833186963058,2.0,3.0,1.0,a5e858c8c63130d3
643,2,3,0.17383971991054892,0.313380197088757,0.6059812897115957,0.915415473486843,0.8873340641732108,1.2738892109642772,1.5,2.5,0.5,a5e858c8c63130d3
643,3,2,0.13719543185602376,0.2731164978061798,0.5587144904575087,0.8990871303702513,0.9406729235356945,0.8822855851606959,1.5,2.5,1.0,a5e858c8c63130d3
643,4,0,0.14819661275464396,0.28551064792394004,0.5738374998866289,0.9045384698551293,1.033268660179826,1.0776297051944612,2.0,3.0,1.0,a5e858c8c63130d3
643,5,1,0.10947622822451125,0.24039958867550326,0.5160755244128488,0.8824149217766727,1.0091353538449717,0.9312531763632085,2.0,3.5,1.0,a5e858c8c63130d3
644,0,1,0.15659146342926394,0.29478112473193646,0.5848071955376604,0.9083551936660098,1.1612046918692815,0.7289332664859104,2.5,3.5,1.5,2abb2759137ad985
644,1,4,0.1860644876846549,0.3262391578504045,0.6200050847325812,0.9198820680648198,0.9085831344716598,1.0305832693745767,1.5,2.5,1.0,2abb2759137ad985
644,2,3,0.210715227710916,0.35147388830084897,0.6461703190288016,0.9278031666429342,0.8966805567064116,0.7579901221915416,2.0,3.0,1.0,2abb2759137ad985
644,3,0,0.13821793777854569,0.27428102506415236,0.5601583320546315,0.8996173960066064,0.9469618573372182,1.3755110293884196,2.0,3.0,1.0,2abb2759137ad985
644,4,2,0.17372222535848622,0.3132553754569043,0.6058427571820277,0.9153705407519831,0.8973085722370332,1.0258185315901247,1.5,2.5,1.0,2abb2759137ad985
644,5,5,0.16973322184948736,0.30900299263130027,0.6010950159588916,0.9138208072927291,1.0924130041740538,0.9415850135864625,2.0,3.0,1.0,2abb2759137ad985
645,0,5,0.16369268503767714,0.3025077810947613,0.5937356035938659,0.9113802858106637,0.9671509515780193,0.7813553968425152,2.0,3.0,1.0,36e89d5f81bf0c8c
645,1,2,0.09159965969276113,0.21784672637677643,0.4841441428667433,0.8684966346580401,1.100674517807219,1.024130035115884,1.5,2.5,1.0,36e89d5f81bf0c8c
645,2,4,0.2092199754096858,0.34996718046665914,0.6446560724547314,0.927358698989313,1.0387288989044732,1.3388696645579332,1.5,2.5,1.0,36e89d5f81bf0c8c
645,3,1,0.19044200829133118,0.33078502779894714,0.6248481201936582,0.9213877650037207,1.1495046760173229,1.17297488950111,2.0,3.5,1.0,36e89d5f81bf0c8c
645,4,0,0.1594568191828441,0.2979110740133386,0.5884470492797537,0.9095970851327881,0.9514061096754685,0.7733572602655571,3.0,4.0,1.5,36e89d5f81bf0c8c
645,5,3,0.10283506233683976,0.2321770151089877,0.5046886513277689,0.8776037150451682,1.1242832339529483,0.6599868507033714,2.0,3.0,1.0,36e89d5f81bf0c8c
646,0,4,0.10543090334268214,0.23541137624962044,0.5092016796798677,0.8795299925164073,1.0954585915009418,0.847847340759209,1.5,2.5,1.0,4042a4d57861cff7
646,1,2,0.10064215222822658,0.22942337655236159,0.5008110749480217,0.8759278280986716,0.8674856077769977,1.0952312179764703,2.0,3.0,1.0,4042a4d57861cff7
646,2,5,0.15588478538940168,0.29400657945722475,0.5839015561911468,0.9080443222891651,0.8354244898248242,0.8719909582183849,2.0,3.0,1.0,4042a4d57861cff7
646,3,1,0.10759690666773064,0.23808995305338257,0.5129057209185092,0.8810918280988224,1.0650859030301087,1.1527315383426484,2.0,3.0,1.0,4042a4d57861cff7
646,4,3,0.14192482572691362,0.2784807080114482,0.5653254433180012,0.9014979079347971,0.9151855857816753,1.1590724759789746,1.5,2.0,0.5,4042a4d57861cff7
646,5,0,0.13260267824085473,0.26785216598950345,0.5521266712133065,0.8966406133383416,1.0309405645464755,0.8330328356525879,1.5,2.5,0.5,4042a4d57861cff7
647,0,3,0.1750246010515728,0.3146376137121741,0.6073742073039587,0.9158663683287881,1.0955779453022945,0.7950943525773759,2.0,3.0,1.0,7c7d1d6c9ff20967
647,1,1,0.15537653965558895,0.2934488757230892,0.5832482451754395,0.9078195987569116,1.123384254168751,1.0984870946060399,1.5,2.5,0.5,7c7d1d6c9ff20967
647,2,0,0.09706070936503894,0.22488230213249458,0.4943443847176226,0.8730891217265649,1.0577599429812545,0.8011065371923458,1.5,2.5,1.0,7c7d1d6c9ff20967
647,3,2,0.1481025870486197,0.28540593269871667,0.5737119488796045,0.9044941309241259,1.109335441996849,0.9655277343737735,1.5,3.0,1.0,7c7d1d6c9ff20967
647,4,5,0.13663781539940587,0.2724802988843948,0.5579236526018548,0.8987957900484652,1.0793468419423404,0.9378849290634828,2.0,3.0,1.0,7c7d1d6c9ff20967
647,5,4,0.14983223357232073,0.2873290161251197,0.5760117683637092,0.9053039419868745,1.0255492511057982,1.1209986336290378,2.5,3.5,1.0,7c7d1d6c9ff20967
648,0,2,0.15778451760013393,0.29608639863136826,0.5863289705198067,0.9088758746320023,1.00032945229747,1.3602989421830551,1.5,2.0,0.5,27a36de360f30b00
648,1,4,0.18309094448036278,0.3231340703760826,0.6166630494333365,0.9188321600788631,0.9909100267628154,1.352598102903863,2.5,3.5,1.0,27a36de360f30b00
648,2,3,0.19985711096197586,0.34046482686103097,0.6349682854086947,0.9244753143264444,1.009286396469919,0.7683959911329079,2.5,3.5,1.0,27a36de360f30b00
648,3,5,0.17453168337863045,0.3141148195693515,0.6067956540922971,0.9156792850183296,1.1887694227502745,0.9372635755686738,2.5,3.5,1.0,27a36de360f30b00
648,4,0,0.14013667504959437,0.2764591117271622,0.5628459136339398,0.900598840199554,0.9658637209947218,1.0859777704342366,1.5,2.5,1.0,27a36de360f30b00
648,5,1,0.2145811284263142,0.35535611350070334,0.6500449210110224,0.928932941692653,1.0850559985568282,0.7133457685383817,2.0,3.0,1.0,27a36de360f30b00
649,0,4,0.14364310772813133,0.2804159647265973,0.5676857045759603,0.9023480812190213,1.1580212384112991,1.1698549143025472,2.0,3.0,1.0,8f264fd174e97c9d
649,1,1,0.16231857696243304,0.30102050377827244,0.5920318360763572,0.9108085255841347,0.8011234782821519,0.6215322597909889,2.5,3.5,1.5,8f264fd174e97c9d
649,2,5,0.15231713184008255,0.29008013565573204,0.5792802414332178,0.9064462318998369,1.1262859338854323,1.2780626504055985,1.5,2.5,1.0,8f264fd174e97c9d
649,3,0,0.14144600375577737,0.2779401462133819,0.564663835977398,0.9012586088697836,0.9016456813851158,1.2299034085507816,2.5,3.5,1.5,8f264fd174e97c9d
649,4,2,0.1279345490705361,0.2624426449265086,0.5452515909869505,0.8940390641175772,0.8010948278639339,0.7906841777725494,2.5,3.5,1.5,8f264fd174e97c9d
649,5,3,0.18554401367314916,0.3256966772246483,0.6194232087971383,0.919699913099779,1.0315735380398903,1.291458215250455,1.5,2.5,1.0,8f264fd174e97c9d
650,0,2,0.10995001715082789,0.24097979443020923,0.5168683428342855,0.8827439272797388,0.8769491816065735,1.0026503478170645,2.0,3.0,1.0,c0f76bf3f3b60210
650,1,4,0.172277205129044,0.31171824296213596,0.6041329157942611,0.9148146256394645,0.9384572701256089,0.5848380404664862,2.0,3.0,1.0,c0f76bf3f3b60210
650,2,5,0.19795191152162114,0.33851644331633785,0.6329519718163487,0.923866401920783,1.0751842560104707,1.2690632822432841,1.5,2.5,1.0,c0f76bf3f3b60210
650,3,1,0.11443903752352003,0.246437086178558,0.5242580697449497,0.8857741609602617,0.8440632438898202,1.0626157801030847,2.5,3.5,1.0,c0f76bf3f3b60210
650,4,0,0.10294043271042452,0.2323088308108078,0.5048734509720944,0.8776831014786683,1.0544534215669115,1.032823520379896,2.0,3.0,1.0,c0f76bf3f3b60210
650,5,3,0.115627275776889,0.24786985774790632,0.526178232444322,0.8865509476513715,1.1065129430438938,1.1797425162999382,2.0,3.0,1.0,c0f76bf3f3b60210
651,0,3,0.1523718602700328,0.2901405747694979,0.5793517627552226,0.9064711156336274,0.8143214231688591,0.7098412955663798,2.0,3.0,1.0,9e5f478f6de5e616
651,1,2,0.13798127038659092,0.274011723396593,0.5598248672715712,0.8994951150897122,1.1149757806378573,1.0492806529577847,1.5,2.5,1.0,9e5f478f6de5e616
651,2,1,0.21202474512640038,0.3527910671139731,0.647489263531059,0.9281889595486957,1.019188598563028,1.1285755386851286,2.0,3.0,1.0,9e5f478f6de5e616
651,3,5,0.15006777214965905,0.2875903760498973,0.5763233670381642,0.9054132757583908,0.8607325693997758,1.0801580348503106,2.5,3.5,1.0,9e5f478f6de5e616
651,4,4,0.10092397853595075,0.22977838505704132,0.5013128250985451,0.8761457819329965,1.0873425748334955,0.7791397509584338,2.0,3.0,1.0,9e5f478f6de5e616
651,5,0,0.20224178186886102,0.34289636555091446,0.6374701904384247,0.9252266212437485,1.0564305615866705,1.1388756515633855,2.0,3.0,1.0,9e5f478f6de5e616
652,0,4,0.19290508953294966,0.33332995167925156,0.6275339541800353,0.9222148631927741,1.0359869539812048,0.9117864992742384,2.0,3.0,1.0,6a031f2479c4831c
652,1,5,0.1253096026911858,0.25937348545880506,0.5413023902361984,0.8925217947379078,1.0692027508822706,0.8116249263561186,2.0,3.5,1.0,6a031f2479c4831c
652,2,0,0.14740414210962463,0.2846274516071814,0.5727774023848843,0.9041636176043942,0.9328694460740588,0.8463665774784512,2.0,3.0,1.0,6a031f2479c4831c
652,3,1,0.14508688226330896,0.28203658387328356,0.5696522474178607,0.9030522676771462,1.002346046990127,0.9546832921965192,2.5,3.5,1.5,6a031f2479c4831c
652,4,3,0.15874294193535426,0.2971328490009653,0.5875450021040626,0.9092904319689097,0.8059182039787669,0.7702769905563971,2.5,3.5,1.5,6a031f2479c4831c
652,5,2,0.15544190010328496,0.2935206269534989,0.5833323538204594,0.907848552127836,0.7891431577573229,1.1905721875733581,3.0,4.0,1.5,6a031f2479c4831c
653,0,3,0.12112571781027623,0.2544389204567372,0.5348777752841035,0.8900169273040444,1.1140887311143077,0.9994643458236281,2.0,3.0,1.0,8aadaa261d939f9b
653,1,2,0.13484348474662838,0.27042760688013495,0.5553621102951206,0.8978477443281168,1.0036535768119714,0.8683799516183597,2.0,3.0,1.0,8aadaa261d939f9b
653,2,4,0.12492588438743918,0.2589231308349482,0.5407199070999736,0.8922965710060545,0.9955958257012938,0.9616757950706778,2.0,3.0,1.0,8aadaa261d939f9b
653,3,0,0.16480733669958367,0.3037115393995525,0.5951094692300134,0.9118394704680659,0.9767308654022921,0.937690836887183,1.5,2.5,0.5,8aadaa261d939f9b
653,4,5,0.16832777333430288,0.30749786250435357,0.5994012908825777,0.9132632953104057,1.138056770986951,1.2948585638650258,1.5,2.5,0.5,8aadaa261d939f9b
653,5,1,0.10134082309735755,0.230302862375127,0.5020530940259724,0.8764667471117915,0.9905261367547091,1.1306388449427842,2.0,3.0,1.0,8aadaa261d939f9b
654,0,1,0.1960982132421005,0.3366157526301591,0.6309750339094877,0.923266387983953,1.2331878828844336,1.0284385009328134,1.5,2.5,1.0,04e1b9d42a0183ad
654,1,4,0.19987092781182816,0.3404789381497362,0.6349828510985634,0.924479701903639,1.142710232126753,0.7595866286243778,1.5,3.0,1.0,04e1b9d42a0183ad
654,2,5,0.1421845081748804,0.278773640145788,0.565683543982677,0.90162725001626,1.1318409003221754,0.5175800734242165,2.0,3.0,1.0,04e1b9d42a0183ad
654,3,3,0.13765724664110526,0.27364278791909397,0.5593676110478238,0.8993272572101558,1.1734080322099627,1.0557437120696564,1.5,2.5,1.0,04e1b9d42a0183ad
654,4,2,0.13509559055435932,0.2707165231380385,0.5557235651871112,0.8979819294557613,0.9457654430493642,0.928696861305895,2.0,3.0,1.0,04e1b9d42a0183ad
654,5,0,0.20695544100572194,0.3476797276947779,0.6423458420331843,0.9266773813083173,0.9899650440755203,0.8781876044791449,2.0,3.0,1.0,04e1b9d42a0183ad
655,0,1,0.14189702973981655,0.2784493432962573,0.5652870831514327,0.9014840451429643,0.8774502738062355,0.7358757745763411,1.5,2.0,0.5,11a899e1dd975925
655,1,2,0.151025039852563,0.2886513156259522,0.5775858874736098,0.9058553308128402,1.0271156526892153,0.7911202835072593,2.0,3.0,1.0,11a899e1dd975925
655,2,0,0.1330049482449342,0.2683155041818165,0.5527105282080571,0.8968592524056697,1.193690725462834,0.6877530109792082,2.5,3.5,1.0,11a899e1dd975925
655,3,5,0.09934284339147109,0.22778232769597326,0.4984845788776616,0.874912924316587,1.1496237322460063,0.7471881616135234,2.0,3.0,1.0,11a899e1dd975925
655,4,3,0.21332958868007443,0.35410136551568033,0.6487968764604938,0.9285702044727715,1.1043083289845042,1.0464447304953028,1.5,2.5,0.5,11a899e1dd975925
655,5,4,0.11185825200606253,0.24330837359584567,0.5200363034412482,0.8840509804921957,0.9831746142743165,0.9863510286147898,3.0,4.0,1.5,11a899e1dd975925
656,0,2,0.15685137102914903,0.2950657309221674,0.5851394806327246,0.9084690663724314,1.0249049683110036,1.074282535284165,2.5,3.5,1.5,b594d6437e9ea11f
656,1,0,0.12521762258125083,0.2592655721131859,0.5411628865985002,0.8924678878754899,0.9871394124965666,0.7007880872084169,2.0,3.0,1.0,b594d6437e9ea11f
656,2,1,0.16802561088484644,0.30717379210643947,0.5990356991760832,0.9131426318926327,0.9542398393724401,1.241289689539964,2.0,3.0,1.0,b594d6437e9ea11f
656,3,3,0.08535962290734889,0.20962823774160985,0.4719411455295229,0.8628093883508646,0.9033078450135843,0.8670404929424711,1.5,2.5,0.5,b594d6437e9ea11f
656,4,4,0.18900538637658387,0.3292964227668766,0.6232686579951906,0.920898742500112,1.1445892170373493,1.0066270398650008,2.0,3.0,1.0,b594d6437e9ea11f
656,5,5,0.16751004692966126,0.3066204552248893,0.5984107146638045,0.9129360885376446,0.9415408927552944,0.958273181790792,2.0,3.0,1.0,b594d6437e9ea11f
657,0,1,0.10312181537382022,0.23253563040069183,0.5051912395164152,0.8778195151523314,1.0807073820658395,1.0500739690298884,2.5,3.5,1.0,d58fb5c722329ad0
657,1,4,0.1625036657698597,0.30122105154384216,0.5922619846048238,0.9108859103367558,0.9363678469576988,1.1366821683579837,1.5,2.0,0.5,d58fb5c722329ad0
657,2,3,0.20414580267689725,0.3448321676795974,0.6394506687482484,0.9258180357380389,1.0428569153613867,0.9703541794671036,2.0,3.0,1.0,d58fb5c722329ad0
657,3,0,0.15288185113781166,0.290703468062549,0.580017286444108,0.906702436092218,0.9976159470112647,0.8285755804804831,2.0,3.0,1.0,d58fb5c722329ad0
657,4,5,0.10312234897076303,0.23253629740974288,0.5051921737957573,0.8778199160098431,1.1970139621687292,0.7664266101973907,2.0,3.0,1.0,d58fb5c722329ad0
657,5,2,0.1779640633089806,0.3177465153717439,0.6107978009623466,0.9169677291161132,0.920252530430617,0.8727904197512922,2.0,3.0,1.0,d58fb5c722329ad0
658,0,0,0.17207211343144546,0.3114997764505523,0.6038893212158277,0.9147352254907292,0.7244718406230766,1.1937201176230983,1.5,2.5,1.0,9433bd50fa470579
658,1,1,0.12459336386430316,0.2585325091724586,0.5402140575037122,0.8921006769295114,0.8941264236591087,0.6345893888136346,2.0,3.0,1.0,9433bd50fa470579
658,2,4,0.18666381972345616,0.3268633010635891,0.620673510709207,0.9200909846068761,0.9995589986783237,0.5738600801997283,1.5,2.5,1.0,9433bd50fa470579
658,3,3,0.1355596520937722,0.27124790510975083,0.5563875753869053,0.8982280839584063,1.0850281447867847,0.6411790458281151,2.0,3.0,1.0,9433bd50fa470579
658,4,2,0.20036880657292808,0.34098724788718526,0.635507169796463,0.9246375345495099,1.042251858459221,1.0139087968040466,2.0,3.0,1.0,9433bd50fa470579
658,5,5,0.163810305500525,0.3026349176222317,0.5938809218177405,0.9114289338229016,0.9540342185881798,0.9104076945694439,1.5,2.5,0.5,9433bd50fa470579
659,0,1,0.1704479897336631,0.30976706512893587,0.6019521615607742,0.9141020104845095,0.9201310120090315,0.9694347785080113,2.0,3.0,1.0,40f4cfbbb4b8644a
659,1,5,0.10664086653156651,0.23690989540421972,0.5112776020128397,0.8804074253865719,0.8577324088598234,0.716432883058946,2.0,3.0,1.0,40f4cfbbb4b8644a
659,2,3,0.09067534617702083,0.216641865243096,0.4823747849014237,0.8676852966024773,0.8526669938078294,0.9369145696468458,1.5,2.5,0.5,40f4cfbbb4b8644a
659,3,4,0.19103519487453358,0.33139876074238306,0.6254974952590975,0.9215882537413056,0.7837949282973358,0.9377622791528645,2.0,3.5,1.0,40f4cfbbb4b8644a
659,4,0,0.15639575982350074,0.294566730853297,0.5845567108238305,0.9082692869247211,1.1312977046911321,0.9475108959076592,2.5,3.5,1.5,40f4cfbbb4b8644a
659,5,2,0.1492109863032549,0.2866390674732311,0.5751880931435266,0.9050144878616415,1.0517342284906992,1.4579252773721785,1.5,2.5,1.0,40f4cfbbb4b8644a
660,0,3,0.1648873299199748,0.30379783534269866,0.5952077848969343,0.9118722667570345,0.7924922198806067,0.8162122870519573,2.0,3.0,1.0,2a16e2b7680a814a
660,1,0,0.15142378997950662,0.28909265211184276,0.5781099693298237,0.9060383904428744,1.0129311876385743,1.298446050016807,1.5,2.5,1.0,2a16e2b7680a814a
660,2,2,0.09824019719592728,0.22638398310747965,0.4964928689879022,0.8740384003296746,1.242913049563053,1.2411759608216073,2.0,3.0,1.0,2a16e2b7680a814a
660,3,4,0.11386155856461469,0.24573901875641474,0.5233195527833827,0.8853929159804067,1.1228325644479522,1.145506154368429,2.0,3.0,1.0,2a16e2b7680a814a
660,4,1,0.1421131676097389,0.2786931815069122,0.5655852155583159,0.9015917474712537,0.9004879934778524,1.089891405831339,2.0,3.0,1.0,2a16e2b7680a814a
660,5,5,0.15121261256274526,0.28885896467337374,0.5778325493218937,0.9059415209275143,1.1588974834717192,1.2634444211249733,2.0,3.0,1.0,2a16e2b7680a814a
661,0,5,0.15145229075311967,0.28912418335145984,0.578147387405865,0.9060514505557459,1.021901729477364,0.8423716151352061,3.0,4.0,1.5,e278687f530cf3f4
661,1,4,0.1784280912461529,0.31823594150409074,0.6113341482707729,0.9171393912185185,1.0299325019348962,1.2121304265895785,2.5,3.5,1.5,e278687f530cf3f4
661,2,3,0.15736687683573186,0.2956298093748596,0.5857972779827191,0.9086941937481331,1.0164139995798296,0.5881830581300086,2.0,3.0,1.0,e278687f530cf3f4
661,3,1,0.12431301083596741,0.25820291242838606,0.5397867823916753,0.8919349925428438,1.0930904169132423,1.207217411965663,2.5,3.5,1.0,e278687f530cf3f4
661,4,0,0.09579309398187759,0.2232615038448086,0.49201425557795897,0.8720525747511271,1.0073562183376439,0.8341373634640369,2.0,3.0,1.0,e278687f530cf3f4
661,5,2,0.18141565760218817,0.32137838507527744,0.6147610325403352,0.9182306220128946,0.9027504806089037,1.1016198622055724,2.0,3.0,1.0,e278687f530cf3f4
662,0,3,0.15638932106263279,0.2945596758137837,0.5845484655991902,0.9082664581506319,1.0245879937594444,0.7559755357201796,2.0,3.0,1.0,4857ca95a24000cd
662,1,2,0.15901440544408388,0.2974289038210998,0.5878883917329756,0.9094072546669923,0.8212312485688814,0.9259115458529354,2.5,3.5,1.5,4857ca95a24000cd
662,2,1,0.15215192013221818,0.2898976452024511,0.5790642155596024,0.9063710430501803,1.1437438938574993,0.7079559027423901,2.0,3.0,1.0,4857ca95a24000cd
662,3,0,0.14895652420367725,0.2863562148640361,0.5748499540091113,0.9048954733170492,1.171672013590055,1.2974527173147694,2.0,3.0,1.0,4857ca95a24000cd
662,4,4,0.17429280794976362,0.3138613126603921,0.6065148132186897,0.9155883701023442,0.9748762003761048,0.8893503248534407,1.5,2.5,1.0,4857ca95a24000cd
662,5,5,0.1573139921694992,0.29557196708109634,0.5857298730592948,0.908671142925515,0.7645903419936342,1.4499069180077573,2.0,3.0,1.0,4857ca95a24000cd
663,0,0,0.1564828059421478,0.29466209999852766,0.5846681528139511,0.9083075143765268,0.8925495748046899,0.9124530292716362,1.5,2.5,1.0,b9198a9c788360dd
663,1,3,0.1454145257007049,0.2824036735074139,0.5700964359370507,0.9032108030734368,0.776340718192642,0.5535696500386093,2.5,3.5,1.5,b9198a9c788360dd
663,2,5,0.1947489428099125,0.33522914783172564,0.6295265436911669,0.9228248676576359,1.016550299824039,0.8981552255319563,2.0,3.0,1.0,b9198a9c788360dd
663,3,4,0.146537153701498,0.283659554532674,0.5716125913048705,0.9037504954834598,0.9750488959302573,1.08294915297283,1.5,2.5,0.5,b9198a9c788360dd
663,4,2,0.1427940585620715,0.2794605938551697,0.5665221509850072,0.9019296507083413,0.8040975094174632,1.1869154544232126,2.0,3.5,1.0,b9198a9c788360dd
663,5,1,0.14680117019513936,0.2839544835728369,0.5719678605864591,0.9038766366949409,0.872333000212715,0.9449502837197676,2.0,3.0,1.0,b9198a9c788360dd
664,0,5,0.16471384562203498,0.30361066652499263,0.594994516640928,0.9118011136579659,1.0016713052372148,0.6664036696118285,2.0,3.0,1.0,051a0680f30e5e71
664,1,1,0.11499289530875945,0.2471055236422686,0.5251549153361501,0.8861375102285401,0.9241328248520132,1.3121840191622791,2.5,3.5,1.0,051a0680f30e5e71
664,2,0,0.12041548295921806,0.25359587972487196,0.5337707818994147,0.8895806784220709,1.1168408194466228,0.8865116879277051,1.5,3.0,1.0,051a0680f30e5e71
664,3,4,0.17454740235680222,0.31413149785337235,0.6068141239032693,0.9156852618216598,1.0149547685067843,1.17704944216384,1.5,2.5,1.0,051a0680f30e5e71
664,4,2,0.13042755023798092,0.26533916076963127,0.5489462963116046,0.8954433730913571,1.1621306115219876,1.3191427593307605,2.5,3.5,1.5,051a0680f30e5e71
664,5,3,0.16793604542988155,0.3070777001854964,0.5989272330681312,0.913106810494231,1.1032470509180183,1.0850008049369486,1.5,2.5,1.0,051a0680f30e5e71
665,0,5,0.1807824122010513,0.3207135511960732,0.6140384392695961,0.9180013230213434,0.9717564165418222,0.7709383493849089,1.5,3.0,1.0,3914901a54372825
665,1,1,0.1307128249389214,0.26566949386482963,0.5493656816919171,0.8956018587824819,1.1768774507197217,0.8376354738216223,2.0,3.0,1.0,3914901a54372825
665,2,4,0.15919852295668369,0.297629614857732,0.5881210328056964,0.909486339724346,0.9810436292203164,1.049131293693394,2.0,3.0,1.0,3914901a54372825
665,3,2,0.14242127869540444,0.27904058378092145,0.566009613874895,0.9017449128003371,1.0940046074473526,1.3440001339796435,2.0,3.0,1.0,3914901a54372825
665,4,0,0.07820019831344616,0.19993504817689978,0.45713397137040684,0.8556091615387014,0.7877091741871753,0.7151661550465492,2.0,3.0,1.0,3914901a54372825
665,5,3,0.1057242126196443,0.2357751567105607,0.5097064998913396,0.8797438619294555,1.1854500406057704,0.6058720954658506,1.5,2.5,0.5,3914901a54372825
666,0,5,0.13380808054237084,0.26923925194967374,0.553872216012858,0.8972932185351069,1.142979112195932,1.0847534543984394,2.5,3.5,1.5,b8ae8ef6511ea074
666,1,0,0.15798829760532562,0.2963090523849513,0.5865880028831837,0.9089642937016293,1.0098258559730935,1.0724936647240744,2.5,3.5,1.0,b8ae8ef6511ea074
666,2,4,0.11940668577558511,0.25239569808763024,0.5321900535521717,0.8889553386971916,0.9906570859426194,0.9242869975317907,2.0,3.0,1.0,b8ae8ef6511ea074
666,3,1,0.12113903777100492,0.25445471592760327,0.5348984899201689,0.8900250774790901,0.9554528102415802,0.759401747562993,1.5,2.5,1.0,b8ae8ef6511ea074
666,4,2,0.22458936097452098,0.36532092295520235,0.6598152510572309,0.9317347292780185,1.0251602704203302,0.9982824871399565,2.0,3.0,1.0,b8ae8ef6511ea074
666,5,3,0.16194584422413305,0.30061643508416347,0.5915677390314158,0.9106523353067277,1.1023949703734637,1.3351383942760302,2.0,3.0,1.0,b8ae8ef6511ea074
667,0,4,0.2031375577044219,0.3438077117280206,0.6384038167676196,0.9255057856448209,0.9311405464438806,0.7825045538473616,2.0,3.0,1.0,9cb9d15352ee6a15
667,1,2,0.14504137230174513,0.2819855748285566,0.5695904884185446,0.903030210094386,0.9320194232901469,0.755933246317547,2.5,3.5,1.0,9cb9d15352ee6a15
667,2,3,0.13514624556781868,0.2707745541383555,0.5557961297577394,0.898008851842375,1.0796653673495895,1.1058095648683846,2.5,3.5,1.0,9cb9d15352ee6a15
667,3,1,0.14766335478128867,0.28491649819165227,0.5731246356039761,0.9042865183283817,0.9092996816006124,1.0809471240883555,1.5,2.5,1.0,9cb9d15352ee6a15
667,4,0,0.12182214858841162,0.25526403833233235,0.5359585655874736,0.8904415218232007,0.8411215287537603,0.94974266062868,2.0,3.0,1.0,9cb9d15352ee6a15
667,5,5,0.11835242680470323,0.25113793724963196,0.5305274402273661,0.888294540832992,1.209820599090496,1.023995721808527,1.5,3.0,1.0,9cb9d15352ee6a15
668,0,0,0.16228448541349444,0.3009835574945265,0.5919894226093197,0.9107942594211363,0.960902934652526,0.8976187233602266,2.0,3.0,1.0,b51a843d6d38b26a
668,1,3,0.16691097172092273,0.30597686405098656,0.597682594278201,0.9126950345461207,0.7961337248567601,1.2148850534239077,2.5,3.5,1.0,b51a843d6d38b26a
668,2,1,0.13076348980854036,0.265728137430796,0.5494400924734818,0.8956299591911314,1.038823472074617,0.743086599300872,2.0,3.0,1.0,b51a843d6d38b26a
668,3,5,0.11538816594532192,0.24758192628508188,0.5257930140538057,0.8863954565333914,0.9094935120817182,1.4427593731658104,1.5,2.5,1.0,b51a843d6d38b26a
668,4,4,0.14685506869508197,0.28401467300204786,0.5720403278470398,0.903902351858569,1.0186185388161433,0.5022728208801797,2.0,3.0,1.0,b51a843d6d38b26a
668,5,2,0.16377059339819788,0.30259199561892386,0.5938318672739037,0.911412513971978,1.1345001505760575,0.9716174384526071,2.0,3.0,1.0,b51a843d6d38b26a
669,0,2,0.14618646914387323,0.2832675599870171,0.5711399377407254,0.90358248746196,0.9608639468879042,1.0436016666945849,2.0,3.0,1.0,2ecd33e9cdf71e61
669,1,0,0.1163148682613318,0.2486967690674133,0.5272827034869999,0.8869958024064962,0.8417398857544486,0.8221221581020003,1.5,2.5,1.0,2ecd33e9cdf71e61
669,2,5,0.09489868708668946,0.22211350647400394,0.4903567508388849,0.8713107595594024,1.2124114102213286,1.029925445198804,2.5,3.5,1.0,2ecd33e9cdf71e61
669,3,1,0.13580274826709343,0.2715260409876258,0.5567347258288359,0.8983565955854081,0.792542002777642,1.0846054273661125,1.5,2.5,1.0,2ecd33e9cdf71e61
669,4,3,0.18842306721226518,0.3286921301037316,0.6226256946944687,0.9206991112600642,0.7468294434008896,1.0305898642187827,1.5,2.5,1.0,2ecd33e9cdf71e61
669,5,4,0.13084775679306898,0.2658256589705809,0.5495638060695461,0.8956766653204593,1.1265901569293975,0.857192323040613,2.0,3.0,1.0,2ecd33e9cdf71e61
670,0,5,0.15910497505672122,0.29752764459234615,0.5880028568603752,0.9094461725611268,0.9398865137000977,1.2549388375274835,2.5,3.5,1.5,f4cf7551471c2d28
670,1,4,0.19777922281354632,0.33833958531104846,0.6327684361133049,0.9238108227250665,0.8603096973667774,1.0353317190994327,2.0,3.0,1.0,f4cf7551471c2d28
670,2,2,0.16115958802530192,0.29976317681644804,0.5905860137020987,0.9103213073191548,1.238898428410786,1.1567495222030175,2.0,3.5,1.0,f4cf7551471c2d28
670,3,1,0.12678756434826935,0.26110403653803793,0.5435335177329391,0.8933810629169627,1.0088255371573498,1.1410069999905579,1.5,2.5,1.0,f4cf7551471c2d28
670,4,0,0.20005083234178936,0.3406626519761411,0.635172431552643,0.924536794073025,1.066420934109789,1.1062947607519815,2.0,3.0,1.0,f4cf7551471c2d28
670,5,3,0.09882049756640877,0.2271205603749205,0.4975430706841236,0.8745001796476202,1.0300397764603684,0.7839147298314395,2.0,3.0,1.0,f4cf7551471c2d28
671,0,3,0.13791116373269044,0.27393192225935065,0.5597260033541489,0.8994588402674722,0.8500846980754386,0.9816723333256966,2.5,3.5,1.0,a49eb467bf91e154
671,1,5,0.18003555366770901,0.31992858403351115,0.6131836086195385,0.9177295120155189,1.0158368150329578,1.170844460277228,2.5,3.5,1.5,a49eb467bf91e154
671,2,2,0.1650516853804,0.30397510198033606,0.5954096687846823,0.9119395849256338,0.880296258315631,1.1266092609417857,2.0,3.0,1.0,a49eb467bf91e154
671,3,0,0.16404662046154073,0.3028902705713616,0.5941726385884428,0.9115265353347881,0.8380132794944736,1.1774954943081013,1.5,2.5,1.0,a49eb467bf91e154
671,4,4,0.1968032195875728,0.3373392144555685,0.6317286843927209,0.9234954768858404,1.1169350397172655,0.9078958053025021,2.0,3.0,1.0,a49eb467bf91e154
671,5,1,0.1810000164914588,0.32094208495452753,0.6142869734365246,0.9180802377787678,1.1169806641752202,0.6751224990403119,2.5,3.5,1.5,a49eb467bf91e154
672,0,5,0.17478367719935733,0.31438214012669935,0.6070915885918259,0.9157750145960695,1.1057473892927274,1.135957989545184,2.0,3.0,1.0,b732861ce46b3597
672,1,0,0.11486073830401308,0.24694612185558873,0.5249412079773662,0.8860510141801704,1.1965675685999533,1.0253023443044142,2.0,3.5,1.0,b732861ce46b3597
672,2,4,0.16208292422420842,0.3007650713521766,0.5917385170020185,0.9107098323089461,1.0081782352992703,0.9266561167945452,1.5,2.5,1.0,b732861ce46b3597
672,3,3,0.09591744152767899,0.22342081809784006,0.49224381121057564,0.8721550175412739,1.0032609680581803,1.238037283328582,1.5,2.5,1.0,b732861ce46b3597
672,4,1,0.11392437963618998,0.24581501385550258,0.5234218195911328,0.8854345092868531,0.9212647363260359,1.2848726305916849,1.5,2.0,0.5,b732861ce46b3597
672,5,2,0.11280281135765799,0.2444561793961072,0.5215897126443463,0.8846874907897386,1.1811276394315906,0.9044406480138607,2.5,3.5,1.0,b732861ce46b3597
673,0,2,0.10656527746094842,0.23681644533487858,0.5111484202478047,0.8803529810132994,1.0095288419262425,0.7104096581462129,1.5,2.5,0.5,a3d4c2e15710911c
673,1,3,0.1284972396695209,0.263097955250244,0.5460902189223308,0.8943590946779174,1.0133783250999506,1.0588104734621098,2.0,3.0,1.0,a3d4c2e15710911c
673,2,5,0.14936720334697345,0.286812641516295,0.5753954604473506,0.9050874210276688,1.1311081477218503,1.2184846024528446,1.5,2.5,0.5,a3d4c2e15710911c
673,3,1,0.14317984301465064,0.2798949027828629,0.567051491867521,0.9021201740311457,0.785115380616469,1.1568106105877483,1.5,2.5,1.0,a3d4c2e15710911c
673,4,4,0.1370763123924763,0.2729806587654906,0.558545755005697,0.8990250225550216,1.0128141731936267,0.813680056277063,2.0,3.0,1.0,a3d4c2e15710911c
673,5,0,0.11414693825622359,0.24608413482970923,0.5237837893232445,0.8855816281859238,1.0652629306598076,1.2652558616505287,2.0,3.5,1.0,a3d4c2e15710911c
674,0,0,0.14135001496153154,0.27783171296990444,0.564530998697674,0.9012105102158562,1.1426302572795923,1.010816222413227,2.0,3.0,1.0,ced72cf9663bd3f3
674,1,1,0.16281147741733487,0.3015544232908668,0.5926442795682171,0.9110143487309417,0.958463424748525,1.0877722044909695,2.0,3.0,1.0,ced72cf9663bd3f3
674,2,5,0.13162701939374422,0.26672656218651253,0.5507050145199821,0.8961067499056317,0.9644851034393886,1.3504316404050833,2.0,3.0,1.0,ced72cf9663bd3f3
674,3,2,0.16693565158731904,0.30600339112963115,0.5977126308589589,0.9127049876515843,0.9947477041315117,1.1368186521698198,2.0,3.0,1.0,ced72cf9663bd3f3
674,4,4,0.08922799943980209,0.21474667699915642,0.479578120661641,0.8663938127113265,1.0158980989677895,0.9925061325104987,2.5,3.5,1.0,ced72cf9663bd3f3
674,5,3,0.10507368457551788,0.23496787669187053,0.5085854765659267,0.8792685011710628,1.0547054312661925,1.1206773687118012,2.5,3.5,1.0,ced72cf9663bd3f3
675,0,1,0.16493138701539045,0.3038453584856999,0.5952619173153775,0.9118903207132685,0.9836814998548111,0.9148059595301014,1.5,2.0,0.5,143c524c64828795
675,1,4,0.1966965684713283,0.33722981756218007,0.6316148147515902,0.9234608914406147,0.858640737087624,1.0762018994304943,1.5,2.5,1.0,143c524c64828795
675,2,0,0.09414138363150046,0.22113859907064495,0.488944511078732,0.8706757485292631,1.1518052133106806,1.2606218016579964,1.5,3.0,1.0,143c524c64828795
675,3,3,0.17345215040753537,0.3129683660068423,0.6055240430002216,0.9152671051835837,1.168681467922378,1.092158959273259,2.0,3.0,1.0,143c524c64828795
675,4,2,0.12161939265684055,0.25502397325770376,0.5356443852755819,0.8903182292531268,1.047286376165588,1.1638262910700556,2.5,3.5,1.5,143c524c64828795
675,5,5,0.2117455970281635,0.35251047032992344,0.6472086666505901,0.928106989455697,0.8017484606649556,1.1332834532225213,2.0,3.0,1.0,143c524c64828795
676,0,1,0.13478133512671794,0.2703563568522589,0.5552729250465288,0.8978146148425176,1.1091823908965397,0.9359218115026476,1.5,2.5,1.0,09783c17ab7e6c0d
676,1,4,0.12009174940110212,0.2532110822920243,0.5332645871228937,0.8893807344937494,0.9380931327416885,1.416780303296184,1.5,2.5,1.0,09783c17ab7e6c0d
676,2,3,0.15218134644060638,0.28993015343184425,0.5791027057818695,0.9063844429516655,1.121202753338625,1.1980152016961743,2.0,3.0,1.0,09783c17ab7e6c0d
676,3,5,0.18965956646133147,0.3299746655151523,0.6239890728780033,0.9211220351863614,0.7684104201407583,1.4098734294538136,1.5,2.5,1.0,09783c17ab7e6c0d
676,4,2,0.12021783896221108,0.2533609949220801,0.5334618633413455,0.8894586918598005,0.8440435999506214,0.851530804143404,1.5,2.5,1.0,09783c17ab7e6c0d
676,5,0,0.17044216816275026,0.3097608457479949,0.6019451918111262,0.914099726455913,0.9820939848443474,0.8150985704813523,1.5,2.5,1.0,09783c17ab7e6c0d
677,0,3,0.1387274626058837,0.27486032559159057,0.5608747816995229,0.8998797370968057,0.8986778574156469,0.9587209236519116,2.0,3.0,1.0,663e31e0d67c2e1b
677,1,4,0.17781009541685766,0.31758403953509334,0.610619591659636,0.9169106393480138,1.0561064337276982,0.7246052070348012,2.0,3.0,1.0,663e31e0d67c2e1b
677,2,2,0.16546865175386938,0.30442459182770354,0.5959211382007694,0.9121099746154364,0.9723810192632334,1.3213032151366804,2.5,3.5,1.0,663e31e0d67c2e1b
677,3,5,0.1544933213181885,0.2924784121032139,0.5821089832322162,0.9074267801620988,0.7868693173939083,0.8489493808716624,1.5,2.5,1.0,663e31e0d67c2e1b
677,4,1,0.14114263364364074,0.27759736849029487,0.5642437718784463,0.9011064492602263,1.1628502178896536,0.9081517321658711,2.0,3.0,1.0,663e31e0d67c2e1b
677,5,0,0.08893913110263062,0.214367158640321,0.4790160765647375,0.8661329116372682,0.8861905425024765,0.94689428380922,2.5,3.5,1.5,663e31e0d67c2e1b
678,0,5,0.13011499745639046,0.2649769803588272,0.5484860145873309,0.8952692184166215,0.9236169181929428,1.1411881257430672,2.0,3.0,1.0,1247619498743d67
678,1,3,0.12862944519220398,0.26325179051099007,0.5462868558540805,0.8944340245899255,0.8860516073298137,1.0522127626324185,2.0,3.0,1.0,1247619498743d67
678,2,2,0.13662251521197943,0.2724628311751955,0.557901918631821,0.8987877743814976,1.1024428868094251,0.8599511184502143,2.0,3.0,1.0,1247619498743d67
678,3,1,0.15151577130318633,0.2891944073240404,0.5782307101684158,0.9060805281612548,1.0548906768811084,1.3266469695557275,1.5,2.5,1.0,1247619498743d67
678,4,4,0.2108147131770585,0.3515740332089696,0.64627075594729,0.9278325886561405,1.0867534735804825,1.1884704757192313,2.5,3.5,1.0,1247619498743d67
678,5,0,0.11193223553778114,0.24339839074084232,0.5201583238698887,0.8841010827857286,1.0117628342435794,1.345886721922079,1.5,2.5,1.0,1247619498743d67
679,0,1,0.14533655371012721,0.28231633705217696,0.5699907984080387,0.9031731173173787,1.2275776758025805,1.0595916306939144,2.5,3.5,1.0,826c1ee84ec85500
679,1,4,0.1006358436284533,0.22941542597038733,0.5007998317570097,0.8759229404412489,1.2420201442148473,1.0518595088914857,1.5,2.5,0.5,826c1ee84ec85500
679,2,2,0.12439431333815919,0.258298519963992,0.539910766538545,0.8919830905177627,0.9114049844926376,0.7274997115439196,1.5,2.5,1.0,826c1ee84ec85500
679,3,5,0.100846159771773,0.2296803923218227,0.501174381997276,0.8760856767894842,1.1554970797104585,0.9091413806803408,2.0,3.0,1.0,826c1ee84ec85500
679,4,0,0.17960234144691867,0.31947284183441665,0.6126864740785626,0.9175711632773611,0.7857291921930025,1.1877123273142838,2.0,3.0,1.0,826c1ee84ec85500
679,5,3,0.16070318186380633,0.2992673135956899,0.5900144258743159,0.9101281774281332,0.9575835643552073,0.9138329216932597,1.5,2.0,0.5,826c1ee84ec85500
680,0,2,0.1316552081413502,0.2667591197225335,0.5507462004978697,0.896122245951455,1.0277224362926844,0.9109962952959076,2.0,3.0,1.0,eef5ba0be8eed9d4
680,1,4,0.12193185006851705,0.2553938726660054,0.5361283908603106,0.8905081197376435,0.773122522404868,0.9895644000091371,2.0,3.0,1.0,eef5ba0be8eed9d4
680,2,3,0.16792016067436594,0.30706065637822877,0.59890799146802,0.9131004548116355,0.9669976423917153,1.0805213272104683,1.5,2.5,0.5,eef5ba0be8eed9d4
680,3,1,0.11842043677203223,0.2512191837345394,0.5306350263057532,0.8883373959113335,1.260787143176392,1.2707136472893243,2.5,3.5,1.0,eef5ba0be8eed9d4
680,4,5,0.09200903749675227,0.2183790214232342,0.4849237062352215,0.8688527024284499,1.1770160666346317,0.8263502868984264,2.5,3.5,1.0,eef5ba0be8eed9d4
680,5,0,0.18102909980434723,0.3209726230906653,0.6143201725741495,0.9180907753864721,0.7695556755009608,1.2367690954815738,2.0,3.0,1.0,eef5ba0be8eed9d4
681,0,0,0.14707991396488101,0.2842656894553343,0.5723424151004994,0.9040094937658487,1.1194632879948876,1.4161392252679434,1.5,2.5,1.0,e146c57f13ebc6d1
681,1,3,0.1245535131727098,0.2584856731501577,0.5401533665182927,0.8920771550213128,1.235015606437519,1.176699420738998,1.5,2.5,0.5,e146c57f13ebc6d1
681,2,2,0.1923612270694329,0.3327688017662677,0.6269432904543524,0.9220334500905664,0.8624398001377087,0.8872628645414837,2.0,3.0,1.0,e146c57f13ebc6d1
681,3,1,0.12439410969295615,0.25829828051262527,0.5399104560608052,0.8919829700932299,1.2133755777122783,0.817284905015937,1.5,2.5,1.0,e146c57f13ebc6d1
681,4,5,0.14706298495486728,0.28424679402713393,0.5723196827581707,0.9040014342913033,1.0761355809587603,1.1467755248993112,2.0,3.0,1.0,e146c57f13ebc6d1
681,5,4,0.17641774879228783,0.31611291904260397,0.6090024429617616,0.916391381298588,1.0435709572934344,1.198075492065973,1.5,2.5,0.5,e146c57f13ebc6d1
682,0,2,0.13986926338581024,0.27615610900291276,0.5624730371019407,0.9004631069722897,0.8560288006930313,0.6872061343753746,2.0,3.0,1.0,bf89235c46811434
682,1,5,0.12672853217311597,0.26103503857729266,0.5434447779283375,0.893346990049658,0.8211090367360075,0.792396971359594,2.0,3.0,1.0,bf89235c46811434
682,2,0,0.11609329593501166,0.2484304756642766,0.5269273238877987,0.8868528187473687,0.9439260182344218,0.9245731454555606,2.0,3.0,1.0,bf89235c46811434
682,3,1,0.13292262186790618,0.2682207156155114,0.5525911479853673,0.8968145765665227,0.9373373930793073,0.9571043426905306,2.5,3.5,1.5,bf89235c46811434
682,4,3,0.09730201995098209,0.22519003065214557,0.4947854701418667,0.8732845131706409,1.2806437962833024,0.6203579925607375,2.0,3.0,1.0,bf89235c46811434
682,5,4,0.14569647776434316,0.2827193691662891,0.5704780662266696,0.9033468579976802,1.0537094915991272,0.9740391287982804,2.0,3.0,1.0,bf89235c46811434
683,0,1,0.20850323085001443,0.3492439118594011,0.6439270832838727,0.9271441302972053,0.9056786257994722,1.023068050180005,2.5,3.5,1.5,71bf65418ebb63c3
683,1,4,0.16540658210207132,0.30435770176925797,0.5958450648512176,0.9120846462131729,0.8995573042555118,1.0597410856560192,2.0,3.0,1.0,71bf65418ebb63c3
683,2,2,0.20373216580359457,0.3444120479005981,0.6390217030854536,0.9256901841241721,0.9901453764924438,0.7894724727005745,1.5,2.5,0.5,71bf65418ebb63c3
683,3,5,0.16431178299715665,0.30317666653892017,0.5944995746704799,0.9116358313686421,0.9177836748291605,0.9395448522056946,1.5,2.5,0.5,71bf65418ebb63c3
683,4,3,0.19756387773107306,0.33811898129248374,0.6325393829533964,0.9237414238520342,0.8628676570614275,0.7135764280199591,1.5,2.0,0.5,71bf65418ebb63c3
683,5,0,0.20297631090894103,0.34364374348739174,0.6382360038799404,0.9254556555724861,0.8984850720575792,1.140348221062872,2.0,3.0,1.0,71bf65418ebb63c3
684,0,2,0.12093397667952976,0.2542114825471989,0.5345793993625142,0.8898994777793097,1.0075756663256343,0.9536657734803289,1.5,2.5,1.0,f65867326aa14aaf
684,1,5,0.1310141507607308,0.2660181675660612,0.5498079151269186,0.8957687774891344,1.0179258253483874,0.8355990608437888,1.5,2.5,0.5,f65867326aa14aaf
684,2,1,0.21566571401965873,0.35644189139619675,0.6511216510410275,0.9292449965581432,0.9274377707836137,0.6762613875028025,2.0,3.0,1.0,f65867326aa14aaf
684,3,4,0.1248299169674563,0.258810429060395,0.5405740194547368,0.892240103709804,1.0572981670346278,1.0855846473954782,2.5,3.5,1.0,f65867326aa14aaf
684,4,3,0.21389512208614628,0.3546685928655821,0.6493615728609017,0.9287344679588412,0.9513065155879201,0.9945855017999679,2.0,3.0,1.0,f65867326aa14aaf
684,5,0,0.14821420726811804,0.2855302404728122,0.5738609867487933,0.9045467626797662,0.8443090814841517,1.38044651946604,2.5,3.5,1.0,f65867326aa14aaf
685,0,1,0.087759533519172,0.21281293638221846,0.4767073545478415,0.8650564124218212,1.015049115291544,1.0734718567973347,1.5,2.5,1.0,12a81e13e8375b4e
685,1,0,0.15570751120711918,0.29381211623417514,0.5836738716899773,0.907966048693703,1.0817895233081043,0.8642640991961663,1.5,3.0,1.0,12a81e13e8375b4e
685,2,3,0.19840912538226843,0.3389844903665877,0.6334372794760604,0.9240132421932526,0.7460616313281235,0.8707835798607527,2.0,3.0,1.0,12a81e13e8375b4e
685,3,4,0.1811312700800548,0.321079893126638,0.614436768171667,0.9181277764300649,0.9807740337572198,1.0754521631771903,3.0,4.0,1.5,12a81e13e8375b4e
685,4,2,0.13469791774007206,0.27026070879343717,0.5551531713739681,0.8977701172640372,0.9185047021559865,0.608395393116974,1.5,3.0,1.0,12a81e13e8375b4e
685,5,5,0.12768452248249343,0.26215117160501294,0.5448780642263494,0.8938962786120402,1.0114551467711146,0.970274394724717,2.0,3.0,1.0,12a81e13e8375b4e
686,0,3,0.14918309097118904,0.2866080669615469,0.5751510464266787,0.9050014538598485,0.955116587222486,0.9385997210485788,2.0,3.5,1.0,a135e95c2ea88eea
686,1,1,0.12049778445137246,0.25369365224867607,0.5338993082102381,0.8896313994882834,0.987757434445972,0.9121552983458664,1.5,2.5,0.5,a135e95c2ea88eea
686,2,4,0.12179451508001213,0.25523132751224914,0.5359157690705821,0.8904247338474314,0.7757306982887463,0.7795152170610931,2.0,3.0,1.0,a135e95c2ea88eea
686,3,2,0.13240098757644553,0.2676196914681174,0.5518334322175557,0.8965306688180075,1.008219907407307,1.0582903817110294,2.0,3.0,1.0,a135e95c2ea88eea
686,4,0,0.1461556834414635,0.283233134142391,0.5710984031404864,0.9035677133933389,1.074712157405579,0.8798425676586377,1.5,2.5,0.5,a135e95c2ea88eea
686,5,5,0.18339353896715294,0.32345069972414814,0.6170051153992352,0.9189400327859443,1.045830832031574,1.0429443863005394,2.0,3.0,1.0,a135e95c2ea88eea
687,0,4,0.19830658580846328,0.3388795471434824,0.6333285180908673,0.9239803496056188,1.066533041623711,0.966746488188537,2.0,3.0,1.0,de5180c1b8f3534b
687,1,5,0.08094582259904316,0.20368795443476165,0.46292128392960985,0.8584637184594085,1.0240249420173075,0.7015015783413234,2.5,3.5,1.0,de5180c1b8f3534b
687,2,2,0.20722808438042817,0.34795548883252664,0.6426250767691786,0.9267599382724689,1.006711063500378,0.9084322468765519,1.5,2.5,1.0,de5180c1b8f3534b
687,3,0,0.09352254301450363,0.2203399504492087,0.4877844034450259,0.8701520547189425,0.9425612437892874,0.5548347381969064,2.5,3.5,1.5,de5180c1b8f3534b
687,4,1,0.0951301092475531,0.22241089567463002,0.490786694905623,0.8715035405896955,0.7707970354108362,1.151215736342701,2.5,3.5,1.5,de5180c1b8f3534b
687,5,3,0.1442330537342619,0.28107876989900754,0.5684910822350703,0.9026369297773948,1.0868297111468475,0.689414951965056,2.0,3.0,1.0,de5180c1b8f3534b
688,0,2,0.20835973205061245,0.34909902597369835,0.6437808870368507,0.9271010527641657,0.933173593607704,0.8937688403568577,1.5,2.5,1.0,0828ff7e9b9f1736
688,1,5,0.1716740507292428,0.311075539420121,0.603415873629231,0.9145807604032806,0.8798539848299752,0.97496857809301,2.0,3.0,1.0,0828ff7e9b9f1736
688,2,0,0.13069050833644769,0.265643660582751,0.5493328987117363,0.8955894767965076,1.0220249720994188,0.9719339593684198,2.0,3.0,1.0,0828ff7e9b9f1736
688,3,1,0.10507244532948172,0.23496633725292315,0.5085833362037607,0.8792675920560907,1.0663550120286855,0.9951366105048072,1.5,2.5,1.0,0828ff7e9b9f1736
688,4,4,0.19054042205896798,0.3308868872996139,0.6249559683894528,0.9214210849756588,1.0471469499834065,1.034640476188198,2.0,3.0,1.0,0828ff7e9b9f1736
688,5,3,0.16111630192186435,0.29971616638030907,0.590531857877512,0.9103030215000532,1.1118856367661105,0.9322608022686962,2.0,3.0,1.0,0828ff7e9b9f1736
689,0,4,0.14434244865181448,0.281201584163095,0.5686401476979305,0.9026903225883322,0.9683331707337346,1.139142250932883,1.5,2.5,1.0,ae8c08ae2837e9fe
689,1,5,0.12710268569285688,0.26147218463023125,0.54400669830528,0.8935626032375301,0.9948716309293988,0.840243254646451,2.5,3.5,1.5,ae8c08ae2837e9fe
689,2,2,0.21497173811820103,0.3557473217809728,0.6504332157829094,0.929045571122897,1.1554123174059125,0.9999322966596129,1.5,2.5,1.0,ae8c08ae2837e9fe
689,3,0,0.1478015310205748,0.2850705148579487,0.5733095407173674,0.9043519170468952,1.0965021300697841,0.7333906237005794,2.0,3.0,1.0,ae8c08ae2837e9fe
689,4,1,0.2068487802970193,0.34757182041805756,0.6422365210383951,0.9266450445356732,0.9565219076337081,1.1211443473907585,2.0,3.0,1.0,ae8c08ae2837e9fe
689,5,3,0.15590434907137796,0.29402803604928796,0.5839266707614043,0.9080529532882853,0.8166235749263484,0.9685156451835553,1.5,2.0,0.5,ae8c08ae2837e9fe
690,0,0,0.12845834121734845,0.2630526832366185,0.5460323340318487,0.8943370293370407,0.9965680768331655,1.171661847258552,2.0,3.0,1.0,669a88bbecdc5309
690,1,3,0.1540469137263965,0.29198727687556003,0.5815312417526622,0.9072271165817839,0.7646313928630136,0.6708960655072329,3.0,4.0,1.5,669a88bbecdc5309
690,2,5,0.09904112366379333,0.22740021832988022,0.49794117916484704,0.8746748480260117,0.8933359550552997,0.6997251281785746,2.0,3.0,1.0,669a88bbecdc5309
690,3,4,0.12286512292720578,0.2564969172393142,0.5375685681791492,0.8910716001488829,1.1532462221380209,0.6447144917761383,2.0,3.0,1.0,669a88bbecdc5309
690,4,1,0.16965021548144876,0.30891419999168607,0.6009952910932285,0.913788049787137,0.880746563434798,0.8708173449875366,2.0,3.0,1.0,669a88bbecdc5309
690,5,2,0.15926092324410274,0.297697623333202,0.5881998309501487,0.9095131156549782,0.829369816724083,1.3049814818485885,2.5,4.0,1.5,669a88bbecdc5309
691,0,4,0.18726212307869605,0.3274858102598971,0.6213390778246881,0.9202986549989169,0.8288257441863871,0.8512860603339704,2.5,3.5,1.0,b05ad6cefa1e306d
691,1,2,0.15705209521982416,0.2952854335020306,0.5853958087365772,0.9085568400922692,1.0499901767263426,0.7667970365134411,2.0,3.0,1.0,b05ad6cefa1e306d
691,2,5,0.1090945031315292,0.2399315236401735,0.5154349270753177,0.8821485258240344,1.1479347715645403,0.911933942515367,1.5,2.5,0.5,b05ad6cefa1e306d
691,3,1,0.13109039927665983,0.2661063572325731,0.5499196977435021,0.8958109365892108,0.980888545547123,0.8450587840972409,2.5,3.5,1.5,b05ad6cefa1e306d
691,4,0,0.19937514252276373,0.3399724193772445,0.6344596839207841,0.9243220097151162,0.9530205207990314,1.0131472630106377,2.5,3.5,1.5,b05ad6cefa1e306d
691,5,3,0.13614593254302193,0.27191842846280073,0.5572240041681369,0.8985375119610288,1.221843176869833,0.9799318238880023,1.5,2.5,1.0,b05ad6cefa1e306d
692,0,1,0.1882270837262822,0.3284886334261448,0.6224089425572173,0.920631739291705,0.97121526361633,1.1822769452501285,1.5,2.5,0.5,89117448c70a8cbe
692,1,3,0.13998621635869096,0.2762886497215754,0.5626361821300289,0.9005225115643787,1.0356261117288779,0.9090291525354085,2.0,3.5,1.0,89117448c70a8cbe
692,2,4,0.1509357029813876,0.2885523895204217,0.5774683245734786,0.9058142311198372,1.0727674048793727,1.0613309912810198,2.5,3.5,1.5,89117448c70a8cbe
692,3,5,0.14584682199311771,0.28288763032478004,0.5706813299255816,0.903419265928692,0.9134079841069425,0.9316394287583538,2.5,3.5,1.0,89117448c70a8cbe
692,4,0,0.17637128840333963,0.3160637728235738,0.608948307049012,0.916373961032644,0.9084525359049838,0.9637350009917645,2.0,3.0,1.0,89117448c70a8cbe
692,5,2,0.10313202890637942,0.2325483973625734,0.5052091218648328,0.8778271874750199,0.9568365801302984,0.7786456840559303,1.5,2.5,1.0,89117448c70a8cbe
693,0,2,0.16388376090411927,0.30271430231769486,0.5939716333996956,0.9114592917975292,0.9077357721962237,1.1925574408092798,2.5,3.5,1.5,4f0bd1be4ad22045
693,1,1,0.21038216632610102,0.35113852619395525,0.6458337895873287,0.9277045305485707,0.82006877348376,0.9504616871823757,2.0,3.0,1.0,4f0bd1be4ad22045
693,2,0,0.15512186430119912,0.29316921279868735,0.5829202559885398,0.9077066303396871,0.9921664891150013,0.7887169312036265,2.0,3.0,1.0,4f0bd1be4ad22045
693,3,4,0.14001103969481324,0.27631677717733205,0.5626707963889955,0.9005351119336813,0.9824767120862243,0.7350574067597815,1.5,2.5,1.0,4f0bd1be4ad22045
693,4,3,0.1711267518453838,0.3104917880057817,0.6027635118562401,0.9143676116690606,0.8807691131064438,1.1733098260380335,2.0,3.0,1.0,4f0bd1be4ad22045
693,5,5,0.169602238068849,0.3088628723759595,0.6009376329253269,0.913769106412172,1.0770454923430184,1.0700691898372052,2.0,3.0,1.0,4f0bd1be4ad22045
694,0,2,0.1955420374866364,0.3360445090133323,0.6303789370348887,0.9230848837822182,0.763193009473872,1.098625981100136,2.0,3.0,1.0,ce17786040aa2008
694,1,4,0.11534011642474243,0.2475240426085172,0.5257155325116831,0.8863641606375401,0.9265411205339483,1.202367589882071,2.5,3.5,1.0,ce17786040aa2008
694,2,1,0.13981879153124782,0.2760988996055268,0.5624025986302397,0.9004374505902396,1.2394196150880774,0.8021043579954976,2.0,3.0,1.0,ce17786040aa2008
694,3,0,0.15020322675071374,0.28774062403752204,0.576502391893133,0.9054760504890506,1.1139910283466454,1.0958838721445248,2.0,3.0,1.0,ce17786040aa2008
694,4,3,0.14667101406024072,0.2838091081788413,0.5717927795967918,0.9038144879728743,1.140253065567356,1.1620405754454222,1.5,2.5,0.5,ce17786040aa2008
694,5,5,0.2063500928326586,0.3470671037267932,0.6417247846227258,0.9264935582326851,0.8815839496206469,1.3225571442616892,2.5,3.5,1.0,ce17786040aa2008
695,0,5,0.1934975460681931,0.3339407390356395,0.6281758693339736,0.9224117112435367,0.9675734806792319,0.738009225329556,2.0,3.0,1.0,7c958373f35bc9e3
695,1,3,0.11902181620214686,0.25193695403509514,0.5315843663014942,0.8887149760584174,1.1552601713904171,1.2714543227952684,1.5,2.5,1.0,7c958373f35bc9e3
695,2,4,0.2112234438160505,0.3519853393015145,0.6466829887739893,0.9279532720192775,1.1957135967566814,1.1136420813150771,2.0,3.0,1.0,7c958373f35bc9e3
695,3,2,0.14655298347202428,0.28367724228996355,0.5716339062137067,0.9037580669409877,0.9536743707877973,1.0878747886770166,2.5,3.5,1.0,7c958373f35bc9e3
695,4,1,0.15158660521671172,0.28927275534458097,0.5783236529293391,0.9061129552262057,0.9684460074554195,1.0430330633623743,2.5,3.5,1.5,7c958373f35bc9e3
695,5,0,0.17414399518440624,0.31370333429367037,0.6063397032091407,0.9155316493182638,0.9190550441687948,0.9934482086920903,2.0,3.0,1.0,7c958373f35bc9e3
696,0,2,0.2075699955007972,0.3483011705254986,0.6429748304151953,0.9268632640242618,1.179659587024983,1.226574360978065,1.5,2.5,0.5,6f7546d31fd81ad6
696,1,0,0.12163882183492364,0.2550469831498669,0.5356745086608425,0.8903300552451755,0.9091934571448828,1.2219156273909562,2.0,3.0,1.0,6f7546d31fd81ad6
696,2,3,0.22494632131253361,0.3656741308658563,0.6601570290491152,0.9318315390561641,1.1954570913459768,1.1720587238248843,1.5,2.5,1.0,6f7546d31fd81ad6
696,3,1,0.19918655920379222,0.33977966230104406,0.6342604084921661,0.9242618901953752,1.1188328496115023,1.1356381232084312,2.0,3.0,1.0,6f7546d31fd81ad6
696,4,5,0.09542044117484293,0.2227836385656905,0.49132501988593263,0.87174456238578,1.0559904079596925,0.8880254893477884,2.0,3.0,1.0,6f7546d31fd81ad6
696,5,4,0.15830557057952244,0.2966555408823494,0.5869907836747071,0.9091016594983916,0.9869624809012667,1.1959788900177077,2.0,3.0,1.0,6f7546d31fd81ad6
697,0,3,0.19019203697697806,0.3305262380689657,0.6245739839452549,0.9213030289780352,1.091947409914109,1.199857155286909,2.0,3.0,1.0,60741193d4d54f60
697,1,5,0.11075927880730815,0.24196892591526023,0.518216740606041,0.883301736284072,1.1555981726509288,1.2457460556171651,1.5,2.5,1.0,60741193d4d54f60
697,2,1,0.13390836506290948,0.2693544756331523,0.5540169013870424,0.8973471698413467,0.9187084653252244,0.6548123316485701,2.0,3.5,1.0,60741193d4d54f60
697,3,0,0.11841111943795002,0.2512080538935561,0.5306202897761501,0.8883315266490394,1.1072070706004078,1.1198198195596145,2.0,3.0,1.0,60741193d4d54f60
697,4,4,0.19032321416414988,0.3306620547474249,0.6247178782097982,0.9213475142929963,1.0885158283770409,1.1348574541699068,1.5,2.5,0.5,60741193d4d54f60
697,5,2,0.17634556465586826,0.3160365604132356,0.6089183287288563,0.9163643133330855,1.08566205341429,1.1117225127163364,2.0,3.0,1.0,60741193d4d54f60
698,0,0,0.1572239857792374,0.29547350981584386,0.5856151136032528,0.9086318885037665,0.9260787432859385,1.2440933048034089,2.5,3.5,1.0,bcd03dcab2a6cfe9
698,1,4,0.13768392942954621,0.2736731792542057,0.5594052962005547,0.899341099362692,1.2516517204989315,0.9998970096259574,3.0,4.0,1.5,bcd03dcab2a6cfe9
698,2,5,0.1491318162229795,0.28655107997371615,0.5750829364874297,0.9049774876039051,0.9384214205026403,0.878808559874926,1.5,2.5,1.0,bcd03dcab2a6cfe9
698,3,3,0.1336241934619995,0.2690279015974717,0.5536066997978427,0.8971941545042307,0.9226774548113399,1.1194286455687568,2.0,3.0,1.0,bcd03dcab2a6cfe9
698,4,1,0.14866864518627285,0.2860360407384334,0.5744668724855401,0.9047605090467734,0.8713816043620559,0.8229306255232032,1.5,2.5,1.0,bcd03dcab2a6cfe9
698,5,2,0.17550741199994999,0.3151492780626384,0.6079396490529988,0.9160489414707735,0.9221874696780092,1.0615269135242402,2.5,3.5,1.5,bcd03dcab2a6cfe9
699,0,2,0.18434338825454452,0.32444364516294527,0.6180759477441805,0.9192771178716588,0.9599654860627065,1.1194763652133692,3.0,4.0,1.5,3269ab762d8e70e2
699,1,5,0.15335494633148597,0.29122513478420986,0.5806331289606631,0.9069161210087275,0.7705308167260813,0.7974695815547314,2.0,3.0,1.0,3269ab762d8e70e2
699,2,0,0.11476551382561491,0.24683122944470334,0.5247871104370839,0.885988611421309,0.8592270003149424,1.2493588415187595,1.5,2.5,1.0,3269ab762d8e70e2
699,3,4,0.19097842142403215,0.3313400438957819,0.625435414243005,0.921569101012827,1.1373893591373085,1.0403192424725378,2.0,3.0,1.0,3269ab762d8e70e2
699,4,1,0.13090452880229125,0.2658913496687801,0.5496471200154782,0.8957081100913298,0.9623573598871366,0.9929838373494027,2.5,3.5,1.5,3269ab762d8e70e2
699,5,3,0.14893389749880453,0.2863310566113971,0.5748198652325692,0.9048848777293856,0.9049331865895609,1.1339462242854648,2.5,3.5,1.5,3269ab762d8e70e2
700,0,1,0.1954506597115559,0.33595061258979925,0.6302808694492555,0.9230549973601984,1.2258058670954466,1.0196946561381288,2.5,3.5,1.0,14a48b6f98e3f871
700,1,0,0.16992452041683265,0.3092075783646594,0.6013246982722968,0.913896220663334,0.9345124666491146,0.6333434875654651,2.5,3.5,1.5,14a48b6f98e3f871
700,2,3,0.19237917553129152,0.3327873277960621,0.6269628048841088,0.9220394479606115,0.9678100340519566,1.014875091872272,1.5,2.5,0.5,14a48b6f98e3f871
700,3,5,0.09015205637992457,0.21595787142260803,0.4813673549918767,0.8672213576316065,0.8562957802046802,0.9789695820913,1.5,2.5,1.0,14a48b6f98e3f871
700,4,2,0.09972728103296465,0.22826862775824402,0.49917522515464413,0.8752149511493931,1.0879939314708678,1.1517948179245399,2.5,3.5,1.0,14a48b6f98e3f871
700,5,4,0.14371138181424875,0.2804927132606273,0.5677790398782875,0.9023815884078197,1.017525035674582,1.1002437318661074,1.5,3.0,1.0,14a48b6f98e3f871
701,0,3,0.1618622840067582,0.30052581228422137,0.5914635820651569,0.9106172553252481,0.948545458637623,1.0598938349919662,2.5,3.5,1.5,7d46a20d3ea88b80
701,1,2,0.1837114543976424,0.3237832012221616,0.6173640159544961,0.9190531130668523,0.8201399499375945,0.8878207920989125,2.5,3.5,1.0,7d46a20d3ea88b80
701,2,4,0.14041615088451048,0.2767755941164992,0.5632350330312845,0.9007403380173998,1.0815426767255385,1.241348418873624,2.0,3.0,1.0,7d46a20d3ea88b80
701,3,0,0.15312351823054868,0.2909700069294934,0.5803320558120713,0.9068116987863245,1.1625967782908653,1.0097142717022507,2.5,3.5,1.0,7d46a20d3ea88b80
701,4,1,0.1548949903721692,0.29291996349429306,0.5826277196862887,0.907605789306684,1.0868083408669764,0.7612747441305914,2.0,3.0,1.0,7d46a20d3ea88b80
701,5,5,0.11811468817726226,0.25085381002986423,0.5301509964647958,0.8881444865719398,0.9253822467207339,1.207367631037024,1.5,2.5,1.0,7d46a20d3ea88b80
702,0,2,0.08958711688957471,0.2152178974725643,0.48027503844422875,0.8667166916487006,1.158138422403221,1.1423374221768086,1.5,2.5,0.5,4cec1e5b10ad503f
702,1,4,0.15251749075529833,0.29030136943829066,0.5795419818816065,0.9065372735208261,0.8773326497412941,0.7078876643389278,2.5,3.5,1.5,4cec1e5b10ad503f
702,2,0,0.1483437978130449,0.2856745256446591,0.5740339107114942,0.9046078030734905,0.8038363238357716,1.2707377429770328,2.0,3.0,1.0,4cec1e5b10ad503f
702,3,1,0.14627044353186855,0.28336145241096355,0.5712531978478828,0.9036227661954955,1.0739483353933519,0.9672906928561391,1.5,2.0,0.5,4cec1e5b10ad503f
702,4,3,0.13845641210259263,0.27455223869038536,0.5604939037332777,0.8997403361416367,1.0087941275351098,1.041694612327103,2.5,3.5,1.0,4cec1e5b10ad503f
702,5,5,0.19644570281268642,0.33697242852145587,0.6313467727556115,0.9233794404590906,1.068348927947768,0.704797684048756,2.0,3.0,1.0,4cec1e5b10ad503f
703,0,4,0.16715665560808216,0.3062408856023786,0.5979814480841338,0.9127940297134295,0.9592297309863712,1.1956483851969324,2.0,3.0,1.0,86faf75f7e353cb7
703,1,0,0.1637783596880376,0.30260038989297094,0.5938414613485965,0.9114157255289264,1.0648092355602765,1.0219854583122012,2.0,3.0,1.0,86faf75f7e353cb7
703,2,5,0.11346168201641638,0.245254964424607,0.5226676128405136,0.8851274725718344,0.9321095338609968,0.6054913554609676,2.0,3.0,1.0,86faf75f7e353cb7
703,3,2,0.15567874736408932,0.29378055713396595,0.5836369094981049,0.9079533373079742,1.0126699655427556,0.9146565879443769,2.5,3.5,1.5,86faf75f7e353cb7
703,4,3,0.1409942696773414,0.2774296497223885,0.5640380874071036,0.9010318803839779,1.0692024253059846,1.2360698994520938,1.5,2.5,1.0,86faf75f7e353cb7
703,5,1,0.12465232378764936,0.25860179529570665,0.540303824427503,0.8921354603377575,0.9263584844867011,0.8248412516239642,2.0,3.0,1.0,86faf75f7e353cb7
704,0,1,0.12714993446788272,0.2615273592299248,0.5440775702730227,0.8935897731124631,1.067150668813306,0.6822365342366632,1.5,3.0,1.0,278e38b0ce9c90ea
704,1,2,0.18179602131202263,0.32177740535378,0.6151940985561827,0.9183678425439903,1.1683159104004093,1.093311247866639,1.5,2.5,0.5,278e38b0ce9c90ea
704,2,3,0.09390069546177172,0.22082819132453646,0.48849395888575264,0.8704725816437495,0.7126263064293725,0.8661992230535038,1.5,2.0,0.5,278e38b0ce9c90ea
704,3,0,0.16451658411458392,0.30339777467475953,0.5947518046646137,0.9117200886354403,0.9607889909802265,0.9671184123082728,2.5,3.5,1.0,278e38b0ce9c90ea
704,4,4,0.1724881116015131,0.31194282503483317,0.6043831781835052,0.9148961468576758,1.2172488602980065,1.001145249282445,2.0,3.0,1.0,278e38b0ce9c90ea
704,5,5,0.1630665930579394,0.3018305826619663,0.592960699404099,0.9111205573594019,0.732306677877688,1.0162722546013367,2.5,3.5,1.5,278e38b0ce9c90ea
705,0,4,0.18271459829662232,0.32274006151995294,0.6162369814572911,0.9186976647959493,1.0336370270041906,1.0881301144182112,1.5,2.5,1.0,04a606d199215dbd
705,1,0,0.11962006953447926,0.25264983507170785,0.532525240199284,0.8890881758563357,1.0834388653612887,1.0667741190911366,2.0,3.0,1.0,04a606d199215dbd
705,2,3,0.12038220038523922,0.253556334601028,0.533718787516959,0.8895601542880066,0.8543646014408393,0.682018151185781,1.5,2.5,0.5,04a606d199215dbd
705,3,1,0.1975412942025646,0.33809584240468415,0.6325153501411891,0.9237341400453591,1.1246009070691394,1.2502740595494912,1.5,2.5,0.5,04a606d199215dbd
705,4,5,0.16105427163281233,0.2996487925073295,0.59045423115718,0.910276806119183,0.7163812623716337,0.9272890581350435,1.5,2.0,0.5,04a606d199215dbd
705,5,2,0.17730828297219983,0.3170542181591508,0.6100379202831698,0.916724117014945,0.8886637375264284,1.353193705631406,2.5,3.5,1.5,04a606d199215dbd
706,0,2,0.11447038039070868,0.24647494117121144,0.5243089078722772,0.8857947828448862,0.9662641487006696,0.9417460593228837,1.5,2.5,1.0,bb3c3b68881f3bb4
706,1,0,0.16745484011661096,0.30656117424923834,0.5983437015177626,0.912913922137387,1.2382077155248632,1.0524737824262447,2.0,3.0,1.0,bb3c3b68881f3bb4
706,2,4,0.11914013803575738,0.25207803814428426,0.5317707297332924,0.888788977515739,0.8637587236077127,1.1482083209379108,1.5,2.5,0.5,bb3c3b68881f3bb4
706,3,1,0.15861020878060597,0.2969880371634022,0.5873769339925461,0.909233215605234,1.1237768731559161,1.123926047114107,2.0,3.0,1.0,bb3c3b68881f3bb4
706,4,3,0.1786812110428681,0.3185027621798718,0.6116262503687506,0.9172327811081034,0.9038057445119747,0.7032996929562698,1.5,2.5,0.5,bb3c3b68881f3bb4
706,5,5,0.20826033750238163,0.34899865479536796,0.6436795758751754,0.927071191740575,1.1159542170508312,0.9808426198306923,2.0,3.0,1.0,bb3c3b68881f3bb4
707,0,0,0.11798332602873007,0.2506967367700477,0.5299427516159773,0.8880614083115219,0.9159521331123494,1.0916234948209338,2.0,3.0,1.0,084fb84c13e595cc
707,1,3,0.1186603790540895,0.2515057049507254,0.5310142287007013,0.8884883391694959,0.9949472506349187,0.9300151958449794,2.5,3.5,1.0,084fb84c13e595cc
707,2,5,0.1657482556813939,0.3047258191011752,0.5962635472313446,0.9122239160970684,0.8897478037578757,0.9032556025309613,2.0,3.0,1.0,084fb84c13e595cc
707,3,1,0.15251152283481345,0.29029478099768974,0.5795341894833478,0.9065345640015001,1.0398223589761368,1.2047104864876006,2.0,3.0,1.0,084fb84c13e595cc
707,4,2,0.123536170435421,0.2572883813865634,0.5385990521211204,0.8914733704186966,1.0409020456955607,1.1530008726281689,2.0,3.0,1.0,084fb84c13e595cc
707,5,4,0.14348940148170716,0.2802431390290608,0.5674754533740387,0.9022725701974285,1.0030333446416722,0.7737281595697344,2.5,3.5,1.0,084fb84c13e595cc
708,0,0,0.13476995394318428,0.2703433080435705,0.5552565895729933,0.8978085458450232,1.1283230675475173,0.9704974231972923,1.5,2.5,1.0,efd62343129999b9
708,1,1,0.1849854695647432,0.3251140388333025,0.6187973176663973,0.9195036776068168,1.2631180847664452,0.9237203472978961,2.0,3.0,1.0,efd62343129999b9
708,2,2,0.17096469303472187,0.31031883162232726,0.6025700275785392,0.9143043241819734,1.0694748915745866,0.776364308408126,3.0,4.0,1.5,efd62343129999b9
708,3,5,0.09267101595559654,0.2192380443344672,0.48617904348950547,0.8694242912626927,1.1919358559824835,1.42487509331707,3.0,4.0,1.5,efd62343129999b9
708,4,4,0.10665235815150886,0.23692410046530157,0.5112972353321898,0.8804156981391651,1.0319179062689157,0.7178683794429531,2.0,3.5,1.0,efd62343129999b9
708,5,3,0.12100485261155464,0.2542955670370475,0.5346897332344522,0.8899429200925708,0.9793581151926056,0.9131283248097333,1.5,2.5,1.0,efd62343129999b9
709,0,0,0.17340177031915904,0.3129148126744186,0.60546454629722,0.915247786640304,1.0866257680974172,1.0342163223890561,2.5,3.5,1.5,d884ea100c49fd80
709,1,4,0.11560965732320605,0.2478486485453494,0.5261498683274961,0.8865395045497129,0.9398823751588489,1.0933588448745892,1.5,2.5,1.0,d884ea100c49fd80
709,2,1,0.12851356152521748,0.2631169501751611,0.5461145035944901,0.8943683507670868,0.9742834071240085,1.2082155007219753,2.0,3.0,1.0,d884ea100c49fd80
709,3,5,0.15062246245023192,0.28820538692645725,0.5770556908657474,0.9056698724370658,1.202020878512769,1.3551852815756993,2.0,3.0,1.0,d884ea100c49fd80
709,4,3,0.14469372742505002,0.2815957619815176,0.5691182283560097,0.9028614171017496,1.0512870811343173,0.7355067352907135,1.5,2.5,1.0,d884ea100c49fd80
709,5,2,0.1595251521396186,0.2979855121818781,0.5885332290069599,0.9096263437549068,0.8198618045856378,0.9406461745419442,1.5,2.5,1.0,d884ea100c49fd80
710,0,2,0.14425626644226908,0.28110483245902895,0.5685227199459366,0.9026482637005461,1.2373205468505992,1.0860472679043753,2.0,3.0,1.0,3c2aa03c589d7aa4
710,1,1,0.08437000850673915,0.2083059367468645,0.4699480439337856,0.8618597499834337,1.1650133548446515,0.9398223066721185,2.5,3.5,1.5,3c2aa03c589d7aa4
710,2,0,0.1463785212342612,0.28348227082193683,0.571398893751278,0.9036745618786985,0.9698122783991885,0.8241846813970242,2.0,3.0,1.0,3c2aa03c589d7aa4
710,3,3,0.1045800358836491,0.2343541682776838,0.5077314099571278,0.8789052789672142,0.7374427268089467,0.8093819585086067,1.5,3.0,1.0,3c2aa03c589d7aa4
710,4,5,0.13344350882647643,0.26882014354044254,0.5533455381822268,0.8970966437967433,1.1043063271962374,1.1852103998111763,2.0,3.0,1.0,3c2aa03c589d7aa4
710,5,4,0.16689450656665689,0.3059591658933474,0.5976625534571293,0.9126883932611631,1.1483397954696255,0.8581798868879922,2.0,3.0,1.0,3c2aa03c589d7aa4
711,0,1,0.13001696777995508,0.2648633290510359,0.5483414792735105,0.8952144849307069,0.9836145111215238,1.2920552679967763,2.0,3.0,1.0,c90c40b041fe45a7
711,1,0,0.17160800928050968,0.3110051279415681,0.6033372415481437,0.9145550878017269,0.9175510063774234,1.0365340170405446,1.5,2.5,0.5,c90c40b041fe45a7
711,2,3,0.18857152142610642,0.3288462358758501,0.6227897605026791,0.9207500823726149,1.099300538417632,0.9654707286608541,1.5,2.5,0.5,c90c40b041fe45a7
711,3,2,0.15225077267492695,0.2900068434359711,0.579193493949944,0.9064160442593537,1.2129136859903245,1.1048223685860001,2.0,3.0,1.0,c90c40b041fe45a7
711,4,4,0.11862679250488835,0.2514656096451785,0.5309611831609935,0.8884672340345435,1.1029448678882399,1.4150734825017761,3.0,4.0,1.5,c90c40b041fe45a7
711,5,5,0.11618183623565467,0.24853690625255193,0.5270693937881719,0.8869099968450808,0.8420651671798044,1.1195759422111227,2.0,3.0,1.0,c90c40b041fe45a7
712,0,3,0.18124529138425186,0.3211995854048675,0.614566826213854,0.9181690366667626,1.0141818490237453,0.8985535545952449,2.5,3.5,1.0,b1b7ede838c5fed1
712,1,0,0.12509279451191285,0.25911908043134496,0.5409734405620032,0.8923946482399672,0.8893559151285186,0.8382746597176072,2.0,3.0,1.0,b1b7ede838c5fed1
712,2,1,0.14223738060735158,0.2788332622448451,0.56575639352809,0.9016535469794407,1.053083179501056,0.9453793334193552,2.0,3.0,1.0,b1b7ede838c5fed1
712,3,5,0.14981165655455578,0.28730617742558584,0.5759845286869004,0.9052943797597521,1.1036637913593683,0.8318073723348793,2.0,3.0,1.0,b1b7ede838c5fed1
712,4,4,0.18149312928603414,0.32145967596103137,0.6148492971400191,0.9182586017328991,0.9711837687940749,1.006125427388882,1.5,2.0,0.5,b1b7ede838c5fed1
712,5,2,0.13194455374842898,0.2670931829405162,0.5511685727620956,0.8962810589172927,1.088847459179802,1.1500848729229498,1.5,3.0,1.0,b1b7ede838c5fed1
713,0,0,0.14649485390450523,0.28361228703465097,0.5715556256228695,0.9037302580503741,0.9995126943319527,1.0267693273636644,2.0,3.0,1.0,187be56187870965
713,1,4,0.08994002576116086,0.2156803358398047,0.4809579664398644,0.8670324139909257,0.9240047223315461,0.9240886709594409,2.5,3.5,1.0,187be56187870965
713,2,2,0.1355072676021205,0.2711879496623141,0.5563127065432536,0.8982003520589777,0.9072388423308553,1.4059445892049565,1.5,2.5,0.5,187be56187870965
713,3,3,0.1179870370358018,0.2507011748958373,0.529948636936871,0.8880637569144555,0.9573655811952235,0.9044054099403857,2.0,3.0,1.0,187be56187870965
713,4,1,0.17353271268196643,0.313053993257457,0.6056191551852204,0.9152979818613872,1.1854291376122101,1.0235962485658794,2.0,3.0,1.0,187be56187870965
713,5,5,0.09986351173582,0.2284408031461115,0.4994195021323095,0.8753216258537523,0.7583823569667568,1.0081266372447895,2.0,3.5,1.0,187be56187870965
714,0,4,0.08783928473369101,0.21291824294602754,0.4768641393329578,0.8651297620851208,0.8326604079757223,1.1142322640247124,2.0,3.0,1.0,07cb04614195b485
714,1,2,0.1768246341321061,0.3165431675208975,0.6094760658685258,0.9165436835125892,1.0539662778171535,0.9719248406737933,2.0,3.0,1.0,07cb04614195b485
714,2,1,0.1650690006842764,0.303993774498962,0.5954309286410306,0.911946671944798,1.0444862919329483,1.0512288398698448,2.0,3.0,1.0,07cb04614195b485
714,3,3,0.13601651989311195,0.2717704977085572,0.557039610386998,0.8984693589729689,0.8446922717898832,1.0452559075013177,2.0,3.0,1.0,07cb04614195b485
714,4,0,0.08520756959233314,0.20942541742190798,0.47163597688207437,0.8626643720202395,0.9207729634804005,1.3125118995048637,2.5,3.5,1.0,07cb04614195b485
714,5,5,0.14886574078348136,0.28625526731887657,0.574729209806462,0.9048529487420406,1.0085703820285257,1.02535704995458,1.5,2.5,0.5,07cb04614195b485
715,0,0,0.2055646547589329,0.34627149570364074,0.640916745765248,0.9262539678710826,0.9108381102518073,0.730791028243449,2.0,3.0,1.0,442f3ae333af9dcf
715,1,5,0.19534234655719834,0.3358392982275451,0.6301645786864146,0.9230195478184163,0.9531790589964024,0.8915008211108443,2.0,3.0,1.0,442f3ae333af9dcf
715,2,3,0.2083324103261036,0.34907143708611843,0.6437530424058769,0.9270928464254079,1.1622121360471438,1.0685502300498264,1.5,2.5,1.0,442f3ae333af9dcf
715,3,4,0.14783282121743557,0.2851053860783641,0.5733513942694018,0.9043667156034535,0.943243607982783,0.961453032792505,1.5,2.5,1.0,442f3ae333af9dcf
715,4,2,0.12939066976959263,0.264136589100937,0.5474161204457759,0.8948635388087176,1.2131816249003764,0.7172452014437388,2.0,3.0,1.0,442f3ae333af9dcf
715,5,1,0.14764578782173818,0.28489691423802743,0.5731011182629965,0.9042781981805448,0.956912184517652,1.0802349856744264,2.0,3.0,1.0,442f3ae333af9dcf
716,0,4,0.15551147122753672,0.2935969906731017,0.5834218508164049,0.9078793532323879,1.076952418661109,0.7922088395030997,2.5,3.5,1.5,8a520015feb29d46
716,1,5,0.19517020423296202,0.3356623508431062,0.6299796503914405,0.9229631537843815,0.722649085089833,1.1805149614390826,2.0,3.0,1.0,8a520015feb29d46
716,2,1,0.14325814073646198,0.27998300515351265,0.5671587921722249,0.9021587606031621,1.0376163975752093,1.060438067247485,2.0,3.0,1.0,8a520015feb29d46
716,3,0,0.15918804174375692,0.2976181908771628,0.5881077949286679,0.9094818408905234,1.126092164414947,1.3038702523309993,2.0,3.0,1.0,8a520015feb29d46
716,4,2,0.14399263970475995,0.2808087645690567,0.5681631808647758,0.9025194045288555,0.8347555419796872,1.4839767846725673,2.0,3.0,1.0,8a520015feb29d46
716,5,3,0.13502956930514137,0.2706408782280502,0.5556289571369711,0.8979468205200177,1.0964318620206528,0.8990145569496377,2.5,3.5,1.0,8a520015feb29d46
717,0,4,0.17465350108151828,0.31424406031739927,0.6069387555788224,0.9157255849760904,0.9742589391206049,1.3572341425809094,2.5,3.5,1.0,5fa57fc0075534e1
717,1,3,0.1292151697287199,0.2639327449345607,0.5471562133001112,0.8947648040541032,1.0527519807490222,1.4549336042614078,1.5,2.5,1.0,5fa57fc0075534e1
717,2,5,0.1720812540961212,0.31150951481584177,0.6039001827799605,0.9147387669103729,0.9606945359570382,0.8466858059937941,2.5,3.5,1.5,5fa57fc0075534e1
717,3,2,0.1849422823983127,0.3250689679957991,0.618748860269385,0.9194884717096394,1.2119562103981825,0.9043306637443809,2.0,3.0,1.0,5fa57fc0075534e1
717,4,1,0.19038833467160152,0.33072946871441083,0.6247892822837328,0.9213695830497594,0.8669686139046335,0.9847261805823775,1.5,2.0,0.5,5fa57fc0075534e1
717,5,0,0.13870244600659234,0.27483189851124157,0.5608396523149131,0.8998668858961753,1.0969968297409598,1.3882476027653172,1.5,2.5,1.0,5fa57fc0075534e1
718,0,2,0.11104576125703,0.24231851394833212,0.5186923435063682,0.8834979606333079,1.1150998976296007,1.4173733607831216,1.5,2.5,1.0,7a5ebece95d28c04
718,1,1,0.20401852370410117,0.3447029186671202,0.6393187483840286,0.9257787318752494,0.9309048741906464,1.1006122692468499,1.5,2.5,1.0,7a5ebece95d28c04
718,2,5,0.14664888136861104,0.2837843835959803,0.5717629956863532,0.9038039126030201,1.1017311995317847,1.1168357107163418,2.5,3.5,1.5,7a5ebece95d28c04
718,3,0,0.08387097142163397,0.20763707587294386,0.4689366830597941,0.8613755928900465,1.001135710286532,0.9861198047950686,1.5,2.5,1.0,7a5ebece95d28c04
718,4,4,0.14939850669262766,0.28684741632174027,0.5754369933745705,0.9051020236697339,0.8089908873612297,1.189412379306699,1.5,2.5,0.5,7a5ebece95d28c04
718,5,3,0.0892892315770535,0.21482706981985716,0.4796970916614002,0.8664489808136094,1.0071061919300885,1.439097300134468,2.5,3.5,1.0,7a5ebece95d28c04
719,0,2,0.19289199429411,0.33331644537337135,0.627519747814621,0.9222105031015141,1.0659581323883631,1.312195050497033,2.5,3.5,1.0,ee696c326315147d
719,1,0,0.1443194439598406,0.2811757598725971,0.5686088078623124,0.9026790989715635,1.0020910124047995,0.6710731743949674,2.5,3.5,1.5,ee696c326315147d
719,2,4,0.15382015724546666,0.2917376374673606,0.5812372764180563,0.9071254055627012,0.9372680187808838,1.3358411558445629,2.0,3.0,1.0,ee696c326315147d
719,3,1,0.12205065288221623,0.2555344364897142,0.5363121770916658,0.8905801562120734,1.1026687733236165,1.2738721935015689,1.5,2.5,1.0,ee696c326315147d
719,4,5,0.12524711287579146,0.25930017360000823,0.5412076220542552,0.8924851768251943,0.8047371599438793,1.3022258106260733,1.5,2.5,1.0,ee696c326315147d
719,5,3,0.18197262500938857,0.3219625906709764,0.6153949266739513,0.918431424940374,0.9988905805877818,0.824001553511377,2.5,3.5,1.5,ee696c326315147d
720,0,0,0.09622345782430738,0.22381258787742478,0.492807829911956,0.8724064163516713,0.7899143550766304,1.220528262435418,1.5,2.5,1.0,35959d10cd60b14b
720,1,4,0.09970771740366703,0.2282438957308576,0.49914012551318027,0.8751996168455582,0.959520034302577,1.0283659752579313,2.0,3.5,1.0,35959d10cd60b14b
720,2,1,0.13942352395550203,0.2756506470053666,0.5618502924410189,0.9002361073742862,1.2174710681238985,0.746206792603727,2.0,3.0,1.0,35959d10cd60b14b
720,3,3,0.1554001128880835,0.29347475492680564,0.583278583391262,0.9078300430659545,1.0203340377969607,1.3451968496093265,1.5,2.5,0.5,35959d10cd60b14b
720,4,5,0.13722109495199006,0.27314575818327796,0.5587508282460303,0.8991005017259748,1.1525398459633096,0.7779210815630018,1.5,2.5,1.0,35959d10cd60b14b
720,5,2,0.20411756701697278,0.3448034968852517,0.6394214092169176,0.9258093193737086,1.008049943215452,0.8624017116115994,2.5,3.5,1.5,35959d10cd60b14b
721,0,4,0.15072691145176503,0.2883211179200833,0.5771933557077291,0.9057180519025193,1.2147969739666176,0.8248802655385798,1.5,2.5,0.5,e419a5fa8c4fc877
721,1,1,0.13328260679072995,0.26863505833026285,0.5531127450569722,0.8970096653855086,1.0173314174678985,0.8770192736241047,1.5,2.5,0.5,e419a5fa8c4fc877
721,2,3,0.1256913602037204,0.25982110424292043,0.5418805723880893,0.8927449887041986,0.8175287204071502,0.9924569769093043,1.5,2.5,1.0,e419a5fa8c4fc877
721,3,0,0.15082457746585257,0.2884293114018264,0.5773220139299883,0.9057630631219167,0.7924811156746927,1.0842031826355014,2.0,3.0,1.0,e419a5fa8c4fc877
721,4,2,0.13590176114031133,0.27163928116245717,0.5568759848284105,0.8984088529077432,0.9829629582982369,0.986021029937669,2.0,3.0,1.0,e419a5fa8c4fc877
721,5,5,0.18322946993633493,0.3232790392762496,0.6168197005744994,0.9188815727320543,1.0618325875789576,1.4072721862731277,2.5,3.5,1.5,e419a5fa8c4fc877
722,0,2,0.1299025815884532,0.26473068064342037,0.5481727240178614,0.8951505516466414,1.014982315712522,1.0507315090569,2.0,3.0,1.0,963f735837354f93
722,1,5,0.13627199886073904,0.27206249207827243,0.5574035020634339,0.8986038220130124,0.8777188353609171,1.0203793624109878,2.5,3.5,1.5,963f735837354f93
722,2,4,0.1600090409797193,0.2985123642219195,0.5891426754098384,0.9098330643923039,1.072286712075808,0.9578320990373594,2.0,3.0,1.0,963f735837354f93
722,3,0,0.16336955442481443,0.3021583693604511,0.5933359599365382,0.9112464015076597,0.9786204906730548,1.028517692303991,2.0,3.0,1.0,963f735837354f93
722,4,1,0.17772448083258469,0.3174936766478756,0.6105204445287747,0.9168788659822212,1.007002671943112,1.0970397222497426,2.0,3.0,1.0,963f735837354f93
722,5,3,0.1616342700353675,0.3002784561460849,0.5911791512072602,0.9105214100577969,1.1001755566863562,0.9487008288800873,2.0,3.0,1.0,963f735837354f93
723,0,3,0.15337522347619556,0.2912474829385727,0.5806594914746005,0.9069252603973559,1.0489615055991472,0.8134097611508835,1.5,2.5,0.5,197db850604a7378
723,1,5,0.14335009429531623,0.2800864545748448,0.5672847493498694,0.9022040420115313,0.9237410545322866,0.8191500556594974,2.5,3.5,1.0,197db850604a7378
723,2,0,0.11930060015819326,0.252269297260786,0.5320232467386,0.8888891842520275,0.9568578386835911,0.7923266479847038,2.0,3.0,1.0,197db850604a7378
723,3,4,0.12887318737127046,0.2635352799488893,0.5466489895534773,0.8945719099800924,0.9090144139317554,0.9657264835076977,1.5,2.5,0.5,197db850604a7378
723,4,2,0.09001094399135272,0.21577318873131257,0.48109497200138757,0.86709567231069,1.271653769034985,1.148304910463738,1.5,2.0,0.5,197db850604a7378
723,5,1,0.1607929697917343,0.29936489667846156,0.59012697323768,0.910166228382162,0.9994117906110307,1.0815686558542614,1.5,2.5,1.0,197db850604a7378
724,0,0,0.15556953513393723,0.2936607158564761,0.5834965210409211,0.9079050459538266,0.9642091918404938,0.8542509216619827,2.0,3.0,1.0,231cb3f05b98d234
724,1,3,0.08820022528899647,0.21339442849318063,0.4775724553281311,0.8654606925570695,1.042325806960323,1.135443152652991,2.5,3.5,1.0,231cb3f05b98d234
724,2,2,0.1517114911704413,0.289410862458072,0.5784874369129178,0.9061700785729812,1.0955383995647383,1.2666258870267688,1.5,2.5,1.0,231cb3f05b98d234
724,3,4,0.08870128702689721,0.2140543561761922,0.4785523305153312,0.8659172977655425,1.204436766785609,1.3130361154413068,1.5,2.5,1.0,231cb3f05b98d234
724,4,5,0.12432855681126312,0.2582211952297545,0.5398104942800069,0.8919441925570927,0.9542892763679582,1.083116633149816,2.0,3.0,1.0,231cb3f05b98d234
724,5,1,0.1436284252733399,0.280399458371096,0.5676656282286596,0.902340872735409,0.8241995987416039,0.6461745673328685,1.5,2.5,1.0,231cb3f05b98d234
725,0,2,0.19976881492058648,0.34037464287853353,0.6348751846543127,0.9244472661055921,1.126041352717589,0.9985081347597875,2.0,3.0,1.0,f9c9c68d79e4c12b
725,1,5,0.1804257612453989,0.3203388175161925,0.6136305791365808,0.9178717098793493,0.956997366070073,1.2048140319846263,2.0,3.0,1.0,f9c9c68d79e4c12b
725,2,0,0.1840350036586188,0.32412142778693953,0.6177287679300394,0.9191679308165288,1.0783741306953238,0.8288202289026243,2.5,3.5,1.0,f9c9c68d79e4c12b
725,3,3,0.14513580832924763,0.28209141635955687,0.5697186256542057,0.9030759709160439,0.8512062798754059,0.9690882196737324,2.0,3.5,1.0,f9c9c68d79e4c12b
725,4,1,0.17827349353649763,0.3180729224963191,0.6111555794584761,0.9170822652128309,0.856147856264964,1.3165530567008625,2.0,3.0,1.0,f9c9c68d79e4c12b
725,5,4,0.14290441419081404,0.27958486679723155,0.5666736832574337,0.9019842191867085,0.9114422949802952,0.8721822516134079,2.0,3.0,1.0,f9c9c68d79e4c12b
726,0,4,0.09994799635996857,0.22854753943154077,0.49957087126274685,0.8753876887861383,1.1554208684157863,1.1926300281199342,2.0,3.0,1.0,afeff26a55ecd765
726,1,5,0.15229387322815327,0.2900544481291165,0.5792498401257272,0.9064356532146091,1.0385152721280755,1.2972455355749224,2.0,3.0,1.0,afeff26a55ecd765
726,2,0,0.1637541571520445,0.3025742299479283,0.5938115616075317,0.9114057165086021,1.061540062930417,0.9724255994511674,2.0,3.0,1.0,afeff26a55ecd765
726,3,1,0.17105551509221162,0.3104157668185016,0.602678479101194,0.9143398019171081,0.8704017791629428,1.2475798288822089,1.5,2.5,1.0,afeff26a55ecd765
726,4,3,0.1331106250792342,0.2684371510234365,0.5528636867084945,0.8969165473993134,1.106419859034282,1.190486686771568,2.5,3.5,1.0,afeff26a55ecd765
726,5,2,0.15963359102528596,0.298103620161544,0.5886699302728398,0.9096727410806554,0.9528044919170628,1.0044883945795158,1.5,2.5,0.5,afeff26a55ecd765
727,0,2,0.1362057974990063,0.27198684493368636,0.5573092578327752,0.898569010446682,0.8187590082722587,1.1127497796966561,2.0,3.0,1.0,a5e0319232a13dfc
727,1,1,0.18236953593965788,0.32237860235272203,0.61584571493143,0.9185740259822275,1.191363250774158,0.7330902072586605,2.0,3.0,1.0,a5e0319232a13dfc
727,2,3,0.19186838108873028,0.3322599077988475,0.6264068711656413,0.9218684628752791,0.9929479465270739,1.2300229693412916,2.0,3.0,1.0,a5e0319232a13dfc
727,3,5,0.18225422102740957,0.32225776459988903,0.6157148276543631,0.9185326384345861,1.2399862090468634,1.1777887217946121,2.5,3.5,1.5,a5e0319232a13dfc
727,4,4,0.16670641640613523,0.30575695427334965,0.5974335063700331,0.9126124650586848,1.0459725538526143,0.8260788142394668,2.5,3.5,1.5,a5e0319232a13dfc
727,5,0,0.15802508880644195,0.29634924202619806,0.5866347418598445,0.9089802412729635,1.028268663416248,1.131299815605622,1.5,2.5,0.5,a5e0319232a13dfc
728,0,2,0.13248972455379396,0.26772198592550306,0.5519624888790843,0.8965790672891636,0.8760134874965122,0.8281412660492683,2.5,3.5,1.0,e1a14d58a055ad20
728,1,5,0.1454600526354159,0.2824546616475451,0.5701580963683993,0.9032327951784941,0.8234256847120079,1.3762206798902163,2.0,3.0,1.0,e1a14d58a055ad20
728,2,1,0.11979206688655336,0.2528545753072994,0.5327950928142587,0.8891950279709427,1.1296865209996396,0.8787520791550938,2.0,3.0,1.0,e1a14d58a055ad20
728,3,4,0.14136214604772027,0.2778454180365538,0.5645477905055644,0.9012165912777043,0.9857810729699844,1.0706666118872685,2.5,3.5,1.0,e1a14d58a055ad20
728,4,0,0.1589828978966873,0.29739454976450636,0.5878485594637359,0.9093937090089096,1.1793238599603681,0.7240416115119711,2.0,3.0,1.0,e1a14d58a055ad20
728,5,3,0.11185098100408848,0.24329952578027417,0.5200243082298734,0.8840460542263878,0.719438241741883,1.288565784741691,2.5,3.5,1.0,e1a14d58a055ad20
729,0,4,0.1880868467504797,0.32834298381984667,0.6222537333725813,0.9205834736323385,0.9719277286361172,1.3872756896137264,2.0,3.0,1.0,c7cda37a5cd126a3
729,1,5,0.13952670644062426,0.2757676986851117,0.5619945839699787,0.900288738345332,0.9933296581250055,0.9971402823688637,2.0,3.0,1.0,c7cda37a5cd126a3
729,2,0,0.16475941892776333,0.30365984026997145,0.595050557990439,0.9118198147058385,1.2565059817383943,0.9974310489715937,1.5,2.5,1.0,c7cda37a5cd126a3
729,3,2,0.15188538120285558,0.28960310457123073,0.5787153148361058,0.9062495143034539,0.9574204977393945,1.230850396593781,2.0,3.0,1.0,c7cda37a5cd126a3
729,4,3,0.1792141707735848,0.31906421720093353,0.6122402166082563,0.9174288476655095,0.9963548937788593,0.9598994106900293,1.5,2.5,1.0,c7cda37a5cd126a3
729,5,1,0.12866226732098834,0.2632899748377126,0.5463356505512731,0.8944526117494677,0.9336120064537761,1.0212859592248769,2.0,3.0,1.0,c7cda37a5cd126a3
730,0,1,0.20778826266268027,0.3485217638479857,0.6431978581848481,0.9269291052050666,1.047712144086974,1.1475639463569014,1.5,2.5,0.5,0370008a791a6991
730,1,5,0.1670144686726825,0.30608809976333584,0.597808531694095,0.9127367606979343,1.133641673009262,0.9369351733009912,1.5,2.5,1.0,0370008a791a6991
730,2,4,0.14579599484677028,0.2828307518790816,0.5706126301950167,0.9033947977318626,1.0076573727699702,0.840484080353886,2.0,3.0,1.0,0370008a791a6991
730,3,3,0.20025999369066386,0.34087618497797656,0.6353926686709669,0.9246030845673029,1.0666651704194166,1.0072595357461354,2.5,3.5,1.5,0370008a791a6991
730,4,0,0.19283114600352425,0.33325368366878233,0.6274537263757752,0.922190238339264,1.1489076807291723,1.0416437465571997,2.5,3.5,1.0,0370008a791a6991
730,5,2,0.14821040615470715,0.28552600776409326,0.5738559128358107,0.9045449712091724,0.9118472127670574,1.1279301527531742,2.5,3.5,1.5,0370008a791a6991
731,0,0,0.1476005797173479,0.28484651220366036,0.5730405871153246,0.9042567805636009,0.8600444054419614,1.0857459981750315,2.0,3.0,1.0,3cb62ad76cebe4f5
731,1,5,0.17549738899686387,0.3151386601889014,0.6079279231858215,0.9160451580641973,1.0105971858288243,0.7346200276991696,1.5,2.5,1.0,3cb62ad76cebe4f5
731,2,2,0.12903027958229546,0.2637178997498687,0.5468821122813122,0.8946605992255275,0.9816681259945228,1.0974688967783757,2.5,3.5,1.5,3cb62ad76cebe4f5
731,3,3,0.16839906044044223,0.3075742934843047,0.5994874671993777,0.9132917209806531,0.8574367572279045,0.9845800322929814,2.0,3.0,1.0,3cb62ad76cebe4f5
731,4,1,0.14707725594008036,0.2842627227268014,0.5723388460272365,0.9040082284273386,0.940616324447735,1.0333018777970135,1.5,2.5,1.0,3cb62ad76cebe4f5
731,5,4,0.15153501238286643,0.28921569059983093,0.5782559601379207,0.9060893384967739,0.9249715427749565,1.15076570540453,2.0,3.0,1.0,3cb62ad76cebe4f5
732,0,5,0.102414028525603,0.23164986078624014,0.5039488597791616,0.8772854757563153,0.978777368696828,1.0640375112832665,2.0,3.0,1.0,decf16d971d72759
732,1,2,0.18468014166103552,0.3247953297615737,0.6184545356870585,0.9193960724861301,0.9644491966114721,1.0804902182122564,1.5,3.0,1.0,decf16d971d72759
732,2,3,0.11696041890091402,0.2494716794190618,0.5283152499310535,0.88741040694197,1.1021707727621388,1.3982287064482462,2.5,3.5,1.5,decf16d971d72759
732,3,4,0.16239992278913123,0.301108652051457,0.592133010720362,0.9108425501655993,0.7962368336000817,1.0047396485622917,1.5,2.0,0.5,decf16d971d72759
732,4,0,0.14536686054731027,0.28235028544692303,0.5700318636923163,0.9031877684753025,1.0930595293580023,1.2824645331651015,2.0,3.0,1.0,decf16d971d72759
732,5,1,0.16215293800936437,0.3008409732181525,0.5918256985511315,0.9107391743290069,0.7812633974157336,0.5499783380583386,1.5,2.5,0.5,decf16d971d72759
733,0,2,0.13410146923272775,0.26957627033178627,0.5542952713341256,0.8974509094014433,0.8717781566630448,0.8027999145840417,2.0,3.5,1.0,9132783f74d2ba55
733,1,5,0.15261695170370826,0.2904111605386955,0.5796718147617991,0.9065824097841707,1.1008028391448272,1.1101969746014775,2.5,3.5,1.0,9132783f74d2ba55
733,2,4,0.16763411676731763,0.3067536603973371,0.5985612543574502,0.9129858694142867,0.7674443127402866,0.9909931296736427,1.5,2.5,1.0,9132783f74d2ba55
733,3,0,0.13398348194397108,0.26944076487989815,0.5541252224632238,0.8973875471728018,0.8432786084402707,0.9614551857004385,2.5,3.5,1.0,9132783f74d2ba55
733,4,3,0.12492562797840583,0.2589228297511798,0.5407195174241985,0.8922964202091519,0.9300269752272083,1.08157011963933,1.5,2.5,1.0,9132783f74d2ba55
733,5,1,0.14488140545483055,0.2818062400534896,0.5693732884857723,0.9029526064444233,1.0024693973186134,1.2407350793624186,2.5,3.5,1.0,9132783f74d2ba55
734,0,4,0.1089204274380001,0.2397178958262444,0.5151422532396318,0.8820266489392609,1.0595009692910544,0.8857947521049537,2.0,3.0,1.0,8baaec3c950e4bb0
734,1,1,0.09924597302044372,0.22765969008424064,0.4983102449496477,0.8748365869480702,0.7628392251402247,0.663392126585598,2.0,3.0,1.0,8baaec3c950e4bb0
734,2,0,0.1626417524458248,0.3013706276533648,0.5924335549997518,0.9109435683065614,0.8617102956503586,0.9171143011811853,2.0,3.0,1.0,8baaec3c950e4bb0
734,3,3,0.1514209783652533,0.289089541443957,0.578106277724949,0.9060371018827366,0.9747600028034699,0.9877775671187453,2.5,3.5,1.5,8baaec3c950e4bb0
734,4,5,0.20123210403006375,0.3418678100924159,0.6364138133960648,0.9249099693424767,1.0013684550606907,1.1006641911847268,2.0,3.0,1.0,8baaec3c950e4bb0
734,5,2,0.13553298812007086,0.27121738838099624,0.5563494695055305,0.8982139700144703,1.216152176639505,1.1383961189130865,2.0,3.0,1.0,8baaec3c950e4bb0
735,0,0,0.13457143748915465,0.2701156487915575,0.5549714895946161,0.8977025804547034,0.855875878893369,0.8037502164622706,2.0,3.0,1.0,5358bf07bf201fe9
735,1,1,0.18210601141807808,0.3221024248222194,0.6155465065264747,0.9184793936342561,0.8890891065424186,1.0457471418622588,2.5,3.5,1.0,5358bf07bf201fe9
735,2,2,0.09432000217210709,0.2213687824152396,0.48927833802060805,0.870826100369814,0.9493823066166578,1.028195148851125,2.0,3.0,1.0,5358bf07bf201fe9
735,3,4,0.16822099801955936,0.3073833649465683,0.5992721605133402,0.9132206890512359,0.9992546079250056,1.0155446334053706,1.5,2.5,1.0,5358bf07bf201fe9
735,4,3,0.1566657517494468,0.29486248689961564,0.5849022149068994,0.9083877666985832,0.9301844476537929,1.0063687623962392,1.5,2.5,0.5,5358bf07bf201fe9
735,5,5,0.19684287132828998,0.33737988286375886,0.631771007184211,0.9235083290021985,1.1490228077206357,0.7177429728594737,2.5,3.5,1.5,5358bf07bf201fe9
736,0,5,0.14574254047469104,0.28277092690797484,0.5705403595850148,0.9033690527964915,0.8329113315451858,0.8792223695454191,2.0,3.0,1.0,e1b28361f4d78ab5
736,1,2,0.18661555502683472,0.32681305923014814,0.6206197454716613,0.9200741934183568,1.023624357210746,1.015538287499647,2.5,3.5,1.0,e1b28361f4d78ab5
736,2,0,0.12546323453645153,0.25955367405425145,0.541535228340309,0.8926117204434989,1.2275804023602572,0.9530447882725506,2.5,3.5,1.0,e1b28361f4d78ab5
736,3,1,0.16104234201726153,0.2996358343393546,0.5904392993740856,0.9102717628776442,1.1160435011148282,1.4161092414680667,2.0,3.0,1.0,e1b28361f4d78ab5
736,4,4,0.0961503614473244,0.22371904659662992,0.4926732236522324,0.8723464577364143,0.9075862025442645,1.2495845435534219,1.5,2.5,0.5,e1b28361f4d78ab5
736,5,3,0.12681352053220174,0.26113437141332696,0.5435725264145401,0.8933960381383548,1.0937579120192704,1.0663367064545357,2.5,3.5,1.5,e1b28361f4d78ab5
737,0,4,0.19595724776413082,0.3364710106527137,0.6308240795339183,0.9232204499132306,0.8489967439010258,0.8952080826168304,1.5,2.5,1.0,18d8ba8d119795c8
737,1,3,0.09419147604923105,0.22120316754188651,0.4890381766101588,0.8707179498897347,1.0977811958083123,1.01232494602215,1.5,2.5,1.0,18d8ba8d119795c8
737,2,2,0.17983219416959678,0.319714687450244,0.6129503611653166,0.9176552425392517,0.8173620513750135,0.8208612003992435,2.0,3.0,1.0,18d8ba8d119795c8
737,3,0,0.18368054389237995,0.32375087968875343,0.61732914228616,0.9190421298232648,1.0740400837952955,1.3165637004570354,2.0,3.0,1.0,18d8ba8d119795c8
737,4,1,0.1659826181647805,0.30497819157424844,0.5965502039056536,0.9123192264603759,0.8379704435084612,0.7820139588871708,2.0,3.0,1.0,18d8ba8d119795c8
737,5,5,0.16664001143140347,0.30568554781774027,0.5973525931639088,0.912585631754903,1.0359063261673878,0.9657905051552338,2.0,3.0,1.0,18d8ba8d119795c8
738,0,1,0.1431121021891588,0.2798186673764659,0.5669586226550083,0.9020867679407634,1.0103984566565192,0.9488662704571841,1.5,2.0,0.5,b18e26059aeb31a5
738,1,4,0.07987047465900932,0.20222355899524302,0.46067133600996785,0.8573602131162955,1.0656630626881332,0.5567439081709449,2.5,3.5,1.0,b18e26059aeb31a5
738,2,5,0.13933097965187338,0.2755456407070999,0.5617208082446093,0.9001888596660362,1.0070497439427064,0.8198136815986286,3.0,4.0,1.5,b18e26059aeb31a5
738,3,0,0.1718763196378498,0.311291143906984,0.6036565562175682,0.9146593082861422,0.9348164981771379,0.7759917122310431,2.0,3.0,1.0,b18e26059aeb31a5
738,4,3,0.16844458329974774,0.307623096212486,0.5995424830778119,0.9133098648827562,0.9217387556366876,0.7809597072595735,2.0,3.0,1.0,b18e26059aeb31a5
738,5,2,0.17615947433424678,0.3158396668833141,0.6087013567665772,0.9162944645933941,0.8539638587893482,0.7608475578891241,2.0,3.0,1.0,b18e26059aeb31a5
739,0,3,0.18093628750497892,0.32087516319505727,0.6142142107711904,0.9180571393293091,0.9938945674345026,0.9717508419055565,1.5,2.5,0.5,60c8dbeccc50f209
739,1,2,0.13065087535857484,0.2655977787731076,0.5492746676541915,0.8955674803848395,0.9516843099059491,0.6103522061247253,2.5,3.5,1.0,60c8dbeccc50f209
739,2,0,0.11420275957277595,0.24615160792449303,0.523874495424675,0.8856184705508395,1.0254823461649147,0.9058799943420616,2.0,3.0,1.0,60c8dbeccc50f209
739,3,5,0.09450681407831871,0.22160936528007452,0.4896269918184517,0.8709829665072222,0.9314839949520867,1.2632602836330211,2.0,3.0,1.0,60c8dbeccc50f209
739,4,1,0.13991058006102103,0.27620293635238785,0.5625306841947547,0.9004841005521376,0.8803487166260273,0.8872306532777162,1.5,2.5,1.0,60c8dbeccc50f209
739,5,4,0.2053669073527059,0.3460710574379514,0.6407129117953025,0.9261934535312436,0.983750832103961,1.024251250463213,2.5,3.5,1.0,60c8dbeccc50f209
740,0,2,0.08309472749924235,0.20659389185687607,0.46735502528135836,0.8606153224996264,1.1962326787094162,0.5448196845620895,2.5,3.5,1.0,a13710976e448257
740,1,1,0.11666426365929719,0.24911635103301252,0.5278420807713542,0.8872205657577273,1.19672102059354,1.2158194659199006,2.0,3.0,1.0,a13710976e448257
740,2,0,0.121906005554407,0.25536328843112754,0.5360883920799984,0.8904924368980174,0.7698488927654533,1.0482617274815178,1.5,2.5,0.5,a13710976e448257
740,3,3,0.12666145077175328,0.2609566201667012,0.5433439005049443,0.8933082464177484,1.219675744672526,0.8262037297353615,1.5,2.0,0.5,a13710976e448257
740,4,4,0.07722239344790613,0.1985872467618531,0.4550384597312247,0.8545624361833181,0.7884037406708454,0.8047258760667906,1.5,3.0,1.0,a13710976e448257
740,5,5,0.15247072671089573,0.29024974098472844,0.5794809150925805,0.9065160382772518,0.9288118050151626,0.855025189821397,2.0,3.0,1.0,a13710976e448257
741,0,4,0.15332964761079054,0.29119725093209087,0.5806002340646449,0.9069047160603128,0.8072585644337279,0.802486126791865,1.5,2.5,1.0,e98354568202c273
741,1,5,0.11863819311207849,0.2514792199927084,0.5309791901723456,0.8884743988126164,0.8344175168066665,1.0517820573151764,2.5,3.5,1.0,e98354568202c273
741,2,1,0.21089595001934516,0.35165579906521066,0.6463527409410402,0.9278565999628775,1.0920322836145118,1.2064007421945178,2.0,3.0,1.0,e98354568202c273
741,3,3,0.18048024771448462,0.32039608017145654,0.6136929304618494,0.9178915331799371,1.0558652952464813,0.8026380435781748,2.0,3.5,1.0,e98354568202c273
741,4,2,0.1416952557834085,0.2782216070318719,0.5650084505051755,0.9013833077763254,1.0356978362702614,0.9589070086929039,2.0,3.0,1.0,e98354568202c273
741,5,0,0.10713838552781468,0.23752442708753738,0.5121261949462986,0.8807645536494143,0.8610325799950584,0.7571709114659619,2.0,3.0,1.0,e98354568202c273
742,0,3,0.1371970740603073,0.2731183702544459,0.558716815899512,0.8990879861122637,1.1190611532665833,1.0175942527703548,2.0,3.0,1.0,7596abbd07762b05
742,1,4,0.12440052918231259,0.25830582865642004,0.5399202430395978,0.8919867661029486,1.0515343998481335,0.8426438880315068,1.5,2.5,1.0,7596abbd07762b05
742,2,2,0.14378803698497342,0.2805788698934241,0.5678837922480814,0.9024191841458792,0.8620820158125877,0.9949136964004224,1.5,2.5,0.5,7596abbd07762b05
742,3,5,0.18630284777590708,0.3264874533437206,0.6202711302383993,0.9199652631619929,1.2011288363463157,0.6812131549370106,2.5,3.5,1.0,7596abbd07762b05
742,4,0,0.15706431345360072,0.29529880426491434,0.5854114034039631,0.9085621781974811,1.0781232487684345,1.1502215567034166,2.0,3.0,1.0,7596abbd07762b05
742,5,1,0.12102767223606778,0.2543226360035532,0.5347252467166465,0.8899569000836369,1.2124536219799298,0.7932109693848863,1.5,2.5,1.0,7596abbd07762b05
743,0,4,0.18134637709541002,0.32130568081471056,0.6146820748332374,0.918205587197425,1.1216404444850177,1.0866907666216243,2.0,3.0,1.0,d6186836e1f6133f
743,1,5,0.14698834503999458,0.2841634763092356,0.572219431998466,0.9039658856838733,1.1730616023794038,1.0100339011323707,2.0,3.0,1.0,d6186836e1f6133f
743,2,3,0.11729029132368247,0.2498671192732555,0.5288412446659122,0.8876211387671743,0.9703687303360142,1.022827678626712,2.0,3.0,1.0,d6186836e1f6133f
743,3,2,0.21082811060029508,0.35158751846204056,0.6462842785351303,0.9278365494100311,0.9336008021691867,0.8883472338311676,2.0,3.0,1.0,d6186836e1f6133f
743,4,0,0.11179293123330275,0.2432288803896047,0.5199285210098684,0.8840067095681403,0.8723639332560409,0.9431788559692569,2.0,3.0,1.0,d6186836e1f6133f
743,5,1,0.13530206170173686,0.27095301659994064,0.5560192110795822,0.8980915839677328,0.9464661220642596,0.8852102059230242,2.0,3.0,1.0,d6186836e1f6133f
744,0,5,0.16736399259504214,0.30646360993032706,0.5982333878868784,0.9128774244666847,1.0474116690278694,0.9669818599452871,1.5,2.5,1.0,43435a72fd57a933
744,1,3,0.16822710575278146,0.30738991497631,0.5992795487315035,0.9132231271642792,1.1522388845368499,0.6311014191234616,1.5,2.0,0.5,43435a72fd57a933
744,2,4,0.09343242686437314,0.2202234999672652,0.48761500781178685,0.8700754308043681,1.154102468987209,1.2221084389290724,2.0,3.0,1.0,43435a72fd57a933
744,3,2,0.1503085322138579,0.2878574019718109,0.5766414838626562,0.9055248019260921,0.9752631323045879,1.1554024450134612,1.5,2.0,0.5,43435a72fd57a933
744,4,1,0.15374857708134398,0.2916588109714194,0.5811444107819862,0.9070932577206481,1.0569102022942265,0.790351117122307,1.5,2.5,1.0,43435a72fd57a933
744,5,0,0.09649394137741482,0.22415851538672724,0.4933052823565307,0.8726277875606047,1.1674686695392475,1.1644831199930301,1.5,2.5,1.0,43435a72fd57a933
745,0,5,0.1263425033084442,0.2605835892081415,0.542863716198991,0.8931236724971107,1.1010337374243184,1.1187565311560377,2.0,3.0,1.0,5e7037d557042f9e
745,1,3,0.16852905434298265,0.3077136431207311,0.5996445381593116,0.9133435151200301,1.0973740257243156,1.1924153329437273,1.5,2.5,1.0,5e7037d557042f9e
745,2,0,0.15601836749242526,0.2941530704980567,0.5840729914867714,0.9081032271037666,1.2702949294874082,0.9647877240481175,2.0,3.5,1.0,5e7037d557042f9e
745,3,2,0.14286084564422952,0.2795358071887199,0.5666138688134394,0.9019626820295272,0.9286198340034094,1.3144953190943915,2.5,3.5,1.5,5e7037d557042f9e
745,4,1,0.10483766645588435,0.2346745768633023,0.5081775053537401,0.8790951117678837,0.8366795482534464,0.9856981376034284,2.0,3.0,1.0,5e7037d557042f9e
745,5,4,0.12459535293608795,0.2585348467788914,0.5402170863985606,0.8921018507274748,0.9990156137284902,0.8806759926492608,2.0,3.0,1.0,5e7037d557042f9e
746,0,2,0.13772049240610995,0.2737148210303068,0.559456926515787,0.8993600613839721,1.012541689626933,0.9807441116319282,2.5,3.5,1.0,f1c2af5bf8c404ae
746,1,5,0.15673634754933735,0.29493979429057127,0.5849924788959481,0.9084187019294098,1.1563796238835111,1.0040234455995827,2.0,3.0,1.0,f1c2af5bf8c404ae
746,2,0,0.15534541889152287,0.2934147088804255,0.5832081879905853,0.907805807275273,0.8886408415567533,1.2111334318466809,1.5,2.0,0.5,f1c2af5bf8c404ae
746,3,1,0.12566794476081983,0.2597936615771537,0.5418451469732639,0.8927313240258442,1.253158136413123,0.9474591250708861,2.0,3.0,1.0,f1c2af5bf8c404ae
746,4,3,0.17260369463588496,0.3120658690331354,0.6045202269785512,0.9149407670910595,0.948136064942538,1.2742190264319926,2.0,3.0,1.0,f1c2af5bf8c404ae
746,5,4,0.18198504955739558,0.3219756170363614,0.6154090496265938,0.918435895051711,1.199463523887022,1.1500224525516525,1.5,2.5,1.0,f1c2af5bf8c404ae
747,0,3,0.20221197253806808,0.3428660190882287,0.6374390638044816,0.9252173028616999,1.1233357329021656,1.072942739138878,1.5,3.0,1.0,a2f13ef3694f9657
747,1,2,0.14267051235286388,0.27932143192632763,0.5663524000803135,0.9018684946648977,1.060576557330851,0.6994352465708624,1.5,2.5,0.5,a2f13ef3694f9657
747,2,1,0.187896505697625,0.32814524748317414,0.6220429223362373,0.9205178869098691,0.8297504261269169,1.0891778140229162,2.0,3.0,1.0,a2f13ef3694f9657
747,3,0,0.1281479602044776,0.26269129075717945,0.5455699824129716,0.8941606550111614,1.0968320565915959,1.3217748408068077,2.5,3.5,1.0,a2f13ef3694f9657
747,4,4,0.10219895725460434,0.2313803015478742,0.5035701076717709,0.8771222740213359,0.9194167905386226,1.251553065760037,2.5,3.5,1.5,a2f13ef3694f9657
747,5,5,0.10826792030506369,0.2389161270673842,0.5140421284578247,0.8815675900230628,1.0687222603636963,1.165046233775716,2.5,3.5,1.0,a2f13ef3694f9657
748,0,2,0.1658050593415267,0.30478699752038346,0.596333054873935,0.9122470332514843,1.243332861562955,1.030218137427866,2.0,3.0,1.0,5210d8dc7d43a1eb
748,1,0,0.15129127371824566,0.2889460220272086,0.577935920016957,0.905977624354399,0.8750536745367834,1.3660575660725762,3.0,4.0,1.5,5210d8dc7d43a1eb
748,2,1,0.09395157142293982,0.2208938270432877,0.48858926442049216,0.8705155809742164,0.9930606822403655,1.2935397840348049,1.5,2.5,1.0,5210d8dc7d43a1eb
748,3,3,0.14633228264304501,0.283430584728528,0.5713365711795281,0.9036524083731701,0.9797835733596665,0.6874308879040223,1.5,2.5,1.0,5210d8dc7d43a1eb
748,4,5,0.12816301816967168,0.2627088298883517,0.5455924325704264,0.8941692244208029,1.118941661739328,0.6918562250221585,2.5,3.5,1.0,5210d8dc7d43a1eb
748,5,4,0.12955934761211038,0.2643324272114079,0.547665674229962,0.8949582727703056,0.991571982297748,0.9661131707662853,1.5,2.5,1.0,5210d8dc7d43a1eb
749,0,4,0.17009913468347537,0.3093942625546307,0.6015341709353682,0.9139649590728482,0.9140502030644324,0.8986288599751355,1.5,2.5,0.5,3c7f174ba05c0a52
749,1,3,0.15902163046791798,0.2974367812959934,0.5878975248401831,0.9094103603376177,0.8289099505769081,0.9971581088340014,2.0,3.0,1.0,3c7f174ba05c0a52
749,2,0,0.18681027243011386,0.3270157307355548,0.6208365859676933,0.9201418998930131,1.0104609515275351,1.0078723729875008,1.5,2.5,0.5,3c7f174ba05c0a52
749,3,2,0.1431688030577018,0.27988247918754144,0.5670363589434195,0.9021147311272962,1.2021255971791083,1.0840062440308953,2.0,3.0,1.0,3c7f174ba05c0a52
749,4,1,0.18730778245887542,0.3275332938939974,0.6213898004417843,0.9203144670767788,1.1065375451359476,0.7674492196577993,2.0,3.0,1.0,3c7f174ba05c0a52
749,5,5,0.11684267307953108,0.24933044237175872,0.5281272331402856,0.8873350033385466,0.8239093021536055,0.8379997592171761,1.5,2.5,1.0,3c7f174ba05c0a52
750,0,1,0.1477497504547046,0.28501280332070694,0.5732402644173943,0.9043274186857352,1.1690347630059599,0.7382087238625017,1.5,2.5,0.5,99a8858f9f87dc1c
750,1,0,0.12119807683894207,0.2545247206840503,0.5349902845335189,0.8900611882766415,0.974801749344243,1.2373700844529234,2.0,3.0,1.0,99a8858f9f87dc1c
750,2,3,0.14837591070751233,0.285710274006072,0.5740767437737503,0.9046229182972672,1.1146395770522932,0.8770041463194305,1.5,2.5,0.5,99a8858f9f87dc1c
750,3,2,0.1706256200520113,0.3099568039863275,0.6021647354982314,0.914171652315014,0.975312520766394,1.3055738443923715,2.0,3.0,1.0,99a8858f9f87dc1c
750,4,4,0.1715550555877559,0.3109486645819177,0.6032741751261738,0.9145344934403921,0.9929874084248265,1.102577392134905,2.0,3.5,1.0,99a8858f9f87dc1c
750,5,5,0.12749518350207054,0.26193032600225213,0.5445948357815268,0.8937879107080835,1.1575111489200145,1.1404641004524776,2.0,3.0,1.0,99a8858f9f87dc1c
751,0,4,0.10922417393153805,0.24009058424418525,0.5156527202164781,0.882239152515385,0.9182554103086992,0.972678044383892,2.5,3.5,1.0,7b70f5fe7abbbec0
751,1,0,0.14289239721013935,0.27957133574133314,0.56665718676219,0.901978279708366,1.1901188283846225,1.2277779245484315,2.0,3.0,1.0,7b70f5fe7abbbec0
751,2,5,0.1629822898927002,0.30173933965442074,0.5928561810574855,0.9110854848140442,1.247827088046651,0.7769845007122274,1.5,2.5,0.5,7b70f5fe7abbbec0
751,3,2,0.13833086045093118,0.27440946850369746,0.5603172872572539,0.8996756450472686,1.148391661071268,0.928300966832865,1.5,2.5,0.5,7b70f5fe7abbbec0
751,4,3,0.13946142036628165,0.2756936403353363,0.5619032966509794,0.9002554433192668,1.154762440236816,1.3762645582506765,2.0,3.0,1.0,7b70f5fe7abbbec0
751,5,1,0.14638470046821744,0.28348917767331355,0.57140722127154,0.903677521738623,1.0862897769412079,0.9417762950206945,2.5,3.5,1.5,7b70f5fe7abbbec0
752,0,2,0.12261557633930371,0.25620223873935416,0.5371842832081486,0.8909214715932968,1.0282306675522452,0.8109994450421931,2.0,3.0,1.0,0ef496ca9d1fb0a0
752,1,0,0.1972647414485954,0.33781242952616825,0.6322208694134914,0.9236448539083413,1.1064728941573363,0.9078991851621305,1.5,2.5,1.0,0ef496ca9d1fb0a0
752,2,4,0.0794765200179091,0.20168533059767693,0.4598417279352391,0.8569513217658186,0.961673106989832,0.7579942319579014,1.5,2.5,1.0,0ef496ca9d1fb0a0
752,3,1,0.15449015855875195,0.29247493394720236,0.5821048945345584,0.9074253682196443,0.9806600535443375,1.2122612759045874,2.5,3.5,1.5,0ef496ca9d1fb0a0
752,4,3,0.1678258942515108,0.306959502010098,0.5987937747635159,0.9130627213668604,0.8760989262327157,1.2245836609169547,2.5,3.5,1.0,0ef496ca9d1fb0a0
752,5,5,0.21817268185433492,0.3589460405593207,0.6535935175620913,0.9299582828607663,1.0613737463526896,1.0403687486618536,2.5,3.5,1.5,0ef496ca9d1fb0a0
753,0,0,0.11141973936363199,0.24277442621633138,0.5193118454398541,0.8837531462355771,0.9740658060168812,1.0462663431352182,2.0,3.0,1.0,f970405a690ff10d
753,1,2,0.11253115199468641,0.2441263884990565,0.5211439307003973,0.8845051259722692,1.195813997877284,0.6675093517988432,2.0,3.5,1.0,f970405a690ff10d
753,2,4,0.10247212112722201,0.23172263854193992,0.5040510647475438,0.8773294835617643,0.9503650911201957,0.6921176828198229,2.0,3.0,1.0,f970405a690ff10d
753,3,5,0.16994388305375427,0.3092282821572061,0.601347934642675,0.9139038475247487,0.8712827934743098,1.3190698341211178,2.5,3.5,1.0,f970405a690ff10d
753,4,3,0.12476607026538775,0.25873543380266034,0.5404769145218912,0.89220250532435,0.9728019774210747,0.7073538951822279,1.5,2.5,1.0,f970405a690ff10d
753,5,1,0.19896167854049995,0.3395497387981569,0.6340225778725559,0.9241900997178149,0.9748480912331062,0.6933842092420744,2.0,3.0,1.0,f970405a690ff10d
754,0,0,0.18000479100922623,0.3198962318295423,0.6131483381979558,0.9177182842409582,1.0464248210208114,0.9689993855182717,1.5,3.0,1.0,7b7ffb24e016f428
754,1,4,0.13823923046894326,0.27430524682974083,0.5601883121918635,0.8996283841624519,1.1394842687534785,0.9763464825811028,2.0,3.0,1.0,7b7ffb24e016f428
754,2,2,0.15142283848981303,0.289091599420152,0.5781087200448878,0.9060379543795528,1.1232346045060784,1.1411066785346953,2.5,3.5,1.0,7b7ffb24e016f428
754,3,3,0.1743866797054701,0.3139609461308545,0.6066252125811789,0.9156241169073106,0.9621073447341304,1.0157817784158245,2.0,3.0,1.0,7b7ffb24e016f428
754,4,1,0.2126576813135125,0.353426919590214,0.6481243647343022,0.9283742813694795,0.9490526553864667,0.8611992290195343,2.5,3.5,1.0,7b7ffb24e016f428
754,5,5,0.1321343571843191,0.26731219537978307,0.551445258589429,0.8963849920215861,1.0650619785218671,0.622088717325164,2.0,3.0,1.0,7b7ffb24e016f428
755,0,4,0.17501056573496424,0.3146227335597188,0.6073577514501858,0.915861050966628,1.0226434717210287,1.0861931281073023,2.0,3.0,1.0,cb67a8fb30a8c731
755,1,5,0.09818600616348795,0.22631512327608744,0.4963945676176183,0.8739951017059704,0.7969179043933219,1.0776644639594695,2.5,3.5,1.0,cb67a8fb30a8c731
755,2,0,0.18970527526743733,0.3300220310969705,0.6240393350382825,0.9211375987456862,0.7316983470502725,1.2886455715465355,1.5,2.0,0.5,cb67a8fb30a8c731
755,3,3,0.1509344241040791,0.2885509732430445,0.5774666412444124,0.9058136425378128,0.9810604181974513,1.293478320472941,2.0,3.0,1.0,cb67a8fb30a8c731
755,4,1,0.08586695078928455,0.2103040395569021,0.47295656130788094,0.8632909167296521,1.0179124965117576,0.7107710921971874,2.0,3.0,1.0,cb67a8fb30a8c731
755,5,2,0.2021227588642917,0.3427751905534558,0.6373458854153877,0.9251894037242507,1.2181570466420093,1.1617015728164959,2.0,3.5,1.0,cb67a8fb30a8c731
756,0,1,0.12485134231023423,0.25883559284346136,0.5406065970878638,0.8922527152369525,0.9103513448699767,0.5781254904045492,2.5,3.5,1.5,56b02f5c178a72b5
756,1,2,0.14756548303371747,0.2848073800566311,0.5729935847699837,0.9042401473950251,0.9978998942092514,1.0362089967472303,2.0,3.0,1.0,56b02f5c178a72b5
756,2,0,0.1394594614129826,0.2756914179987664,0.5619005570094872,0.9002544439666232,1.2493126129792798,1.1555833861756077,2.5,3.5,1.0,56b02f5c178a72b5
756,3,5,0.16872765143920215,0.3079264729462354,0.599884318158987,0.9134225415716272,0.9614344598102457,1.2120766862569845,2.0,3.0,1.0,56b02f5c178a72b5
756,4,3,0.14003826519935186,0.2763476247772044,0.5627087549106417,0.9005489283130748,0.9946897196709787,1.166051956831364,2.0,3.0,1.0,56b02f5c178a72b5
756,5,4,0.17231743154843876,0.3117610838754558,0.604180667267638,0.9148301844388628,1.110535985800598,0.9990498908157068,2.0,3.0,1.0,56b02f5c178a72b5
757,0,4,0.16937588835742207,0.30862065999848853,0.6006654376824747,0.9136796391913495,0.7910559198628226,1.132477227575441,2.0,3.0,1.0,94f8dc1ca84afa04
757,1,1,0.150714370949577,0.288307224140703,0.5771768310874861,0.9057122696161904,1.0475337681564605,1.1248593368853501,2.0,3.0,1.0,94f8dc1ca84afa04
757,2,5,0.2128766289311439,0.3536467573251352,0.6483437004888333,0.9284382161151736,1.1003227020628799,1.174929205247994,2.0,3.0,1.0,94f8dc1ca84afa04
757,3,2,0.17959374472417897,0.3194637948532662,0.6126765992279433,0.9175680158623243,0.8913085268904793,0.9203267650428769,2.0,3.0,1.0,94f8dc1ca84afa04
757,4,3,0.1692091078178049,0.3084421312053762,0.6004646936921055,0.9136136163840368,0.9919472257720647,1.4150856209348652,2.5,3.5,1.0,94f8dc1ca84afa04
757,5,0,0.13078364460953049,0.265751464223325,0.5494696875016144,0.8956411338007136,1.120027866497418,1.0313261538101675,2.5,3.5,1.5,94f8dc1ca84afa04
758,0,4,0.17851131291822048,0.31832367973347103,0.6114302229856536,0.917170115648366,1.0491262619533226,1.178318887296802,1.5,2.5,1.0,b39fccee0c0b0da0
758,1,0,0.13487753723898413,0.2704666412557161,0.5554109627117775,0.8978658879743591,0.973482723773442,1.1367016099916813,2.0,3.0,1.0,b39fccee0c0b0da0
758,2,2,0.12222309219243072,0.25573838350745903,0.5365787008632725,0.8906845553330329,1.0621052684972694,0.9434238472689864,2.5,3.5,1.0,b39fccee0c0b0da0
758,3,5,0.11176139136885233,0.24319049198051337,0.5198764621043631,0.8839853217296804,1.0275121800183857,0.6280770191041991,1.5,2.5,1.0,b39fccee0c0b0da0
758,4,3,0.1528375721534619,0.29065461829632233,0.5799595717283563,0.9066823921606587,1.0701584971993,1.2550023392865126,1.5,2.5,1.0,b39fccee0c0b0da0
758,5,1,0.20010435993968467,0.34071730419155716,0.6352288113797818,0.9245537676481885,1.0180489559590762,1.407359390894306,1.5,2.5,0.5,b39fccee0c0b0da0
759,0,1,0.1675373270255245,0.3066497464379811,0.5984438223803374,0.9129470383702885,1.1490813874617163,0.5973719645145616,2.0,3.0,1.0,0af70563772a2cec
759,1,5,0.2098372979142543,0.35058958430636866,0.6452823064282497,0.9275427149536951,1.0637619946428922,0.7784641559423945,1.5,2.5,1.0,0af70563772a2cec
759,2,2,0.17004284626430027,0.30933408937188095,0.601466664113261,0.9139428108232615,0.9944184337209347,0.7854451687453461,1.5,2.5,1.0,0af70563772a2cec
759,3,4,0.1526921050094892,0.2904941051219543,0.5797698739033267,0.9066164895187104,0.9254304339873275,0.6322831973281992,2.0,3.0,1.0,0af70563772a2cec
759,4,3,0.15829096038369042,0.2966395898650427,0.5869722497021169,0.9090953418334287,1.0000615279048313,1.1580444869891295,1.5,2.5,0.5,0af70563772a2cec
759,5,0,0.1690665722904535,0.3082895147179627,0.6002930085861193,0.9135571233142991,0.8172751803923457,1.1452815803295606,1.5,2.5,1.0,0af70563772a2cec
760,0,1,0.1977529729121747,0.3383126979138655,0.6327405260407969,0.9238023686194974,1.1414227246119704,1.3556119539858618,1.5,2.0,0.5,7498cede97363ab6
760,1,0,0.1322117748800794,0.26740149866140095,0.5515580279921456,0.8964273292448997,0.9630779482597975,1.1107534238165353,2.0,3.0,1.0,7498cede97363ab6
760,2,3,0.11535372960668377,0.24754044275583048,0.5257374866706298,0.8863730289464871,1.0739956679628138,0.6660016259538757,2.0,3.0,1.0,7498cede97363ab6
760,3,5,0.14626879996170994,0.28335961487953354,0.5712509815684773,0.9036219781380069,1.0034561135918767,0.8093942464848671,1.5,2.5,1.0,7498cede97363ab6
760,4,4,0.10607904876804924,0.23621479901355022,0.5103158493255839,0.8800015901227288,0.8138253725639528,0.9408388335558912,1.5,2.0,0.5,7498cede97363ab6
760,5,2,0.12928599431869764,0.264015018534495,0.5472611330843249,0.894804670142575,0.8605315776716636,1.0324636705212877,2.0,3.0,1.0,7498cede97363ab6
761,0,1,0.17681154217272285,0.31652932825250185,0.6094608400184854,0.9165387902542048,0.9194268974037663,1.2396967173735753,1.5,2.5,1.0,125f6a598d14e4c2
761,1,2,0.12889271444772554,0.2635579840057803,0.546677979105936,0.894582941930322,0.8093886358816157,1.3279243831947154,2.5,3.5,1.5,125f6a598d14e4c2
761,2,5,0.13398328143102212,0.26944053456412503,0.5541249333779874,0.8973874394307181,0.9747392055898763,0.979899328238102,1.5,2.0,0.5,125f6a598d14e4c2
761,3,0,0.18616430821072755,0.32634315003440306,0.6201165325393667,0.9199169257682857,1.1148731199359354,1.306607447565588,2.0,3.0,1.0,125f6a598d14e4c2
761,4,4,0.11451442109950064,0.24652812654447007,0.5243803245171572,0.885823747028977,1.1246057939713006,0.6456944594401866,1.5,2.5,0.5,125f6a598d14e4c2
761,5,3,0.17222391660633962,0.31166148652726894,0.604069645170483,0.9147940072823053,0.8196641966956568,1.232208866878167,1.5,2.5,0.5,125f6a598d14e4c2
762,0,5,0.21711696891515825,0.3578924571499467,0.6525554509490219,0.9296592613883089,0.9210816760557905,1.198491847399672,2.0,3.0,1.0,7b33a1c522dccba9
762,1,3,0.1134111125259378,0.2451937099884063,0.5225850459674933,0.8850938188236175,1.088195733521163,0.6868532540801453,1.5,2.5,1.0,7b33a1c522dccba9
762,2,1,0.09663799783118997,0.22434261802078112,0.49356980946488316,0.8727453686463358,0.9354820843750249,1.1155098660037355,2.0,3.0,1.0,7b33a1c522dccba9
762,3,2,0.12002892148939434,0.25313636494268177,0.5331662307644377,0.8893418507069546,1.1085654185610212,0.6868697045574739,1.5,3.0,1.0,7b33a1c522dccba9
762,4,4,0.16927707393955094,0.30851489112968805,0.6005465193296554,0.9136405322422604,1.2401864300660992,1.1382361342325735,2.0,3.0,1.0,7b33a1c522dccba9
762,5,0,0.1336008452420191,0.26900105986285,0.5535729673133861,0.8971815636865017,0.8313369126196846,0.896665844904714,2.0,3.0,1.0,7b33a1c522dccba9
763,0,4,0.08552321978592538,0.20984631484630262,0.4722690513499771,0.8629650547616347,0.9535332464405668,0.8795919190094491,2.0,3.0,1.0,913773d2c514111b
763,1,1,0.1204254901589723,0.25360776922329015,0.5337864131582083,0.889586848069967,0.8656004137564705,1.137790146883668,2.5,3.5,1.0,913773d2c514111b
763,2,5,0.1950816742843289,0.33557133287218577,0.62988449356327,0.9229341254156834,1.052965500920204,1.1700503206957067,1.5,2.5,1.0,913773d2c514111b
763,3,3,0.17801930099877192,0.31780479557581215,0.6108617056977351,0.91698819476483,0.9092919034129591,1.3360006100615736,2.0,3.0,1.0,913773d2c514111b
763,4,2,0.1545085803408323,0.29249519248625816,0.5821287086175302,0.9074335916762589,1.0477360590641103,0.5872347550467364,2.5,3.5,1.0,913773d2c514111b
763,5,0,0.1167564313423152,0.24922696549462148,0.527989433011227,0.8872797130266518,1.0107981002792588,1.174296303922262,3.0,4.0,1.5,913773d2c514111b
764,0,3,0.1860248160987813,0.32619782395818325,0.619960778841374,0.919868207695077,1.2419820952414091,0.9781596593027663,1.5,2.5,0.5,b6044b2b774db24b
764,1,4,0.12599025316532178,0.2601712614231542,0.5423323359766032,0.892919127980368,0.8243097468557824,0.8701724206521029,2.0,3.0,1.0,b6044b2b774db24b
764,2,5,0.1878271710623787,0.32807320501743437,0.6219660886619035,0.9204939739812168,0.9682118961754091,1.1376482260367473,2.5,3.5,1.0,b6044b2b774db24b
764,3,2,0.16733601542883772,0.30643356116443704,0.5981994065172724,0.912866179481665,0.7158483799118733,0.9188497597651859,2.5,3.5,1.5,b6044b2b774db24b
764,4,1,0.20433386217337923,0.34502309770377476,0.6396454636158125,0.9258760486505722,0.8826419216752849,1.104280365498707,1.5,2.5,1.0,b6044b2b774db24b
764,5,0,0.14246307400208474,0.2790876911900914,0.5660671294893772,0.9017656565114136,0.9003729718619129,1.0579200309598986,2.5,3.5,1.0,b6044b2b774db24b
765,0,1,0.11833649397369375,0.2511189012960733,0.530502229183353,0.8882844965281589,1.0118865848115792,1.0760645768656032,2.0,3.0,1.0,971e206da9ea980d
765,1,3,0.174628756170744,0.3142178096596046,0.6069096936714244,0.9157161834912122,0.9800881969790125,0.9467740980426634,1.5,2.5,1.0,971e206da9ea980d
765,2,4,0.1305658274568068,0.2654993068255587,0.5491496653999374,0.8955202494740102,1.079209573795437,0.9478019115093406,2.0,3.0,1.0,971e206da9ea980d
765,3,0,0.18746265404311585,0.3276943288990759,0.6215617722209241,0.9203680617465804,1.000565109107708,1.272278752595946,2.5,3.5,1.5,971e206da9ea980d
765,4,2,0.1176715173301455,0.2503236724169087,0.5294477597333697,0.8878637339413786,0.9744321079963802,0.598204943548347,2.5,3.5,1.0,971e206da9ea980d
765,5,5,0.19947551722589607,0.3400749951105351,0.634565687300945,0.9243539777360419,0.9295064701681084,0.8577463789889621,2.0,3.0,1.0,971e206da9ea980d
766,0,3,0.1913186508982389,0.33169184675943425,0.6258072289356519,0.9216837653564277,0.9213307185946729,0.7168458580580208,2.0,3.0,1.0,5a072c154011c9f3
766,1,2,0.16006926186719128,0.29857789893612136,0.5892184216502081,0.9098587337504745,1.0138330293024975,1.072691381650837,1.5,2.5,1.0,5a072c154011c9f3
766,2,1,0.16842611585363615,0.3076032986715751,0.599520165968818,0.9133025051504675,1.058385496254388,1.3984149389871916,1.5,2.5,1.0,5a072c154011c9f3
766,3,4,0.14418655404136843,0.28102655753032635,0.5684276938441059,0.9026142185212908,0.8352828478495635,0.8967187740523361,2.0,3.0,1.0,5a072c154011c9f3
766,4,5,0.11850714840952037,0.25132274990114756,0.5307721303221968,0.8883919897680033,0.8961764391966073,0.9658476785288357,1.5,2.5,1.0,5a072c154011c9f3
766,5,0,0.20438697921793383,0.34507701683043285,0.6397004566248758,0.9258924213361247,0.9129005915518279,0.9692370227438044,2.5,3.5,1.0,5a072c154011c9f3
767,0,0,0.11231688463465331,0.24386608714868935,0.5207917667205059,0.8843608918334903,0.9303218955958326,1.0691765123983679,2.5,3.5,1.0,25e4c24f9cf12f60
767,1,2,0.17602100679660027,0.31569312206363453,0.6085397926968392,0.9162424276190201,0.8749387477067949,0.9643470280520604,1.5,2.5,1.0,25e4c24f9cf12f60
767,2,3,0.09490637173388354,0.22212338559996714,0.4903710397487691,0.871317170570339,1.0597552091067504,1.2450794928123625,1.5,2.0,0.5,25e4c24f9cf12f60
767,3,5,0.1570316229724248,0.29526302944177996,0.5853696769969814,0.908547894616091,1.0310537283184646,1.3970263627702864,1.5,2.5,1.0,25e4c24f9cf12f60
767,4,1,0.1859198102970146,0.32608840623663576,0.6198434701069526,0.9198315020352505,1.0329558140382364,0.7206497697325662,2.0,3.0,1.0,25e4c24f9cf12f60
767,5,4,0.09308978060415463,0.21978037194223884,0.4869698460176522,0.8697832360003275,1.2447741655508717,1.08961123234779,2.0,3.0,1.0,25e4c24f9cf12f60
768,0,2,0.16348281821325794,0.3022808683172469,0.5934761134113605,0.9112933702613177,1.0650315749973605,0.7020168045253008,2.0,3.0,1.0,e4bad4d6e4ceaf6c
768,1,3,0.20340775292326982,0.3440823873607391,0.6386847718985248,0.9255896674195961,1.0613767632556501,1.425408687698629,2.0,3.0,1.0,e4bad4d6e4ceaf6c
768,2,4,0.1888919948830734,0.3291787935140691,0.6231435823517283,0.9208599337343026,0.8587912908166023,0.9735312151745807,1.5,2.5,1.0,e4bad4d6e4ceaf6c
768,3,0,0.15234575315176452,0.2901117442957284,0.5793176473960876,0.9064592467969584,1.1328504387677085,0.8924874567309284,2.0,3.0,1.0,e4bad4d6e4ceaf6c
768,4,1,0.14087244803345353,0.27729189529540244,0.5638690763654481,0.9009705756265854,0.8702271186390832,1.1481338453997911,2.0,3.0,1.0,e4bad4d6e4ceaf6c
768,5,5,0.17718101999398028,0.31691978369294066,0.6098901969562559,0.9166767025898126,0.8472484403764609,0.8600797819596342,2.0,3.0,1.0,e4bad4d6e4ceaf6c
769,0,2,0.1410852463851407,0.27753250121252293,0.5641642325984075,0.901077618063043,0.9680999669475514,1.0196293890794013,2.5,3.5,1.0,98e3ccfe1d2c1290
769,1,0,0.18587320189402817,0.32603983395208347,0.619791383876438,0.9198152008467828,1.0627762404854595,0.8836798438150163,2.0,3.0,1.0,98e3ccfe1d2c1290
769,2,1,0.14887651566256405,0.28626724952865695,0.5747435436279901,0.9048579976575137,0.9499332596977155,0.8815593699080433,2.5,3.5,1.0,98e3ccfe1d2c1290
769,3,3,0.10778872522619026,0.23832629967773838,0.5132311075708156,0.8812282153667073,1.0115706742538875,0.8889140037199339,2.0,3.0,1.0,98e3ccfe1d2c1290
769,4,5,0.18956915240578875,0.3298809648621515,0.623889623432589,0.921091235061059,1.0668735042016937,0.7961085522306981,2.0,3.0,1.0,98e3ccfe1d2c1290
769,5,4,0.13049693412134913,0.2654195245258792,0.5490483618953295,0.8954819607897987,0.9558089994421513,1.1756915140840705,2.0,3.0,1.0,98e3ccfe1d2c1290
770,0,3,0.14821861446226564,0.2855351480382078,0.5738668695627899,0.9045488397221148,1.044418072421318,1.1889252371129861,2.0,3.0,1.0,3ece4bf6c5d1e3ab
770,1,4,0.1581808290295684,0.29651933735358565,0.586832498161846,0.9090476947828164,0.8856888685756519,0.9216017614763702,2.0,3.0,1.0,3ece4bf6c5d1e3ab
770,2,1,0.11430481253514999,0.24627493500328754,0.5240402403734505,0.8856857666333535,0.8853911976538531,1.1577901068026903,1.5,2.0,0.5,3ece4bf6c5d1e3ab
770,3,0,0.1849546578203015,0.3250818834937448,0.6187627468173984,0.9194928294907109,1.1599957912140486,1.3370917262282223,2.0,3.0,1.0,3ece4bf6c5d1e3ab
770,4,2,0.16491255036476876,0.3038250403788575,0.5952387743377173,0.9118826025048329,1.1481754224721175,0.646813837156464,1.5,3.0,1.0,3ece4bf6c5d1e3ab
770,5,5,0.17126550779974267,0.3106398368284019,0.6029290597713552,0.9144217360526453,0.9654265062430584,1.1867289652488,2.0,3.5,1.0,3ece4bf6c5d1e3ab
771,0,5,0.14415417340024536,0.2809901957593203,0.56838354329845,0.9025983976235399,1.0707615404901056,1.0920282907749181,1.5,2.5,0.5,09c5269c71df1ba6
771,1,3,0.14698469797901187,0.28415940490368663,0.5722145325362541,0.9039641481022372,1.0371491899547076,1.1800111092038512,2.0,3.0,1.0,09c5269c71df1ba6
771,2,0,0.10237612205047032,0.23160236453255953,0.5038821464497525,0.8772567428289343,0.8508738594141714,1.0930917201937385,2.0,3.0,1.0,09c5269c71df1ba6
771,3,1,0.13879095438524952,0.2749324660187995,0.5609639179417809,0.8999123397694548,1.2820543971064922,0.8969915482581707,2.0,3.0,1.0,09c5269c71df1ba6
771,4,2,0.11966371733909671,0.2527018010047745,0.5325937480730787,0.8891153103795324,1.1133555474835375,0.9517422942591328,1.5,3.0,1.0,09c5269c71df1ba6
771,5,4,0.19236681449350054,0.3327745690410823,0.6269493655272618,0.9220353173301484,1.1409925806681671,0.7702006370809176,1.5,2.5,0.5,09c5269c71df1ba6
772,0,4,0.11735907071345836,0.2499495243291498,0.5289507778890055,0.8876649814433156,0.9295578546306787,0.987970622621287,2.0,3.0,1.0,74d866b33d09df40
772,1,1,0.10193081635513619,0.23104396134783892,0.5030970845493052,0.8769181919324821,0.8637810666970784,1.1776569079949761,1.5,2.5,1.0,74d866b33d09df40
772,2,2,0.1405606417969218,0.27693914164395717,0.5634359788342123,0.9008133500053207,1.0285255342005692,1.2001661752329091,1.5,2.5,1.0,74d866b33d09df40
772,3,3,0.15084546801584214,0.28845245101334616,0.5773495253002834,0.9057726859817787,0.9334859622462708,1.1528423337768046,2.0,3.0,1.0,74d866b33d09df40
772,4,0,0.10372893824863483,0.23329380513314252,0.5062519869723551,0.8782739166009426,1.014160270492731,1.1266748580525028,1.5,2.5,1.0,74d866b33d09df40
772,5,5,0.13747601822266292,0.2734363229315476,0.559111507966105,0.8992331497254953,1.120833980371955,1.0265001720816214,2.0,3.5,1.0,74d866b33d09df40
773,0,3,0.14848013810459643,0.2858262847407459,0.5742157160075066,0.9046719477181081,0.7562759908186816,1.010400563524735,1.5,2.5,1.0,c584eff3cfee4f56
773,1,2,0.11191558564476475,0.2433781342037118,0.5201308685201268,0.8840898110148995,0.8107556768602961,0.7384275908844883,2.0,3.5,1.0,c584eff3cfee4f56
773,2,0,0.1695417311432342,0.30879813431009095,0.6008648987637215,0.9137452058109056,0.9055988041538939,1.210446029215075,2.0,3.0,1.0,c584eff3cfee4f56
773,3,5,0.1970512848288115,0.33759360282699064,0.6319933467492899,0.9235758242148555,1.0894908289438276,0.8863825752864904,3.0,4.0,1.5,c584eff3cfee4f56
773,4,1,0.21765742772689686,0.35843199624100885,0.6530873940454316,0.9298125855920683,0.9296834750347563,0.79461296751691,2.0,3.0,1.0,c584eff3cfee4f56
773,5,4,0.12918532976181776,0.2638980769933309,0.5471119953120459,0.8947479991484707,0.8720287808417564,1.0747965186339887,1.5,2.5,1.0,c584eff3cfee4f56
774,0,4,0.14212839744264788,0.27871035891200613,0.5656062099442183,0.9015993285238393,0.878537548896626,0.7778157919420149,2.0,3.0,1.0,ca99793f2fbc1c9c
774,1,0,0.1364995291950893,0.27232240013020437,0.5577271493941893,0.8987233005392656,1.1314741170767908,1.2481079919368159,2.5,3.5,1.0,ca99793f2fbc1c9c
774,2,2,0.1373946420922388,0.2733435875381815,0.5589964277307019,0.899190840750476,1.0371447874697017,0.9979424983639923,1.5,2.5,1.0,ca99793f2fbc1c9c
774,3,5,0.11790073024772749,0.2505979458595054,0.529811726613052,0.8880091110295609,0.8634815193878165,0.5937163770838243,1.5,2.5,0.5,ca99793f2fbc1c9c
774,4,1,0.12387630727730514,0.2576890304500592,0.5391197810818696,0.89167594798551,0.7357528975602166,0.9274355939188461,1.5,2.5,1.0,ca99793f2fbc1c9c
774,5,3,0.17936453903551844,0.3192225387923656,0.6124131774275443,0.9174840258363904,0.9983008257317043,0.9150366090520146,1.5,2.5,0.5,ca99793f2fbc1c9c
775,0,3,0.1762659357999556,0.31595231612108476,0.6088255077045697,0.9163344366975279,0.8849046652121215,1.0375533288180105,2.0,3.0,1.0,27d5ba04d3be76ef
775,1,5,0.18252428746753588,0.3225407314051127,0.6160212607743984,0.918629513145532,0.8772025606533562,1.0454756940255097,2.0,3.0,1.0,27d5ba04d3be76ef
775,2,2,0.10267289613693448,0.23197406097327214,0.5044039731684016,0.877481337004419,0.8178406936334324,1.0418823062760425,2.0,3.0,1.0,27d5ba04d3be76ef
775,3,0,0.20352643841900336,0.3442030093629409,0.6388080878474498,0.9256264660442004,1.0058324895257396,1.2411962135736796,2.0,3.0,1.0,27d5ba04d3be76ef
775,4,4,0.11662290417018373,0.24906670450676682,0.5277759296207953,0.8871940044743993,1.0591065674768922,0.6268846594484065,2.0,3.0,1.0,27d5ba04d3be76ef
775,5,1,0.12001038824348872,0.2531143220991955,0.5331372098667626,0.8893303756166521,0.8355187250173818,0.7956483856073087,2.0,3.0,1.0,27d5ba04d3be76ef
776,0,2,0.17543563402151144,0.3150732361762835,0.6078556646106741,0.916021840961299,1.206832734499015,1.0731744790347886,2.5,3.5,1.5,564efc8e326254bc
776,1,4,0.1685021090553089,0.30768476113810644,0.5996119881357602,0.9133327834982731,0.878342746865737,1.0441393999541313,2.0,3.0,1.0,564efc8e326254bc
776,2,0,0.1394908616944483,0.2757270389209766,0.5619444674983214,0.9002704605075255,1.0527146301475372,0.9354879160177368,2.0,3.0,1.0,564efc8e326254bc
776,3,1,0.16275355961284046,0.301491710284516,0.5925723901604697,0.9109902061683967,0.9160725090367767,0.6787750702755622,2.0,3.0,1.0,564efc8e326254bc
776,4,3,0.12235887826938885,0.2558989153385653,0.5367883756381318,0.8907666306479316,0.8247497439387873,1.0082917404356437,1.5,2.5,0.5,564efc8e326254bc
776,5,5,0.14780258219902742,0.2850716863754138,0.5733109468770463,0.9043524142632969,1.1139371659262305,1.1400600753357166,2.5,3.5,1.0,564efc8e326254bc
777,0,3,0.12767308816434128,0.2621378375174295,0.5448609688106719,0.8938897400722988,0.9599011790582164,1.2230592054450535,2.0,3.0,1.0,fe57a492432dfa92
777,1,4,0.12407542044620232,0.25792340424677146,0.5394241153460788,0.8917942036538745,0.9102150338863726,0.9633219481163996,2.5,3.5,1.0,fe57a492432dfa92
777,2,5,0.20586811404462657,0.34657898218747973,0.6412292348509456,0.9263466804356252,0.9047036664058663,0.7941989717302389,2.5,3.5,1.5,fe57a492432dfa92
777,3,0,0.14155792839132092,0.2780665527685299,0.5648186397037999,0.9013146392165842,0.9022817909888818,1.0095205005679058,2.0,3.0,1.0,fe57a492432dfa92
777,4,2,0.14485864129022658,0.28178071482019534,0.5693423647970919,0.9029415539490437,0.872152446914658,0.7475441254513564,2.0,3.0,1.0,fe57a492432dfa92
777,5,1,0.16636529763613633,0.3053900547448061,0.5970175905133451,0.9124744740025149,1.0878768547041013,1.1232017616193224,2.5,3.5,1.5,fe57a492432dfa92
778,0,0,0.11114581496065265,0.24244053748719097,0.5188582346444081,0.8835663398927398,0.8918281589702448,1.0433881586862468,2.5,3.5,1.0,5f77f8740c422c10
778,1,3,0.0781924369358117,0.1999243736689472,0.4571174107232737,0.8556009169735402,1.1224938737629775,1.252979865037925,2.0,3.0,1.0,5f77f8740c422c10
778,2,4,0.2103371828404903,0.35109322097794704,0.6457883042863756,0.9276911926230391,1.1233572998468087,0.8974218792762688,1.5,2.5,1.0,5f77f8740c422c10
778,3,2,0.1111954535653471,0.24250106238941968,0.5189404957123591,0.8836002350845792,0.9792386318867968,1.209237059360696,1.5,2.5,1.0,5f77f8740c422c10
778,4,5,0.1111207199958191,0.2424099355447547,0.5188166369938665,0.8835491967225474,1.0521329330111964,1.0968182096733299,2.0,3.0,1.0,5f77f8740c422c10
778,5,1,0.1458575476651029,0.28289963218627023,0.570695824767536,0.9034244278495901,1.1009909394624724,1.0908108151588412,2.5,3.5,1.0,5f77f8740c422c10
779,0,1,0.1645692389504182,0.3034546090270845,0.5948166138405551,0.9117417290731248,0.9316824061939848,1.4124585675714265,1.5,2.5,1.0,02c095c9c59aee8c
779,1,5,0.19207844519520906,0.3324768565200901,0.6266356428111045,0.9219388538061837,0.8804660521422559,1.0938525198371651,2.0,3.0,1.0,02c095c9c59aee8c
779,2,2,0.13728938485115222,0.27322361224884983,0.5588474985208002,0.8991360673279772,1.0288914703255387,0.7621288320194481,2.0,3.0,1.0,02c095c9c59aee8c
779,3,0,0.12213221697172519,0.2556309152593074,0.5364382782914099,0.8906295607638799,1.1228282390445572,0.9505111344313559,2.0,3.0,1.0,02c095c9c59aee8c
779,4,4,0.15647641125194253,0.29465509440992427,0.5846599675620892,0.9083047070122701,0.8916368991394539,1.0686227970135496,1.5,2.5,1.0,02c095c9c59aee8c
779,5,3,0.12180471613901442,0.2552434031649179,0.5359315684794179,0.8904309317887257,1.14797088797959,0.6534913072004809,2.0,3.0,1.0,02c095c9c59aee8c
780,0,3,0.14459516039170706,0.2814851871953953,0.5689841712056906,0.9028134634740426,1.0518835110322724,1.1625441651914636,2.0,3.0,1.0,b34ed077af65fb0f
780,1,2,0.15890771048712388,0.2973125614853755,0.5877534816841921,0.9093613703614246,0.8852730312334582,0.9317857977195372,2.0,3.0,1.0,b34ed077af65fb0f
780,2,1,0.1414984194687271,0.2779993478130908,0.5647363441483799,0.9012848557555575,1.0108700092528464,1.235458588958718,2.0,3.5,1.0,b34ed077af65fb0f
780,3,4,0.11705468554632939,0.2495847198477124,0.5284656740015256,0.8874707046761826,0.9201788723997738,0.8816975496819497,2.0,3.0,1.0,b34ed077af65fb0f
780,4,5,0.20085294380817706,0.34148119526946324,0.636016004954508,0.9247905088720587,0.7905433364077828,1.0893668275874537,1.5,2.5,1.0,b34ed077af65fb0f
780,5,0,0.11273203817703084,0.24437028670532454,0.5214736530541569,0.884640034785941,0.8219079941712972,1.2288428745847901,2.0,3.0,1.0,b34ed077af65fb0f
781,0,2,0.13869090515124435,0.274818783772147,0.5608234445238179,0.8998609562649968,0.9126915720606656,1.1365589788743276,2.0,3.0,1.0,cf0a39c1f5819f27
781,1,1,0.18111489052866675,0.32106269715994595,0.6144180795327551,0.9181218464261298,0.831899838319998,0.88572280722515,1.5,2.0,0.5,cf0a39c1f5819f27
781,2,4,0.12800256416696157,0.2625219036920357,0.545353107090674,0.8940778440527729,0.9331464502159935,0.7944142593509481,2.5,3.5,1.0,cf0a39c1f5819f27
781,3,5,0.19021202040018795,0.33054692996072405,0.6245959098240972,0.9213098084711043,1.1816767570496203,1.0568580980571756,3.0,4.0,1.5,cf0a39c1f5819f27
781,4,0,0.21158937813577905,0.35235339718765746,0.6470515046754871,0.9280610533751431,0.849094127618965,0.9536720115003676,1.5,2.5,1.0,cf0a39c1f5819f27
781,5,3,0.14092917538168456,0.2773560464415781,0.5639477917531251,0.9009991313051031,1.1049850067730476,1.2056458932512655,2.0,3.0,1.0,cf0a39c1f5819f27
782,0,1,0.13711206471000484,0.27302143310865684,0.5585964106804957,0.8990436708366718,1.020307551490379,0.7412958628198143,2.0,3.0,1.0,953e9e63fb15bcf5
782,1,5,0.13087604089635688,0.26585838752809915,0.5496053169076368,0.895692333466607,1.097066389499478,0.6419569796064889,2.0,3.0,1.0,953e9e63fb15bcf5
782,2,3,0.18777603828855755,0.32802007048891557,0.621909410945732,0.9204763311968674,0.9871302809355458,1.2629340148697665,1.5,2.5,1.0,953e9e63fb15bcf5
782,3,4,0.1941539894953634,0.33461688568545783,0.6288852660400868,0.9226288830260825,1.1271377305393937,1.4491853644939097,1.5,2.5,1.0,953e9e63fb15bcf5
782,4,2,0.13338218163596208,0.2687496072491374,0.5532568350349223,0.8970635083145678,0.9424481715804011,0.6670122117441352,2.5,3.5,1.0,953e9e63fb15bcf5
782,5,0,0.12485286307705828,0.25883737891188147,0.5406089092830684,0.8922536102949798,1.0862586479112708,0.5757676145746836,2.0,3.0,1.0,953e9e63fb15bcf5
783,0,0,0.15385009792596732,0.29177060589722775,0.5812761105009652,0.907138846614623,0.8183770355766221,1.3745495410621054,2.0,3.0,1.0,1215c538cc32081e
783,1,1,0.18760961728420994,0.32784710623449415,0.6217248572266408,0.9204188652427157,1.1125705309927674,0.7617457693727094,1.5,2.5,0.5,1215c538cc32081e
783,2,2,0.17361219040144635,0.31313845653007666,0.6057129527511682,0.9153284243114177,0.807268609258706,1.4107724009070364,2.0,3.0,1.0,1215c538cc32081e
783,3,5,0.196291600115661,0.33681427350513227,0.6311819817409624,0.9233293375608002,1.0396709676947595,0.6352777116111588,2.0,3.0,1.0,1215c538cc32081e
783,4,4,0.15001694451269482,0.2875339868227599,0.576256158063504,0.905389701235418,1.0527298953076234,0.9363155847077174,1.5,2.5,1.0,1215c538cc32081e
783,5,3,0.13888065694132218,0.27503437020763466,0.5610897986547705,0.8999583685600326,1.2851070441152908,1.1477366781877987,2.0,3.0,1.0,1215c538cc32081e
784,0,2,0.19364281828539098,0.3340904265165898,0.6283330271688962,0.9224598563583517,0.7311954421658841,0.6972488294203738,2.0,3.5,1.0,9f8c89d5096b3fc5
784,1,3,0.19764773010528291,0.3382048893160986,0.632628597061705,0.9237684588126457,1.0862971180894183,1.428528258850503,2.0,3.0,1.0,9f8c89d5096b3fc5
784,2,1,0.1573339946528725,0.2955938453601514,0.5857553695867816,0.9086798625958544,0.8174815748491953,0.8308716106202383,2.5,3.5,1.0,9f8c89d5096b3fc5
784,3,4,0.18662717304706536,0.3268251535106591,0.6206326885699919,0.9200782358312128,1.0194165109306228,1.1850497096010677,2.0,3.0,1.0,9f8c89d5096b3fc5
784,4,0,0.14185244702657002,0.2783990326699637,0.5652255442837445,0.9014618028746293,0.9221339300867064,1.1440021110328107,2.5,3.5,1.0,9f8c89d5096b3fc5
784,5,5,0.1163100773679924,0.2486910129435778,0.5272750246849031,0.8869927144625415,1.1872216854283264,0.9270938249243428,1.5,2.5,1.0,9f8c89d5096b3fc5
785,0,2,0.13096388274395532,0.26596001835129723,0.5497341938589584,0.8957409661143096,1.1776943263154471,1.0603511401226604,2.0,3.0,1.0,73ae9395aad7bd23
785,1,1,0.14800720441476306,0.2852996856996806,0.5735845233178914,0.9044491145852446,1.0316630402245672,1.1911888643831077,2.0,3.0,1.0,73ae9395aad7bd23
785,2,0,0.105311315579543,0.23526295957386847,0.5089955605149877,0.8794425771591186,0.8561109774944815,1.2424571067419663,2.5,3.5,1.5,73ae9395aad7bd23
785,3,3,0.1520671053402582,0.28980393688478784,0.5789532438577546,0.9063324018506964,0.8984949392760619,0.9918433432733842,2.0,3.0,1.0,73ae9395aad7bd23
785,4,4,0.1637125313166916,0.30252923491587,0.5937601290861924,0.9113884974870697,1.1461667898275392,1.153028021521898,1.5,2.5,1.0,73ae9395aad7bd23
785,5,5,0.21033088345654688,0.3510868763305753,0.6457819339939209,0.9276893245048885,1.2789005488283427,0.7281762813593884,2.0,3.0,1.0,73ae9395aad7bd23
786,0,2,0.1584331803995942,0.29679484326325056,0.5871526083914517,0.9091568073841575,0.9486763805889105,1.1342398388729424,1.5,2.5,0.5,648f9d1665a8e22b
786,1,0,0.16010661310625596,0.29861854234253254,0.5892653911328842,0.909874648474131,1.108570831473881,1.2619249908708434,2.0,3.0,1.0,648f9d1665a8e22b
786,2,3,0.17321063680355753,0.3127115995622922,0.6052387016109413,0.9151744278644831,1.0673816195412138,0.7276387125901693,1.5,2.0,0.5,648f9d1665a8e22b
786,3,5,0.13445450671687562,0.2699815032913994,0.5548034099962071,0.8976400696693846,0.7821095517916051,1.1184356400088125,1.5,2.5,1.0,648f9d1665a8e22b
786,4,4,0.18973121500615506,0.33004890963353734,0.6240678544798205,0.921146428842485,0.9816741625127665,1.4385583546693752,1.5,2.5,1.0,648f9d1665a8e22b
786,5,1,0.09056113484037065,0.21649269557596518,0.48215526229523714,0.8675843255880025,0.945290284212936,0.8913553186408762,1.5,2.0,0.5,648f9d1665a8e22b
787,0,1,0.1893553432133505,0.32965933375378703,0.6236542959651944,0.9210183217361495,1.0638491059968604,0.7835462106863951,2.0,3.0,1.0,6f9805b89b0e56c0
787,1,5,0.10408381999210159,0.23373629538843602,0.5068699328980555,0.8785379706110422,0.9075917742718215,0.9126729275222429,2.5,3.5,1.0,6f9805b89b0e56c0
787,2,2,0.14384023428001594,0.280637529046472,0.5679550974819751,0.9024447695291995,1.2299792835227383,1.035600369601856,2.0,3.0,1.0,6f9805b89b0e56c0
787,3,4,0.15888384011208906,0.2972865295755395,0.5877232892236735,0.9093510993423176,0.9903688433149131,1.005471564674914,1.5,2.5,0.5,6f9805b89b0e56c0
787,4,3,0.19476470285282488,0.3352453593085516,0.6295435093482213,0.9228300483397659,0.9999951452717462,0.6143216169748368,1.5,2.5,1.0,6f9805b89b0e56c0
787,5,0,0.09926881867316377,0.22768861625127565,0.49835137050345113,0.8748545986249033,1.130201984048439,0.9322979960390896,1.5,2.5,1.0,6f9805b89b0e56c0
788,0,0,0.2040795131182014,0.34476485483089975,0.6393819702099663,0.9257975695583989,0.8712529435860558,1.141277585398497,2.0,3.0,1.0,402d1c2c9d16d556
788,1,5,0.1932875097283214,0.33372426374575503,0.6279484804342823,0.9223420171711885,0.8666057328888235,0.943307838709226,2.0,3.5,1.0,402d1c2c9d16d556
788,2,1,0.16725445854542922,0.3063459569443038,0.5981003211748614,0.9128333848258847,0.8910552410897861,1.049782752128678,1.5,3.0,1.0,402d1c2c9d16d556
788,3,2,0.1613370283425084,0.29995584513270407,0.5908078931064026,0.9103961979918364,0.7418068815492869,0.8544754444601814,1.5,2.5,1.0,402d1c2c9d16d556
788,4,3,0.17963347613866718,0.3195056061901257,0.6127222346122956,0.9175825605781394,1.037528985871711,0.9712569023231121,2.0,3.0,1.0,402d1c2c9d16d556
788,5,4,0.11446535286934581,0.24646886930600725,0.5243007539259131,0.8857914754976793,1.017861212094166,1.2444173556674554,1.5,2.5,0.5,402d1c2c9d16d556
789,0,3,0.14780431882182443,0.285073621801426,0.573313269937643,0.9043532356906349,1.0720180543171103,1.3040061496993505,2.5,3.5,1.0,25671f2d62a97363
789,1,4,0.12689348962582553,0.26122781857663524,0.5436926716330847,0.8934421508878129,1.2516062998691866,1.1326331217924883,2.0,3.0,1.0,25671f2d62a97363
789,2,5,0.09732253557821609,0.22521618102928903,0.4948229336824261,0.8733010966963618,1.0246682456452596,0.991541376279417,2.5,3.5,1.5,25671f2d62a97363
789,3,1,0.08562901549787229,0.20998726456019284,0.47248086622820573,0.8630655243844811,0.7758528701228146,1.3516716408185503,2.0,3.0,1.0,25671f2d62a97363
789,4,2,0.1795135662263302,0.31937941100858047,0.6125844819946654,0.917538651452304,0.8272005258520778,0.9992093083244116,1.5,2.5,1.0,25671f2d62a97363
789,5,0,0.1189090161881543,0.2518024119422313,0.5314065717718913,0.8886443402703595,0.8381703673259472,1.2566842008567372,1.5,2.5,1.0,25671f2d62a97363
790,0,5,0.16122660392567661,0.2998359514051238,0.5906698358098149,0.9103496048528553,0.791767808730943,1.0315046296405952,2.0,3.5,1.0,2a08aa29c15d1acf
790,1,3,0.1116889045215546,0.24310225194085566,0.5197567761214518,0.8839361377164628,1.0637734714037763,1.084309425879061,2.0,3.0,1.0,2a08aa29c15d1acf
790,2,4,0.11573135375701121,0.24799512606799687,0.5263457233462049,0.8866185003612914,0.8971516514228491,1.0514826887317232,3.0,4.0,1.5,2a08aa29c15d1acf
790,3,1,0.10168325868018531,0.2307331762298824,0.5026595683307817,0.8767291718350794,1.0140957951149596,1.0000696691688824,2.5,3.5,1.5,2a08aa29c15d1acf
790,4,0,0.14882852270617072,0.286213876918693,0.5746796924527178,0.9048355053480628,0.9927101435476421,1.1979324760740853,2.0,3.0,1.0,2a08aa29c15d1acf
790,5,2,0.13637712133024615,0.2721825902659655,0.5575530829862976,0.8986590550029081,1.0702572435932758,1.3104429158516024,1.5,2.5,1.0,2a08aa29c15d1acf
791,0,5,0.15822619540934388,0.2965688759496121,0.5868900751414129,0.9090673272879163,0.9879541616513885,1.238790981817616,2.5,3.5,1.0,c7f21e56f909dea5
791,1,3,0.1655343827420797,0.3044954195552572,0.5960016745496388,0.9121367834468943,0.9889323761200113,0.728128840164501,2.5,3.5,1.5,c7f21e56f909dea5
791,2,2,0.14074988100723512,0.27715326103559706,0.5636989186160043,0.900908826225976,1.182935421738566,0.8433440118659739,2.0,3.0,1.0,c7f21e56f909dea5
791,3,0,0.08619024037789809,0.21073396069360917,0.4736014039420579,0.8635959184601147,0.8478803972042879,1.2321124580125369,2.5,3.5,1.0,c7f21e56f909dea5
791,4,1,0.12808251996695996,0.2626150600884138,0.5454723934899958,0.8941233982290772,1.0969610688267295,0.9989962173067275,1.5,2.5,1.0,c7f21e56f909dea5
791,5,4,0.13114207715714327,0.26616611914750954,0.5499954311854591,0.8958394921665318,1.0046738174103718,1.109291643510395,2.5,3.5,1.0,c7f21e56f909dea5
792,0,5,0.10753568491446977,0.23801449018855514,0.5128017794752264,0.8810482330089416,1.162512384441064,0.9181241452540783,2.0,3.0,1.0,68d02fc4cb6e5080
792,1,4,0.18618669959649933,0.32636647503273797,0.6201415255490317,0.9199247415133731,1.0110543979691768,1.04676086280152,2.0,3.0,1.0,68d02fc4cb6e5080
792,2,1,0.1716226964482469,0.3110207876523424,0.6033547308502686,0.9145607983409632,1.0678791490887578,0.803457297279853,2.0,3.0,1.0,68d02fc4cb6e5080
792,3,3,0.21436598810563043,0.35514056188440746,0.6498308076663524,0.9288707897392753,0.9198455512168737,1.268580801384487,2.0,3.0,1.0,68d02fc4cb6e5080
792,4,0,0.17635149681287735,0.3160428359720539,0.6089252423409172,0.91636653835563,1.0407670770520707,0.9014959025401899,3.0,4.0,1.5,68d02fc4cb6e5080
792,5,2,0.19434619333269137,0.3348147381835025,0.6290926083702938,0.9226922847331763,0.9394512762357382,0.8551869572788569,1.5,2.5,0.5,68d02fc4cb6e5080
793,0,2,0.1459333519645552,0.28298444837283376,0.570798244578236,0.90346089592779,0.9683350435746215,1.1812164915960321,1.5,2.5,0.5,53c3aca19fa10c01
793,1,0,0.14049524294281376,0.2768651238775213,0.5633450471379268,0.9007803157150367,0.9916803950599618,0.7235262814003053,1.5,2.5,0.5,53c3aca19fa10c01
793,2,1,0.11618774631694315,0.24854400957750686,0.5270788741247602,0.8869138115096937,0.7649765590508476,0.7279069050941136,1.5,2.5,0.5,53c3aca19fa10c01
793,3,4,0.09887684738671347,0.22719200746676943,0.4976448121695076,0.8745448382305137,0.9976476353597834,1.2468776843006486,2.5,3.5,1.0,53c3aca19fa10c01
793,4,3,0.11732736501731772,0.24991153945890465,0.5289002915424669,0.8876447750775998,1.1741470989440879,0.9982273224386822,2.0,3.0,1.0,53c3aca19fa10c01
793,5,5,0.18183907527039045,0.3218225561222083,0.61524307247627,0.9183833507545376,0.9080420299955165,0.9008827204929442,1.5,2.5,1.0,53c3aca19fa10c01
794,0,4,0.14025416326085643,0.27659218068642866,0.5630095666825753,0.9006583687522359,1.0620816904594252,1.0729240940089813,2.0,3.0,1.0,64dcd0190ca45aa8
794,1,5,0.15562872835123964,0.2937256731514261,0.5835726213120762,0.9079312254600197,0.9873322003388194,0.7927636710017633,2.0,3.0,1.0,64dcd0190ca45aa8
794,2,3,0.1515180211238313,0.2891968959765435,0.578233662724265,0.906081558411505,1.1524483856185408,0.7666466670622902,2.5,3.5,1.0,64dcd0190ca45aa8
794,3,1,0.1919121755819932,0.3323051430734208,0.6264545824585602,0.9218831465568923,1.131239763719645,0.7843755087170033,2.0,3.0,1.0,64dcd0190ca45aa8
794,4,0,0.2160255693814868,0.356801818797191,0.6514779165683114,0.9293480673566974,1.039385478906871,0.913318998087086,2.0,3.0,1.0,64dcd0190ca45aa8
794,5,2,0.19924991871846381,0.33984442970458334,0.6343273773456719,0.9242820974091566,1.1974745303366472,1.4022405299671576,1.5,2.5,0.5,64dcd0190ca45aa8
795,0,0,0.20052680716207053,0.3411484860877655,0.6356733401958323,0.9246875127674583,0.7504717826283105,1.295229402464973,2.5,3.5,1.0,bac050c66bf9c9ce
795,1,3,0.1262340427491889,0.2604566691589033,0.5427002186093717,0.8930607699547618,0.9783492517229778,1.0723367236713157,1.5,2.5,1.0,bac050c66bf9c9ce
795,2,4,0.1081943776398514,0.23882566161162924,0.5139178311924082,0.8815156299383677,1.210638772876234,0.661912394101892,1.5,2.5,1.0,bac050c66bf9c9ce
795,3,1,0.147574803608163,0.28481777259836644,0.5730060679515702,0.9042445651440864,1.2554128624057057,0.7630768742061848,1.5,2.5,1.0,bac050c66bf9c9ce
795,4,2,0.16990745912866378,0.3091893347562284,0.6013042219358105,0.9138894993433038,1.2490952697328823,0.9785999458087515,2.0,3.0,1.0,bac050c66bf9c9ce
795,5,5,0.15485571303622112,0.292876801365935,0.5825770408923568,0.9075883116599314,1.0964367998587086,1.0019381682314357,2.5,3.5,1.0,bac050c66bf9c9ce
796,0,2,0.12029357675212021,0.25345101815050836,0.5335802865422797,0.8895054678609061,1.0522464181264575,1.1853524936861446,2.0,3.0,1.0,876c75d7f79a4291
796,1,4,0.168966268090299,0.3081820939710844,0.6001721231529356,0.913517330705809,1.0376581022881302,0.7487466638614382,2.0,3.0,1.0,876c75d7f79a4291
796,2,5,0.09661548697261142,0.22431385552526104,0.4935284921250681,0.8727270094972764,1.2428421841295272,0.7182012189786859,2.0,3.5,1.0,876c75d7f79a4291
796,3,1,0.1118306901582532,0.24327483359835797,0.5199908307154081,0.884032304566842,0.8413716092322507,1.1223507439844298,1.5,2.5,1.0,876c75d7f79a4291
796,4,3,0.21181876265257626,0.35258402529876964,0.6472822413055345,0.9281284881165021,1.1842561578166257,0.8147744437650317,2.0,3.0,1.0,876c75d7f79a4291
796,5,0,0.11540317735993195,0.24760000843754493,0.5258172155937612,0.8864052304417633,1.1058283303005891,0.8104865104041215,2.5,3.5,1.0,876c75d7f79a4291
797,0,4,0.1964323075366903,0.3369586823637178,0.6313324525505327,0.9233750873800222,1.1346696088500259,1.0607078115197246,1.5,2.0,0.5,1ad1e9ea5e74a049
797,1,3,0.17515413941578395,0.31477493325403366,0.6075260366287514,0.9159154180953631,1.0398056401768723,1.09050296986609,2.0,3.0,1.0,1ad1e9ea5e74a049
797,2,5,0.20413601432208764,0.34482222860098216,0.6394405258245909,0.9258150142501785,0.9921758542980986,0.7984461650658905,2.5,3.5,1.0,1ad1e9ea5e74a049
797,3,0,0.14003449226948744,0.27634335000502563,0.5627034949274143,0.9005470138375343,1.039947564062214,1.2078409208389278,2.0,3.0,1.0,1ad1e9ea5e74a049
797,4,2,0.16219985239845544,0.3008918276499603,0.5918841001553368,0.9107588263280108,0.9756960164959894,0.6522310474154017,1.5,2.5,0.5,1ad1e9ea5e74a049
797,5,1,0.15793536326445157,0.29625122356697764,0.5865207410578931,0.9089413401538698,1.167991607587943,1.1768542376025133,2.5,3.5,1.0,1ad1e9ea5e74a049
798,0,2,0.13971865674643752,0.2759853788813343,0.5622627932382215,0.9003865134180189,1.231355011234597,1.2836000291947316,2.0,3.0,1.0,aa9109a5e5f583a0
798,1,4,0.09733199568746882,0.22522823878951923,0.4948402068452559,0.873308742161706,1.0783210834359258,1.2885696218715939,2.0,3.0,1.0,aa9109a5e5f583a0
798,2,5,0.12168535592955382,0.2551020884937121,0.5357466414629546,0.8903583693795845,1.215683981977335,1.0696447242514322,2.5,3.5,1.0,aa9109a5e5f583a0
798,3,3,0.09838363057555158,0.22656618006764448,0.49675286494677817,0.8741528583265098,0.9191148969223912,0.9761857219384252,1.5,2.5,1.0,aa9109a5e5f583a0
798,4,0,0.13901644324831913,0.2751885879638979,0.5612802315475167,0.900027970815785,0.9798773478632004,0.9576250401426456,2.5,3.5,1.0,aa9109a5e5f583a0
798,5,1,0.13559913416321484,0.27129308863180746,0.5564439893606219,0.8982489762566496,1.1579311858460137,0.9337503597982357,1.5,2.5,1.0,aa9109a5e5f583a0
799,0,4,0.15723644453501734,0.2954871393482432,0.5856310017415655,0.9086373238882007,0.8656949412224819,0.9424247351840351,1.5,2.5,0.5,e94a47f02ef5ef5a
799,1,5,0.15016974246417908,0.28770348664096296,0.5764581486555653,0.9054605394981524,0.8617646097968029,0.6743131538328788,2.0,3.0,1.0,e94a47f02ef5ef5a
799,2,1,0.2097482126686957,0.35049979640585177,0.6451920282801846,0.9275162046709421,1.1711814003917693,1.020672499436123,1.5,2.5,0.5,e94a47f02ef5ef5a
799,3,0,0.08734474449361868,0.21226469612487012,0.4758902706294421,0.8646735703635147,1.159367648893514,1.3251760204044634,3.0,4.0,1.5,e94a47f02ef5ef5a
799,4,2,0.15414062693160033,0.2920904149266638,0.5816526329769769,0.9072690941933795,1.130455413226783,0.8596885061648902,2.0,3.0,1.0,e94a47f02ef5ef5a
799,5,3,0.11452102024481381,0.24653609537064605,0.5243910239770901,0.8858280858529124,0.900098887654062,0.5831306485576696,2.0,3.0,1.0,e94a47f02ef5ef5a
800,0,3,0.15377493800500447,0.29168784179003504,0.5811786144277024,0.9071050991274,0.9824910826611046,0.7959464754154965,2.0,3.0,1.0,bbda89191ebbf12c
800,1,5,0.15199082440987205,0.28971964385505716,0.5788533970066898,0.9062976245647287,0.9734576912606914,1.314010763792903,2.5,3.5,1.5,bbda89191ebbf12c
800,2,4,0.2017175470109238,0.3423625055004714,0.6369222447703776,0.9250624770865175,0.9998692675719365,1.0161478668833996,2.5,3.5,1.5,bbda89191ebbf12c
800,3,2,0.1546141702457761,0.2926112963732892,0.5822651636694307,0.9074807021083513,1.2506859049061252,1.0468101882589327,2.0,3.0,1.0,bbda89191ebbf12c
800,4,1,0.15286980537946615,0.2906901792784971,0.5800015868781799,0.9066969840460718,0.988620142537233,1.0461413357476779,2.0,3.5,1.0,bbda89191ebbf12c
800,5,0,0.12383085529524179,0.25763551262712403,0.5390502587771178,0.8916489192568601,0.7934160231784063,1.0625325179468454,2.5,3.5,1.0,bbda89191ebbf12c
801,0,1,0.14592487790017106,0.28297496754695617,0.5707867972276188,0.903456820433948,1.0839499045730934,1.0383591297338026,2.0,3.0,1.0,c6083e053f2121d3
801,1,3,0.1558434816246154,0.29396127665300975,0.5838485250972164,0.9080260954573547,0.7274082037099966,0.9635866658396102,2.5,3.5,1.0,c6083e053f2121d3
801,2,4,0.18513542391546745,0.32527051058825057,0.6189655011173738,0.919556438883659,0.9844883268971037,1.0818355999959717,1.5,2.5,1.0,c6083e053f2121d3
801,3,0,0.14927695021468854,0.2867123672144313,0.5752756760565519,0.90504529663291,1.0856524863130068,0.9237025633751297,2.0,3.0,1.0,c6083e053f2121d3
801,4,2,0.15806460961671848,0.2963924103166114,0.5866849390634156,0.9089973666016777,0.864991969760819,1.3665988438085732,1.5,2.5,1.0,c6083e053f2121d3
801,5,5,0.17359499162084488,0.3131201798340164,0.6056926580691968,0.9153218382026855,1.0288720767477588,1.21133295117902,3.0,4.0,1.5,c6083e053f2121d3
802,0,1,0.12958431047535163,0.26436140273919717,0.5477025852486358,0.8949722790608938,1.0247863055884436,0.6324335114061354,1.5,2.5,0.5,f8ef7e80ec935736
802,1,2,0.15556649571065434,0.2936573802631383,0.5834926128766301,0.9079037013497026,0.9647478390127837,1.17655917233837,1.5,2.5,0.5,f8ef7e80ec935736
802,2,0,0.09986242937802492,0.22843943551839355,0.49941756229503625,0.875320779043842,1.0179718338338128,1.2355128729321265,2.0,3.0,1.0,f8ef7e80ec935736
802,3,5,0.14440795522517658,0.2812751127495577,0.5687293678943319,0.9027222694342723,1.0469541891509695,1.2664724429612173,2.0,3.0,1.0,f8ef7e80ec935736
802,4,3,0.18818152840113977,0.3284413231771724,0.622358533749979,0.9206160656655132,1.0989953265806411,1.3879620319882453,1.5,2.0,0.5,f8ef7e80ec935736
802,5,4,0.19181730064120772,0.3322071432311367,0.6263512112214292,0.9218513306719328,0.9438569906657428,1.218974772815396,2.5,3.5,1.5,f8ef7e80ec935736
803,0,3,0.112786634467552,0.244436548135565,0.5215631892056252,0.8846766469429547,1.237682371304636,0.6808279665264467,1.5,2.0,0.5,6baab89259739df0
803,1,2,0.13202179689144522,0.2671823249897487,0.5512812101515719,0.8963233792356752,0.8866461487684755,1.1664119666002004,2.0,3.0,1.0,6baab89259739df0
803,2,1,0.14234275518238587,0.27895206862301997,0.5659015207147752,0.9017059188522181,1.142773023786676,0.6160361671786412,2.0,3.0,1.0,6baab89259739df0
803,3,4,0.14161664786222394,0.2781328576751271,0.5648998176251162,0.9013440116222282,0.8810643085186818,1.0149215990942333,2.5,3.5,1.5,6baab89259739df0
803,4,0,0.17285450196273627,0.3123327842945254,0.6048173645052473,0.9150374543635694,1.222019963093647,0.8355900142051944,2.0,3.0,1.0,6baab89259739df0
803,5,5,0.10937236199449296,0.24027228290672448,0.5159013824250338,0.8823425534292965,1.2232402204084099,0.8287193001206222,1.5,2.5,0.5,6baab89259739df0
804,0,4,0.13021047150341775,0.26508764290661,0.5486267030193638,0.8953224738681507,0.8698275930441882,1.2368444354112673,2.5,3.5,1.5,9ba990c27a77070b
804,1,3,0.12426592072657827,0.2581475277926031,0.5397149434806398,0.891907115870755,0.8296332346542785,1.163210565169257,1.5,2.5,0.5,9ba990c27a77070b
804,2,1,0.09091333312363795,0.21695248851820656,0.482831578586299,0.8678951830449037,1.0306055577594533,1.0088106897635116,1.5,2.5,0.5,9ba990c27a77070b
804,3,2,0.08233226686005243,0.2055658914217193,0.46579124454877624,0.8598599008382268,0.8535478419720341,0.7883537518368452,1.5,3.0,1.0,9ba990c27a77070b
804,4,5,0.19977986711964907,0.34038593199567535,0.6348868400953075,0.9244507778670727,1.0646985382780698,1.1660787362448914,1.5,2.5,0.5,9ba990c27a77070b
804,5,0,0.1502871557991706,0.2878336987071431,0.5766132550582423,0.9055149092684587,0.9906511152311642,1.339439216922638,2.0,3.0,1.0,9ba990c27a77070b
805,0,4,0.15905678527590986,0.2974751092216611,0.5879419592024805,0.9094254689617947,1.0368837251252194,1.0422084307944202,2.0,3.0,1.0,aebadd03b4787ac0
805,1,0,0.15520862314374495,0.29326449941026733,0.5830320371068789,0.9077451419224959,0.9370499368329952,0.5927075874422447,2.0,3.0,1.0,aebadd03b4787ac0
805,2,2,0.1535522758736994,0.291442581000631,0.5808895645135747,0.9070049950020693,0.9032734596909799,1.1178474580633813,2.0,3.0,1.0,aebadd03b4787ac0
805,3,3,0.20470780663770033,0.3454026075444786,0.640032367755254,0.9259911914708341,1.0621640138204755,0.8210621158288582,2.0,3.0,1.0,aebadd03b4787ac0
805,4,5,0.1641237376075657,0.3029735770377145,0.5942677639480611,0.9115583458220154,0.9820964317418812,0.6773099941507359,2.5,3.5,1.5,aebadd03b4787ac0
805,5,1,0.13134108653544435,0.2663961908445187,0.5502868673869012,0.8959493229193313,0.9395910687747163,1.0520419176475033,2.0,3.0,1.0,aebadd03b4787ac0
806,0,5,0.12188042050295284,0.2553330091985973,0.5360487886305678,0.8904769072993672,0.8201234622697532,0.7764372697816859,1.5,2.5,0.5,e07ea81c7660de7c
806,1,2,0.11631317035255888,0.24869472908648382,0.5272799821204183,0.8869947080473426,1.0121473409653832,1.3514779342905483,2.0,3.0,1.0,e07ea81c7660de7c
806,2,0,0.19232193852274382,0.33272824726148703,0.626900568943338,0.9220203183621029,1.0642044858736022,0.8700561097021342,2.0,3.0,1.0,e07ea81c7660de7c
806,3,3,0.09913795036679682,0.22752288609167376,0.4981156953054552,0.8747513501747468,1.125505070550504,0.5694937995491252,1.5,2.5,0.5,e07ea81c7660de7c
806,4,1,0.16124257587577356,0.2998532945096107,0.5906898091839206,0.9103563467456286,1.211384596848536,0.6484939438933203,2.0,3.0,1.0,e07ea81c7660de7c
806,5,4,0.15189303841866553,0.28961156839569674,0.5787253447651669,0.9062530095086361,1.0012962610998917,1.0593720300976015,1.5,3.0,1.0,e07ea81c7660de7c
807,0,0,0.11444398520573325,0.24644306206778235,0.5242660955688857,0.8857774167427709,0.7405915122012017,1.0978087081859669,2.0,3.0,1.0,a78a0e100d2c7c39
807,1,4,0.16652802583985188,0.30556510887074595,0.597216083504347,0.9125403480573449,0.8860632911618662,1.2760508794174898,1.5,3.0,1.0,a78a0e100d2c7c39
807,2,2,0.1544789692747241,0.29246262867483547,0.5820904289241574,0.9074203727130113,1.0614644837859257,0.9626569700879788,2.0,3.0,1.0,a78a0e100d2c7c39
807,3,3,0.16268745881909752,0.30142012876408153,0.5924903193318573,0.9109626387902238,0.9821794888528147,1.3653920765570717,1.5,2.5,1.0,a78a0e100d2c7c39
807,4,5,0.16036162714196975,0.29889595860302903,0.5895858453099689,0.9099831755057298,0.9711733346504041,0.7100216297620471,2.0,3.0,1.0,a78a0e100d2c7c39
807,5,1,0.1668064917191746,0.30586455134723356,0.5975553984745093,0.9126528774818813,0.7874387483639768,0.6522527202622851,2.5,3.5,1.0,a78a0e100d2c7c39
808,0,1,0.14244965165858267,0.27907256335443487,0.5660486600577165,0.9017589956400571,1.0667678494477368,1.0795830004693334,2.0,3.0,1.0,204b05129eb94f27
808,1,3,0.16584890351309148,0.3048342141753798,0.5963866919077035,0.9122648692069564,0.8021170372641223,0.8757997535334598,1.5,2.5,0.5,204b05129eb94f27
808,2,4,0.17099611870725612,0.3103523742127072,0.6026075584241782,0.9143166027769205,1.2571845168384155,1.0246882923827445,2.5,3.5,1.0,204b05129eb94f27
808,3,0,0.17281126003906358,0.31228677317345754,0.6047661590490823,0.9150207976473629,1.0047887711639754,0.8596672225195502,1.5,2.5,1.0,204b05129eb94f27
808,4,2,0.1934176217570391,0.33385837224770354,0.6280893653720813,0.9223852027231284,0.7665318414875604,0.835613912503896,2.5,3.5,1.5,204b05129eb94f27
808,5,5,0.1498739494216989,0.28737531418312756,0.5760669825943698,0.9053233222579701,0.9888660359528485,0.6299223874130606,2.0,3.0,1.0,204b05129eb94f27
809,0,4,0.14171585703076037,0.2782448636064947,0.5650369129601791,0.9013936016685966,1.103506764419482,1.3079470637284822,2.5,3.5,1.5,dbcb6bb96fe53ad7
809,1,5,0.1604765852346225,0.2990209727471262,0.5897301733489807,0.9100320244739817,0.9122424145909067,0.8480728415143873,1.5,2.0,0.5,dbcb6bb96fe53ad7
809,2,0,0.11580257600612034,0.2480808281434823,0.5264602758407738,0.8866646830366961,1.0037196336566607,0.9883830869515142,2.0,3.0,1.0,dbcb6bb96fe53ad7
809,3,1,0.17027525755382822,0.30958250327366665,0.6017452818858303,0.9140341971179786,0.9412941420082338,1.1783988899589921,2.0,3.0,1.0,dbcb6bb96fe53ad7
809,4,2,0.14857976254822358,0.28593714909771756,0.5743484807022472,0.9047187699183222,0.8135049940272683,0.9545977853698822,2.5,3.5,1.5,dbcb6bb96fe53ad7
809,5,3,0.20891185136382054,0.34965633418107817,0.6443429350361772,0.9272665782916659,1.121821346760521,0.8966535075009797,2.5,3.5,1.0,dbcb6bb96fe53ad7
810,0,4,0.09514712755670064,0.22243275532666382,0.4908182823732839,0.8715176940198619,1.0044788652329535,0.6751624393308777,1.5,2.0,0.5,1d31ff7e8b91013b
810,1,5,0.1588168508634283,0.2972134680508036,0.5876385389634953,0.9093222641844422,1.1653966612133075,1.3265224148011039,1.5,2.5,0.5,1d31ff7e8b91013b
810,2,2,0.19374063977993256,0.33419120350197706,0.6284387985195188,0.922492248556225,0.9414404343844874,0.9582227533259621,1.5,2.5,1.0,1d31ff7e8b91013b
810,3,3,0.1696560364732643,0.30892042716918194,0.6010022857562004,0.9137903476636405,1.1916816525884757,0.7923174436004701,1.5,2.5,1.0,1d31ff7e8b91013b
810,4,0,0.1527254389305592,0.2905308909063703,0.5798133556614408,0.9066315984151538,0.7593927421103903,1.065311905569765,2.5,3.5,1.5,1d31ff7e8b91013b
810,5,1,0.12483622207329396,0.25881783446681655,0.5405836069204083,0.89224381535206,0.8541350196909826,0.619027829082334,2.0,3.5,1.0,1d31ff7e8b91013b
811,0,2,0.16454768274559797,0.30343134242767855,0.5947900837702983,0.9117328708609433,0.885732142117521,1.0380339676215193,1.5,2.5,0.5,0f4966d288ee3f54
811,1,3,0.18464307332651592,0.32475662675298167,0.6184128894185216,0.9193829926008037,0.9519164629490833,0.9989458050508235,1.5,2.5,1.0,0f4966d288ee3f54
811,2,0,0.18721427328841467,0.32743604520518077,0.6212859112671731,0.9202820788682037,1.1730200476757096,0.9580755094706553,2.0,3.0,1.0,0f4966d288ee3f54
811,3,5,0.11501669123426905,0.24713421888078288,0.5251933757569276,0.8861530710409723,0.8897027695123206,0.8178381305270792,2.5,3.5,1.5,0f4966d288ee3f54
811,4,1,0.19237847109723885,0.33278660070294036,0.6269620390172062,0.9220392125726677,0.9578159200477393,0.6473825058140813,1.5,2.5,1.0,0f4966d288ee3f54
811,5,4,0.17287879736584794,0.31235863410780407,0.6048461297672882,0.9150468104969209,0.9862302040154098,0.9095384222255221,2.0,3.0,1.0,0f4966d288ee3f54
812,0,5,0.14955457645768638,0.28702076098126045,0.5756439649954618,0.9051747688267904,0.8416851480278795,1.2392619665115738,1.5,3.0,1.0,eb474359c9d34f13
812,1,1,0.1967192489165462,0.3372530832985768,0.6316390344666977,0.9234682484833747,1.129926955173842,1.031727707629057,1.5,2.5,1.0,eb474359c9d34f13
812,2,4,0.13462536037765158,0.27017749805790503,0.555048962609011,0.8977313837655291,1.0269637125373485,0.783186644746342,1.5,3.0,1.0,eb474359c9d34f13
812,3,3,0.1544211807488782,0.29239907223546097,0.5820157064562697,0.9073945652218975,1.0658395542181887,0.9627047379853597,2.0,3.0,1.0,eb474359c9d34f13
812,4,2,0.16852318970844227,0.30770735707955416,0.5996374540039375,0.9133411795780602,0.8791627323539422,1.2561431178634432,2.0,3.0,1.0,eb474359c9d34f13
812,5,0,0.2091932255596043,0.34994019920237857,0.6446289023164646,0.9273507087313814,0.9777730371442996,1.002210982404732,2.0,3.0,1.0,eb474359c9d34f13
813,0,4,0.17901192555276824,0.31885121493454405,0.6120074024269246,0.9173545362472662,0.8013206882713504,1.4095209620809406,2.5,3.5,1.0,2e59af839ae35012
813,1,2,0.10539544764771587,0.23536737912033645,0.5091405867400826,0.8795040885041226,0.9346620080278194,0.8696446406412929,2.0,3.0,1.0,2e59af839ae35012
813,2,0,0.145892769929474,0.282939043467709,0.5707434189372035,0.9034413757145907,0.9379145639283936,1.3641473349027788,2.0,3.0,1.0,2e59af839ae35012
813,3,3,0.1596664331046601,0.2981393859587903,0.5887113176971276,0.9096867849335638,1.0525750277517791,1.3553842639173066,2.5,3.5,1.0,2e59af839ae35012
813,4,5,0.1799757606060515,0.3198656999431453,0.6131150494678633,0.9177076863732735,1.060284755312025,0.7571563937003042,1.5,2.5,0.5,2e59af839ae35012
813,5,1,0.15190209181028627,0.28962157530317373,0.578737202993958,0.906257141713734,1.141176730126173,1.2945372189357007,2.0,3.0,1.0,2e59af839ae35012
814,0,4,0.19739476787985605,0.3379456950409728,0.6323593665759943,0.9236868542587273,0.9679384516908762,1.010589516149566,2.0,3.0,1.0,d31870fc17321ffe
814,1,3,0.1241579573155951,0.2580205223037018,0.5395501616229188,0.8918431517729088,0.956635441456603,0.9477863862795418,2.0,3.0,1.0,d31870fc17321ffe
814,2,1,0.14351312380146908,0.28026981584999827,0.5675079138298388,0.9022842310895248,1.0413002358130363,0.8282139911438623,2.0,3.0,1.0,d31870fc17321ffe
814,3,5,0.19440163200548116,0.3348717960333338,0.6291523828144187,0.922710556583955,1.048972635520844,0.8771007748375261,2.0,3.0,1.0,d31870fc17321ffe
814,4,2,0.1567975269858547,0.2950067817103284,0.5850706775623851,0.908445496124656,1.1990315910816662,1.1542933036614669,2.0,3.0,1.0,d31870fc17321ffe
814,5,0,0.16678604570897348,0.3058425701277289,0.5975304998240327,0.9126446235681202,1.0494166268511131,1.2676608136270413,2.0,3.0,1.0,d31870fc17321ffe
815,0,5,0.20744586766904952,0.3481756917174546,0.6428479098297147,0.926825778924098,1.0816130028197275,0.8428823438002233,3.0,4.0,1.5,f5886dc80962b663
815,1,1,0.19911026903096973,0.3397016693792876,0.6341797494693561,0.9242375476111789,1.1356523612280673,0.9532456385623598,2.0,3.0,1.0,f5886dc80962b663
815,2,0,0.10885709319569672,0.23964014336058306,0.5150356840924568,0.8819822447863385,0.9269417734988337,1.4246874519562125,2.5,3.5,1.5,f5886dc80962b663
815,3,2,0.20049873371887483,0.34111983994002676,0.6356438229057703,0.9246786365176851,0.8221983493588465,0.7503948228741826,2.0,3.0,1.0,f5886dc80962b663
815,4,4,0.11353366819810519,0.2453421453775209,0.5227851007813576,0.8851753460160898,1.0640609667184526,1.4129958736358665,1.5,2.5,1.0,f5886dc80962b663
815,5,3,0.20617275952542014,0.34688754646057,0.6415425680096206,0.9264395713534508,0.9844090168091204,0.8401883128749068,2.0,3.0,1.0,f5886dc80962b663
816,0,5,0.1510921729191218,0.28872564301776366,0.5776741959498967,0.9058861946826633,0.7416996365661034,1.0342592465145275,1.5,2.5,0.5,3d728a9a9340d086
816,1,1,0.1335381078484186,0.2689289280332004,0.5534823049771554,0.8971477176645564,0.9990467244480816,0.7646059647883457,2.0,3.0,1.0,3d728a9a9340d086
816,2,3,0.11121269140905857,0.24252207861135724,0.5189690559356772,0.8836120012525835,1.2082257581115396,0.8442676423992528,1.5,2.5,1.0,3d728a9a9340d086
816,3,0,0.12368003340802884,0.2574578812362557,0.5388194282945646,0.8915591392279341,0.7657657968285274,0.8753742979683659,2.0,3.0,1.0,3d728a9a9340d086
816,4,4,0.165996204150465,0.3049928183995596,0.5965668116487634,0.91232474616524,1.0944092575731748,0.67141848289329,1.5,2.5,1.0,3d728a9a9340d086
816,5,2,0.1327960945525269,0.2680749993950321,0.552407563632829,0.8967458445324095,0.8905265132229263,1.0210857130183966,2.0,3.0,1.0,3d728a9a9340d086
817,0,4,0.10941896136225718,0.24032940329506364,0.515979525875486,0.8823750321490516,1.1299479759979487,1.0454078499686734,2.0,3.0,1.0,6184ebc1246fc3ce
817,1,3,0.19112889724046794,0.3314956599422664,0.6255999251197026,0.9216198479957883,0.8938511905713685,1.1410857414469397,2.5,3.5,1.5,6184ebc1246fc3ce
817,2,1,0.18371348758934286,0.3237853271726872,0.6173663096658778,0.9190538354226071,1.1813120329105846,0.9327290634802154,1.5,2.5,1.0,6184ebc1246fc3ce
817,3,0,0.13529612298838375,0.2709462159256941,0.5560107122190445,0.8980884330104206,0.9242120137640578,1.1632664386363822,2.0,3.0,1.0,6184ebc1246fc3ce
817,4,5,0.1609401421881384,0.29952481138174125,0.5903113448991152,0.9102285378126529,0.9817223320871731,0.9217037817437159,1.5,2.5,1.0,6184ebc1246fc3ce
817,5,2,0.1532161700202172,0.29107216074005743,0.5804526320909701,0.9068535287836443,1.0505040461218202,0.9917927371297444,2.5,3.5,1.0,6184ebc1246fc3ce
818,0,3,0.15784577519176213,0.2961533387726957,0.5864068646599525,0.9089024697114005,0.9165304944525996,0.9816453487859094,2.0,3.0,1.0,93a4122cf1ad6d04
818,1,4,0.15555970759930096,0.2936499306286527,0.5834838843443126,0.9079006982470559,0.9644583776151201,1.0435431881072645,2.0,3.0,1.0,93a4122cf1ad6d04
818,2,2,0.11475689982535968,0.24682083475591812,0.5247731661215416,0.8859829632094772,1.0345249689641376,1.2272771309664947,2.0,3.5,1.0,93a4122cf1ad6d04
818,3,0,0.13699265952994683,0.2728852425475076,0.5584271922079656,0.8989813648765752,0.8301150615815935,1.130922922184499,2.5,3.5,1.5,93a4122cf1ad6d04
818,4,1,0.15577745743703691,0.29388885254853214,0.5837637320881196,0.9079969466686821,1.1191167762542507,0.8930748470815529,2.5,3.5,1.0,93a4122cf1ad6d04
818,5,5,0.1400538659338128,0.27636530020916494,0.5627305033336122,0.9005568437907713,0.8566634181297907,1.117468202946987,1.5,2.5,1.0,93a4122cf1ad6d04
819,0,1,0.12352256251040448,0.2572723452248906,0.5385781969214031,0.8914652509457777,1.0488510037045837,1.0887191531712996,1.5,2.5,1.0,7b26620baa8af1ff
819,1,4,0.11768866024807151,0.2503441913951076,0.5294749991446619,0.8878746192850647,0.9567697966407551,1.174206875673609,2.0,3.0,1.0,7b26620baa8af1ff
819,2,5,0.14676365599695512,0.28391258682776416,0.5719174101758654,0.9038587312744846,0.9465216993157144,1.369213351430673,1.5,2.5,1.0,7b26620baa8af1ff
819,3,2,0.14875152528739788,0.28612823778274615,0.5745772197999738,0.9047994000690098,0.9800988822610737,0.5618630664379458,2.0,3.0,1.0,7b26620baa8af1ff
819,4,0,0.16863864210651971,0.3078310936630775,0.5997768784991976,0.9133871378387061,1.0724195390009552,0.6844739895852902,2.0,3.0,1.0,7b26620baa8af1ff
819,5,3,0.16075045809329785,0.2993186962325765,0.5900736917894701,0.9101482159571703,1.0629622447324196,1.0237436545332221,1.5,3.0,1.0,7b26620baa8af1ff
820,0,3,0.11446507346756557,0.24646853186283746,0.5243003007669913,0.8857912916882054,0.7998305109080973,1.1121271159190491,2.0,3.0,1.0,06d32e3db7d20baf
820,1,1,0.11651481842392311,0.24893693511765413,0.5276029731098788,0.887124534308833,0.940282263063215,0.8467159977370224,1.5,2.5,0.5,06d32e3db7d20baf
820,2,0,0.1804130301770006,0.32032543706646804,0.6136160082410482,0.9178670769103964,0.7774861217257927,0.6969601420614675,2.0,3.0,1.0,06d32e3db7d20baf
820,3,5,0.17771854713955226,0.3174874134023706,0.6105135715305517,0.9168766631134717,1.1020841226962295,1.3165921101474047,2.0,3.0,1.0,06d32e3db7d20baf
820,4,4,0.15135854210371227,0.2890204597519317,0.5780242862640499,0.906008479344717,0.9046988559667944,1.1625415116914333,2.5,3.5,1.5,06d32e3db7d20baf
820,5,2,0.14802393825352067,0.2853183270725514,0.5736068833058132,0.9044570149455574,0.9545709175476491,1.0342315985686223,1.5,2.5,1.0,06d32e3db7d20baf
821,0,5,0.16254799504413292,0.30126907329147645,0.5923170754016646,0.9109044270023916,0.9407429139560318,0.9261153545887517,2.5,3.5,1.5,d90382943102fa74
821,1,0,0.10180219463316145,0.23088252062390724,0.5028698639587593,0.876820056718838,1.0752934823537947,1.2034224473768012,2.5,3.5,1.0,d90382943102fa74
821,2,3,0.12873675269796525,0.26337661760238334,0.546446348783765,0.8944947701186707,1.0604275462647037,0.8952238939123479,2.5,3.5,1.0,d90382943102fa74
821,3,4,0.1888368989702274,0.32912163136115613,0.623082787467392,0.9208410657087676,1.0816593143358804,1.2479883124806306,2.0,3.0,1.0,d90382943102fa74
821,4,2,0.164813383925149,0.3037180635194111,0.5951169028784284,0.9118419504919871,0.9639358348473284,1.0015591503854746,2.0,3.0,1.0,d90382943102fa74
821,5,1,0.13766367850007688,0.27365011388620364,0.5593766955234576,0.8993305941651328,1.2171642140804397,1.0963979703693765,2.5,3.5,1.0,d90382943102fa74
822,0,0,0.1318389433742046,0.2669712773797496,0.5510144891348734,0.8962231447994696,1.0998060294972465,0.8003111163857907,1.5,2.0,0.5,6147e1681b5fac1c
822,1,3,0.17546334745176106,0.31510259695827203,0.6078880941726335,0.9160323061879686,0.9209423687162874,1.1132263881101432,1.5,2.5,1.0,6147e1681b5fac1c
822,2,1,0.14919980669634236,0.28662664361446333,0.5751732465785145,0.9050092646091503,0.863652880641179,0.9218955016002802,3.0,4.0,1.5,6147e1681b5fac1c
822,3,5,0.1774375771817581,0.3171907700149888,0.6101879152957607,0.9167722421033451,0.9657600453353107,1.1860069223368508,2.5,3.5,1.0,6147e1681b5fac1c
822,4,2,0.20069821458365025,0.34132336635577887,0.6358534906053097,0.9247416722693321,1.0864338761574854,0.8263868715413489,1.5,2.5,1.0,6147e1681b5fac1c
822,5,4,0.12234907746039952,0.2558873303310844,0.5367732474850722,0.8907607105078846,1.0316101118280872,1.116825454473009,2.0,3.0,1.0,6147e1681b5fac1c
823,0,0,0.16756353848660765,0.3066778889247016,0.598475629189827,0.912957557055656,1.120880931743157,1.3018156451030685,2.0,3.0,1.0,b8cf392e6e5e65a9
823,1,4,0.10779211038473321,0.23833046940585167,0.5132368460902007,0.8812306195195276,0.8767264032817331,0.7479799132410463,2.5,3.5,1.5,b8cf392e6e5e65a9
823,2,1,0.11345477525503375,0.24524659884262337,0.5226563374906978,0.8851228772847995,0.8046450901997025,1.1547195430889219,2.5,3.5,1.5,b8cf392e6e5e65a9
823,3,2,0.14201170340737818,0.2785787277753959,0.5654453028491242,0.9015412140068005,1.2414721757904406,1.1444249439108187,2.0,3.0,1.0,b8cf392e6e5e65a9
823,4,3,0.1073495811821571,0.23778500860682794,0.5124855488197434,0.88091551745954,0.89928582077728,1.0552586456039779,2.0,3.0,1.0,b8cf392e6e5e65a9
823,5,5,0.16388687179392358,0.30271766408657663,0.5939754743989344,0.911460577084818,1.0324351060202266,1.0226672475544119,2.0,3.0,1.0,b8cf392e6e5e65a9
824,0,1,0.17297088255984644,0.31245660135247494,0.6049551277843138,0.9150822566426046,1.0747618970420285,0.9945562095737388,1.5,2.5,1.0,3b83e6fbe3553346
824,1,5,0.1959361806290731,0.3364493766466173,0.6308015120360553,0.923213580730565,0.9900422111750831,1.1437962672036104,2.0,3.0,1.0,3b83e6fbe3553346
824,2,4,0.1265090441501548,0.26077840733508706,0.5431145613960565,0.8932201239271004,0.7654862480678845,0.8720434110327562,2.5,3.5,1.5,3b83e6fbe3553346
824,3,2,0.16313357163774994,0.30190306502951664,0.5930437087657142,0.9111484053888399,1.055373273841418,1.044264861981481,2.5,3.5,1.5,3b83e6fbe3553346
824,4,0,0.09674040752836369,0.22447343988672178,0.4937576887533853,0.8728288228320137,0.9057088852492912,1.2877056602324657,2.0,3.5,1.0,3b83e6fbe3553346
824,5,3,0.08960228138763258,0.21523778137772642,0.48030442334633533,0.8667302902369755,0.8892947664020725,0.8428542817892248,1.5,3.0,1.0,3b83e6fbe3553346
825,0,2,0.16084904921179505,0.2994258365985844,0.5901972427972543,0.9101899799564295,1.1378779286811538,0.7388554418877195,3.0,4.0,1.5,cc302ba7c06d00fc
825,1,0,0.18875249792827348,0.3290340559846785,0.6229896286084768,0.9208121477022205,0.9531538781605589,1.0320440991560103,2.5,3.5,1.0,cc302ba7c06d00fc
825,2,1,0.16466610456952352,0.30355914949426344,0.5949357965945621,0.9117815157699792,0.8491404304203529,1.3065881166728728,1.5,2.5,1.0,cc302ba7c06d00fc
825,3,5,0.18358885126004254,0.32365499233261547,0.6172256657964953,0.9190095347912285,1.010927804217685,1.1533993826380624,2.0,3.0,1.0,cc302ba7c06d00fc
825,4,3,0.13920861745565635,0.275406768217088,0.5615495034639433,0.900126326118832,1.007695823114087,1.1141540553408233,2.5,3.5,1.0,cc302ba7c06d00fc
825,5,4,0.10628881175283911,0.23647446601607924,0.5106753686431531,0.8801534332537928,0.8295700426490247,1.171295381128777,1.5,2.5,1.0,cc302ba7c06d00fc
826,0,4,0.131460141189617,0.2665337758418731,0.5504610558628371,0.8960149249684095,1.1643005146265855,0.8661790288057033,2.0,3.5,1.0,8f3e5112344da099
826,1,2,0.1680226229829863,0.3071705867225675,0.599032081481479,0.9131414372972573,1.1460545416150534,0.7574701247985935,2.0,3.0,1.0,8f3e5112344da099
826,2,0,0.13990735932625742,0.2761992862003365,0.5625261909307996,0.9004824643410936,1.0657677835709112,0.8907389836092803,1.5,2.5,1.0,8f3e5112344da099
826,3,1,0.0883667841217594,0.21361394006041895,0.47789861678779666,0.8656128326494789,0.7564694204668095,1.1273165686055417,3.0,4.0,1.5,8f3e5112344da099
826,4,3,0.13208725393266907,0.2672578525657593,0.5513766218749776,0.8963592170948411,0.8606080932993115,0.7188992425241674,2.0,3.0,1.0,8f3e5112344da099
826,5,5,0.13569519387785256,0.2714030028862316,0.5565811923193281,0.8982997742502741,1.1828121707398886,0.9620884751324656,2.5,3.5,1.0,8f3e5112344da099
827,0,0,0.20180270300890818,0.342449250858469,0.6370113309338565,0.9250891792463664,1.2315113344286885,1.1626674851856489,2.0,3.0,1.0,627395db49cae1de
827,1,2,0.09043595628102846,0.21632912728733925,0.48191443230840303,0.86747347534156,1.0975058537638305,0.9209842404507247,2.0,3.0,1.0,627395db49cae1de
827,2,4,0.14051518836457522,0.27688769902877886,0.5633727830180486,0.9007903926692504,0.8775676351190425,0.8844238247863381,2.0,3.0,1.0,627395db49cae1de
827,3,3,0.1330758262683108,0.2683970967087188,0.5528132625980932,0.8968976869641164,1.00426430448031,1.0772106999817912,1.5,3.0,1.0,627395db49cae1de
827,4,5,0.19001632448207342,0.330344269860372,0.6243811118926048,0.9212433766254111,0.8812494140361828,0.9890579883007944,1.5,2.5,1.0,627395db49cae1de
827,5,1,0.1888414006065457,0.32912630199607207,0.623087755274561,0.9208426076040765,0.9307334306997306,0.7518538849565732,1.5,2.5,1.0,627395db49cae1de
828,0,2,0.09095829854035524,0.21701114642105712,0.4829177893673347,0.8679347617984939,1.029018705254961,0.7356148220760088,2.5,3.5,1.5,6fe55d6033edfdb0
828,1,5,0.1696850520106439,0.30895146646921395,0.6010371488018976,0.9138018001953989,1.0148130166060345,0.7447437366330925,2.5,3.5,1.0,6fe55d6033edfdb0
828,2,1,0.11901986771342879,0.2519346303260378,0.531581296171574,0.8887137566356279,0.9971391649249217,0.7455934629907481,2.0,3.0,1.0,6fe55d6033edfdb0
828,3,4,0.12208614706540728,0.25557642361718463,0.5363670601811938,0.890601660761753,1.0961252396305075,1.3102222764286364,2.0,3.0,1.0,6fe55d6033edfdb0
828,4,0,0.17068724697354087,0.3100226184451957,0.6022384449888055,0.9141957914457226,0.998513393222367,0.6514298525905048,2.0,3.0,1.0,6fe55d6033edfdb0
828,5,3,0.15398658495439654,0.2919208708297606,0.5814530647317436,0.9072000754076351,1.0040506517655423,0.7741361946942944,2.0,3.0,1.0,6fe55d6033edfdb0
829,0,1,0.14496148295781602,0.28189602045293477,0.569482039159896,0.9029914678481242,0.8937587501967715,1.310525806160166,2.0,3.0,1.0,f64eec782a9459b7
829,1,3,0.1802377389676467,0.3201411773113886,0.613415301635775,0.9178032425071934,1.018812846578654,1.0329469276724486,2.0,3.5,1.0,f64eec782a9459b7
829,2,5,0.1851593787218179,0.3252955032157782,0.6189923578855947,0.9195648620974013,1.1278880087454313,0.9872470379508087,3.0,4.0,1.5,f64eec782a9459b7
829,3,4,0.14541828519858752,0.2824078841618391,0.5701015282586906,0.9032126194649293,1.0855834254674215,0.9464886958614249,2.5,3.5,1.0,f64eec782a9459b7
829,4,0,0.12396477035226638,0.2577931741129222,0.5392550374853888,0.8917285173962094,1.1445838451183685,1.1291385334372537,2.0,3.0,1.0,f64eec782a9459b7
829,5,2,0.16023323029167486,0.2987562987967054,0.5894245497377774,0.9099285616448037,0.877980186000274,0.8847888287436898,2.0,3.0,1.0,f64eec782a9459b7
830,0,0,0.1272373189171383,0.2616293850392437,0.544208592649141,0.8936399882991315,0.7601660357570013,1.1179914074778037,2.0,3.0,1.0,062823d643776e12
830,1,2,0.17518242428649056,0.31480491326888704,0.6075591769364228,0.9159261217950118,1.0090782074365463,1.0445967679362482,2.5,3.5,1.0,062823d643776e12
830,2,4,0.13898773685666177,0.2751559888823142,0.5612399842077535,0.9000132636567242,1.149945036283311,0.9670454229315852,2.5,3.5,1.0,062823d643776e12
830,3,3,0.15932919582917032,0.2977720228289092,0.5882860170064699,0.9095423956193903,0.9329487895970995,1.0837406321113305,2.0,3.5,1.0,062823d643776e12
830,4,5,0.1414621623929937,0.27795839751167295,0.5646861908746618,0.9012667015677509,1.0046389492334498,0.6535070730042563,2.5,3.5,1.5,062823d643776e12
830,5,1,0.11012835761048151,0.24119797849031743,0.5171661201289969,0.8828673021744594,0.9631299645902627,0.892429845145807,2.0,3.0,1.0,062823d643776e12
831,0,2,0.14048204510330223,0.2768501854099959,0.5633266927189158,0.9007736467961734,0.9727046545120726,0.6933901787905197,1.5,2.5,1.0,0ff9859bf211038b
831,1,4,0.14482049529021487,0.281737939344158,0.5692905374985997,0.9029230281683576,1.201639391819444,1.009893191139248,3.0,4.0,1.5,0ff9859bf211038b
831,2,3,0.15026076656872903,0.2878044355726354,0.5765784022667009,0.905502694226241,1.1702037787891453,1.4713777330574396,2.5,3.5,1.5,0ff9859bf211038b
831,3,1,0.16150280581566112,0.3001357931817795,0.59101501675192,0.910466068535192,0.7990408977762283,1.4495597362625705,2.0,3.0,1.0,0ff9859bf211038b
831,4,0,0.1283065555921334,0.2628759859499003,0.5458063352919239,0.894250845723325,1.0630785144167065,1.3611552776498712,1.5,2.5,0.5,0ff9859bf211038b
831,5,5,0.1290762160447181,0.26377128767471236,0.5469502410129442,0.8946865071731139,0.8531152783178337,0.8692383027756168,1.5,2.5,0.5,0ff9859bf211038b
832,0,4,0.152090725226977,0.289830035087938,0.5789841529293339,0.9063431657841926,1.160029332992713,1.1408579877088796,3.0,4.0,1.5,b62e70d669a1e66a
832,1,3,0.13383171314546144,0.2692664074746437,0.5539063193129176,0.8973059371692975,0.7866105361637035,0.8933088139090732,2.0,3.0,1.0,b62e70d669a1e66a
832,2,2,0.157588605986117,0.29587226142778394,0.5860796946151862,0.9087907283322503,1.1169228550250228,1.115689035795457,2.5,3.5,1.5,b62e70d669a1e66a
832,3,0,0.20585607899255046,0.346566789770971,0.6412168488325888,0.9263430069875982,0.9912556500646351,0.9790534942020725,2.5,3.5,1.5,b62e70d669a1e66a
832,4,1,0.22010884467730193,0.3608747734077049,0.6554866055423544,0.9305016519125858,1.0005768551438519,0.8942815036550127,2.0,3.0,1.0,b62e70d669a1e66a
832,5,5,0.13021882661405862,0.2650973259770565,0.5486390112249716,0.8953271319529489,1.0566042320014717,0.5458456228926888,1.5,3.0,1.0,b62e70d669a1e66a
833,0,4,0.17209352029610406,0.31152258285752216,0.6039147576039128,0.9147435188835844,0.8152475883163139,0.9644895882806301,2.5,3.5,1.0,7db038013c686d00
833,1,2,0.14649189626240042,0.283608981891011,0.5715516420556428,0.9037288427449212,1.1894236909065894,1.3363658583139886,1.5,2.5,1.0,7db038013c686d00
833,2,0,0.1985607673773382,0.33913965960923925,0.6335980393032252,0.9240618442181284,0.9832666330462168,1.046070414652152,2.5,3.5,1.0,7db038013c686d00
833,3,5,0.1482759836219522,0.2855990265799677,0.5739434348286475,0.9045758695706555,1.1962836780008668,1.1298130277697578,1.5,2.5,1.0,7db038013c686d00
833,4,3,0.210275840149407,0.351031435330967,0.6457262644525199,0.9276729979023997,0.8274666869501066,0.7877752759517338,2.0,3.0,1.0,7db038013c686d00
833,5,1,0.10012786321229052,0.22877467871228677,0.4998928258434861,0.8755281014131018,0.9784146415602979,0.9131519095092497,2.5,3.5,1.5,7db038013c686d00
834,0,4,0.14773478304169158,0.28499612039059835,0.5732202363027564,0.9043203352345414,1.0328019511829634,1.0627142655369881,2.0,3.0,1.0,b38cae1cc55b6dd3
834,1,5,0.10106102943131925,0.2299509037561485,0.5015564565634046,0.8762514940876887,0.934465204470116,1.2226628315234396,1.5,2.0,0.5,b38cae1cc55b6dd3
834,2,0,0.11500301366423205,0.2471177254889788,0.5251712699563148,0.8861441274031634,1.080857663533208,1.3192935968150539,2.0,3.0,1.0,b38cae1cc55b6dd3
834,3,2,0.1283300045651195,0.2629032877684058,0.5458412623843131,0.8942641685914995,0.986410193476974,1.3475833991567177,2.5,3.5,1.5,b38cae1cc55b6dd3
834,4,3,0.1475818449611724,0.2848256236514501,0.5730154981366189,0.9042479023506274,0.946724806450015,1.2675869620871218,1.5,2.5,0.5,b38cae1cc55b6dd3
834,5,1,0.20562811332117334,0.3463358066433008,0.6409821236867222,0.9262733708260715,0.9504740551589812,0.9322843510276806,2.5,3.5,1.0,b38cae1cc55b6dd3
835,0,0,0.14868231679183527,0.28605125030462397,0.5744850782456402,0.9047669263191009,0.9356380012822071,1.224789433320499,2.5,3.5,1.0,59bb8388cc9b3233
835,1,5,0.12256286567014733,0.2561399705449938,0.537103037625497,0.8908897103669114,0.8793760225902887,0.9467514054394557,2.0,3.0,1.0,59bb8388cc9b3233
835,2,2,0.1490220973601385,0.2864291180268456,0.5749371326924198,0.9049261679222486,1.1747913207225882,0.9957466823009082,2.5,3.5,1.0,59bb8388cc9b3233
835,3,3,0.11650052911586528,0.2489197762398259,0.5275800987665402,0.8871153439446542,1.1430839407224307,1.183557111166242,2.5,3.5,1.0,59bb8388cc9b3233
835,4,4,0.10863411724417765,0.23936628751975128,0.514660132026946,0.8818256526597462,1.1559404050144613,0.9369670096306655,1.5,2.5,0.5,59bb8388cc9b3233
835,5,1,0.18381855015472365,0.32389517386680877,0.6174848066798803,0.9190911477881164,0.9581094893357991,0.8876581458290903,2.0,3.0,1.0,59bb8388cc9b3233
836,0,1,0.1301829451539956,0.2650557401422621,0.5485861487806705,0.8953071248343266,1.0059098824921948,1.074225804675343,2.0,3.0,1.0,91c7b968b49cf857
836,1,0,0.15096138165639636,0.28858082629693016,0.577502121937015,0.9058260479245864,1.1760861215972576,0.8529861655073276,1.5,2.5,1.0,91c7b968b49cf857
836,2,3,0.20147395401168305,0.34211431056402397,0.6366672406160624,0.924986010869009,0.9848817068850553,1.085289788393407,2.0,3.0,1.0,91c7b968b49cf857
836,3,5,0.18985387018317454,0.3301759899466949,0.624202665306391,0.9211881599012498,1.0554867290697385,0.9482419692319103,2.5,3.5,1.0,91c7b968b49cf857
836,4,4,0.13779911563339803,0.27380435387388363,0.5595679145164321,0.8994008142809008,1.1516208025639498,1.3021387708946968,2.5,3.5,1.0,91c7b968b49cf857
836,5,2,0.12249821996983623,0.2560635915674904,0.5370033603592014,0.8908507336338207,0.9760106825555775,0.9455475713896224,2.0,3.0,1.0,91c7b968b49cf857
837,0,4,0.18211837861977662,0.3221153883661101,0.6155605560884404,0.9184838387913077,1.1065703661347368,0.8875280369843417,2.0,3.0,1.0,4cb7ea39b81c56d7
837,1,0,0.18774314151062427,0.3279858837121189,0.6218729402347771,0.9204649771579417,1.0656679126855133,0.8934271176543116,2.0,3.0,1.0,4cb7ea39b81c56d7
837,2,5,0.12305227884283407,0.2567177959291078,0.5378563933357083,0.8911839373353597,1.1141493274320708,1.336565697422026,1.5,2.5,1.0,4cb7ea39b81c56d7
837,3,1,0.1568294748617184,0.2950417594188646,0.5851115034550491,0.9084594825973593,0.9381847335951017,1.1984305056028626,1.5,2.5,0.5,4cb7ea39b81c56d7
837,4,3,0.12657706839909041,0.2608579581708435,0.5432169488257386,0.8932594728686717,0.9412127731262077,1.0379838146323381,1.5,2.5,1.0,4cb7ea39b81c56d7
837,5,2,0.17050000275606483,0.3098226296636277,0.6020144247031273,0.9141224126480406,0.8227788127638018,1.1043984766218722,1.5,2.5,0.5,4cb7ea39b81c56d7
838,0,3,0.15909347665397539,0.2975151097314875,0.5879883275780788,0.9094412332918345,1.225830124900224,1.3229824397618521,1.5,2.5,1.0,78b1a846868744f2
838,1,0,0.10212102428707129,0.23128257751328937,0.5034327204558079,0.8770630291269425,1.0611603314431743,1.0506098213729835,1.5,2.5,0.5,78b1a846868744f2
838,2,4,0.200345206655909,0.3409631613810653,0.6354823404661271,0.9246300649788706,1.0662543298158935,0.8899334506506256,1.5,2.5,1.0,78b1a846868744f2
838,3,5,0.15452181550963162,0.2925097468310161,0.5821458165385645,0.9074394990440834,0.9903994405205623,0.7737571778094999,1.5,2.5,1.0,78b1a846868744f2
838,4,1,0.13240607338137234,0.26762555487568007,0.5518408306400737,0.896533443824349,1.2381034258373087,0.9914122428049688,2.0,3.0,1.0,78b1a846868744f2
838,5,2,0.14220728054681941,0.27879932045979494,0.5657149231162433,0.9016385777837203,0.911005991947883,0.8189377624722889,2.0,3.0,1.0,78b1a846868744f2
839,0,4,0.16870095216827957,0.30789786448088463,0.5998520952013066,0.9134119244410874,1.195087139419668,1.3066895895240656,2.0,3.0,1.0,9f2f133dae167eda
839,1,2,0.14627619680178264,0.283367884587259,0.5712609557193905,0.9036255246771072,1.0791045593154347,1.0542262620710126,2.5,3.5,1.0,9f2f133dae167eda
839,2,0,0.16192063422325909,0.30058909576471826,0.5915363194417855,0.9106417542310571,1.000222137274732,0.7389164030090057,2.0,3.0,1.0,9f2f133dae167eda
839,3,3,0.1364250071786246,0.2722372883954713,0.5576211917298182,0.8986841966936135,1.030447737554465,1.1418992168057702,2.5,3.5,1.0,9f2f133dae167eda
839,4,5,0.16213992054897916,0.30082686173510764,0.5918094913634918,0.91073372011226,1.0462139609745282,1.0075787324156662,2.0,3.0,1.0,9f2f133dae167eda
839,5,1,0.11486253208393615,0.2469482858306135,0.5249441098650948,0.8860521890505262,1.1661228770248722,0.9661795746265728,2.5,3.5,1.0,9f2f133dae167eda
840,0,5,0.1346470217025896,0.2702023413101757,0.5550800776198147,0.8977429501193943,0.8249217261764074,1.146255906983725,1.5,2.5,1.0,f3bac788b7927338
840,1,1,0.19526364196506105,0.335758402100394,0.6300800445938229,0.9229937723305117,1.0798901326106183,1.155610737700858,2.0,3.0,1.0,f3bac788b7927338
840,2,0,0.17947091061843443,0.3193345137400026,0.612535461552167,0.9175230222655193,0.9030305167939424,0.797098761762598,2.0,3.0,1.0,f3bac788b7927338
840,3,3,0.15383640162372614,0.29175552479581845,0.5812583466563513,0.9071326984580468,1.0551389122725499,0.9489903111203707,2.5,3.5,1.5,f3bac788b7927338
840,4,4,0.19079636340529443,0.3311517209788636,0.6252362360932044,0.9215076318964993,0.9355521028319375,0.9806309521398762,1.5,3.0,1.0,f3bac788b7927338
840,5,2,0.18793522652053524,0.32818547727758174,0.6220858212055757,0.9205312362867784,0.927838023129844,1.0329550802366971,1.5,3.0,1.0,f3bac788b7927338
841,0,4,0.1430454534038471,0.2797436501722202,0.5668672177472088,0.9020538803058322,1.1966208483633236,0.9517566641052757,1.5,2.5,0.5,279a86811c1c2f9c
841,1,0,0.09809031888895181,0.226193503325381,0.4962208971218752,0.8739185739486801,0.9566266255697917,1.0429053784633948,1.5,2.0,0.5,279a86811c1c2f9c
841,2,2,0.15494465576215893,0.2929745364416026,0.5826917877291237,0.9076278811292221,1.1274367584954452,1.093059800052247,2.0,3.0,1.0,279a86811c1c2f9c
841,3,3,0.19577696541355308,0.33628585644412534,0.630630894404375,0.9231616348735004,1.045790572055753,1.2260682351716292,2.0,3.0,1.0,279a86811c1c2f9c
841,4,1,0.1445255909682651,0.2814071287572062,0.568889510403114,0.9027795917833542,0.9321950294259707,0.834328588033188,1.5,2.0,0.5,279a86811c1c2f9c
841,5,5,0.12645310134081997,0.26071297496042584,0.5430303275182599,0.8931877431281819,1.2346504043831252,1.2650331948567728,2.0,3.0,1.0,279a86811c1c2f9c
842,0,5,0.14301729480584827,0.27971195276737565,0.5668285900882556,0.9020399795438351,0.9745287830714381,1.0714971913727813,2.5,3.5,1.0,43b5c832fb102c5e
842,1,1,0.12368506395281867,0.2574638071035886,0.5388271308547957,0.8915621360379868,1.1592252298469718,1.044452323039942,2.0,3.0,1.0,43b5c832fb102c5e
842,2,3,0.18745758462122647,0.3276890583220971,0.6215561448594873,0.9203663083609437,0.9687096959053789,1.0276312205503564,1.5,2.5,1.0,43b5c832fb102c5e
842,3,4,0.10534191560139286,0.2353009416453388,0.5090483183884003,0.8794649569152746,0.8639219702261234,0.9324802971699966,1.5,2.5,0.5,43b5c832fb102c5e
842,4,0,0.11162287671699136,0.24302185833062862,0.5196477051350445,0.8838913008906415,0.8527555703151926,0.9758534355564774,2.5,3.5,1.5,43b5c832fb102c5e
842,5,2,0.2052308783881607,0.3459331469088996,0.6405726030768817,0.9261517808217947,1.1382047310315864,1.1925918605578143,1.5,2.5,1.0,43b5c832fb102c5e
843,0,5,0.16275069839685233,0.30148861200894483,0.5925688382105717,0.9109890132012048,0.9298977467276489,1.2340110678754657,2.0,3.0,1.0,88523e5d21eb062e
843,1,4,0.13247291849631923,0.2677026138379911,0.551938051618059,0.8965699042314441,0.8751391595008415,1.285508537275812,2.0,3.0,1.0,88523e5d21eb062e
843,2,0,0.20884507129515265,0.3495889477462345,0.6442750186445648,0.9272465888283112,0.9044294544952097,1.0495164407310658,2.0,3.0,1.0,88523e5d21eb062e
843,3,3,0.19101499652118542,0.3313778715438452,0.6254754103272381,0.9215814406228129,1.0420871462191867,1.2290864221116553,2.0,3.0,1.0,88523e5d21eb062e
843,4,1,0.19504064081465156,0.3355291423215016,0.6298403767266297,0.9229206648575858,1.0266702452926622,1.1674452118368157,1.5,2.5,0.5,88523e5d21eb062e
843,5,2,0.1728579650857919,0.31233646905093904,0.6048214649674798,0.9150387881146594,1.1615828169779376,0.9464341708104511,2.0,3.0,1.0,88523e5d21eb062e
844,0,1,0.14185611186432506,0.2784031685429733,0.5652306035274857,0.9014636316010414,0.8036126756719528,0.8237523714082841,2.0,3.0,1.0,f5fbe5164f3657ac
844,1,3,0.12615092832213887,0.26035938563833944,0.5425748574284968,0.8930125199882439,1.1811231932312365,0.9447334589006072,2.5,3.5,1.0,f5fbe5164f3657ac
844,2,2,0.18814713052775006,0.3284055980657563,0.6223204646303611,0.9206042274931343,0.8683678019690901,0.7920798984426305,2.0,3.0,1.0,f5fbe5164f3657ac
844,3,0,0.15883054341348662,0.2972284025124909,0.5876558641125434,0.9093281593654342,0.894383186032579,1.3092621098949528,2.0,3.5,1.0,f5fbe5164f3657ac
844,4,5,0.10717919123437242,0.23757478801451276,0.5121956671109201,0.8807937512414938,1.1694007823273627,1.4198703002782518,1.5,2.5,0.5,f5fbe5164f3657ac
844,5,4,0.11593864825304398,0.24824451700677644,0.5266789868869111,0.8867528155487812,1.0240884040861422,0.750688087944599,2.0,3.0,1.0,f5fbe5164f3657ac
845,0,4,0.11608104383225895,0.24841574585215268,0.5269076581021457,0.886844902117528,1.0833529662816481,1.012695133168855,2.0,3.0,1.0,8a99eaaed76e5ab3
845,1,5,0.1384477241036557,0.2745423604815084,0.5604816860453803,0.8997358620592987,1.1306335018288969,0.8813609002823108,2.0,3.0,1.0,8a99eaaed76e5ab3
845,2,2,0.11904226893778319,0.25196134461335956,0.5316165903338889,0.8887277744517967,0.9583537075864003,0.950235513446583,2.5,3.5,1.0,8a99eaaed76e5ab3
845,3,0,0.1039315746123799,0.23354652740776902,0.5066050205270475,0.8784248305512982,1.224550498763469,0.799284728316813,2.0,3.0,1.0,8a99eaaed76e5ab3
845,4,3,0.16980226865008838,0.30907684298765975,0.6011779403822135,0.913848039720931,1.038459527491216,1.1139110307142595,2.5,3.5,1.0,8a99eaaed76e5ab3
845,5,1,0.15943049498929218,0.2978823953618043,0.5884138422243191,0.9095858093194872,1.1515628348872409,0.5439566321984965,2.0,3.0,1.0,8a99eaaed76e5ab3
846,0,0,0.13423300655348597,0.2697272938466659,0.5544847156703061,0.8975214633722662,1.0910330987039292,0.811541381409952,1.5,2.5,1.0,3542e72b358a461b
846,1,1,0.15674184905161012,0.2949458183887853,0.5849995118060839,0.908421111932563,1.053709587247507,0.8839368171045423,1.5,2.5,0.5,3542e72b358a461b
846,2,5,0.1798514127655565,0.31973490480873834,0.612972413311551,0.9176622661768725,1.144086986832084,0.9610774075192181,2.0,3.0,1.0,3542e72b358a461b
846,3,4,0.13258710302795784,0.2678342174892721,0.5521040383527623,0.8966321307665429,1.150235984475399,1.1446164885437775,2.0,3.0,1.0,3542e72b358a461b
846,4,2,0.17317847282866478,0.312677396470516,0.6052006770823765,0.9151620725252209,1.1768566267184881,1.1991609696691228,3.0,4.0,1.5,3542e72b358a461b
846,5,3,0.13879364700953511,0.27493552519853287,0.5609676974364927,0.8999137219891759,1.1015171761565778,0.7914061398971208,2.5,3.5,1.0,3542e72b358a461b
847,0,4,0.10376879965799178,0.23334353214502498,0.5063214732953163,0.8783036329842062,0.9236719709837335,0.9356854654581873,2.0,3.0,1.0,7c3307d631872154
847,1,2,0.1898117354774401,0.33013233770468814,0.6241563627601759,0.9211738284280996,0.9970085221725098,0.8153812157510198,2.0,3.0,1.0,7c3307d631872154
847,2,1,0.17509915155546435,0.3147166459240143,0.6074615973182541,0.9158946027761763,0.9432478374511327,0.9490549042982284,2.0,3.0,1.0,7c3307d631872154
847,3,3,0.16284825423901317,0.30159424157525727,0.592689917745029,0.9110296729881762,0.8968446685556397,1.1307072576835948,1.5,2.0,0.5,7c3307d631872154
847,4,0,0.12411902024233762,0.2579747090643328,0.5394907066385822,0.8918200655311659,1.112108010970486,1.2296559604405524,2.5,3.5,1.5,7c3307d631872154
847,5,5,0.13307019540813855,0.2683906151381355,0.5528051024419947,0.8968946345226598,0.8746700714986223,1.1687261279247032,1.5,2.5,1.0,7c3307d631872154
848,0,3,0.1495111720244468,0.28697255772979763,0.575586421001216,0.9051545476824535,1.0224019649794718,1.2090173913728988,2.5,3.5,1.0,a4824bf228996aac
848,1,0,0.1079832798319328,0.23856587554822464,0.5135607024023588,0.8813662332880543,0.7547821110560542,1.3254429347175574,2.5,3.5,1.5,a4824bf228996aac
848,2,2,0.1228739819424545,0.2565073749416586,0.5375821997489737,0.8910769225789876,1.185509089176782,0.7949040417226374,1.5,2.0,0.5,a4824bf228996aac
848,3,1,0.13871219154911593,0.27484297283937326,0.5608533379982534,0.8998718926065292,1.0430221696509796,0.9189784079022929,1.5,2.5,0.5,a4824bf228996aac
848,4,5,0.20003116393086767,0.3406425693202971,0.6351517120335637,0.9245305557038813,1.026118705706014,1.0155898866763604,2.0,3.0,1.0,a4824bf228996aac
848,5,4,0.18406993364087681,0.3241579322426173,0.617768115476015,0.9191803103692792,0.9785775997674401,0.846416337254799,2.0,3.0,1.0,a4824bf228996aac
849,0,0,0.16243722743008854,0.3011490718972864,0.5921793954798384,0.9108581461159568,0.9881310078974335,1.149308237503193,2.0,3.5,1.0,5d3fef3972d449de
849,1,1,0.15830059826792647,0.29665011229588134,0.5869844761271887,0.9090995094830927,0.9948010238574799,0.91021368365839,2.0,3.0,1.0,5d3fef3972d449de
849,2,5,0.21037840162784216,0.3511347346702631,0.6458299831970014,0.9277034144354075,1.2440770052428642,0.5751778381656439,2.5,3.5,1.0,5d3fef3972d449de
849,3,2,0.18997376373055214,0.33030018677540474,0.6243343732345079,0.9212289166944293,0.9319473740616692,1.2353487722032783,2.5,3.5,1.0,5d3fef3972d449de
849,4,3,0.17191569691806605,0.31133310878803505,0.6037033858027401,0.9146745856278121,1.0161583526900206,0.8119451957944813,3.0,4.0,1.5,5d3fef3972d449de
849,5,4,0.15008496416495767,0.2876094479212043,0.5763460959293288,0.9054212472803763,0.7414390668135038,0.9538779925568184,2.5,3.5,1.0,5d3fef3972d449de
850,0,0,0.13745538291064913,0.27341280875298,0.5590823308876413,0.8992224241134205,1.197138900283574,1.083765880907298,2.0,3.0,1.0,5ab115787f5616d8
850,1,3,0.10421300163412563,0.2338972427509569,0.5070944921141392,0.8786338066707428,1.0284412684923208,0.7303452308416921,1.5,2.5,1.0,5ab115787f5616d8
850,2,4,0.09126806137796972,0.21741496473054675,0.4835108605522254,0.8682067516320184,0.8366198271273841,0.6697050612780963,1.5,2.5,1.0,5ab115787f5616d8
850,3,1,0.1748853227524506,0.3144899365486011,0.6072108627415028,0.915813576946111,1.1988846259613133,1.2994883197875422,2.0,3.5,1.0,5ab115787f5616d8
850,4,2,0.09663260508943687,0.22433572783281916,0.4935599120412273,0.8727409709862683,0.9052430116224058,1.0946467690091417,2.0,3.0,1.0,5ab115787f5616d8
850,5,5,0.16483679933277312,0.3037433248430367,0.5951456846264679,0.9118515522409301,1.0367675473083615,1.1516918556841171,2.5,3.5,1.0,5ab115787f5616d8
851,0,4,0.13528256541180173,0.270930690217944,0.5559913089846568,0.8980812389722399,1.2134630890590812,1.2286134508311912,2.5,3.5,1.5,4b2f5083723d75e7
851,1,5,0.1515807658206759,0.2892662969183363,0.5783159921959603,0.9061102827574732,0.9248883196304388,0.8630595838347671,1.5,2.5,1.0,4b2f5083723d75e7
851,2,0,0.14858180481978256,0.28593942154877205,0.5743512016223291,0.9047197293310607,1.0572565879274562,0.7897242701833117,1.5,2.5,0.5,4b2f5083723d75e7
851,3,3,0.16375514759916932,0.3025753005209428,0.5938127852708174,0.91140612614871,1.0591988904332372,0.8531784919744961,2.5,3.5,1.5,4b2f5083723d75e7
851,4,2,0.15124333022036157,0.28889296271946824,0.5778729211435386,0.9059556224541623,0.8492797838150276,1.1104870615359426,2.0,3.0,1.0,4b2f5083723d75e7
851,5,1,0.16762383943661124,0.30674262743347125,0.5985487877202803,0.9129817476575367,0.9420018165947437,1.3664113881550142,2.0,3.5,1.0,4b2f5083723d75e7
852,0,2,0.10353735940429945,0.2330547219547293,0.5059177554368172,0.878130893876416,0.9917136272285363,0.6423590125274203,1.5,2.0,0.5,da94b85d0d4fb95e
852,1,5,0.19084733088102498,0.33120444738567656,0.6252920117733606,0.921524848159338,0.9793551204467768,1.1725059865831915,2.5,4.0,1.5,da94b85d0d4fb95e
852,2,1,0.18899988593313172,0.3292907172132933,0.6232625921615977,0.9208968606628755,1.0096940353491597,1.2883504287018765,2.0,3.0,1.0,da94b85d0d4fb95e
852,3,3,0.141522839994426,0.2780269275898812,0.5647701187638227,0.9012970798879584,0.7723937569055572,0.8249507841952624,2.0,3.0,1.0,da94b85d0d4fb95e
852,4,4,0.21662839144222382,0.3574044021572475,0.652073632713546,0.9295202127138146,1.1008287469150748,0.7957517776933705,2.0,3.0,1.0,da94b85d0d4fb95e
852,5,0,0.16090980529764862,0.2994918514347325,0.5902733508262153,0.9102156999903939,0.8582497572959775,0.7588720289967372,2.0,3.0,1.0,da94b85d0d4fb95e
853,0,2,0.09922189894038098,0.22762920610590548,0.4982669006261218,0.8748176011058167,1.2241523041017752,1.2651929898832068,2.0,3.0,1.0,7ac4fc017e60a9f2
853,1,0,0.1788425645789094,0.3186727930903644,0.6118122820250698,0.9172922219383789,1.0928074523087405,0.8611320491448614,2.0,3.0,1.0,7ac4fc017e60a9f2
853,2,4,0.13304050581017163,0.2683564386181547,0.5527620724141397,0.8968785372815746,0.9653920534188437,0.8680250229318811,1.5,2.5,1.0,7ac4fc017e60a9f2
853,3,5,0.15180940439917442,0.2895191174414977,0.5786157742074444,0.9062148215215634,1.0907437468599195,0.7375092441557975,1.5,2.5,1.0,7ac4fc017e60a9f2
853,4,1,0.16099830921841296,0.29958800264794244,0.5903841779548313,0.9102531437758334,0.8925008659375222,0.914376546222389,1.5,2.5,1.0,7ac4fc017e60a9f2
853,5,3,0.1852946840638489,0.3254366534036983,0.6191440024150269,0.9196124122621447,1.1270093350214974,0.60266484426204,2.0,3.0,1.0,7ac4fc017e60a9f2
854,0,4,0.19523966339883564,0.3357337540517425,0.6300542845145278,0.9229859166757368,1.0844896660151278,0.8171544169287273,2.0,3.0,1.0,72c2116b5a263079
854,1,0,0.15756301247365637,0.29584428111616845,0.5860471119071454,0.9087795947359503,0.9354520044387217,1.2150858017547463,1.5,3.0,1.0,72c2116b5a263079
854,2,3,0.1521365066647996,0.28988061667423254,0.5790440521284658,0.9063640228446425,0.8756247326354423,0.78550716217131,2.5,3.5,1.5,72c2116b5a263079
854,3,5,0.17063747854409655,0.30996946879626386,0.6021789205950785,0.9141762981543687,1.222379488058364,0.6393749502732741,2.0,3.0,1.0,72c2116b5a263079
854,4,1,0.13823469212367545,0.2743000842751735,0.5601819224901163,0.8996260423200481,1.013468184809644,1.0251320676338778,2.0,3.0,1.0,72c2116b5a263079
854,5,2,0.16150291223381125,0.30013590867898643,0.5910151496582655,0.9104661133571869,0.9699390478188279,1.0478437213647622,1.5,3.0,1.0,72c2116b5a263079
855,0,5,0.10469283949363012,0.23449449155468158,0.5079268314972343,0.8789884701961618,1.033233283694086,1.1023172998468826,2.5,3.5,1.0,0b711419f11071fc
855,1,2,0.18054005497287373,0.3204589290517213,0.6137613533634305,0.9179132831613345,1.0398559390427895,0.7737341810320291,2.0,3.0,1.0,0b711419f11071fc
855,2,3,0.1739633947806976,0.313511558175837,0.6061270292362431,0.9154627263840476,1.1801663989213813,1.058390585683666,1.5,2.5,0.5,0b711419f11071fc
855,3,4,0.1608448490430055,0.29942127261143997,0.5901919804945822,0.9101882014164235,1.0394328226879104,0.7841984809295148,1.5,2.5,1.0,0b711419f11071fc
855,4,0,0.15654682576373502,0.2947322310690598,0.5847500843586597,0.9083356117486505,0.9602909440073819,1.2626830267273383,2.5,3.5,1.5,0b711419f11071fc
855,5,1,0.1626222632507207,0.3013495191367661,0.5924093469003328,0.9109354345109186,1.0819910523485026,0.8096005731362881,2.0,3.0,1.0,0b711419f11071fc
856,0,2,0.1663501684448743,0.30537377704322893,0.5969991284545083,0.9124683452387614,1.0395618999130298,1.0377168274422173,2.0,3.0,1.0,4218c5350def18d5
856,1,3,0.1151354824065148,0.24727743897187163,0.5253852852983734,0.8862306903904879,0.9604186972274018,0.959223193913646,2.0,3.0,1.0,4218c5350def18d5
856,2,5,0.19856645931866754,0.33914548331054395,0.6336040715501843,0.9240636675482451,0.8269980983116487,1.0157523340590617,3.0,4.0,1.5,4218c5350def18d5
856,3,1,0.19817325073563316,0.3387430641407945,0.6331870245208842,0.9239375444532708,0.9027644489205783,0.958228943689803,1.5,2.5,0.5,4218c5350def18d5
856,4,0,0.15490723130394873,0.2929334144677665,0.5826435118902176,0.9076112350961776,1.049798078523108,1.3422337232991444,1.5,2.5,1.0,4218c5350def18d5
856,5,4,0.13841608077966883,0.2745063805701174,0.5604371819985223,0.8997195635315769,0.9714270652460413,0.7905957557843286,2.0,3.0,1.0,4218c5350def18d5
857,0,0,0.14626424347629366,0.28335452064058225,0.5712448372557088,0.9036197933382866,0.8675950733411936,1.1674263369651094,1.5,2.5,1.0,564398c1aaab5290
857,1,2,0.16837214280696802,0.30754543465899764,0.5994549308495231,0.9132809894624652,0.7788579292508888,0.938390120964321,2.0,3.0,1.0,564398c1aaab5290
857,2,4,0.1388843300210117,0.27503854247843695,0.5610949518138535,0.8999602524937015,1.041604882929468,1.080969087501126,1.5,2.5,1.0,564398c1aaab5290
857,3,1,0.17874101870299822,0.3185657913297539,0.6116952208358233,0.917254821868711,1.0279742752677388,1.0855187404132036,2.0,3.0,1.0,564398c1aaab5290
857,4,3,0.14653570251230516,0.2836579329840778,0.571610637178878,0.9037498013191523,1.127752275160276,0.6984040673855453,2.5,3.5,1.5,564398c1aaab5290
857,5,5,0.14160858622772204,0.2781237551310606,0.5648886741778009,0.9013399800029015,1.16371544268262,1.0956521911188926,2.0,3.0,1.0,564398c1aaab5290
858,0,1,0.1587056306901011,0.29709214607337875,0.5874977692681331,0.9092743548112446,1.1796257495249993,0.6898425942345576,2.0,3.0,1.0,5be3cb71d45c0cda
858,1,3,0.1311292312588596,0.2661512644396877,0.5499766077468367,0.8958323952830777,1.0537688015007785,1.1148690006014774,1.5,2.5,1.0,5be3cb71d45c0cda
858,2,5,0.16594465560154487,0.30493731879366476,0.5965037921621287,0.9123037999025748,1.0571913789103549,0.7673042169799118,1.5,3.0,1.0,5be3cb71d45c0cda
858,3,0,0.1479668577462283,0.2852547371822679,0.5735306035407278,0.90443006137158,0.9627127741593601,0.768111132554901,2.0,3.0,1.0,5be3cb71d45c0cda
858,4,2,0.10942743486851939,0.24033978905536332,0.5159937326491486,0.8823809361026619,1.1524487915939488,1.2288015006196888,1.5,3.0,1.0,5be3cb71d45c0cda
858,5,4,0.19138567738970627,0.33176113263573587,0.6258804151367702,0.9217063226408296,0.753756804717806,1.2301765430034672,2.5,3.5,1.5,5be3cb71d45c0cda
859,0,5,0.0878543665423006,0.2129381538126545,0.47689377761182483,0.8651436239342403,0.918074194587094,1.2999815161822386,3.0,4.0,1.5,58e711ab0178f5b1
859,1,1,0.1819108875948609,0.32189785908665014,0.6153247385107725,0.9184092070102278,0.9078800777712633,1.1017524351564116,2.0,3.0,1.0,58e711ab0178f5b1
859,2,2,0.15353786786356874,0.29142670700788725,0.5808708495133954,0.906998510927886,0.9974479333857276,0.8794459232520901,1.5,2.5,1.0,58e711ab0178f5b1
859,3,4,0.19620756872964348,0.33672801792627954,0.6310920780280107,0.9233019945862062,0.9480385001470958,1.168849767055728,1.5,2.5,0.5,58e711ab0178f5b1
859,4,0,0.08682769963599343,0.21158003221811897,0.4748678785864695,0.8641931561015174,1.0338658970700432,0.7286605821658461,1.5,3.0,1.0,58e711ab0178f5b1
859,5,3,0.11923832897379505,0.2521950844023917,0.5319252814459244,0.8888503171378618,0.9311162166131761,0.8069728238398255,2.5,3.5,1.5,58e711ab0178f5b1
860,0,4,0.15286372358874073,0.29068346977633847,0.579993659950715,0.9066942311455173,0.89876612501671,1.3941860366006413,2.0,3.0,1.0,2aa69b1961e03509
860,1,5,0.14526894734889154,0.2822405995877964,0.5698991691884293,0.9031404202016345,0.8880786337508628,0.8871405258298634,1.5,2.5,1.0,2aa69b1961e03509
860,2,0,0.1548831558681671,0.292906958822741,0.5826124509010563,0.907600523794521,1.0351487544731686,0.7202359841995906,2.0,3.0,1.0,2aa69b1961e03509
860,3,1,0.13858697160548789,0.27470066110368935,0.5606774356588561,0.8998075268941864,1.1387859459345828,0.9174725159304413,2.0,3.0,1.0,2aa69b1961e03509
860,4,2,0.15205324837098774,0.2897886254060397,0.5789351088496503,0.9063260860065474,1.164900006196559,0.9752663380683089,2.0,3.0,1.0,2aa69b1961e03509
860,5,3,0.14117363371129107,0.2776324058241457,0.5642867279952258,0.9011220172718397,0.7951091751248163,0.879910549916781,1.5,2.5,1.0,2aa69b1961e03509
861,0,2,0.1651911986616716,0.30412553432849687,0.5955809145522708,0.9119966588256058,0.9826353634247754,1.0661395934235207,3.0,4.0,1.5,c57318b91c1da5fb
861,1,5,0.11401949905556408,0.24593005451489974,0.5235765858360343,0.8854974313565133,1.274563574031036,1.4688156023656413,2.0,3.5,1.0,c57318b91c1da5fb
861,2,0,0.1442175474897131,0.2810613592207243,0.5684699458591561,0.9026293573179762,0.9538590673049958,1.0295783899537314,1.5,2.5,1.0,c57318b91c1da5fb
861,3,4,0.19254721164582458,0.3329607478199608,0.6271454307620441,0.9220955647422883,0.8216400149852422,0.9046726980224644,2.0,3.0,1.0,c57318b91c1da5fb
861,4,1,0.11078024498225694,0.2419945205167314,0.5182515782012707,0.8833161188502238,1.0903670907354763,1.104921039050561,2.0,3.0,1.0,c57318b91c1da5fb
861,5,3,0.10525838016615245,0.23519724518419252,0.5089042674824137,0.8794038426161043,0.7834143103400434,1.0363598351556114,2.0,3.0,1.0,c57318b91c1da5fb
862,0,0,0.1778662445454683,0.317643296009877,0.6106845953485306,0.9169314664688081,1.0178998367885188,0.97507383315196,2.5,3.5,1.5,6897cb53535b35bd
862,1,5,0.14818433934313335,0.28549698032494375,0.5738211148768584,0.9045326842657965,1.0096743347167592,1.2154065058850692,1.5,2.5,0.5,6897cb53535b35bd
862,2,3,0.11424880545864552,0.24620725704651583,0.5239492924210692,0.8856488437762803,0.8888696769817521,0.9668364907749406,2.0,3.0,1.0,6897cb53535b35bd
862,3,1,0.09841720203065649,0.22660881140443878,0.4968136789868265,0.8741796175207405,1.084322818966114,1.4693122444043887,2.0,3.0,1.0,6897cb53535b35bd
862,4,2,0.12116084002229699,0.25448056891831455,0.5349323921904687,0.8900384152898788,1.219672338427162,0.901340951305053,2.5,3.5,1.0,6897cb53535b35bd
862,5,4,0.1743534864141274,0.31392571724850965,0.6065861804590778,0.9156114796539967,1.0743434489544412,0.8010282515195639,2.0,3.0,1.0,6897cb53535b35bd
863,0,3,0.1335242110851831,0.26891294890704065,0.5534622182877358,0.8971402177559643,0.9326925017703629,0.6790036782976787,1.5,2.5,1.0,4ac0d9bbc1e76a13
863,1,4,0.17479068772874512,0.31438957546282076,0.6070998167337618,0.9157776752068293,1.0474720237087773,1.435849656329582,2.0,3.0,1.0,4ac0d9bbc1e76a13
863,2,0,0.12081642090019029,0.254071984016099,0.5343962918337546,0.8898273517053097,0.8935773204185198,1.172781173960202,2.0,3.0,1.0,4ac0d9bbc1e76a13
863,3,5,0.2075040643215425,0.34823452430612223,0.642907423566095,0.9268433573519229,1.233340969317236,0.934439694266361,2.0,3.0,1.0,4ac0d9bbc1e76a13
863,4,1,0.11199463848138183,0.24347430242842302,0.5202611983510155,0.8841433097926048,1.0100675198485165,1.2138532579447192,2.0,3.0,1.0,4ac0d9bbc1e76a13
863,5,2,0.15935848557812976,0.29780393819908735,0.5883229830314911,0.9095549520252846,0.8642133240222292,0.8214434883555755,2.0,3.0,1.0,4ac0d9bbc1e76a13
864,0,4,0.17491323145477536,0.31451953093271645,0.6072436021077903,0.915824159780648,1.1303654679283817,0.5468325140160571,2.0,3.0,1.0,2138cc63f1f13c6d
864,1,0,0.15729314014713514,0.2955491587137784,0.585703290969412,0.9086620513687612,1.2094997966116992,1.3829593345766404,2.0,3.0,1.0,2138cc63f1f13c6d
864,2,5,0.14079769845686774,0.27720735125836526,0.5637653162255413,0.9009329250157079,1.213693669320323,1.0442206005000554,2.0,3.0,1.0,2138cc63f1f13c6d
864,3,3,0.15355673511895282,0.29144749387359553,0.5808953564867111,0.9070070016464868,1.0267216234022958,0.6630113033566054,2.5,3.5,1.0,2138cc63f1f13c6d
864,4,2,0.1091336034344166,0.23997949255696208,0.5155006193588936,0.8821758673816854,1.0706027229989943,0.7194123596304729,1.5,2.5,1.0,2138cc63f1f13c6d
864,5,1,0.12095398036501123,0.2542352157536013,0.5346105443484452,0.8899117420388465,1.1016272218244114,1.1992363278641855,2.5,3.5,1.0,2138cc63f1f13c6d
865,0,1,0.11244435068433373,0.24402095801714702,0.5210013260445319,0.8844467378815759,0.9942980472016215,1.135063099653482,1.5,2.5,1.0,d1c09d4b61920c1e
865,1,3,0.09596794020548247,0.22348549701953413,0.49233697461704584,0.8721965727765477,0.9973090201207226,1.1547977533587361,1.5,2.5,1.0,d1c09d4b61920c1e
865,2,5,0.17915231638901763,0.318999080186227,0.6121690352312076,0.9174061321683035,1.0184361322356403,0.8597256470421832,1.5,2.5,1.0,d1c09d4b61920c1e
865,3,0,0.12275943934441444,0.2563721435454695,0.5374058937861178,0.8910080681989856,0.9951883275835152,1.4718706104153354,2.0,3.0,1.0,d1c09d4b61920c1e
865,4,2,0.12200842653812631,0.255484480599536,0.5362468688449378,0.8905545624464848,1.0456242117074734,0.947987190510283,2.5,3.5,1.0,d1c09d4b61920c1e
865,5,4,0.16724311235034706,0.30633376845577304,0.5980865334140563,0.9128288207633842,0.9962882351981326,0.8839847443972458,2.5,3.5,1.5,d1c09d4b61920c1e
866,0,0,0.14659275137558192,0.283721675308219,0.5716874462047413,0.9037770834245731,1.008339729580441,0.9867755723815042,2.0,3.0,1.0,7f8d8eb3e9276f0a
866,1,5,0.19752780099410544,0.3380820170312987,0.63250098995397,0.9237297875851476,1.0465587834113248,1.0647164883938391,2.0,3.5,1.0,7f8d8eb3e9276f0a
866,2,1,0.2005852908449963,0.3412081593109834,0.635734820993332,0.9247059987784189,1.2104167266924988,0.9883634053523404,2.0,3.0,1.0,7f8d8eb3e9276f0a
866,3,3,0.13219705390621458,0.2673845189041878,0.5515365887329984,0.8964192812895913,0.9628416546621938,1.1687308512985208,1.5,2.5,0.5,7f8d8eb3e9276f0a
866,4,2,0.16405885563285957,0.3029034884887951,0.5941877332236407,0.9115315836024269,1.1105755743101158,1.1962537003342821,2.0,3.0,1.0,7f8d8eb3e9276f0a
866,5,4,0.19221723556333456,0.33262015927241606,0.6267866829073524,0.9219853051796879,0.9960587481465798,0.9136290288112074,2.0,3.0,1.0,7f8d8eb3e9276f0a
867,0,2,0.1498413704418035,0.28733915695174816,0.5760238627474784,0.9053081873790619,1.08137637234875,0.7430289839937175,2.0,3.0,1.0,741a9d90ceb01b51
867,1,4,0.1586998080837359,0.2970857939219425,0.5874903975684163,0.9092718454431533,1.2669254027848023,0.9399575924566467,2.5,3.5,1.0,741a9d90ceb01b51
867,2,0,0.15316039008683854,0.29101066244561796,0.5803800473029126,0.9068283494847054,0.9645351989070707,1.1894664847884258,1.5,2.5,0.5,741a9d90ceb01b51
867,3,3,0.11193947997681339,0.24340720413810227,0.5201702688697442,0.8841059865136693,0.9111273365247664,0.8498401158458166,2.0,3.0,1.0,741a9d90ceb01b51
867,4,5,0.2054530283389684,0.3461583567836491,0.640801703189681,0.9262198177290967,0.9379173822363145,0.7516398180644925,2.0,3.0,1.0,741a9d90ceb01b51
867,5,1,0.10433730764591911,0.2340520528062233,0.5073103843922495,0.8787258836016981,0.9172991045160448,1.1499547516935875,1.5,3.0,1.0,741a9d90ceb01b51
868,0,3,0.21526960320182356,0.3560455152072299,0.6507289261732078,0.9291312735062445,1.020635023303255,1.044879953951615,2.0,3.0,1.0,76e351a35d2885dd
868,1,1,0.15242381368265728,0.2901979432712335,0.5794196392035016,0.9064947268227941,0.8335322205647336,1.3344843673696718,2.0,3.0,1.0,76e351a35d2885dd
868,2,2,0.15902818846530198,0.2974439314171677,0.5879058144837658,0.9094131791271862,0.9059904241629606,0.801917195073651,2.0,3.5,1.0,76e351a35d2885dd
868,3,0,0.10349268588318764,0.23299894986114722,0.5058397525259981,0.878097494760607,0.904912383099081,0.7551602028932716,2.0,3.0,1.0,76e351a35d2885dd
868,4,5,0.2025733921346342,0.3432338684736795,0.6378162037483838,0.9253301586440523,1.1572222410191781,0.8004663129235488,2.0,3.0,1.0,76e351a35d2885dd
868,5,4,0.16184013145070775,0.30050178506146613,0.5914359620870023,0.9106079513199175,1.060850313463255,1.0431575224994007,1.5,2.5,1.0,76e351a35d2885dd
869,0,5,0.1217586599927186,0.25518888095932507,0.5358602288479635,0.8904029437887158,1.1345444508378408,1.0048181798390157,2.0,3.0,1.0,b232d4a87336ea60
869,1,3,0.12794585121025331,0.2624558163603868,0.5452684628337828,0.8940455100606836,1.0763159388110177,1.0167109683743984,2.0,3.0,1.0,b232d4a87336ea60
869,2,1,0.1504648759334004,0.2880307330067958,0.5768478507982322,0.9055970994410775,0.8810175264107286,0.9721366334542809,1.5,2.5,0.5,b232d4a87336ea60
869,3,0,0.13935351920008124,0.27557121740641705,0.5617523506902655,0.9002003707923056,1.2003529584500243,1.1508901985145192,1.5,2.5,1.0,b232d4a87336ea60
869,4,2,0.1566221046825812,0.29481468508523473,0.5848463918416439,0.9083686313204918,1.056070935683613,0.8905467954477019,2.0,3.0,1.0,b232d4a87336ea60
869,5,4,0.11625093078040344,0.24861994364793485,0.5271802057425318,0.8869545784495572,0.7132741234694565,0.8145018910605324,2.0,3.0,1.0,b232d4a87336ea60
870,0,3,0.1499899724000096,0.2875040610638602,0.5762204859261709,0.9053771869804744,1.0273222198043002,1.2432869237852788,2.0,3.0,1.0,9fc33d1e8308771e
870,1,5,0.18719316793903884,0.3274140939429911,0.6212624573649276,0.9202747657596987,0.8143746270057937,0.8384588319618459,1.5,2.5,0.5,9fc33d1e8308771e
870,2,1,0.13567653250249928,0.2713816519033069,0.5565545438752356,0.898289909446458,1.0257137795451121,0.6317877720211247,1.5,2.5,1.0,9fc33d1e8308771e
870,3,2,0.1418253194938365,0.2783684174628553,0.565188092098933,0.9014482645303624,0.9351854780317163,0.8044502997885149,2.0,3.0,1.0,9fc33d1e8308771e
870,4,4,0.18856266980694145,0.32883704823620463,0.6227799809430548,0.9207470447044149,0.8369594935695505,0.7066205109465153,2.0,3.0,1.0,9fc33d1e8308771e
870,5,0,0.1746538933242195,0.31424447641975206,0.6069392162259475,0.9157257339890726,1.0014938606289217,1.080075245728228,1.5,2.5,0.5,9fc33d1e8308771e
871,0,4,0.1277135340897505,0.26218500168953535,0.544921434234681,0.8939128650699308,0.8356815604780061,0.9294032121325387,2.0,3.0,1.0,4f6cbcf2e3ac671b
871,1,3,0.17716808514453497,0.31690611839378374,0.6098751778311863,0.9166718809232932,1.0208288750041108,0.8548535620839792,1.5,2.5,0.5,4f6cbcf2e3ac671b
871,2,1,0.1429283803089439,0.2796118514778521,0.5667065799472988,0.9019960626720175,1.023245969342815,1.1764255675800555,1.5,2.5,1.0,4f6cbcf2e3ac671b
871,3,0,0.10595990591356046,0.23606723542156832,0.5101114152179652,0.8799151752362417,1.2352602600595175,0.7381108451771072,1.5,3.0,1.0,4f6cbcf2e3ac671b
871,4,5,0.13336196176144174,0.2687263488694813,0.553227582410656,0.8970525790647487,0.8920835718796017,0.6722000065654347,2.5,3.5,1.0,4f6cbcf2e3ac671b
871,5,2,0.16066857585745706,0.2992296988838774,0.5899710348469478,0.9101135043991688,0.882739558215533,0.8860415617862278,2.0,3.0,1.0,4f6cbcf2e3ac671b
872,0,3,0.15459272740561947,0.2925877203087778,0.582237458683589,0.9074711384898029,0.9248436300628504,0.7865067061309793,1.5,3.0,1.0,026ccd6a17a017f6
872,1,1,0.15838108409695212,0.2967379775349612,0.5870865562188684,0.9091343004749697,0.9468486117598566,0.8814116943962498,1.5,2.5,0.5,026ccd6a17a017f6
872,2,0,0.18641918466029284,0.32660860689973176,0.620400880688278,0.9200058169983757,1.2281882902206833,0.6263974015344584,1.5,2.5,1.0,026ccd6a17a017f6
872,3,5,0.16639493973364866,0.3054219458239368,0.5970537587640465,0.9124864797483779,1.1722174580616618,1.013905457466423,1.5,2.5,1.0,026ccd6a17a017f6
872,4,2,0.19405303703370902,0.3345129445374222,0.6287762959866764,0.922595548596552,0.7610227487221035,1.0756796475829231,2.5,3.5,1.0,026ccd6a17a017f6
872,5,4,0.16562502150458958,0.30459307288325627,0.5961126878367348,0.9121737281082153,1.003470902322273,0.8700928529835794,2.5,3.5,1.5,026ccd6a17a017f6
873,0,2,0.14251996383623303,0.2791518048074436,0.5661453963527909,0.901793879177043,0.9312674910715746,0.6761212939390604,1.5,2.5,1.0,61fc8a983b48a4b0
873,1,4,0.14621623348628454,0.28330084160843455,0.5711800879869761,0.9035967675255557,1.1888709887597093,1.0527118196197736,2.0,3.0,1.0,61fc8a983b48a4b0
873,2,1,0.10952850050234042,0.2404636422212166,0.5161631181630737,0.8824513092187676,1.1802722380271293,1.1296118820745455,1.5,2.5,0.5,61fc8a983b48a4b0
873,3,5,0.14800961347553612,0.2853023694149513,0.5735877424582043,0.9044502520199772,0.8051405812698168,0.8203302067057915,2.5,3.5,1.5,61fc8a983b48a4b0
873,4,0,0.17761240493363595,0.31737536602867567,0.6103905962093865,0.9168372416251299,1.0139194999445162,0.9879234640847798,1.5,2.5,1.0,61fc8a983b48a4b0
873,5,3,0.18567431976937138,0.32583253314860966,0.6195690099045864,0.9197455811595868,0.8346649802641487,0.8868562346844049,2.5,3.5,1.0,61fc8a983b48a4b0
874,0,1,0.14903342944381864,0.2864417158689347,0.574952195560688,0.9049314706516394,0.995755123700059,0.9031312510791278,3.0,4.0,1.5,3857eb1b919a804a
874,1,0,0.15764616009342514,0.29593517797954144,0.586152950843286,0.9088157566524108,1.0561791929512987,1.1619863310558247,2.5,3.5,1.0,3857eb1b919a804a
874,2,2,0.1262378054692614,0.2604610728553972,0.5427058924412113,0.893062953338424,0.7966596367534122,0.6366955042027549,1.5,2.5,1.0,3857eb1b919a804a
874,3,4,0.15313211509236413,0.2909794862334211,0.5803432460726653,0.9068155814505745,1.1205162617263218,0.9101791085174378,2.0,3.5,1.0,3857eb1b919a804a
874,4,3,0.10326574848237229,0.2327155084902687,0.505443125726845,0.877927547854503,1.0982889776495086,0.9294666156442983,2.0,3.0,1.0,3857eb1b919a804a
874,5,5,0.0893450508044185,0.2149003393202036,0.47980549490599994,0.8664992308289359,0.8292189221837905,1.1393922502718294,2.0,3.0,1.0,3857eb1b919a804a
875,0,1,0.11948747527707766,0.2524919343959267,0.5323170113702934,0.8890056681104228,0.9156702586617923,1.138963221703825,2.0,3.0,1.0,c4257660c240d313
875,1,0,0.13750994085796814,0.27347497579548236,0.5591594652796449,0.8992507771518327,0.8623010485226141,0.5625625053443678,2.0,3.0,1.0,c4257660c240d313
875,2,5,0.16755721067187798,0.30667109505087287,0.5984679509373092,0.9129550178958542,0.84431135587933,1.108608380628935,2.0,3.0,1.0,c4257660c240d313
875,3,4,0.14324767918775533,0.2799712344347217,0.5671444581155363,0.9021536065456562,1.0293691369723619,0.8296308989463692,1.5,2.5,0.5,c4257660c240d313
875,4,2,0.13440052413428352,0.2699195610487791,0.5547257765477523,0.8976111870258638,1.04896938265335,1.3263869468093055,2.5,3.5,1.0,c4257660c240d313
875,5,3,0.14771697476136714,0.28497627031447115,0.5731964047490933,0.9043119061002323,0.8823079431009996,1.1364544374726262,2.0,3.0,1.0,c4257660c240d313
876,0,4,0.1897920235386088,0.3301119148828814,0.6241346981407083,0.9211671222605677,1.1114111309004593,0.9128051649334759,2.5,3.5,1.5,122ccb8461c1c7ca
876,1,0,0.13826357733050276,0.2743329414927336,0.5602225883015158,0.8996409457425115,1.0031180285809858,1.0289488108341518,1.5,2.5,1.0,122ccb8461c1c7ca
876,2,3,0.09440802429658514,0.22148216060959713,0.48944267870376434,0.870900061248928,1.1649275256467384,1.0496588278965686,2.5,3.5,1.5,122ccb8461c1c7ca
876,3,2,0.19156678457152257,0.33194831084463894,0.6260780629540328,0.9217672203623022,1.053260089233444,0.62267964087131,1.5,2.5,1.0,122ccb8461c1c7ca
876,4,1,0.12017815029950943,0.25331381302597317,0.5333997841816391,0.8894341648699786,0.8961941908546758,0.9769691264879877,2.0,3.0,1.0,122ccb8461c1c7ca
876,5,5,0.17258210444024746,0.3120428869846626,0.6044946326160117,0.914932435305611,1.05742444687588,0.6614682355553038,1.5,2.5,1.0,122ccb8461c1c7ca
877,0,4,0.19798745578677895,0.33855284045401207,0.6329897326242581,0.9238778336681704,0.8032416042056305,1.069943232997743,2.0,3.0,1.0,3ff3f4bb4f52a1d1
877,1,0,0.19594033818004572,0.3364536461193379,0.6308059658354117,0.9232149364261463,0.7994735731534823,1.2157323281331176,3.0,4.0,1.5,3ff3f4bb4f52a1d1
877,2,5,0.1174774255788269,0.2500912895614197,0.529139150112195,0.8877403485421211,1.0689473741821864,0.7850645766178765,2.0,3.0,1.0,3ff3f4bb4f52a1d1
877,3,1,0.15964526229484022,0.29811633069831434,0.5886846391081231,0.9096777323558674,1.2448459769431237,1.0038930932206978,2.0,3.0,1.0,3ff3f4bb4f52a1d1
877,4,3,0.20171509661020998,0.34236000921657206,0.6369196808254609,0.9250617084970694,0.808953985533337,1.2408595496488206,3.0,4.0,1.5,3ff3f4bb4f52a1d1
877,5,2,0.17664617590635695,0.31635449731972626,0.6092684433042082,0.9164769415512293,0.8340933668921019,0.7416988262066297,2.0,3.0,1.0,3ff3f4bb4f52a1d1
878,0,0,0.12798923305545573,0.2625063698444735,0.5453332129015177,0.8940702451914228,0.7806827549667695,1.2854731903510714,1.5,2.5,0.5,dd5bcd6542331bb8
878,1,1,0.17891766239123844,0.3187519146142745,0.6118988201569797,0.9173198629071826,1.1586137665069396,1.0770159943477098,2.5,3.5,1.5,dd5bcd6542331bb8
878,2,5,0.14484420669493317,0.2817645288171311,0.5693227543755219,0.9029345444684264,1.0180519257410299,0.920196685688215,1.5,2.5,1.0,dd5bcd6542331bb8
878,3,4,0.19712528571096985,0.33766947282064597,0.6320722465891733,0.9235997666493649,1.091432208206309,0.997486576925102,2.0,3.0,1.0,dd5bcd6542331bb8
878,4,2,0.14363408293669974,0.28040581890827493,0.5676733645334974,0.9023436505298073,1.1198713166718526,0.8066745564069467,2.0,3.0,1.0,dd5bcd6542331bb8
878,5,3,0.1706630230993229,0.30999674938565386,0.6022094742857327,0.9141863043791761,1.0236652355104912,1.0630795753503404,1.5,2.5,1.0,dd5bcd6542331bb8
879,0,0,0.08069221728006999,0.2033432214541091,0.4623925725705859,0.8582051183337671,0.8283021451227989,0.9921902944846036,1.5,2.5,0.5,8b0d81945b89f253
879,1,5,0.13311771476175943,0.26844531102681335,0.5528739585651328,0.8969203891194693,1.0723973768048642,1.076812074118662,2.5,3.5,1.0,8b0d81945b89f253
879,2,3,0.1104466050153892,0.24158703830083963,0.5176966225010113,0.8830868331552548,0.969512751388727,1.1187522653540185,2.0,3.0,1.0,8b0d81945b89f253
879,3,1,0.16026227907048674,0.2987878986273973,0.5894610504106059,0.9099409226296358,1.2023878449251748,0.8150734997395124,1.5,2.5,0.5,8b0d81945b89f253
879,4,4,0.13035169491953222,0.2652512861135389,0.5488346642266424,0.895401155984839,0.9490155665140365,0.9589899320688965,2.0,3.0,1.0,8b0d81945b89f253
879,5,2,0.11428523248092362,0.24625127604105243,0.524008448745356,0.8856728610426108,1.169773493396422,1.1390458409579336,2.0,3.0,1.0,8b0d81945b89f253
880,0,3,0.16121101424911438,0.2998190229022292,0.5906503389904678,0.9103430234748298,1.0809065701922609,0.920810081205115,1.5,2.5,1.0,e99e5a3988574c9d
880,1,5,0.1497546431675414,0.28724289257779034,0.5759090397945972,0.9052678764375529,0.9909578317219385,0.9524883782822324,2.0,3.0,1.0,e99e5a3988574c9d
880,2,1,0.16189157249236008,0.3005575778281419,0.591500094644737,0.9106295538310044,0.8550225467452559,0.7585686827882707,2.0,3.0,1.0,e99e5a3988574c9d
880,3,2,0.18421373897039175,0.3243081989748536,0.6179300449542301,0.9192312436496901,1.1292640861209853,0.764140552315947,2.0,3.5,1.0,e99e5a3988574c9d
880,4,4,0.20080649090808264,0.3414338152890599,0.6359672254722049,0.9247758524050176,1.0918919846709219,0.9453671840607814,2.0,3.0,1.0,e99e5a3988574c9d
880,5,0,0.20270234746522636,0.34336507443836384,0.6379506357925327,0.9253703606316317,0.8344446430875962,0.8437315523607545,2.0,3.0,1.0,e99e5a3988574c9d
881,0,0,0.17539499088361876,0.3150301747026182,0.6078080976913518,0.9160064892251462,0.8915323333509129,1.1418731130713557,2.5,3.5,1.5,d629c75aa3e9199d
881,1,1,0.16974302787236686,0.3090134813865783,0.6011067944988274,0.913824675730916,1.0162590355121255,1.1009292170490876,2.5,3.5,1.0,d629c75aa3e9199d
881,2,3,0.1496923683257787,0.2871737592024945,0.5758265591287135,0.9052389122108632,0.8155464835410329,0.7192982749633274,2.0,3.0,1.0,d629c75aa3e9199d
881,3,5,0.10775118849944879,0.23828006025854676,0.5131674664762339,0.8812015502036655,1.0308076382171658,1.246802388089106,2.0,3.0,1.0,d629c75aa3e9199d
881,4,4,0.08250029152027677,0.20579272029347057,0.4661367339852518,0.8600271196023231,0.8481863082514962,1.21839825078279,2.5,3.5,1.0,d629c75aa3e9199d
881,5,2,0.19914274429777978,0.33973487048005874,0.6342140875317728,0.9242479113070573,1.0447426168296068,0.7965875327866301,2.0,3.0,1.0,d629c75aa3e9199d
882,0,3,0.14706726063570147,0.28425156641933125,0.5723254243492822,0.9040034699492281,1.0318694001346325,1.069295491849942,2.0,3.0,1.0,c39dac762f6f00ac
882,1,1,0.1656959376153172,0.3046694663062704,0.5961995118491992,0.9122026151977042,0.8245538071302815,1.358948902203102,2.0,3.0,1.0,c39dac762f6f00ac
882,2,4,0.13682969992501134,0.2726993155200362,0.5581960684374783,0.8988962184220394,0.9680538302330539,1.003784672371434,2.0,3.5,1.0,c39dac762f6f00ac
882,3,2,0.14297804532158076,0.27966776745180194,0.5667747383647344,0.9020205977192107,0.9868070901671404,1.1660147141026203,2.5,3.5,1.0,c39dac762f6f00ac
882,4,5,0.13665140215283486,0.27249580991515643,0.557942951083737,0.898802907083757,1.1269442195948327,1.1957417475900043,1.5,2.5,1.0,c39dac762f6f00ac
882,5,0,0.14612182246804212,0.283195266855644,0.57105271177488,0.9035514588177966,1.1110503685935185,1.2068537047140344,2.5,3.5,1.0,c39dac762f6f00ac
883,0,3,0.20965735586103462,0.3504082123414203,0.6450999225384328,0.9274891516287553,0.9445658097680629,0.6944886256537169,1.5,2.5,1.0,0ba678593911c209
883,1,4,0.20345447000328556,0.3441298689865134,0.6387333186032411,0.9256041555538049,0.9308070089697559,1.2663969131934043,3.0,4.0,1.5,0ba678593911c209
883,2,5,0.1026910621870264,0.2319968014656979,0.50443587941848,0.8774950581037254,0.9146348227473746,0.8374279027859399,1.5,2.5,1.0,0ba678593911c209
883,3,1,0.20169447097752197,0.3423389970439869,0.6368980984605371,0.9250552385932417,1.0309423800653654,1.118580502775435,1.5,2.5,0.5,0ba678593911c209
883,4,0,0.16695506941983695,0.3060242615221817,0.5977362608420208,0.9127128172771064,1.0916229004025182,0.7769541841656984,2.0,3.0,1.0,0ba678593911c209
883,5,2,0.21396784000822366,0.3547414993359396,0.6494340942089094,0.9287555470667103,1.0600719239723753,1.0848838062883928,1.5,2.5,0.5,0ba678593911c209
884,0,0,0.12681804027728874,0.26113965341806855,0.5435793183758286,0.8933986453670911,1.0205889808966842,0.8891108950358191,2.5,3.5,1.5,7699e253fb690cff
884,1,4,0.2023514800405336,0.34300802981134676,0.6375847041919515,0.9252608970162465,1.2316288416266714,1.0921934584697612,2.0,3.0,1.0,7699e253fb690cff
884,2,1,0.12578209168556578,0.2599274253140292,0.5420177940876041,0.892797906445178,0.952691402526981,1.174606334772371,2.0,3.0,1.0,7699e253fb690cff
884,3,3,0.1555343756557319,0.2936221291494187,0.5834513085093472,0.9078894897223238,1.060185455309954,1.0888276627050884,1.5,2.5,1.0,7699e253fb690cff
884,4,2,0.13953137314056976,0.27577299202505157,0.5620011080129973,0.9002911175255508,1.2006063729703291,0.9492387424290178,2.0,3.0,1.0,7699e253fb690cff
884,5,5,0.10787699176916801,0.23843500939191026,0.5133806938361398,0.8812908712597153,0.95959664860573,1.0338038729515049,1.5,2.5,0.5,7699e253fb690cff
885,0,5,0.1275683447498413,0.2620156738023498,0.5447043136830257,0.8938298090160365,0.9498003987323685,0.9359614918534084,1.5,2.5,0.5,2914a710e7eddd78
885,1,0,0.19189508606408817,0.33228749167557975,0.6264359655666979,0.9218774172115967,1.0172599390372237,1.1145492119256872,1.5,2.5,1.0,2914a710e7eddd78
885,2,3,0.12284104085756102,0.2564684881315302,0.5375315088360219,0.8910571293296611,0.9700992674822612,0.7926338363343384,1.5,2.5,0.5,2914a710e7eddd78
885,3,4,0.1206340813596751,0.25385552310920606,0.5341120128761051,0.889715299402651,1.0279419700307906,0.8090014278639324,2.5,3.5,1.5,2914a710e7eddd78
885,4,2,0.1538694760351281,0.2917919425920294,0.5813012414501568,0.9071475440639051,1.1123440115094836,0.8096542012721025,3.0,4.0,1.5,2914a710e7eddd78
885,5,1,0.1824523508561361,0.32246537018858784,0.6159396726432194,0.9186037275748739,0.9936015885602666,0.8733742897033474,1.5,2.0,0.5,2914a710e7eddd78
886,0,0,0.15477343849520667,0.292786378710843,0.5824708513300367,0.9075516822795322,0.8638003982646713,1.1136167337918668,1.5,2.5,0.5,e39ad98f94420cfa
886,1,5,0.1831861641399748,0.3232337224706771,0.6167707384865267,0.9188661306888974,0.9008216633114283,1.393993927975058,2.0,3.0,1.0,e39ad98f94420cfa
886,2,1,0.15898999292649071,0.29740228596184354,0.5878575296328319,0.9093967595963486,1.0384857502808602,0.8086545483297455,1.5,2.5,0.5,e39ad98f94420cfa
886,3,4,0.12751486088661063,0.26195328259303274,0.5446242854995358,0.8937991826850177,1.2284878964908483,0.8148512042221604,3.0,4.0,1.5,e39ad98f94420cfa
886,4,2,0.12499884316014663,0.25900879340296185,0.5408307613453642,0.8923394626757368,0.7711450365612327,0.9585921475225306,1.5,2.5,1.0,e39ad98f94420cfa
886,5,3,0.16429241327407518,0.3031557503418176,0.5944757064711441,0.9116278553159742,0.8908655960798352,0.9182556893520335,1.5,2.5,1.0,e39ad98f94420cfa
887,0,2,0.10738099902520833,0.23782375868054412,0.5125389627072634,0.8809379428646811,0.8814865600307954,0.9557719279802364,2.0,3.0,1.0,16b033e091715795
887,1,4,0.20967037023047327,0.35042133154233823,0.6451131178086736,0.9274930276840314,1.111174120452478,0.7391834258224641,2.5,3.5,1.5,16b033e091715795
887,2,5,0.12570706953744928,0.2598395145159694,0.5419043363950633,0.8927541544499933,0.9824627165658872,1.0175902125101177,2.5,3.5,1.5,16b033e091715795
887,3,0,0.1455250872992348,0.28252748914624015,0.5702461518610249,0.9032641950830987,1.1035033450116938,1.0674422410340276,2.5,3.5,1.0,16b033e091715795
887,4,1,0.1899061824937856,0.33023018257800174,0.6242601407146078,0.9212059472394907,0.9793009020235197,1.125701849467824,2.0,3.0,1.0,16b033e091715795
887,5,3,0.1688323809908017,0.3080386787131819,0.6000106760127412,0.913464166551602,0.832517681125803,0.8300372565196061,2.5,3.5,1.0,16b033e091715795
888,0,0,0.16741423418144957,0.3065175680300503,0.5982944006653695,0.9128976120716804,0.7749859781398865,1.2346893989706327,2.0,3.0,1.0,d23d1b2edf4a653f
888,1,2,0.14668327592690356,0.28382280550690503,0.5718092788755472,0.9038203460023188,1.2471195395032397,0.9169631959060736,2.0,3.0,1.0,d23d1b2edf4a653f
888,2,1,0.11940791850958049,0.25239716667553125,0.5321919912295318,0.8889561069809999,1.1129547185764783,0.7348536782523631,2.0,3.0,1.0,d23d1b2edf4a653f
888,3,3,0.14816479641213692,0.28547521672401804,0.5737950229003014,0.9045234705921359,1.0704224587093754,1.4124169565515716,2.0,3.0,1.0,d23d1b2edf4a653f
888,4,4,0.15452300299204957,0.2925110526539709,0.5821473514355651,0.9074400290310459,1.0330684141957918,1.3458355125960737,2.0,3.0,1.0,d23d1b2edf4a653f
888,5,5,0.21447834709127198,0.3552531429133284,0.6499426523117765,0.9289032596203427,1.0569125434189857,0.9640383453089784,1.5,2.5,0.5,d23d1b2edf4a653f
889,0,4,0.15763291061999918,0.2959206946283658,0.5861360884426995,0.9088099959694903,0.9855277732957163,1.1060355063307443,1.5,3.0,1.0,36960944b5fc4ad9
889,1,1,0.19127994235072876,0.3316518303033603,0.6257649536942623,0.9216707334767237,1.19536554475073,1.2794470313772175,1.5,2.5,1.0,36960944b5fc4ad9
889,2,0,0.17971736479782968,0.31959387772038056,0.6128185625201954,0.9176132562009169,1.1506144094769724,0.6579696647728499,2.5,3.5,1.0,36960944b5fc4ad9
889,3,2,0.19081157860661185,0.33116746168204003,0.6252528879303423,0.9215127720684451,0.9835473443562939,0.8980072171738498,1.5,2.5,1.0,36960944b5fc4ad9
889,4,5,0.15396396738494847,0.2918959728511762,0.5814237496488893,0.9071899339580001,1.1929369140839088,0.7564246274370219,2.0,3.0,1.0,36960944b5fc4ad9
889,5,3,0.1206743077168746,0.2539032860829034,0.5341747558327504,0.8897400381958598,1.0816830823390737,0.7314205886068634,1.5,2.5,1.0,36960944b5fc4ad9
890,0,3,0.14713025184747558,0.28432187052117835,0.5724099971345754,0.9040334512192733,1.0400518927861475,0.9400989668429558,2.0,3.0,1.0,07302121db22f660
890,1,4,0.08836682872047355,0.21361399881883159,0.47789870406387736,0.8656128733393247,0.8754709739407193,1.1055377499467645,2.5,3.5,1.0,07302121db22f660
890,2,2,0.15512799771511893,0.29317594960591387,0.5829281599434843,0.9077093538412908,0.7684766514488142,0.5284229092972594,2.0,3.0,1.0,07302121db22f660
890,3,1,0.1525509967196106,0.29033835777923356,0.5795857267172789,0.9065524831234214,1.150353375191846,0.8209762105701115,1.5,3.0,1.0,07302121db22f660
890,4,5,0.21186657441101314,0.35263208778229055,0.6473303091045552,0.9281425315215993,0.9105779524782203,0.9931287958385293,1.5,2.5,1.0,07302121db22f660
890,5,0,0.16405798437521324,0.30290254726008636,0.5941866583747882,0.9115312241353389,1.2176170232741563,1.0146703704692186,2.0,3.0,1.0,07302121db22f660
891,0,4,0.18563501487595563,0.3257915570669689,0.619525039793597,0.9197318105561478,1.1013124124780556,0.6209135837563782,1.5,2.5,1.0,c9cc0abdf154caf9
891,1,0,0.17909409187677666,0.31893775981507244,0.6121020132247378,0.9173847402144496,1.023698093522776,0.8990543396330883,2.5,3.5,1.0,c9cc0abdf154caf9
891,2,2,0.1286173767676418,0.26323774967801294,0.5462689120936871,0.8944271887076973,0.8521673689712423,0.974845586648376,1.5,2.5,1.0,c9cc0abdf154caf9
891,3,1,0.1278796435746622,0.26237865321798587,0.5451696120585114,0.8940077394498587,0.9653326730471987,1.145525407000728,2.0,3.0,1.0,c9cc0abdf154caf9
891,4,3,0.12334438176589324,0.2570623173793355,0.5383049625314681,0.8913588292336876,1.1455935784666424,1.2994318078709814,1.5,2.5,1.0,c9cc0abdf154caf9
891,5,5,0.11033942215753205,0.241456047646986,0.5175180797156667,0.8830129871526309,1.118070452784362,0.5885015503744233,1.5,2.5,0.5,c9cc0abdf154caf9
892,0,5,0.1521395328238465,0.2898839599625259,0.5790480109825921,0.9063654012099726,1.0611007044561118,0.9028351552367171,1.5,3.0,1.0,04f64645e0ca3cda
892,1,0,0.1574825673463684,0.2957563250373646,0.5859446716561347,0.9087445843465872,0.9943305072846498,1.0642895080905541,1.5,2.5,1.0,04f64645e0ca3cda
892,2,3,0.19364594713428504,0.3340936501169261,0.6283364109628483,0.9224608927699803,1.0734676236358067,1.0562825507220384,2.5,3.5,1.5,04f64645e0ca3cda
892,3,4,0.1293514740063339,0.26409107058393483,0.5473580964269567,0.8948415026114623,1.0135141545996382,1.2350794861684395,2.5,3.5,1.0,04f64645e0ca3cda
892,4,1,0.1410599593330144,0.2775039156004736,0.5641291766681946,0.9010649090827145,1.0693068276184494,0.5168382305594569,3.0,4.0,1.5,04f64645e0ca3cda
892,5,2,0.10508573016799322,0.23498283987416588,0.508606280135207,0.8792773371489293,1.1404658445240519,0.7420384047562348,2.0,3.0,1.0,04f64645e0ca3cda
893,0,5,0.19932696711651346,0.3399231825229689,0.634408791641,0.9243066588412803,0.9301144580583944,1.107165641336203,1.5,2.5,1.0,d7645097758d5e09
893,1,3,0.16253676123453825,0.3012569041097909,0.5923031155456391,0.9108997351849931,1.1392498838145206,0.7267537966971171,2.5,3.5,1.0,d7645097758d5e09
893,2,1,0.1456349266823971,0.28265046762811635,0.5703948034265719,0.9033171860294633,0.9448724943536696,1.0728488560370346,1.5,2.5,0.5,d7645097758d5e09
893,3,2,0.1733168685385525,0.31282455310411594,0.6053642500579656,0.9152152137630444,0.9270707527074609,1.3766523928303305,2.5,3.5,1.0,d7645097758d5e09
893,4,0,0.1412018474090749,0.27766429185314445,0.5643258168419516,0.901136182128192,0.8022568088864419,1.0030018968431855,2.0,3.0,1.0,d7645097758d5e09
893,5,4,0.19427060215921216,0.3347369319584505,0.629011083168664,0.9226673596801311,0.9341161206885424,1.2061384437090248,2.0,3.0,1.0,d7645097758d5e09
894,0,4,0.15421616998456977,0.2921735417682019,0.5817504459290537,0.9073029084159334,1.115831432844124,0.85229614025512,2.0,3.0,1.0,b7cf4354675dcb9f
894,1,0,0.1644950211289799,0.30337449857095644,0.5947252595973367,0.9117112239047541,0.9959601967884772,0.8391536639872688,1.5,2.5,1.0,b7cf4354675dcb9f
894,2,5,0.19170136493239232,0.3320873705725242,0.6262248373097676,0.9218124236754627,1.0226517541835973,1.2151076390972035,2.0,3.0,1.0,b7cf4354675dcb9f
894,3,1,0.08959151513187555,0.21522366463004364,0.48028356147382884,0.8667206360182709,0.77811125891375,1.1087877749893336,2.0,3.0,1.0,b7cf4354675dcb9f
894,4,3,0.15913217906980293,0.2975572996871674,0.5880372283612566,0.9094578564888172,0.9385339210095274,1.3724010449810158,2.0,3.5,1.0,b7cf4354675dcb9f
894,5,2,0.1243660301559131,0.25826526266216826,0.5398676423199749,0.8919663629771049,0.9266953620298386,1.2054577152748713,1.5,2.5,1.0,b7cf4354675dcb9f
895,0,2,0.09635708165984032,0.22398352363550272,0.49305370641218027,0.8725158755914951,0.8985483970715514,0.8243749167835207,2.5,3.5,1.0,67c931de7758a5dc
895,1,1,0.17547951458988545,0.3151197244935994,0.6079070106796325,0.9160384102603408,1.1362222095821366,0.8950164504590394,1.5,2.5,0.5,67c931de7758a5dc
895,2,5,0.15962267402278396,0.29809173080634593,0.5886561712519089,0.9096680719378831,0.9611348215681159,0.8250278458175295,2.5,3.5,1.5,67c931de7758a5dc
895,3,0,0.11938229058375424,0.2523666344606501,0.532151704821607,0.8889401326518734,1.1308156918479288,1.3511014522706186,2.5,3.5,1.0,67c931de7758a5dc
895,4,4,0.15300640103928764,0.2908408521024869,0.5801795596729852,0.9067587758674371,1.2367761740851488,1.2716029571521472,2.0,3.0,1.0,67c931de7758a5dc
895,5,3,0.15086897129935847,0.2884784834891863,0.5773804739406532,0.9057835102698639,0.8639735459564154,1.1644075988217817,1.5,2.0,0.5,67c931de7758a5dc
896,0,5,0.08020604943514809,0.2026812857366742,0.46137573655286807,0.8577065436902737,1.0037786319688313,1.2958025054550013,2.0,3.0,1.0,96d19c2609e8f7fa
896,1,2,0.2091036211174958,0.3498498127797159,0.6445378693312418,0.927323933631936,0.9841150883673828,1.4389088674129418,1.5,2.5,0.5,96d19c2609e8f7fa
896,2,1,0.1373700660313721,0.27331557757114466,0.5589616626507992,0.8991780568083718,0.9856109203490953,0.9412661977513233,2.0,3.0,1.0,96d19c2609e8f7fa
896,3,3,0.1392583953424597,0.2754632671599131,0.5616192054048147,0.9001517738531423,1.1488445612023745,1.155349470365549,2.0,3.0,1.0,96d19c2609e8f7fa
896,4,4,0.09492098276202991,0.22214216829800149,0.4903982053440394,0.8713293581987122,0.9652529775459595,1.1775326866725413,2.5,3.5,1.5,96d19c2609e8f7fa
896,5,0,0.11394658476295505,0.24584187228966628,0.5234579574912867,0.8854492041120464,1.1881583425168838,0.9925357100484808,3.0,4.0,1.5,96d19c2609e8f7fa
897,0,2,0.13461836192800208,0.2701694713091286,0.5550389090044141,0.8977276463350091,0.9802489176292974,0.987479472150789,2.0,3.0,1.0,052ef7bd54e8aedf
897,1,3,0.1653732442458763,0.30432177181863085,0.5958041963172123,0.9120710370629386,0.9992918234381866,1.0282316208769755,2.5,3.5,1.0,052ef7bd54e8aedf
897,2,5,0.1520360584127099,0.28976963050514043,0.5789126100896965,0.9063182499793709,0.9275286658823536,0.7896195190641468,2.0,3.0,1.0,052ef7bd54e8aedf
897,3,1,0.1450195926608343,0.2819611617727973,0.5695609272409314,0.9030196508379232,1.1334119587119644,0.8426708646588608,2.0,3.0,1.0,052ef7bd54e8aedf
897,4,0,0.10741996864497194,0.237871817738558,0.5126051995726327,0.8809657469915081,0.9454567706782198,0.9707478613222521,2.0,3.0,1.0,052ef7bd54e8aedf
897,5,4,0.13927933083430105,0.27548702752014037,0.56164851484973,0.9001624730878985,1.090193503651109,1.2156629919556268,1.5,2.5,1.0,052ef7bd54e8aedf
898,0,2,0.16378841741252387,0.30261126071385613,0.5938538856147186,0.9114198843543173,1.006547465418218,1.3538617678742233,3.0,4.0,1.5,9f5b001e22aaa870
898,1,1,0.17017789269196223,0.3094784463703122,0.6016285960609064,0.9139959323849761,0.9513563351380826,1.030606580638731,1.5,2.5,0.5,9f5b001e22aaa870
898,2,0,0.16324740064839788,0.3020262275602355,0.593184720721908,0.9111956981969516,0.9449885511135359,1.2021533378767149,2.0,3.0,1.0,9f5b001e22aaa870
898,3,5,0.13429774208101494,0.269801602482485,0.5545778982780069,0.8975561533673417,0.766835240458711,1.0579265451682147,2.5,3.5,1.5,9f5b001e22aaa870
898,4,3,0.1390378936886365,0.27521294580496114,0.5613103016651846,0.900038957957502,0.8977566846612223,1.1284183538062376,2.0,3.0,1.0,9f5b001e22aaa870
898,5,4,0.12294747610427183,0.25659412248787505,0.5376952586032424,0.8911210583217241,1.0191587698270506,1.1041778764643242,1.5,2.5,1.0,9f5b001e22aaa870
899,0,4,0.14852751811999104,0.2858790131112553,0.5742788656178361,0.9046942208223534,0.8120777018352662,1.1522950050609904,2.0,3.5,1.0,2063ec7537c30c76
899,1,3,0.1344043554200332,0.269923957508036,0.5547312871761191,0.8976132373978724,1.138796086902193,0.7884496140503423,2.0,3.0,1.0,2063ec7537c30c76
899,2,2,0.1170308642443521,0.24955615716864962,0.5284276701296041,0.8874554732295422,1.0100888833044004,1.0822779871912247,2.5,3.5,1.5,2063ec7537c30c76
899,3,1,0.10554187198359025,0.23554904596725978,0.5093927904233033,0.8796109950917743,1.172963640090468,1.337736554805565,2.0,3.5,1.0,2063ec7537c30c76
899,4,0,0.10407541664309009,0.23372582335294212,0.506855318139565,0.8785317311922384,1.0517290004912763,1.1080651440614284,1.5,2.5,1.0,2063ec7537c30c76
899,5,5,0.14391382828920035,0.2807202227094839,0.5680555985051187,0.9024808223536931,1.1662360397290585,0.87292077621774,2.0,3.0,1.0,2063ec7537c30c76
900,0,0,0.18352051248524043,0.32358351839661004,0.6171485176462983,0.918985227562861,0.9662922339079836,0.9010903466166286,2.0,3.0,1.0,f582913c7b9e9939
900,1,2,0.1769598825865449,0.31668611897458726,0.6096333065077612,0.9165942060063421,0.797548920101978,1.1804422281922493,1.5,2.5,0.5,f582913c7b9e9939
900,2,4,0.08304382962599122,0.2065253715720972,0.4672509522423227,0.8605651634841598,1.1843785598911356,1.1590143162874371,2.0,3.0,1.0,f582913c7b9e9939
900,3,5,0.11320678912885522,0.24494612382771014,0.5222511618839281,0.8849576473424627,0.9642074596269716,0.6957722398248782,1.5,2.5,1.0,f582913c7b9e9939
900,4,3,0.1570399548352351,0.2952721476250687,0.5853803124979629,0.9085515354599536,1.073756915645164,1.2234435889030832,2.0,3.0,1.0,f582913c7b9e9939
900,5,1,0.16142159109971976,0.3000476430877218,0.5909135672075095,0.9104318505940423,1.064886725234579,1.1520036384925245,1.5,2.5,0.5,f582913c7b9e9939
901,0,5,0.19842914023040575,0.33900497264088636,0.6334585034608229,0.9240196598958226,0.9474792513537608,1.2682387839038816,3.0,4.0,1.5,dbfe5fe2120ab4dd
901,1,2,0.16998204895508645,0.3092690896189049,0.6013937299979013,0.9139188775569,1.1853601909909792,0.9160017776500528,1.5,2.5,1.0,dbfe5fe2120ab4dd
901,2,3,0.1472893007020194,0.28449934332209165,0.5726234143427605,0.9041090776311941,1.0727353471531094,1.0536022061923331,2.0,3.0,1.0,dbfe5fe2120ab4dd
901,3,4,0.13643585690020282,0.2722496807797793,0.5576366209257922,0.8986898915757876,1.0481328811785136,1.1200795696768882,2.5,3.5,1.0,dbfe5fe2120ab4dd
901,4,1,0.18999659280450246,0.3303238327544525,0.6243594443327191,0.9212366733632679,0.9237970754432825,0.981815394334832,2.5,3.5,1.0,dbfe5fe2120ab4dd
901,5,0,0.10466751897194551,0.23446299819949862,0.5078829794735287,0.8789698065279659,1.088599342426859,0.899858727416105,2.5,3.5,1.0,dbfe5fe2120ab4dd
902,0,4,0.13882048735297653,0.27496601840113544,0.5610053687601387,0.8999274981894803,1.0625344948650768,1.0576154026314213,1.5,2.5,1.0,faed7bd25e16b963
902,1,3,0.20193785890333704,0.342586908707578,0.6371526619591827,0.9251315288136187,0.843689365980911,0.9001534168528414,2.5,3.5,1.0,faed7bd25e16b963
902,2,1,0.09603082320308828,0.2235660216565119,0.49245293607585755,0.8722482805726605,0.9842243798415904,1.2381931106962103,2.5,3.5,1.5,faed7bd25e16b963
902,3,2,0.1121285556192243,0.24363716271479444,0.5204818252145605,0.8842338280572267,0.9992562135430456,0.6809804434176758,1.5,2.5,0.5,faed7bd25e16b963
902,4,0,0.1364397207317613,0.2722540939146406,0.5576421153869623,0.8986919195106097,1.0383423109974284,0.8095286014254338,2.0,3.0,1.0,faed7bd25e16b963
902,5,5,0.16909039509542906,0.30831502501743646,0.6003217112564911,0.9135665697053165,1.0836829917870632,1.34945945421972,2.5,3.5,1.0,faed7bd25e16b963
903,0,3,0.1381823750223035,0.2742405676350175,0.5601082518096311,0.8995990388444346,0.7310559274624698,1.0313168203368348,2.0,3.0,1.0,d5fb23cffad763ff
903,1,5,0.17391409007879302,0.3134591924850855,0.6060689379755504,0.9154438936850046,1.003047270420823,0.9723320684190213,1.5,2.0,0.5,d5fb23cffad763ff
903,2,0,0.12151719712344797,0.2549029241379942,0.535485880173763,0.8902559857716368,0.7943550902149041,0.8179128480504487,1.5,2.5,1.0,d5fb23cffad763ff
903,3,4,0.16200848190167993,0.30068435791188575,0.591645788745346,0.91067861606212,1.2582080714269288,0.732070203660726,1.5,2.5,1.0,d5fb23cffad763ff
903,4,2,0.19087874806159255,0.33123694683867944,0.6253263868447496,0.9215354574932121,0.9005847020027459,1.4651219948774787,2.0,3.5,1.0,d5fb23cffad763ff
903,5,1,0.13545515361854604,0.2711282966690034,0.5562382025321292,0.8981727495855136,0.9703821808222033,1.0831855194937905,1.5,2.5,1.0,d5fb23cffad763ff
904,0,0,0.1292262951048282,0.2639456697017324,0.5471726973348594,0.8947710682255581,0.8014461895434976,1.041177562005132,2.0,3.0,1.0,ed0776df410841c6
904,1,4,0.16436572539616356,0.3032349118722856,0.5945660331894291,0.9116580372190876,1.0039204782789362,1.16658480149469,1.5,2.5,1.0,ed0776df410841c6
904,2,2,0.1633334456472553,0.30211931113916846,0.5932912626843757,0.9112314187499148,0.8570872729264079,0.7204208978836432,2.5,3.5,1.0,ed0776df410841c6
904,3,1,0.19419027832555225,0.3346542451716003,0.6289244257475778,0.9226408599235225,1.0169339359486884,1.4441168571887957,1.5,2.5,1.0,ed0776df410841c6
904,4,3,0.15825132370449074,0.2965963134069113,0.5869219613235097,0.9090781984940751,0.9466518833494206,1.0260815589937158,1.5,2.5,0.5,ed0776df410841c6
904,5,5,0.15632161949058093,0.2944854890212959,0.5844617536641221,0.9082367052285204,1.0789482701917006,1.3876060775787198,2.0,3.0,1.0,ed0776df410841c6
905,0,5,0.1796006686525177,0.31947108143610564,0.6126845526089332,0.9175705508528456,0.8544087121457945,0.7858837922003692,1.5,2.5,1.0,aba34b006914e259
905,1,4,0.16636550503366995,0.3053902778836113,0.5970178435901248,0.9124745580131742,1.0403974956206663,1.0783925716913232,2.5,3.5,1.0,aba34b006914e259
905,2,0,0.14724392326896898,0.28444871537739924,0.5725625434120536,0.904087511896901,1.0606604023691975,0.6628260496163499,2.5,3.5,1.0,aba34b006914e259
905,3,1,0.15806495581759855,0.2963927884551184,0.5866853787459891,0.9089975165941327,0.9732381466436684,1.0063639831183693,2.0,3.0,1.0,aba34b006914e259
905,4,2,0.1552035030652245,0.2932588765068176,0.5830254416824701,0.907742869941763,0.9023423917274882,0.8352255626027367,2.0,3.0,1.0,aba34b006914e259
905,5,3,0.14162990489441413,0.27814782609520594,0.564918141520587,0.9013506408088058,0.892811197452245,1.4304817250302608,2.0,3.0,1.0,aba34b006914e259
906,0,2,0.1463432892675025,0.2834428885254885,0.5713514078024217,0.9036576826161232,1.0573676548974964,1.036340116489902,2.0,3.0,1.0,cd10fc2a5d70b902
906,1,1,0.13426185893236448,0.26976041430289716,0.554526251007412,0.8975369272448357,1.0490447400440397,0.9027186115258541,1.5,2.5,0.5,cd10fc2a5d70b902
906,2,3,0.15350904583859398,0.2913949510668306,0.5808334076339933,0.9069855376879686,0.9685170681678519,0.8356297220889729,1.5,2.5,1.0,cd10fc2a5d70b902
906,3,0,0.19455215858034108,0.33502669618865744,0.6293146125213345,0.9227601331084153,1.2151809915950418,1.3234149238291535,1.5,2.0,0.5,cd10fc2a5d70b902
906,4,4,0.12309535507190157,0.25676861867936074,0.5379225935230368,0.891209762043735,0.8579072204470004,1.0973005878307238,2.0,3.0,1.0,cd10fc2a5d70b902
906,5,5,0.18700226998074607,0.3272155130460315,0.6210502204628923,0.9202085688222831,0.8642992764760011,0.9137409470916456,2.5,3.5,1.5,cd10fc2a5d70b902
907,0,3,0.1511121434999257,0.2887477518293258,0.5777004598952286,0.9058953725338115,0.8841466359125173,0.9791736458766062,2.5,3.5,1.5,6281985c7af7057b
907,1,5,0.18240110675637877,0.32241168142560395,0.6158815376314428,0.9185853509748168,1.0547320050733224,0.8853138281480741,2.0,3.5,1.0,6281985c7af7057b
907,2,4,0.17988195115790728,0.31976702896989223,0.6130074503670653,0.9176734247070225,1.0938026156320222,1.2054231661050328,2.5,3.5,1.0,6281985c7af7057b
907,3,1,0.14099074759030505,0.27742566750308395,0.5640332025527871,0.9010301089171703,1.1453471827462491,1.3453595533508658,2.5,3.5,1.0,6281985c7af7057b
907,4,0,0.11986558711242062,0.25294206262703356,0.5329103533059835,0.8892406418983015,1.0507963712398531,0.9438069639561595,2.0,3.0,1.0,6281985c7af7057b
907,5,2,0.15697490083926985,0.2952009503229547,0.5852972603706355,0.9085231015396016,0.8379128360944805,0.8274742746759789,2.0,3.0,1.0,6281985c7af7057b
908,0,0,0.08661941250283396,0.21130382058796313,0.4744547926414239,0.8639986148527562,1.1949461870237068,0.732329073892329,2.0,3.0,1.0,93f01dc66004498d
908,1,3,0.1131523683955987,0.24488015564354448,0.5221621581903059,0.8849213257056301,1.064130123644999,1.0911804286120592,2.0,3.0,1.0,93f01dc66004498d
908,2,1,0.10026052156170023,0.22894211421309313,0.500130010491907,0.875631456830525,1.0624194376308016,0.7390676177928259,1.5,3.0,1.0,93f01dc66004498d
908,3,5,0.14258361551270865,0.2792235295816501,0.5662329375940791,0.9018254389885124,1.1612467562435065,0.7606512461543531,2.0,3.0,1.0,93f01dc66004498d
908,4,4,0.17992051459106975,0.3198075926669915,0.6130516878877693,0.9176875119483221,0.9794048367733902,0.8758992688810612,2.5,3.5,1.0,93f01dc66004498d
908,5,2,0.19027434801654936,0.3306114633585752,0.6246642840090582,0.9213309473888426,0.9544247007929467,1.3563837569944721,1.5,2.5,0.5,93f01dc66004498d
909,0,2,0.16607529865653575,0.30507796548240956,0.5966634769740962,0.912356868819089,0.9830933270107312,1.2139249007670314,2.0,3.0,1.0,bc7d49bd0a1e7b35
909,1,3,0.09774160854707824,0.22574994718644048,0.49558695649992995,0.8736388873646157,0.8444657975892409,0.740840659157308,2.5,3.5,1.0,bc7d49bd0a1e7b35
909,2,1,0.14567695471485786,0.28269751562577283,0.5704516594795652,0.9033374482776205,1.0041152750060012,0.9959524449404151,1.5,2.5,1.0,bc7d49bd0a1e7b35
909,3,4,0.13333999244654965,0.26870107690726763,0.5531957950218075,0.897040701777742,1.1975598847746205,1.2689979067433632,2.0,3.0,1.0,bc7d49bd0a1e7b35
909,4,5,0.1049189857256565,0.234775657138997,0.5083181461169762,0.8791549083660626,1.2075867589058844,0.8345964073372043,1.5,2.5,1.0,bc7d49bd0a1e7b35
909,5,0,0.18152539343866791,0.3214935277630506,0.6148860472996005,0.9182702496017697,1.0877814104343184,0.7299371327467529,2.0,3.0,1.0,bc7d49bd0a1e7b35
910,0,5,0.16648677223540068,0.30552073522664547,0.5971657774907885,0.9125236561967678,0.8889504143430887,1.244725487571129,2.0,3.0,1.0,e05638e93dd3a0ff
910,1,1,0.19589472751358536,0.336406806235523,0.6307571009830255,0.9232000615848415,1.0450190298587423,0.9905517069049774,1.5,3.0,1.0,e05638e93dd3a0ff
910,2,0,0.1057284402868418,0.23578039767461412,0.5097137687267399,0.879746939070129,0.8209238702287273,0.6164494875316162,1.5,2.0,0.5,e05638e93dd3a0ff
910,3,3,0.16953548320834666,0.3087914490859316,0.6008573870827573,0.9137427371980403,0.9759098985200312,0.9661651868761477,2.0,3.0,1.0,e05638e93dd3a0ff
910,4,2,0.15599635603045947,0.2941289344955852,0.5840447504712583,0.9080935254024044,1.252100196323812,0.8570898474119172,2.0,3.0,1.0,e05638e93dd3a0ff
910,5,4,0.20737499618306962,0.3481040397380775,0.6427754160021074,0.9268043631018124,1.0696766756593163,0.9301700302164648,2.0,3.5,1.0,e05638e93dd3a0ff
911,0,3,0.09808816003520311,0.22619075892738758,0.49621697743268306,0.8739168462775059,0.9439423705167613,1.3055201404136625,2.5,3.5,1.5,6039744fd0ccd0ca
911,1,2,0.177745373215498,0.3175157289002816,0.610544642732113,0.9168866214523028,0.9359256314068469,1.1488638168942655,2.5,3.5,1.5,6039744fd0ccd0ca
911,2,5,0.18117822338786968,0.32112918430347326,0.6144903332084151,0.9181447713252701,1.0925897079087055,0.9881965670210286,1.5,2.5,0.5,6039744fd0ccd0ca
911,3,0,0.18396472382148266,0.3240479741349598,0.6176495817902388,0.9191430134471109,0.946649855598477,1.1667106372494693,2.0,3.0,1.0,6039744fd0ccd0ca
911,4,1,0.11256919550046948,0.24417258846799827,0.5212064062857684,0.8845306983559675,1.0318671757479785,0.7313842612219361,1.5,2.5,0.5,6039744fd0ccd0ca
911,5,4,0.10162400206527683,0.23065874757618002,0.5025547275225073,0.8766838407049838,1.1788973981482291,1.350425011831073,2.5,3.5,1.5,6039744fd0ccd0ca
912,0,4,0.16492945371649156,0.3038432731689307,0.5952595421321234,0.9118895286086678,0.8405624928019154,1.2561954607577384,2.0,3.0,1.0,c9c5a8dd6401e9bd
912,1,0,0.10992014428303412,0.24094323619837052,0.5168184290390155,0.882723236492766,1.0248929363809083,1.2890504940219345,1.5,2.5,0.5,c9c5a8dd6401e9bd
912,2,2,0.11502860476686161,0.24714858455068128,0.5252126289216567,0.8861608600836086,1.000101536154128,0.740598696006479,1.5,2.5,0.5,c9c5a8dd6401e9bd
912,3,1,0.18492450778914454,0.3250504172574457,0.6187289139560158,0.9194822120246551,0.9398709398263481,1.0785755511071702,1.5,2.5,1.0,c9c5a8dd6401e9bd
912,4,3,0.18441679036248812,0.3245203172940678,0.6181585155844912,0.9193030709829825,0.9501618540113272,1.1224987001902218,2.0,3.0,1.0,c9c5a8dd6401e9bd
912,5,5,0.14647148274015076,0.28358616937457787,0.5715241459566782,0.9037190733502041,1.0283788812883554,0.8977888227932087,3.0,4.0,1.5,c9c5a8dd6401e9bd
913,0,4,0.12330765289211079,0.2570190117487776,0.5382486033277398,0.8913368676811914,1.0017188925356542,1.041032868465913,2.5,3.5,1.0,db283c42efa0ba93
913,1,0,0.16502851258512144,0.30395011194776794,0.5953812143234768,0.9119300989497232,0.8675444740011149,0.7722694801850085,1.5,2.5,1.0,db283c42efa0ba93
913,2,2,0.15472226934979663,0.2927301347469234,0.5824047866087501,0.9075288884475537,1.0469654331428713,1.009164873856383,1.5,2.5,0.5,db283c42efa0ba93
913,3,1,0.13036048650689375,0.26526147155826035,0.5488476048287688,0.8954060505475431,1.0618999875860078,1.2824858272969175,2.5,3.5,1.5,db283c42efa0ba93
913,4,5,0.2013615303165786,0.3419997352019566,0.6365494659872191,0.9249506782471606,1.0899178655673791,1.0873840481365744,2.0,3.0,1.0,db283c42efa0ba93
913,5,3,0.08155615696178353,0.2045160388018718,0.46418892600486256,0.8590819715770398,1.0984980191957976,1.2596219965816087,2.0,3.0,1.0,db283c42efa0ba93
914,0,2,0.13325409679272718,0.26860225607544863,0.5530714746138324,0.8969942396448114,0.8127132212198759,0.9515106917406766,2.5,3.5,1.0,bb9ed3bd3f29637d
914,1,3,0.12279872405779499,0.2564185284421457,0.5374663753391663,0.8910316925040176,0.8563550124324143,1.176815372362757,2.0,3.0,1.0,bb9ed3bd3f29637d
914,2,0,0.1718999399235666,0.31131631668735055,0.6036846477509298,0.9146684728859237,1.169136267054311,1.018827974909597,3.0,4.0,1.5,bb9ed3bd3f29637d
914,3,5,0.16720043247202193,0.3062879180422549,0.5980346627565728,0.9128116489194473,0.7806780095951255,0.6512123013136761,2.5,3.5,1.0,bb9ed3bd3f29637d
914,4,4,0.10868109685919511,0.23942400260410057,0.5147393054418922,0.8818586795956717,1.2197215565873607,1.160800595264981,1.5,2.5,0.5,bb9ed3bd3f29637d
914,5,1,0.1857042481789209,0.32586373243024847,0.6196024856159629,0.9197560640824456,1.0657085434046536,0.7493955859771105,1.5,2.0,0.5,bb9ed3bd3f29637d
915,0,1,0.19208954369423692,0.33248831691831005,0.6266477241012437,0.9219425699779884,0.988830523227603,0.7669252472128383,2.5,3.5,1.5,3d72fad2580746e9
915,1,5,0.13584994040741702,0.2715800174318777,0.5568020633265444,0.8983815089529666,1.0341726177353614,0.8960429064879218,2.0,3.0,1.0,3d72fad2580746e9
915,2,0,0.1471423601059309,0.2843353834265121,0.572426250644665,0.9040392123433099,1.0427135411929433,1.371114969949032,2.0,3.0,1.0,3d72fad2580746e9
915,3,4,0.1529813373070571,0.2908132083969676,0.5801469129205422,0.9067474431848004,1.1609310317200452,0.7362073043389272,2.5,3.5,1.5,3d72fad2580746e9
915,4,3,0.21573014971573828,0.35650635180647783,0.6511854798518463,0.9292634694142777,0.9868138041041099,0.8244344410292954,2.0,3.0,1.0,3d72fad2580746e9
915,5,2,0.17110551922523853,0.3104691303106063,0.6027381701594275,0.9143593243737161,0.9940289069173192,1.0794013578171524,2.0,3.0,1.0,3d72fad2580746e9
916,0,3,0.16442131831149165,0.30329493351207765,0.5946345073248642,0.9116809124888929,1.157094579187499,0.8720254080010931,2.5,3.5,1.5,e825c7d796285e14
916,1,2,0.1458485726010207,0.2828895892463597,0.5706836957805175,0.9034201084737323,0.9330250732493908,0.8890603787991914,2.5,3.5,1.5,e825c7d796285e14
916,2,4,0.18773664008689162,0.3279791271453139,0.621865731884923,0.9204627329345051,0.7583040059322185,1.011504025452128,1.5,2.5,1.0,e825c7d796285e14
916,3,5,0.18611657850094177,0.3262934275863456,0.6200632491513414,0.919900261474045,0.8526789365192086,0.8710655377633325,2.5,3.5,1.0,e825c7d796285e14
916,4,0,0.18930016279816403,0.32960212325367516,0.6235935274341101,0.9209994862895295,0.9061710235459672,1.0303578759608991,2.0,3.0,1.0,e825c7d796285e14
916,5,1,0.21828836166649557,0.35906140420944693,0.6537070120660021,0.9299909297025394,0.9456104768816139,1.1426633056838544,2.0,3.0,1.0,e825c7d796285e14
917,0,4,0.21504892187838986,0.35582460125121523,0.6505098735181429,0.9290677939264191,0.8977646986909618,1.388304750788159,1.5,2.5,0.5,5e4bcc5765ecc4f9
917,1,0,0.17455392153312754,0.31413841475844984,0.6068217835542431,0.9156877403894673,0.9720642265451913,0.8065356773234855,2.0,3.0,1.0,5e4bcc5765ecc4f9
917,2,1,0.1108442285394774,0.24207261905596777,0.5183578639139386,0.8833599894414895,1.0776846331141718,1.1346053350645482,1.5,2.5,0.5,5e4bcc5765ecc4f9
917,3,2,0.1287464285975058,0.2633878716268945,0.5464607253180743,0.894500244323394,1.1497334832018171,1.1719024442317538,2.0,3.5,1.0,5e4bcc5765ecc4f9
917,4,3,0.1147629565698878,0.2468281435788421,0.524782970840608,0.8859869346817311,0.8838117636044923,0.9239066129483702,2.0,3.0,1.0,5e4bcc5765ecc4f9
917,5,5,0.12481179779135002,0.25878914725462404,0.540546465642231,0.8922294361072214,1.150277098779556,0.8838572123999399,2.0,3.0,1.0,5e4bcc5765ecc4f9
918,0,2,0.1886558243616558,0.32893373300911544,0.6228828827074204,0.9207790036590812,1.20719424062402,1.0957307247443073,1.5,2.5,1.0,5efed5cb72a474e6
918,1,3,0.15345288738214302,0.2913330708692212,0.5807604381375775,0.9069602507410789,1.170768195889573,1.352436232216662,2.5,3.5,1.5,5efed5cb72a474e6
918,2,0,0.10977891255370088,0.24077035341626846,0.5165823136070433,0.8826253184257827,0.9216122441848605,1.1178713728886303,2.0,3.0,1.0,5efed5cb72a474e6
918,3,1,0.16922711317576364,0.3084614073488877,0.6004863731844166,0.9136207482313279,0.9868745016103844,0.7713798242735572,1.5,2.5,1.0,5efed5cb72a474e6
918,4,4,0.1725158761385307,0.31197238396574867,0.6044161056882443,0.9149068688169816,1.0092602373178394,1.0394127926113295,2.0,3.0,1.0,5efed5cb72a474e6
918,5,5,0.1406030782479471,0.27698716512563604,0.5634949659452747,0.9008347748415237,1.1238900884187784,0.7230328955568781,1.5,2.5,0.5,5efed5cb72a474e6
919,0,2,0.17858725731993316,0.31840373554184515,0.6115178654645169,0.9171981368466856,1.065410929995213,0.7587114864947677,1.5,2.5,1.0,234ed11f6f91497f
919,1,1,0.1516302726955352,0.28932104960923927,0.5783809332935484,0.9061329359008296,1.1170817449495267,0.8108441816615627,2.5,3.5,1.0,234ed11f6f91497f
919,2,4,0.2040144111741566,0.3446987421155904,0.6393144847686093,0.9257774613746171,0.9969990279898597,0.9011510243185967,1.5,3.0,1.0,234ed11f6f91497f
919,3,5,0.178744073370581,0.3185690103726895,0.6116987430003191,0.9172559473351336,1.1842773891217069,1.1823745216295476,2.0,3.5,1.0,234ed11f6f91497f
919,4,3,0.15243008270171055,0.2902048653111661,0.579427828384997,0.9064975751829881,0.8957051223128194,1.0754404885302393,2.5,3.5,1.0,234ed11f6f91497f
919,5,0,0.1083167528386341,0.23897618517456884,0.5141246279977345,0.8816020668797467,1.0441584644187498,0.8208097339516086,1.5,2.0,0.5,234ed11f6f91497f
920,0,5,0.1571785669641553,0.2954238201734576,0.5855571845733911,0.9086120688445073,0.775758402548665,0.5369023810206527,2.5,3.5,1.5,28bc02a522ccd525
920,1,2,0.15231813105131994,0.2900812391889638,0.5792815474208038,0.9064466863225137,1.0894283478366085,1.395075583466406,2.0,3.0,1.0,28bc02a522ccd525
920,2,0,0.15565771030371134,0.2937574745998041,0.5836098730432115,0.9079440386126171,0.9551425463400871,0.6543792597877611,2.5,3.5,1.0,28bc02a522ccd525
920,3,4,0.11079977038290294,0.24201835485357498,0.5182840174315262,0.8833295099433085,0.9609683295024298,0.8367317251337629,1.5,2.5,0.5,28bc02a522ccd525
920,4,3,0.10808021607786661,0.23868519027659302,0.5137247596411576,0.8814348823806002,0.9578453454838889,0.7757825992141356,2.0,3.0,1.0,28bc02a522ccd525
920,5,1,0.15543010850875677,0.29350768307219427,0.5833171819156386,0.9078433298661359,0.9677336983639506,0.9468466363000619,2.0,3.0,1.0,28bc02a522ccd525
921,0,2,0.18748340242643965,0.3277159001622219,0.6215848028964637,0.9203752374338198,1.0711426054852464,1.371428137199707,2.5,3.5,1.0,13ff7a48d961db06
921,1,3,0.10692538703938775,0.2372614489109141,0.5117632479628135,0.8806119178037591,0.965833861190273,1.0480585483282256,2.0,3.5,1.0,13ff7a48d961db06
921,2,0,0.09450088695891885,0.22160173462435115,0.48961593743955795,0.8709779954892073,1.2681203118431008,0.9778772993263293,2.0,3.0,1.0,13ff7a48d961db06
921,3,5,0.18300355162386472,0.3230425964884203,0.6165641728025322,0.9188009611186793,0.9272270034309075,0.9767024564222813,1.5,2.5,1.0,13ff7a48d961db06
921,4,4,0.19503184536927104,0.33552009853746,0.6298309193926617,0.9229177791210612,1.0440729646962272,0.7762015739242969,1.5,2.5,1.0,13ff7a48d961db06
921,5,1,0.16620336287478,0.3052158044555189,0.5968199140841074,0.9124088368541443,0.8384999444857488,0.9609912412094701,2.0,3.0,1.0,13ff7a48d961db06
922,0,3,0.21851581820951965,0.35928819156023467,0.6539300272520047,0.9300550539714817,0.9608718429700982,1.1096835862747723,2.0,3.0,1.0,b308b8d8b0f3d758
922,1,1,0.1392945220503234,0.275504267828105,0.5616697802745395,0.9001702353622003,0.978051280311345,0.7531496634469685,1.5,2.5,1.0,b308b8d8b0f3d758
922,2,0,0.20339740509100807,0.34407186977812754,0.6386740175777522,0.9255864576954518,1.0454200647285579,0.8506884535836512,2.5,3.5,1.0,b308b8d8b0f3d758
922,3,2,0.14997983592218597,0.2874928141467177,0.5762070785851438,0.9053724831977342,0.8634842948004954,0.5954144426110124,1.5,2.5,1.0,b308b8d8b0f3d758
922,4,5,0.15314049946707736,0.29098873108533124,0.5803541592774748,0.9068193678730931,0.914967524500286,1.1680491401528441,2.5,3.5,1.0,b308b8d8b0f3d758
922,5,4,0.14096319820808573,0.27739451796125125,0.5639949905394502,0.9010162507123733,0.8459149683412917,0.9685248525253457,1.5,2.5,1.0,b308b8d8b0f3d758
923,0,4,0.169639602660916,0.3089028464544488,0.6009825379515767,0.9137838600356728,1.000809275854337,1.3116999330630537,2.5,3.5,1.5,1f60593a0bac6279
923,1,2,0.1477714955738108,0.2850370398830693,0.5732693590999947,0.9043377080747819,1.0043271553733222,0.9935217269319345,2.0,3.0,1.0,1f60593a0bac6279
923,2,3,0.1979681291253049,0.33853305027969954,0.632969201431406,0.923871618166978,1.1417998480515412,0.6843201929636493,2.0,3.0,1.0,1f60593a0bac6279
923,3,0,0.16733437642256782,0.3064318007507047,0.598197415624129,0.9128655206318851,0.8760655202191499,1.3443715798547267,2.0,3.0,1.0,1f60593a0bac6279
923,4,1,0.08384807772877594,0.207606357967234,0.4688901839913922,0.8613532958184311,0.9601296525768577,1.0351954725224164,1.5,2.5,1.0,1f60593a0bac6279
923,5,5,0.09251833850794342,0.21904010821012546,0.4858900868847047,0.8692929166930312,0.95528441468857,0.9039066709862473,2.5,3.5,1.0,1f60593a0bac6279
924,0,5,0.12596909261377073,0.2601464802241291,0.5423003791754027,0.8929068170407322,0.8255514307433667,1.0513577614634761,1.5,2.5,1.0,9d48ddad10bbe729
924,1,4,0.1316256834342465,0.26672501912121593,0.5507030624128018,0.8961060153895293,0.9896630724431066,0.9862899294210175,1.5,2.5,0.5,9d48ddad10bbe729
924,2,3,0.18421509690527227,0.32430961776569717,0.6179315735518291,0.919231724354314,0.8389507552880788,1.3383291587951058,2.0,3.0,1.0,9d48ddad10bbe729
924,3,2,0.1617412044552176,0.3003944744989795,0.5913125831060773,0.9105663818560386,0.9932445358211741,1.2343256076233002,2.0,3.0,1.0,9d48ddad10bbe729
924,4,0,0.11736836201259393,0.2499606551007234,0.5289655709082393,0.8876709015600487,1.1123727840212845,0.9106281550295374,1.5,2.5,1.0,9d48ddad10bbe729
924,5,1,0.12830755786343354,0.26287715293425323,0.5458078282666748,0.8942514152422624,1.018490723899716,0.8574452892958345,2.0,3.0,1.0,9d48ddad10bbe729
925,0,5,0.1588676260394064,0.29726884660787495,0.5877027788287501,0.9093441215461122,0.8809105230582627,1.0290513263662868,2.0,3.0,1.0,d2da6e3d351d3b36
925,1,3,0.1516711623418036,0.28936626792307407,0.5784345583154752,0.9061516387220787,0.9640882889638707,1.2083780901021253,1.5,2.5,1.0,d2da6e3d351d3b36
925,2,0,0.13913666772125616,0.2753250927478371,0.5614487216352056,0.9000895226882066,1.1479531797734237,1.0768437406382774,2.0,3.0,1.0,d2da6e3d351d3b36
925,3,4,0.12563913958451378,0.2597598999708735,0.541801560599799,0.8927145095355623,1.009450452912742,0.9946146310941637,1.5,3.0,1.0,d2da6e3d351d3b36
925,4,1,0.15616912832865415,0.29431835544335544,0.5842663366924525,0.9081696278032989,0.8487655251428924,1.1443657644821132,2.0,3.0,1.0,d2da6e3d351d3b36
925,5,2,0.1797077393124637,0.31958374993612493,0.6128075115566014,0.9176097351128207,0.8509733422829887,1.4522243490467286,3.0,4.0,1.5,d2da6e3d351d3b36
926,0,2,0.19168865018005185,0.3320742337889997,0.6262109740512474,0.9218081548096303,1.0494280378652598,1.0867979343286847,1.5,2.5,1.0,1866ffda5e6b8f01
926,1,1,0.1968392467032843,0.3373761653977799,0.6317671386806546,0.9235071543145543,1.0338237343563874,0.9537493159000124,2.0,3.0,1.0,1866ffda5e6b8f01
926,2,5,0.1146183855905457,0.24665365195342756,0.5245488333954446,0.885892064793611,0.9959618848079802,1.3386947615481253,2.0,3.0,1.0,1866ffda5e6b8f01
926,3,4,0.18938575702623028,0.32969086449159923,0.623687783706321,0.921028700154535,1.0707538227971432,0.9627363923971669,1.5,2.5,1.0,1866ffda5e6b8f01
926,4,3,0.13647312708211673,0.2722922478767744,0.5576896150934626,0.8987094497558252,0.9883079579553027,1.1506497097196964,2.0,3.0,1.0,1866ffda5e6b8f01
926,5,0,0.15938804144394997,0.2978361417796936,0.5883602795542098,0.9095676194449837,0.9178051558847702,0.9712584213879819,3.0,4.0,1.5,1866ffda5e6b8f01
927,0,0,0.09999819023758286,0.22861093904658106,0.4996607585489176,0.8754269046047823,0.964710844804361,1.079120792947929,2.5,3.5,1.0,e31b0e3a267c5075
927,1,1,0.12661812555142898,0.2609059658293545,0.5432787264623928,0.8932832093928245,1.1183568205031251,0.8528665467416306,2.0,3.5,1.0,e31b0e3a267c5075
927,2,4,0.18640109803035465,0.3265897728319698,0.6203807129372896,0.9199995143947918,0.9697830988585139,1.114750974001599,2.0,3.0,1.0,e31b0e3a267c5075
927,3,3,0.1329102039353093,0.2682064163209457,0.5525731360791043,0.8968078346544732,0.8736946293183862,0.9612482667959281,2.5,3.5,1.5,e31b0e3a267c5075
927,4,2,0.146859761591421,0.28401991332667104,0.572046636542467,0.9039045902736815,0.9869022327676109,0.9010007702579943,1.5,2.5,0.5,e31b0e3a267c5075
927,5,5,0.1547764999446435,0.2927897436103377,0.5824748034449535,0.9075530457214819,1.0640047612991235,0.939018097838982,2.0,3.0,1.0,e31b0e3a267c5075
928,0,3,0.13562960353907555,0.2713279551768689,0.5564875170266028,0.8982650940207733,1.197699568885176,0.6924602894109844,1.5,2.0,0.5,a9aca7f3cc829120
928,1,2,0.1913665990804956,0.3317414119091224,0.6258595856368425,0.9216999030444243,1.267901936665927,1.0691373184012842,2.5,3.5,1.5,a9aca7f3cc829120
928,2,5,0.08464372223664302,0.2086722073776778,0.4705009598010716,0.8621237901300542,0.7534677834259914,0.9002479404835192,1.5,2.5,1.0,a9aca7f3cc829120
928,3,0,0.1513477023556143,0.28900846539682407,0.5780100488183576,0.906003508527536,0.9110351429241388,1.068395132943736,2.0,3.0,1.0,a9aca7f3cc829120
928,4,1,0.17632963763575504,0.3160197111071106,0.608899765726029,0.9163583389657108,0.8105527743834529,1.045475374326335,2.0,3.5,1.0,a9aca7f3cc829120
928,5,4,0.11419371635303899,0.24614067781103735,0.5238598029894013,0.8856125035389407,0.9663311895809326,1.0282596309145613,1.5,2.5,0.5,a9aca7f3cc829120
929,0,5,0.1564901740739953,0.2946701719179557,0.5846775837564822,0.9083107489097831,1.0191615844110047,1.3074533404798159,1.5,2.0,0.5,1d003af591b334f8
929,1,2,0.2015515298271142,0.3421933608654838,0.6367484776361082,0.9250103760912605,0.8501937241905944,0.7701751470919662,2.5,3.5,1.0,1d003af591b334f8
929,2,4,0.20647813603229526,0.3471967266245458,0.6418562744366588,0.926532500713303,0.9454493245462029,1.1182999321832594,2.0,3.0,1.0,1d003af591b334f8
929,3,0,0.175653341422499,0.31530384874184864,0.6081103112048087,0.9161039934425038,0.8543254735728721,1.0233864726775745,3.0,4.0,1.5,1d003af591b334f8
929,4,1,0.10836364753274727,0.23903385156252535,0.5142038280164541,0.8816351569823518,0.919692402805434,1.300778539725589,2.0,3.0,1.0,1d003af591b334f8
929,5,3,0.14506181493902282,0.28200848820456526,0.5696182318051366,0.9030401192633065,1.124755204184298,1.0608622274313022,2.0,3.0,1.0,1d003af591b334f8
930,0,4,0.15736680895441735,0.29562973513377644,0.5857971914748825,0.9086941641672351,1.0117165734063418,0.8162277450508642,1.5,2.0,0.5,55c623df53f29504
930,1,1,0.09701004837705589,0.224817664367129,0.49425168226173144,0.8730480232965299,1.025505695228384,0.9759926529944644,2.5,3.5,1.0,55c623df53f29504
930,2,3,0.14496818446764861,0.28190353329103235,0.5694911381757587,0.9029947188058398,0.9056788821985141,0.930772895372789,2.5,3.5,1.5,55c623df53f29504
930,3,5,0.1762317665800784,0.3159161630406356,0.6087856674567046,0.9163216109775586,0.7630108304061921,1.0602923923944734,1.5,2.5,1.0,55c623df53f29504
930,4,2,0.13995642978048264,0.2762548963618508,0.5625946408300967,0.9005073880148878,0.792950294401301,1.2331757182571872,1.5,2.5,1.0,55c623df53f29504
930,5,0,0.1612458649275641,0.2998568658557883,0.5906939220442573,0.9103577349727855,0.8187018101334137,1.0178306993271704,2.0,3.0,1.0,55c623df53f29504
931,0,1,0.18908708155802206,0.3293811588591231,0.6233587339464948,0.9209266838575166,0.7349855042652232,1.2330215673083385,1.5,3.0,1.0,6338473de0eb61db
931,1,0,0.11917162167627146,0.25211557087841324,0.5318202950303398,0.8888086523170352,0.7913084679711075,1.4536024851552898,1.5,2.5,1.0,6338473de0eb61db
931,2,4,0.1973254226128038,0.3378746253371517,0.6322855129110984,0.923664459370256,1.1694393112408257,0.8184972151504777,1.5,2.5,1.0,6338473de0eb61db
931,3,5,0.1764037190634718,0.31609807866023804,0.6089860966319746,0.9163861215088095,1.136449406912422,0.6693244745492433,2.0,3.0,1.0,6338473de0eb61db
931,4,3,0.20500199389400414,0.34570104019581266,0.6403363463374488,0.9260815780682301,0.8238688709432153,1.069410914488526,2.5,3.5,1.5,6338473de0eb61db
931,5,2,0.13810200596443256,0.27414912513889667,0.5599950382322604,0.8995575305075039,0.8356600476726932,0.7283981383238463,2.0,3.0,1.0,6338473de0eb61db
932,0,0,0.15007205318461095,0.2875951252550408,0.5763290270147791,0.90541526088233,1.0538926772704702,1.0188898610084989,2.0,3.0,1.0,ed13a66817804a07
932,1,3,0.08245453874407804,0.20573097137726437,0.4660427072072068,0.8599816282473587,1.0712989230524577,1.2270427657296048,2.0,3.0,1.0,ed13a66817804a07
932,2,4,0.1610493366719778,0.2996434320964257,0.5904480543850955,0.9102747199254143,0.8745641908128119,1.2405740155935803,2.5,3.5,1.5,ed13a66817804a07
932,3,1,0.19221688032903322,0.33261979252550317,0.6267862964318955,0.9219851863443375,0.9256577605295868,0.8437842319441624,2.0,3.0,1.0,ed13a66817804a07
932,4,5,0.11982808339522269,0.2528974362522226,0.5328515638578649,0.8892173780654246,0.7942367204787667,1.0480590487939485,2.0,3.0,1.0,ed13a66817804a07
932,5,2,0.18291683191287628,0.3229518149370833,0.6164660205295539,0.9187699829161441,1.1313523707116278,0.9962756169548621,2.0,3.0,1.0,ed13a66817804a07
933,0,0,0.1765427862155158,0.3162451663155187,0.6091480811788613,0.916438233788669,1.1281242172362513,0.9838229861010952,1.5,2.5,0.5,06b9fa1dc1c8ec04
933,1,5,0.132916909290695,0.26821413761392815,0.552582862190433,0.8968114752099302,0.9912644318009848,0.9250187047917244,2.0,3.0,1.0,06b9fa1dc1c8ec04
933,2,3,0.13096882096430384,0.2659657311135685,0.5497414370208814,0.8957436988536663,0.9636707528936127,0.7612462403789624,2.5,3.5,1.0,06b9fa1dc1c8ec04
933,3,2,0.16706898261473602,0.3061466817731969,0.597874840851209,0.9127587250147273,1.105812394700088,0.9722355199845112,2.5,3.5,1.5,06b9fa1dc1c8ec04
933,4,4,0.1611707978543982,0.29977535053042315,0.5906000366194187,0.9103260417574903,1.208481398777638,1.1574500965196117,1.5,2.5,1.0,06b9fa1dc1c8ec04
933,5,1,0.13595501329003745,0.27170017459198553,0.5569519259484804,0.8984369381040698,0.8129927798085614,1.0998867612304561,2.0,3.0,1.0,06b9fa1dc1c8ec04
934,0,4,0.139085999999506,0.2752675682472992,0.5613777262458752,0.9000635905209295,1.0303563343330375,1.2069067825235416,2.0,3.0,1.0,4509659e3ca0fecd
934,1,3,0.1424689435270612,0.2790943063811683,0.5660752056632041,0.9017685690213564,0.9419091100369568,1.1000330241400174,2.5,3.5,1.0,4509659e3ca0fecd
934,2,5,0.1650260914757042,0.3039475009128174,0.5953782412014019,0.9119291077473645,1.0952085597864105,0.9447668009066312,1.5,2.5,1.0,4509659e3ca0fecd
934,3,0,0.20683252773367064,0.34755537657919217,0.6422198590730688,0.9266401152152984,1.160850185090856,1.448718614255268,2.5,3.5,1.5,4509659e3ca0fecd
934,4,1,0.12924019039771542,0.263961811892961,0.5471932839467768,0.8947788910287938,0.952835151277663,0.7865452188273703,1.5,2.0,0.5,4509659e3ca0fecd
934,5,2,0.1308829254327219,0.2658663535377894,0.5496154198941595,0.8956961465345661,0.9925193441213285,0.6592734917847859,2.0,3.0,1.0,4509659e3ca0fecd
935,0,5,0.1765505195217375,0.31625334465346167,0.6091570859165137,0.9164411300763609,1.1388198360981787,0.9083084159777102,1.5,2.5,0.5,86531c8b358772ea
935,1,4,0.19630426975299645,0.33682727760281583,0.6311955340671148,0.9233334587787858,1.025770974320409,1.3990978642558018,2.5,3.5,1.0,86531c8b358772ea
935,2,2,0.1195627666825324,0.2525816025355686,0.5324352716640246,0.8890525331283141,1.2104308981444842,1.0917818468988305,1.5,2.5,0.5,86531c8b358772ea
935,3,1,0.1472050419280721,0.2844053314049704,0.5725103751036359,0.9040690265517377,1.0479819405455206,0.8518645813381198,1.5,2.5,0.5,86531c8b358772ea
935,4,3,0.18339012243694225,0.32344712555603233,0.6170012557196533,0.9189388161370902,0.8599361177065271,0.9501962543708137,2.5,3.5,1.0,86531c8b358772ea
935,5,0,0.12780166480625424,0.2622877549619968,0.545053137150866,0.8939632212223455,0.9702056161991655,1.1232770181481637,3.0,4.0,1.5,86531c8b358772ea
936,0,2,0.19477915412196636,0.3352602242027137,0.6295590651393286,0.9228347983068836,0.9088460765488413,0.7045113331037568,2.0,3.0,1.0,bb6d0eedf0f2d8cf
936,1,5,0.15513989244383153,0.29318901428804117,0.5829434876493822,0.9077146352145246,0.738135099721748,0.8172444402213198,2.5,3.5,1.0,bb6d0eedf0f2d8cf
936,2,1,0.17237582774757965,0.3118232703579721,0.6042499718395843,0.9148527624225463,0.9122578763221961,0.8056784141367027,2.0,3.0,1.0,bb6d0eedf0f2d8cf
936,3,0,0.17822766075662266,0.3180245853300894,0.6111026164592473,0.9170653167523991,0.9931835194263624,1.158906292235346,2.0,3.0,1.0,bb6d0eedf0f2d8cf
936,4,3,0.13004761601606565,0.2648988641662261,0.5483866759651786,0.8952316026618743,1.1447545826412726,0.6967002520081281,1.5,2.5,1.0,bb6d0eedf0f2d8cf
936,5,4,0.1930559293249942,0.3334855080115969,0.6276975367014074,0.922265057233584,1.1330120854011185,1.1248344754546515,2.0,3.0,1.0,bb6d0eedf0f2d8cf
937,0,2,0.1460140489524302,0.2830747241782164,0.5709072300820114,0.9034996906794118,0.9854220864445888,1.0450887480963016,2.5,3.5,1.5,0555a14995d8f359
937,1,5,0.18888008591596406,0.32916643832602976,0.623130442758753,0.9208558560359882,1.0064092845607022,0.6528100142721811,2.5,4.0,1.5,0555a14995d8f359
937,2,3,0.14571731347547395,0.2827426910791819,0.570506245476511,0.9033568985827559,0.9305959924544929,1.1744833576184672,2.0,3.5,1.0,0555a14995d8f359
937,3,1,0.16521188894112293,0.30414784077067836,0.5956063012139288,0.9120051176713447,0.9139252778688963,0.9158817773230492,2.0,3.0,1.0,0555a14995d8f359
937,4,4,0.21431592745658323,0.3550903972046045,0.649780960672455,0.9288563156721809,1.2151830656660823,0.9230410493800079,2.0,3.0,1.0,0555a14995d8f359
937,5,0,0.12733566573194255,0.2617441834618421,0.544355970968945,0.8936964498607397,0.9599306938043871,0.8825569046815,2.0,3.0,1.0,0555a14995d8f359
938,0,2,0.1181923985261426,0.25094670384315787,0.5302741076329571,0.8881935777828202,0.9708263934574735,0.9795811115183333,2.5,3.5,1.0,0316e50125008551
938,1,1,0.17949285514547877,0.3193576118879972,0.6125606816772532,0.9175310634434591,1.105468989593864,0.8991580795433538,1.5,2.5,0.5,0316e50125008551
938,2,3,0.14393492291746987,0.2807439232355538,0.5680843983721551,0.902491151935851,0.9712238209853383,1.1212959972513477,2.0,3.0,1.0,0316e50125008551
938,3,0,0.17169793824713453,0.3111010056681965,0.6034443093649231,0.9145900430990159,1.1700348553215967,0.8845893371107452,1.5,2.5,0.5,0316e50125008551
938,4,4,0.1492063324086329,0.28663389565030895,0.5751819128559936,0.905012313565796,1.1284671299075937,0.754249319849879,1.5,2.5,1.0,0316e50125008551
938,5,5,0.15468997607185836,0.2926946358457144,0.5823630838925956,0.9075144979886736,1.0213022168547081,0.8641968915646636,1.5,2.5,1.0,0316e50125008551
939,0,4,0.15803489078306243,0.296359948952235,0.5866471927127154,0.9089844892316461,0.9129593816194549,1.1407475326020622,2.5,3.5,1.0,18533b880bb18d30
939,1,0,0.13887249148535208,0.27502509490063254,0.5610783425300524,0.8999541802413741,1.1930290036128819,1.0706875005655494,2.0,3.0,1.0,18533b880bb18d30
939,2,3,0.10475299752923464,0.2345693052175587,0.508030986780355,0.8790327895319757,1.0828764003873894,0.7719390888816726,1.5,2.5,1.0,18533b880bb18d30
939,3,5,0.1354383654068071,0.27110907829048536,0.5562141968763799,0.8981638546832055,1.1643653952280903,0.6629188673385514,1.5,3.0,1.0,18533b880bb18d30
939,4,1,0.14424847261546342,0.2810960819175485,0.5685120978012058,0.9026444585224039,1.1214380846714587,1.2303827431005674,2.0,3.5,1.0,18533b880bb18d30
939,5,2,0.13031705058882243,0.2652111470148289,0.5487836637884875,0.8953818642099032,0.8308938013366166,1.2038332208966622,2.0,3.0,1.0,18533b880bb18d30
940,0,3,0.14862421567966821,0.28598661029796263,0.5744076991407377,0.9047396491007847,1.0520011479200368,0.7493949537683541,2.5,3.5,1.0,35d6d369d13f0458
940,1,2,0.19200567540014596,0.3324017092746268,0.6265564152061726,0.9219144808026963,1.0646069666260807,0.7553261593763065,2.0,3.0,1.0,35d6d369d13f0458
940,2,5,0.1397705142970201,0.27604417183694124,0.562335204832602,0.9004128985471086,0.8670665124433553,1.126930404286116,1.5,2.5,0.5,35d6d369d13f0458
940,3,1,0.1647958454740833,0.3036991417633976,0.5950953428691699,0.9118347574787319,0.9166316056362156,0.8861501660376185,1.5,2.5,1.0,35d6d369d13f0458
940,4,0,0.13128543589913577,0.2663318650149997,0.5502054042537703,0.8959186316983373,0.8979766849620793,0.6781068970084709,1.5,2.5,0.5,35d6d369d13f0458
940,5,4,0.13478982802669506,0.2703660939488409,0.5552851142702833,0.8978191432353604,1.1683658017676555,0.9557257657797711,2.0,3.5,1.0,35d6d369d13f0458
941,0,5,0.09762871278496309,0.22560623016719722,0.4953813665673476,0.8735480684895939,1.2490768537002048,1.1788893455831313,1.5,2.5,0.5,72be7437376ac416
941,1,4,0.18227535347152052,0.3222799107757472,0.6157388188073689,0.9185402256565613,0.9377160422603683,0.7045322233376017,2.0,3.0,1.0,72be7437376ac416
941,2,0,0.13703642932163146,0.27293516954556407,0.5584892348268827,0.8990042122466845,0.913001996822099,0.9210020128093419,2.5,3.5,1.5,72be7437376ac416
941,3,2,0.12669049599112928,0.2609905757517633,0.5433875838045182,0.8933250250600212,1.0917530194760596,0.933084076568225,2.5,3.5,1.0,72be7437376ac416
941,4,3,0.17057215794676808,0.30989970355618696,0.6021007746221442,0.9141507020032579,1.2102164257382577,1.076550296047319,1.5,2.5,0.5,72be7437376ac416
941,5,1,0.16662452460731567,0.30566889336346664,0.597333719122907,0.9125793717247166,0.8198863311800064,1.0679645858445337,2.5,3.5,1.5,72be7437376ac416
942,0,4,0.16261962110984093,0.30134665740790567,0.592406064845332,0.9109343317174984,1.0422403377877714,0.9547883297724673,2.5,3.5,1.0,806ba8e570065ea3
942,1,0,0.15037211225428743,0.28792789677212943,0.5767254267251126,0.9055542148800202,1.090346156837872,0.9766547519218841,2.0,3.0,1.0,806ba8e570065ea3
942,2,5,0.15583676355287174,0.2939539077974217,0.5838398985402381,0.9080231302585128,1.186290880382181,1.2169399638340592,1.5,2.5,1.0,806ba8e570065ea3
942,3,1,0.1117474666877453,0.24317354257493642,0.5198534749337292,0.8839758766652664,1.1078126189052442,1.1075893891684991,2.5,3.5,1.5,806ba8e570065ea3
942,4,3,0.1515592819236911,0.28924253488439594,0.578287805400254,0.9061004492394178,1.0197254930961162,1.0511149430266014,2.0,3.5,1.0,806ba8e570065ea3
942,5,2,0.1792049593552021,0.3190545173367005,0.6122296174420998,0.917425465508715,1.095170486567633,0.9924071067165925,2.5,3.5,1.0,806ba8e570065ea3
943,0,2,0.16778056729860097,0.30691085716820066,0.5987388369939907,0.9130445677172375,0.9341334950635627,1.277508273405623,1.5,2.5,1.0,14cb357403be87d8
943,1,1,0.11713968229848704,0.24968661897941605,0.528601228841229,0.8875250196719665,0.9561017038765545,0.8115110948554948,2.5,3.5,1.0,14cb357403be87d8
943,2,3,0.21124785109799682,0.3520098935746152,0.6467075845133865,0.9279604686814781,1.250050046823995,1.126056353667162,2.5,3.5,1.5,14cb357403be87d8
943,3,5,0.10149844637333041,0.23050099654933012,0.502332439071405,0.8765876804247593,0.9365802423714736,1.2257980423444672,2.0,3.0,1.0,14cb357403be87d8
943,4,0,0.2140983849318193,0.35487236604763495,0.6495642354831744,0.9287933646205009,0.9784826635684787,0.8604872154188037,2.0,3.0,1.0,14cb357403be87d8
943,5,4,0.1695098832651013,0.3087640566699619,0.60082660686058,0.9137326211868707,1.0535630364260815,1.3769757326673222,2.5,3.5,1.5,14cb357403be87d8
944,0,0,0.17603122942233773,0.3157039421412383,0.6085517239094407,0.9162462711976247,1.2612854072555004,0.9944945149633487,2.5,3.5,1.0,4ce13b425ce9b0ef
944,1,3,0.14741035820823928,0.2846343849469793,0.5727857347685876,0.9041665681457604,0.9763086916535196,1.1488405370812673,2.0,3.0,1.0,4ce13b425ce9b0ef
944,2,1,0.12874879275467171,0.26339062133406915,0.5464642378794521,0.8945015817804354,0.8864921509351612,0.6699763900469112,2.0,3.0,1.0,4ce13b425ce9b0ef
944,3,2,0.11930919228766809,0.2522795361140187,0.5320367609279966,0.8888945450650191,0.738243823101552,1.4215919540726254,2.5,3.5,1.0,4ce13b425ce9b0ef
944,4,5,0.18069012721830402,0.320616607433668,0.6139329651490447,0.9179678175905198,0.9638837416451731,0.9783886260594536,1.5,2.5,1.0,4ce13b425ce9b0ef
944,5,4,0.21522648623635246,0.35600235756415277,0.6506861419304657,0.9291188776769892,0.7610878740528212,1.0349120488163583,1.5,2.5,0.5,4ce13b425ce9b0ef
945,0,0,0.09248703380234492,0.2189995099140524,0.4858307974986416,0.8692659462721806,0.8904613988049758,0.7198595555631933,2.0,3.5,1.0,ea3735d1172e2d3b
945,1,2,0.19266038320641984,0.3330775216451399,0.6272683561648672,0.9221333223692133,0.8686430040557809,1.259717561328131,2.0,3.0,1.0,ea3735d1172e2d3b
945,2,3,0.12263538480368799,0.2562256366731137,0.537214808240544,0.8909334028055373,0.7814394811656117,1.0503729726623978,1.5,2.5,1.0,ea3735d1172e2d3b
945,3,1,0.12159718141676024,0.2549976671392671,0.5356099441291648,0.8903047069275232,0.9723104929399821,1.013931572880031,3.0,4.0,1.5,ea3735d1172e2d3b
945,4,4,0.16579927189628313,0.3047807646331948,0.5963259739367737,0.9122446784355127,1.0907169665826075,0.7454735554399953,2.5,3.5,1.5,ea3735d1172e2d3b
945,5,5,0.11363506037882024,0.2454649087496955,0.522950488731931,0.8852427098509178,0.9841492886720047,1.0395461215313864,1.5,2.5,1.0,ea3735d1172e2d3b
946,0,2,0.16119058629107125,0.29979683987923006,0.5906247890744366,0.9103343982899276,0.9806919219433644,0.8999120926850048,2.5,3.5,1.5,4ce6a1d2ae6ad5fb
946,1,4,0.09235369695088677,0.21882653583519873,0.48557810352234926,0.8691509420810255,0.9582172632013514,0.6868377411450011,1.5,2.0,0.5,4ce6a1d2ae6ad5fb
946,2,3,0.1724447613295025,0.31189667032850116,0.6043317583231504,0.9148794015242773,0.9203489161600755,0.9936876088009712,1.5,2.5,1.0,4ce6a1d2ae6ad5fb
946,3,1,0.16116903188148346,0.2997734327257029,0.5905978275290007,0.9103252959327279,0.8474737578399073,1.2625909939781779,3.0,4.0,1.5,4ce6a1d2ae6ad5fb
946,4,5,0.15613516989474419,0.29428112964994213,0.5842227988984291,0.9081546785707971,0.9565961959729723,0.8510339162267886,2.0,3.0,1.0,4ce6a1d2ae6ad5fb
946,5,0,0.1327819510919119,0.2680587082663231,0.5523870340139205,0.896738156275965,1.0242255183862619,0.9346363067477736,2.5,3.5,1.5,4ce6a1d2ae6ad5fb
947,0,0,0.19015210266743934,0.33048488615261434,0.6245301623422976,0.9212894781883403,0.8539880197330554,1.2988969558432946,2.0,3.5,1.0,25e4c9913d1f2456
947,1,1,0.22104196095459863,0.36180269568169604,0.6563940594921156,0.9307612291511865,0.8709894663174502,1.3040248878129672,2.0,3.0,1.0,25e4c9913d1f2456
947,2,4,0.1607026569130241,0.2992667430226715,0.5900137677148692,0.9101279548787471,0.9860122078262151,0.7992944345309247,2.0,3.0,1.0,25e4c9913d1f2456
947,3,2,0.17413562641385646,0.31369444892300075,0.6063298520486649,0.9155284576136615,0.9703672746157086,1.041602979983326,1.5,2.5,1.0,25e4c9913d1f2456
947,4,5,0.1442192229945556,0.281063240533944,0.5684722298035892,0.9026301756001996,0.7461451919949527,1.1938908135021253,1.5,2.0,0.5,25e4c9913d1f2456
947,5,3,0.13826192799187798,0.27433106541033336,0.5602202664670963,0.8996400948692563,1.2167654640846186,1.239952501438614,1.5,2.5,0.5,25e4c9913d1f2456
948,0,0,0.1573602302884728,0.29562254007049205,0.5857888074961334,0.9086912972776613,0.9261937660543014,1.3031775362874385,2.5,3.5,1.5,d7e4a91163042e50
948,1,2,0.138212696778085,0.27427506292181386,0.5601509521799654,0.8996146910360971,0.9356517138962863,0.9061132088376985,2.5,3.5,1.5,d7e4a91163042e50
948,2,5,0.11388322173064293,0.24576522638608767,0.5233548230901076,0.8854072622903784,0.8787089852558247,1.183702019517364,1.5,2.5,0.5,d7e4a91163042e50
948,3,4,0.16501995423091492,0.3039408821774836,0.5953707045124278,0.91192659507319,0.9015114790150776,1.0314993498153409,2.0,3.0,1.0,d7e4a91163042e50
948,4,3,0.1196018595408517,0.2526281529271134,0.5324966530134818,0.8890768515005406,1.1371875772308582,0.8901644915634155,2.0,3.0,1.0,d7e4a91163042e50
948,5,1,0.13691523950403822,0.27279691954516133,0.5583174143131835,0.8989409292615208,1.0326636287833917,0.9012516238740692,1.5,3.0,1.0,d7e4a91163042e50
949,0,3,0.1435725034232277,0.28033658500833414,0.5675891479825457,0.9023134086159803,1.0835934428075558,1.3949406480098063,1.5,2.5,1.0,6f6fc999a546d63c
949,1,5,0.17426532919926024,0.31383214437876183,0.6064824875017786,0.9155779012493621,1.1468346851086793,0.7888635346740633,2.0,3.0,1.0,6f6fc999a546d63c
949,2,0,0.09964631763322078,0.22816626450305055,0.4990299340912905,0.8751514659806244,1.008050744123568,1.3268914356166026,2.0,3.0,1.0,6f6fc999a546d63c
949,3,2,0.14925176026663076,0.2866843770543974,0.5752422338782014,0.9050335336405929,1.1561898608304975,1.067968250480216,1.5,2.5,1.0,6f6fc999a546d63c
949,4,1,0.1834119283551709,0.3234699372701991,0.6170258890419927,0.918946580851051,0.9249152120967461,0.959856668132366,2.5,3.5,1.0,6f6fc999a546d63c
949,5,4,0.15630630346166893,0.2944687045220974,0.5844421329047845,0.9082299719261215,1.0087620033754963,0.824335372974959,2.5,3.5,1.0,6f6fc999a546d63c
950,0,5,0.1304047791245457,0.2653127832417515,0.5489127904624904,0.89543070320935,1.228785898285926,1.1263691301805991,1.5,2.0,0.5,d7cda9b07e1a68e8
950,1,4,0.12566176465885945,0.2597864182885134,0.5418357962213602,0.8927277169233,1.0557063991857691,0.8164860751113125,2.5,3.5,1.5,d7cda9b07e1a68e8
950,2,0,0.13582990788302954,0.27155710575959435,0.5567734814961216,0.8983709348824912,1.244901250001395,0.8792982435968351,2.0,3.5,1.0,d7cda9b07e1a68e8
950,3,1,0.2030167534764188,0.34368487197323383,0.6382781034793943,0.9254682337839487,1.2651760731663237,1.0820077440688218,1.5,2.0,0.5,d7cda9b07e1a68e8
950,4,3,0.16028181069666747,0.29880914456040836,0.5894855895925594,0.9099492321733609,0.9597809798445168,0.7463894458374412,1.5,2.5,1.0,d7cda9b07e1a68e8
950,5,2,0.18445206011657045,0.32455715522618833,0.6181981801404215,0.9193155365882916,1.1626530821246834,0.8608310573643037,2.0,3.0,1.0,d7cda9b07e1a68e8
951,0,2,0.14210184617873528,0.27868041193954374,0.5655696078060526,0.9015861112447857,0.919378940919084,1.3204504115946678,2.0,3.0,1.0,8c0486dc90f7377b
951,1,1,0.1255989648631065,0.2597128083883359,0.5417407579612855,0.8926910499961828,1.203828370740203,1.3531777455809355,2.0,3.0,1.0,8c0486dc90f7377b
951,2,5,0.1240276236031564,0.25786715407492994,0.5393510936610667,0.8917658388066415,1.0152590233271492,0.7628267236066519,2.5,3.5,1.0,8c0486dc90f7377b
951,3,4,0.09707136699638497,0.22489589862369674,0.49436388223096067,0.8730977642264676,0.8445575046729326,1.126006990950605,2.0,3.5,1.0,8c0486dc90f7377b
951,4,3,0.1574874225335953,0.29576163391956256,0.5859508554907663,0.908746698029274,0.9942808279164914,0.9724168106755475,2.0,3.0,1.0,8c0486dc90f7377b
951,5,0,0.11091486082497606,0.24215881587884303,0.518475141708473,0.8834083813157496,1.1115088356340155,0.8443122819242135,2.5,3.5,1.5,8c0486dc90f7377b
952,0,2,0.14821869440425497,0.2855352370560111,0.5738669762697696,0.9045488773967924,1.0585939355926919,0.9632535596346246,2.0,3.0,1.0,656ca3fb09805ff1
952,1,4,0.1258206422518804,0.25997259231535824,0.5420760752530231,0.8928203756003157,1.2091522345537595,1.0371396519204747,2.5,3.5,1.0,656ca3fb09805ff1
952,2,5,0.1714645169572573,0.31085211353653025,0.6031663104795183,0.9144992623724725,0.7936279098989639,1.2279814927612205,2.5,3.5,1.5,656ca3fb09805ff1
952,3,3,0.13857320027551093,0.2746850076440461,0.5606580830420309,0.8998004435327996,0.9816496265022049,1.279030562221461,2.5,3.5,1.0,656ca3fb09805ff1
952,4,1,0.16719880699540834,0.30628617174727657,0.5980326870407257,0.9128109948102076,0.8325668629378232,1.2576694973011442,2.0,3.0,1.0,656ca3fb09805ff1
952,5,0,0.1847135147904921,0.32483017273208475,0.6184920246797901,0.9194078455034219,0.8780858271816255,0.8483222800910324,2.5,3.5,1.5,656ca3fb09805ff1
953,0,4,0.11588662447049629,0.24818194207153135,0.5265953907007084,0.886719135933641,0.8764265183168781,0.8067798785735727,2.5,3.5,1.5,8bea51e9fc042227
953,1,1,0.15550162390172395,0.2935861825207722,0.5834091850039591,0.9078749946391831,0.9116480227875734,0.9860025241119129,2.5,3.5,1.0,8bea51e9fc042227
953,2,2,0.16747029062039204,0.30657776554670163,0.5983624579598363,0.912920126726898,1.0759562089422356,0.9773225262944009,1.5,2.5,1.0,8bea51e9fc042227
953,3,3,0.18717821583402683,0.3273985421287642,0.621245840143506,0.9202695841174111,1.0218715989491443,1.0780875486166237,2.0,3.0,1.0,8bea51e9fc042227
953,4,0,0.18336780733263502,0.32342378037397784,0.6169760447688711,0.9189308688417047,1.1712058738147062,1.153284279675145,2.0,3.0,1.0,8bea51e9fc042227
953,5,5,0.14731564461665653,0.284528733255013,0.5726587464102371,0.904121593666103,0.998316005610806,0.9155276567130528,1.5,2.5,1.0,8bea51e9fc042227
954,0,3,0.12875588474362684,0.2633988697988407,0.5464747745555517,0.894505593688585,0.8384272921786355,0.7115913341776434,2.0,3.0,1.0,8d52ced4ffbb44db
954,1,1,0.13306307593314554,0.26838241993011663,0.5527947846343727,0.8968907748766712,1.1652158700419257,0.9248923330307356,2.0,3.0,1.0,8d52ced4ffbb44db
954,2,4,0.1391332106530594,0.2753211680458025,0.5614438782323263,0.9000877537211295,0.9205843524791448,0.6948353280418385,1.5,2.5,1.0,8d52ced4ffbb44db
954,3,5,0.2018124878781543,0.34245921771031906,0.6370215654441971,0.9250922464983931,0.9886827906762731,1.2032830431937036,1.5,2.5,1.0,8d52ced4ffbb44db
954,4,0,0.183271509610218,0.32332302826032183,0.6168672223362374,0.9188965586659569,0.8500689116140907,0.7846014469557987,2.5,3.5,1.0,8d52ced4ffbb44db
954,5,2,0.1562386015583807,0.294394505621171,0.5843553847894472,0.9082001981480984,0.8280517994928713,1.2043843450525533,1.5,2.0,0.5,8d52ced4ffbb44db
955,0,4,0.15518325606431854,0.2932366405762066,0.5829993588743407,0.9077338845875955,1.0114955685853277,0.9598927326017228,2.0,3.0,1.0,4d660c74baf65e6d
955,1,5,0.2009121062308812,0.3415415340635962,0.6360781172618982,0.9248091687886271,0.9499908291337488,1.1141810050162104,2.0,3.0,1.0,4d660c74baf65e6d
955,2,3,0.12196093277566795,0.255428286477367,0.5361733937322841,0.8905257624591949,1.2267776938374368,0.9419575598872669,1.5,2.5,0.5,4d660c74baf65e6d
955,3,2,0.17264380553757142,0.3121085635548402,0.604567770229843,0.9149562424737379,0.9717591784961923,1.1430222795550504,1.5,2.5,0.5,4d660c74baf65e6d
955,4,0,0.09463117507506727,0.22176943171688956,0.4898588164715797,0.8710871765715699,0.9956176173685268,1.1821387498415437,2.0,3.0,1.0,4d660c74baf65e6d
955,5,1,0.14988224059406652,0.28738451562216455,0.5760779552064267,0.9053271733162569,0.8574025774692227,1.0080382773523011,3.0,4.0,1.5,4d660c74baf65e6d
956,0,1,0.1641598009279004,0.303012530808028,0.5943122366847851,0.9115732150383911,1.0427636067141373,1.0182069381831937,3.0,4.0,1.5,f789bb2ad4ed10c1
956,1,2,0.12919601347056248,0.2639104895686602,0.547127827717918,0.8947540164435567,0.9159354550317946,0.837681457978803,2.0,3.0,1.0,f789bb2ad4ed10c1
956,2,0,0.12136003618686617,0.2547167056407236,0.5352419297498601,0.890160133698248,1.1020998699712459,0.9848719993593751,2.0,3.0,1.0,f789bb2ad4ed10c1
956,3,4,0.1508979684181007,0.28851059930919193,0.577418651623996,0.9057968616738115,1.1082519258026613,0.9472998806697546,2.0,3.0,1.0,f789bb2ad4ed10c1
956,4,5,0.1304377005034712,0.26535091813470296,0.5489612301843189,0.8954490197943823,1.1201717902753,0.6196041454184976,2.0,3.0,1.0,f789bb2ad4ed10c1
956,5,3,0.19501481328704956,0.3355025852340071,0.6298126046069896,0.9229121904962581,0.8701907871973846,1.329930921725727,2.0,3.0,1.0,f789bb2ad4ed10c1
957,0,4,0.20337282632024617,0.34404688721980187,0.6386484715082226,0.9255788328962076,0.9827815020180026,1.0737831307365941,2.0,3.0,1.0,e8f940191efda094
957,1,0,0.11725494115209914,0.24982475991282752,0.5287849299304422,0.8875985923808164,1.0422304281946275,0.9816714248140587,2.0,3.0,1.0,e8f940191efda094
957,2,2,0.182363112876923,0.32237187223724184,0.6158384262204567,0.918571721601168,1.1018306635280832,0.6333826810962199,2.5,3.5,1.5,e8f940191efda094
957,3,3,0.15386658760054533,0.291788762268423,0.5812974956723455,0.907146247742801,0.8680492088053371,0.8128356781942875,2.5,3.5,1.5,e8f940191efda094
957,4,1,0.19116484143877693,0.3315328269219697,0.6256392064679881,0.9216319620672583,1.257197188154509,0.984178920179017,1.5,3.0,1.0,e8f940191efda094
957,5,5,0.173346477437739,0.31285603194354206,0.6053992320742037,0.9152265757189084,1.1373601862811045,1.1032935011459846,2.0,3.0,1.0,e8f940191efda094
958,0,3,0.14216733820249453,0.2787542768018148,0.5656598821219696,0.9016187075168741,1.029631474155432,0.8733495746651644,2.5,3.5,1.5,8afbdbcba20b45ea
958,1,5,0.10609579518077028,0.23623553576263082,0.5103445706030691,0.8800137265021075,0.9490352161863764,1.2100572396158997,2.0,3.0,1.0,8afbdbcba20b45ea
958,2,4,0.16032117380506716,0.2988519602743393,0.5895350376079685,0.9099659747930158,0.9098968947789895,1.0089326406608723,1.5,2.5,1.0,8afbdbcba20b45ea
958,3,2,0.14335278824682096,0.2800894850130386,0.5672884385686879,0.9022053680453275,1.0626738835581118,1.3355948959278976,1.5,2.5,0.5,8afbdbcba20b45ea
958,4,0,0.19680519252593068,0.3373412380334952,0.6317307903965966,0.9234961164460171,1.1047689392568507,1.0194722939406238,2.5,3.5,1.5,8afbdbcba20b45ea
958,5,1,0.14474365414197868,0.2816517621640998,0.5691861050210041,0.9028856906138432,0.9825129006014068,1.105699950181403,2.5,3.5,1.5,8afbdbcba20b45ea
959,0,3,0.16154364791022324,0.3001801180671949,0.5910660196987513,0.9104832678655592,1.0447930874775946,1.234282950554665,2.0,3.0,1.0,5a62bbab3e2065bb
959,1,2,0.17819559887135794,0.3179907694118646,0.6110655602678136,0.9170534571864288,1.0078312704532253,0.9075715715066623,2.0,3.0,1.0,5a62bbab3e2065bb
959,2,0,0.1843374015426269,0.32443739136552857,0.6180692123123553,0.9192750005178545,0.9525755858957653,1.1470841800840117,2.5,3.5,1.5,5a62bbab3e2065bb
959,3,5,0.13871314946667684,0.2748440613541461,0.5608546831641451,0.8998723847059364,0.7839651632205278,0.8726526245146718,2.0,3.0,1.0,5a62bbab3e2065bb
959,4,4,0.12354870049260269,0.2573031468444527,0.538618253886276,0.8914808457412342,0.8408482005902475,1.0199278090389097,2.5,3.5,1.0,5a62bbab3e2065bb
959,5,1,0.14165745973151023,0.2781789366885625,0.5649562236789828,0.9013644170412143,1.0011594602877434,0.6292856514193294,2.0,3.0,1.0,5a62bbab3e2065bb
960,0,1,0.09117943432472311,0.21729947545987874,0.48334132275279784,0.8681290502267328,1.0810620479834072,1.0185659908109503,2.5,3.5,1.5,63b412358aa140be
960,1,5,0.135408361944221,0.27107472985127035,0.5561712889621954,0.8981479543849794,0.9834530188818611,1.0092716854910124,2.0,3.0,1.0,63b412358aa140be
960,2,4,0.141467431658473,0.27796434904695555,0.5646934802936017,0.9012693403037161,0.9871574025814862,1.0718391166348462,2.5,3.5,1.5,63b412358aa140be
960,3,0,0.21141615853861095,0.35217919379905144,0.6468771281810503,0.9280100649530059,1.0035913584689848,0.7256326151859469,2.0,3.0,1.0,63b412358aa140be
960,4,3,0.16473126486025114,0.3036294624106924,0.5950159384565287,0.911808262462113,0.9759691198420644,0.9749968105254649,2.5,3.5,1.5,63b412358aa140be
960,5,2,0.13902073390335193,0.27519346026871744,0.561286246648511,0.9000301687105439,1.057394669157982,0.9296933095088222,2.0,3.0,1.0,63b412358aa140be
961,0,5,0.11191371018176122,0.2433758524223777,0.5201277757295747,0.8840885412157697,0.9028539490708949,0.8931731195712238,1.5,2.5,0.5,9b8542fc0079fb43
961,1,2,0.1158201684426779,0.24810199457307075,0.5264885631443016,0.8866760849162979,1.007051385833769,0.9804460720837309,2.0,3.0,1.0,9b8542fc0079fb43
961,2,0,0.16853982606531365,0.30772518868533294,0.5996575493013931,0.913347804589822,1.2319300678165856,0.8719396485681237,2.0,3.5,1.0,9b8542fc0079fb43
961,3,3,0.1498749771795765,0.28737645478426493,0.5760683427637908,0.905323799642897,1.0684597815661319,0.7831767055467942,2.0,3.0,1.0,9b8542fc0079fb43
961,4,1,0.1581174323773113,0.29645010322316323,0.5867520164478237,0.9090202472230452,1.01125174851666,0.9040890372921944,1.5,2.5,1.0,9b8542fc0079fb43
961,5,4,0.17668118169659683,0.31639151056627096,0.6093091829837036,0.9164900404726156,1.2822707654031364,1.0222926408776987,1.5,2.5,1.0,9b8542fc0079fb43
962,0,3,0.11879299477047853,0.2516639846181274,0.5312235688684425,0.8885715976110369,1.0708211806382988,0.7729760476208023,2.0,3.0,1.0,5a8ce909821f3532
962,1,5,0.1639918896651278,0.3028311401760187,0.5941051059502286,0.9115039471831119,0.9151815918440229,0.9116206825883668,2.0,3.0,1.0,5a8ce909821f3532
962,2,2,0.12490695278221664,0.258900900204306,0.5406911343193359,0.892285436055337,1.1653642902980563,0.8837241920413985,1.5,2.5,1.0,5a8ce909821f3532
962,3,0,0.1365558361178813,0.27238669881221045,0.5578071791604314,0.8987528280596394,0.9325509046572837,0.7524238209193919,2.0,3.0,1.0,5a8ce909821f3532
962,4,1,0.17099262555494937,0.31034864584053745,0.6026033869138018,0.9143152380844591,0.9417802959521013,1.0484769131601277,2.0,3.0,1.0,5a8ce909821f3532
962,5,4,0.1511145486754742,0.2887504144653232,0.5777036228372435,0.9058964777699621,0.8415180404531751,1.0412383438597186,2.5,3.5,1.0,5a8ce909821f3532
963,0,1,0.17202423075115858,0.3114487603153875,0.6038324162931843,0.9147166699718133,0.9863333569940724,1.2810976902976454,2.0,3.0,1.0,2205d06c7e3a1a20
963,1,5,0.1371268486693346,0.27303829276570063,0.5586173544019537,0.8990513802553619,1.0349544399073416,1.0620206330260429,1.5,2.5,1.0,2205d06c7e3a1a20
963,2,2,0.1945108820218598,0.33498422364524166,0.6292701368724594,0.9227465436030852,1.063346195288982,1.1166751687522936,2.5,3.5,1.0,2205d06c7e3a1a20
963,3,3,0.13795707000945034,0.2739841779621727,0.5597907443858371,0.899482595950475,0.8258258445225888,1.0949120703205892,2.5,3.5,1.0,2205d06c7e3a1a20
963,4,4,0.1842677778504869,0.3243646573281755,0.6179908683937805,0.9192503696095317,1.1775520697403936,0.9071710733200151,2.0,3.0,1.0,2205d06c7e3a1a20
963,5,0,0.15283440850349977,0.2906511279100522,0.5799554476257841,0.9066809597688579,1.2019012071543578,0.6557678622928068,2.5,3.5,1.5,2205d06c7e3a1a20
964,0,5,0.17690460269687755,0.31662769443639005,0.609569049305829,0.9165735622039226,0.9966019269745846,0.8143570889430962,1.5,2.5,1.0,a36b0c2645318fa1
964,1,0,0.15426933630558917,0.29223203816410165,0.5818192632992403,0.9073266934778198,0.9724081687737711,1.0735893972310506,2.0,3.0,1.0,a36b0c2645318fa1
964,2,1,0.1775544385472612,0.31731416661807543,0.6103234122984157,0.9168156995890759,1.0496621189199418,1.0940228814325743,1.5,2.5,0.5,a36b0c2645318fa1
964,3,3,0.19388121819218174,0.33433600444433814,0.6285907262462438,0.9225387609264999,0.8665529455492985,1.0254096599530804,1.5,2.5,1.0,a36b0c2645318fa1
964,4,2,0.12176682439609668,0.2551985466280121,0.5358728767390156,0.8904079062308218,1.0195406991490974,0.8482490304792668,2.0,3.0,1.0,a36b0c2645318fa1
964,5,4,0.1537748579582398,0.29168775363820676,0.5811785105728414,0.9071050631741712,0.9482334886781336,0.6065429727826839,1.5,2.0,0.5,a36b0c2645318fa1
965,0,0,0.09222658902451522,0.21866156257195057,0.48533697062931486,0.8690411162343464,1.026770915225137,1.4379570636406065,2.5,3.5,1.0,82807e8d0e3458ad
965,1,2,0.1572736803453101,0.2955278723741762,0.5856784812073915,0.9086535653998595,1.0591758305860939,0.8457243366504384,2.0,3.0,1.0,82807e8d0e3458ad
965,2,4,0.15748743563784207,0.2957616482482752,0.5859508721808583,0.90874670373403,1.1326849171550923,1.2614633361371834,2.0,3.5,1.0,82807e8d0e3458ad
965,3,5,0.12110905129870095,0.25441915569533985,0.5348518538433015,0.8900067278323108,0.8498461732700191,0.8909956364713926,1.5,2.5,1.0,82807e8d0e3458ad
965,4,1,0.20356476293398934,0.34424195508271477,0.6388478950813626,0.9256383424839442,0.9975272760969682,0.8996251097438157,2.0,3.0,1.0,82807e8d0e3458ad
965,5,3,0.1457530363676846,0.28278267421010406,0.5705545516955942,0.903374108846162,1.0792777715448678,1.216119879899015,1.5,2.5,1.0,82807e8d0e3458ad
966,0,1,0.14788318403909234,0.28516150800252915,0.5734187449271435,0.9043905258942927,1.1324223086447958,0.8511711794448726,2.5,4.0,1.5,5e68dcb6c6606a19
966,1,0,0.17108192619468715,0.3104439528250696,0.6027100083420053,0.9143501141952649,0.985883483609554,0.79430444026645,1.5,2.5,1.0,5e68dcb6c6606a19
966,2,2,0.18635878700226016,0.3265457112706232,0.6203335273120676,0.9199847671988655,1.0212122220508384,0.8931836484035965,2.0,3.0,1.0,5e68dcb6c6606a19
966,3,4,0.13209459681091232,0.26726632441119746,0.5513873227991822,0.8963632359035119,1.0010420465512648,0.6592662294506391,1.5,2.5,1.0,5e68dcb6c6606a19
966,4,3,0.14441529217124824,0.2812833475527421,0.5687393589111005,0.9027258464086211,1.050513330709189,0.7889818749016899,2.5,3.5,1.0,5e68dcb6c6606a19
966,5,5,0.19405460151254944,0.33451455544713404,0.6287779850642484,0.9225960653627555,1.114965750522104,1.281005892937583,2.0,3.5,1.0,5e68dcb6c6606a19
967,0,0,0.1308836948249536,0.26586724378360904,0.5496165489444707,0.8956965726539071,0.8662010887517104,0.9619051063438258,2.0,3.0,1.0,fb3dd70a023db120
967,1,5,0.15838995759073354,0.29674766379093875,0.5870978079915601,0.9091381347328379,1.0712183778009217,1.124859928582152,2.0,3.0,1.0,fb3dd70a023db120
967,2,3,0.13256976547112903,0.26781423733072035,0.5520788422082112,0.896622686872009,0.9648896004381085,1.1469676586054252,2.0,3.0,1.0,fb3dd70a023db120
967,3,2,0.12912420858293844,0.2638270588016278,0.5470213996389264,0.8947135620380846,1.0011892559408009,0.9101718099172724,2.0,3.0,1.0,fb3dd70a023db120
967,4,4,0.16350459683700952,0.3023044198399787,0.5935030537400597,0.9113023966172539,1.0810671938649827,0.8771155531498056,2.0,3.0,1.0,fb3dd70a023db120
967,5,1,0.1712342359334324,0.31060647363360716,0.6028917589498186,0.9144095429236814,1.105671139241065,0.7964992716259313,1.5,2.0,0.5,fb3dd70a023db120
968,0,3,0.1604155279085281,0.29895457768118316,0.5896535268975488,0.9100060851998559,1.1517335227593368,1.0223064989219057,1.5,2.5,0.5,90cd17385385840e
968,1,2,0.1674359784786703,0.306540919349769,0.5983208022198921,0.9129063466873176,1.0417964644252686,1.00487192797999,2.0,3.0,1.0,90cd17385385840e
968,2,4,0.1632153457244159,0.30199154681761753,0.5931450186984454,0.9111823846486702,0.9657984203104548,0.8384291966387842,2.0,3.0,1.0,90cd17385385840e
968,3,1,0.17066070551326523,0.3099942743429239,0.6022067023834762,0.9141853966239101,0.8933383830967353,1.188323664929407,3.0,4.0,1.5,90cd17385385840e
968,4,0,0.14520159705490385,0.28216513830909573,0.5698078545027444,0.9031078272192002,1.0029253054035845,1.0084969637213437,2.0,3.0,1.0,90cd17385385840e
968,5,5,0.14783341448219756,0.2851060472180206,0.5733521877504502,0.9043669961458677,0.8848791558018912,0.6096336783756264,2.0,3.0,1.0,90cd17385385840e
969,0,2,0.1804397436392666,0.320353512808613,0.6136465812498845,0.9178767977193807,0.7900546359380666,1.1232854527264036,2.0,3.0,1.0,0f9df506aee68f7a
969,1,0,0.1722189395968811,0.31165618536452827,0.604063735069801,0.9147920811511598,0.951136962340547,1.0773368451344114,1.5,2.5,1.0,0f9df506aee68f7a
969,2,4,0.15361725777333868,0.2915141691166894,0.58097395458469,0.907034229087637,1.078836396237981,1.0218652686946468,2.5,3.5,1.0,0f9df506aee68f7a
969,3,3,0.16214188577756494,0.30082899214823156,0.5918119382060703,0.910734543564947,0.9979234314310896,1.0702709787269227,1.5,2.5,1.0,0f9df506aee68f7a
969,4,1,0.15338352890366722,0.2912566363865891,0.5806702886634607,0.9069290033936414,1.167382345960313,0.8590786375750881,1.5,2.5,0.5,0f9df506aee68f7a
969,5,5,0.15690310578691313,0.2951223651827105,0.5852055711341413,0.908491703292946,0.8985498893399257,1.05524235837714,2.0,3.0,1.0,0f9df506aee68f7a
970,0,4,0.17532680668155887,0.3149579269806704,0.6077282783312274,0.9159807241007716,0.9460442225019154,0.8338960707672529,1.5,2.5,0.5,02be9213a909a188
970,1,5,0.095183845170282,0.2224799137746301,0.49088641961641505,0.8715482197092879,0.9444881686508664,1.0743458126575476,2.0,3.0,1.0,02be9213a909a188
970,2,3,0.1699221535110776,0.30920504746786637,0.601321857694956,0.9138952882704532,0.8067965604005367,0.9247751686059462,2.0,3.0,1.0,02be9213a909a188
970,3,0,0.1288742659394664,0.2635365340242883,0.546650590862982,0.894572519380532,1.0764045103508901,1.0382792439421895,1.5,2.5,1.0,02be9213a909a188
970,4,2,0.12733573386097394,0.26174426297788056,0.5443560730345565,0.8936964889545954,0.9554439149939367,0.9343810691715975,1.5,2.5,1.0,02be9213a909a188
970,5,1,0.10898736789869713,0.2398000592800962,0.5152548409669693,0.8820735457540021,1.1120447643083473,0.8309998365225202,2.0,3.0,1.0,02be9213a909a188
971,0,5,0.14944010360005805,0.2868936228117303,0.5754921733110698,0.9051214219584809,1.1810976195997527,1.1873266078682885,2.5,3.5,1.0,3ee87a504325239b
971,1,2,0.13676642772205067,0.2726271072766728,0.5581062738356622,0.898863123244797,1.0698851109668608,1.1605741250065775,2.5,3.5,1.5,3ee87a504325239b
971,2,3,0.123701733483213,0.2574834428820837,0.5388526528701046,0.8915720653371669,0.9091321557414047,0.9425340852888344,2.0,3.0,1.0,3ee87a504325239b
971,3,4,0.20945628174354075,0.35020549054141326,0.6448959683007879,0.92742922487662,1.0308341735920763,1.267513490339174,2.5,3.5,1.5,3ee87a504325239b
971,4,1,0.1744786764215453,0.31405857448756525,0.6067333611760843,0.9156591250156134,0.8446880417865542,0.9341851968224584,1.5,2.5,1.0,3ee87a504325239b
971,5,0,0.15155220859592233,0.2892347112842919,0.5782785245444287,0.9060972112672572,0.9143709278509053,1.040455862592123,2.0,3.0,1.0,3ee87a504325239b
972,0,2,0.14884480074525708,0.2862319801883176,0.5747013509889248,0.9048431352508703,0.906165908972351,0.9200496229200703,2.5,3.5,1.0,831f49c04aca22ac
972,1,0,0.11251307982971015,0.2441044399040198,0.5211142468792624,0.8844929742185198,1.0299657779192297,0.8612942370447079,2.5,3.5,1.0,831f49c04aca22ac
972,2,5,0.16668746544533253,0.30573657681431876,0.5974104175622454,0.9126048086812697,0.8971658618579609,1.1157044206583089,2.5,3.5,1.0,831f49c04aca22ac
972,3,1,0.10931007237689001,0.24019591727032105,0.5157968894860548,0.8822991114460305,0.9296044696977669,0.59092748015352,2.0,3.0,1.0,831f49c04aca22ac
972,4,3,0.16633133576912681,0.30535351410779693,0.5969761452158668,0.9124607151853501,1.0478958276849268,0.8378686543951459,2.0,3.0,1.0,831f49c04aca22ac
972,5,4,0.08610086634605112,0.2106151644897584,0.47342330806438476,0.8635117430729312,0.9152581004411056,0.6816806745667854,2.0,3.0,1.0,831f49c04aca22ac
973,0,0,0.1666683166176041,0.30571598590668225,0.5973870855917256,0.9125970711990393,0.811429316986571,1.0176726375551137,2.5,3.5,1.0,a0f6fe050ce237ed
973,1,3,0.13690466226412945,0.27278485152260024,0.5583024126318618,0.898935402586355,0.9182622354098721,0.6749193801931131,1.5,2.5,0.5,a0f6fe050ce237ed
973,2,1,0.17464038891924716,0.3142301504032531,0.6069233562747766,0.9157206034116725,0.9517831832738938,0.6992300287619488,2.5,3.5,1.5,a0f6fe050ce237ed
973,3,4,0.1764972025384603,0.3161969573274331,0.6090949967437648,0.9164211583197801,0.9745019933602728,0.9697783676544054,2.0,3.0,1.0,a0f6fe050ce237ed
973,4,5,0.13972490278425675,0.2759924606175101,0.5622715160145011,0.9003896920763143,0.9172613267151267,0.8351256686932467,1.5,2.5,1.0,a0f6fe050ce237ed
973,5,2,0.08178656447157749,0.20482807988217577,0.46466573362061697,0.8593138761082378,0.9665816649228511,1.2822051456078198,1.5,2.5,0.5,a0f6fe050ce237ed
974,0,4,0.15935575145444345,0.2978009590538904,0.5883195325708469,0.9095537800448396,0.881687199297105,0.8684749009943555,2.0,3.0,1.0,e7576d9a07fdf922
974,1,0,0.16524388685680763,0.3041823365013751,0.5956455572699492,0.9120181966941305,0.8242300536486948,1.0426091879039088,2.0,3.5,1.0,e7576d9a07fdf922
974,2,3,0.14206144215881789,0.2786348372544447,0.5655138989783466,0.9015659918714178,0.9193560649186733,1.0387983289796403,2.5,3.5,1.0,e7576d9a07fdf922
974,3,5,0.12887559671964102,0.2635380813476441,0.546652566608199,0.8945732712738752,0.9576924164626794,1.1597952208462883,2.0,3.0,1.0,e7576d9a07fdf922
974,4,1,0.16374459638342095,0.3025638956276759,0.5937997493096745,0.9114017620923166,1.0348175325889946,1.3129737836745379,2.0,3.0,1.0,e7576d9a07fdf922
974,5,2,0.12455923551201165,0.25849239883753206,0.540162082302303,0.8920805332325392,1.0430900821477143,0.7000564064197858,2.0,3.0,1.0,e7576d9a07fdf922
975,0,2,0.15292086146450362,0.2907465017859999,0.5800681231036424,0.90672008875122,0.9987687339819786,1.1677198231588561,1.5,3.0,1.0,3a69c1523fbe088d
975,1,4,0.1319952656086987,0.26715170854230336,0.5512425273539548,0.8963088467661465,0.8823747471705494,1.2950704136537077,2.0,3.0,1.0,3a69c1523fbe088d
975,2,0,0.14847567983731938,0.28582132295278323,0.5742097730869999,0.9046698514320253,0.7475437674758596,1.0812066795809323,2.5,3.5,1.0,3a69c1523fbe088d
975,3,1,0.1578163001203437,0.2961211304154206,0.586369387581087,0.9088896747525211,1.2001873214342653,0.7686232318541231,1.5,2.5,0.5,3a69c1523fbe088d
975,4,5,0.14023407652322367,0.2765694325703185,0.5629815946397067,0.9006481958579985,0.7375452615287332,1.1272910256509032,1.5,3.0,1.0,3a69c1523fbe088d
975,5,3,0.12326196447905333,0.2569651365185708,0.538178478504858,0.891309537154165,0.9923411375992247,0.9361990730292105,2.0,3.0,1.0,3a69c1523fbe088d
976,0,1,0.12977881162352228,0.2645871089118425,0.5479899986309669,0.8950812916537421,0.7221007869509124,0.8206505411506513,1.5,2.5,1.0,c2544f0cedfde7b4
976,1,4,0.1544537780896904,0.29243492401451854,0.5820578585547908,0.9074091242605055,0.8830759564782095,1.0169417137501506,2.0,3.0,1.0,c2544f0cedfde7b4
976,2,5,0.14107333040815806,0.27751903105661085,0.5641477138462067,0.9010716295993795,0.8387490273659183,1.1239156522461384,1.5,2.5,1.0,c2544f0cedfde7b4
976,3,3,0.11594393249513876,0.2482508724577182,0.526687476497309,0.886756235427048,0.9723578350302324,0.9645164598701228,1.5,2.0,0.5,c2544f0cedfde7b4
976,4,2,0.20617321481355758,0.34688800751234466,0.6415430359988213,0.926439710039846,0.9927936713054695,1.150876525911401,3.0,4.0,1.5,c2544f0cedfde7b4
976,5,0,0.17079351365455148,0.3101360897423365,0.6023654970605398,0.9142373888687256,0.8645957793896709,1.1086889385522443,1.5,2.0,0.5,c2544f0cedfde7b4
977,0,4,0.11042420602761822,0.24155966743128526,0.5176593213041515,0.8830714084216131,1.136767111399434,0.8882383249051129,1.5,2.0,0.5,62d00c72cf12cafa
977,1,3,0.1184109646563043,0.25120786899975367,0.5306200449623389,0.8883314291425419,0.8624918042849139,1.2069764065833228,2.5,3.5,1.5,62d00c72cf12cafa
977,2,0,0.12700544538559558,0.2613586121554217,0.5438607780368208,0.893506645332339,1.037620706004544,1.0540205782587124,2.5,3.5,1.5,62d00c72cf12cafa
977,3,1,0.16874562649197625,0.3079457326054025,0.5999060097274433,0.913429688215241,1.0955478835622556,1.2022434750465363,2.5,3.5,1.0,62d00c72cf12cafa
977,4,5,0.2140144646500464,0.35478824136718673,0.6494805821676424,0.9287690573178808,0.9187490922332232,1.2175980853035457,2.5,3.5,1.5,62d00c72cf12cafa
977,5,2,0.17234600458066948,0.3117915122396942,0.6042145800400297,0.9148412330205062,1.1536811912830938,0.7781517394053976,2.0,3.0,1.0,62d00c72cf12cafa
978,0,1,0.1832418166935047,0.3232919588287792,0.6168336582846975,0.9188859744690061,1.224530842839647,0.8789338479718365,1.5,2.5,0.5,5609636fbf38faba
978,1,5,0.09334696181604543,0.22011302425016968,0.48745424662464876,0.8700026758086634,0.8390028089579837,1.0032488561743822,1.5,2.5,1.0,5609636fbf38faba
978,2,0,0.17318195933246358,0.3126811040986871,0.6052047991268429,0.9151634119632011,0.9500380018281409,0.8883250418887372,2.0,3.0,1.0,5609636fbf38faba
978,3,2,0.150478731078246,0.2880460909431872,0.5768661310100581,0.9056035016974778,1.0883995310736319,0.793212817360728,2.0,3.0,1.0,5609636fbf38faba
978,4,4,0.1284143032463727,0.2630014243665245,0.5459667850983733,0.8943120381790813,1.0974430505161514,0.6000934862172439,2.0,3.0,1.0,5609636fbf38faba
978,5,3,0.14525874615089135,0.2822291705463658,0.5698853403155202,0.9031354847772157,1.1323756149950344,0.8586634783156094,2.0,3.0,1.0,5609636fbf38faba
979,0,4,0.13941257171455546,0.27563822105969127,0.5618349719307371,0.9002305179245704,1.2380838469154143,1.074432787586446,2.0,3.0,1.0,c984764257da760b
979,1,2,0.13984490772877023,0.2761285028768486,0.5624390487894804,0.9004507277503554,1.0194593410397725,1.0517755033245435,2.0,3.0,1.0,c984764257da760b
979,2,3,0.10769421124809496,0.23820986295651847,0.5130708341848542,0.8811610524043809,0.9398282356806089,1.2757234011563803,1.5,2.5,1.0,c984764257da760b
979,3,0,0.19973632420998927,0.34034145469227445,0.6348409175357924,0.9244369408977773,0.9615244018919797,0.7787129814100341,2.0,3.0,1.0,c984764257da760b
979,4,1,0.1661895840463224,0.3052009754225214,0.5968030870677303,0.9124032479829641,1.0124882022769701,0.8721570511117418,1.5,2.5,1.0,c984764257da760b
979,5,5,0.15058380371613472,0.2881625463608784,0.577004719588437,0.9056520291545447,1.0696075577295123,0.9707066220417879,2.0,3.0,1.0,c984764257da760b
980,0,2,0.13695245824977226,0.2728393816969865,0.5583701945988843,0.8989603718946,0.7837741462765832,1.2913670283135703,2.0,3.0,1.0,8934d8b5fc614ccc
980,1,5,0.1499887869185214,0.28750274572610407,0.5762189179467164,0.9053766368850472,1.1418763139606294,1.1002210156228012,2.0,3.0,1.0,8934d8b5fc614ccc
980,2,3,0.17846295759508324,0.3182727015224813,0.6113744038300511,0.9171522657605784,0.7746397634857903,0.8675210048426081,3.0,4.0,1.5,8934d8b5fc614ccc
980,3,4,0.21326187102058092,0.3540334179345995,0.6487291766930425,0.9285504961208078,0.9173660757691622,0.956764383742406,2.5,3.5,1.5,8934d8b5fc614ccc
980,4,0,0.10163376681374192,0.23067101348799132,0.5025720070314703,0.8766913130082109,1.1543225500475782,0.611160708089027,2.0,3.0,1.0,8934d8b5fc614ccc
980,5,1,0.18000086435876764,0.3198921021706591,0.6131438358162205,0.917716850906552,1.035245893530987,1.2151808988968185,2.0,3.0,1.0,8934d8b5fc614ccc
981,0,5,0.119014940384188,0.25192875408666926,0.5315735322745593,0.8887106728507997,1.0203562980409577,1.099579412191817,1.5,2.5,0.5,766e9f140f4dfd6e
981,1,3,0.1001936403763498,0.22885770906336253,0.5000104596693339,0.875579370653448,0.9851140345903202,0.8817820466170134,2.0,3.0,1.0,766e9f140f4dfd6e
981,2,2,0.12801216102962995,0.26253308595428465,0.5453674276482297,0.8940833137250442,1.1065988958689872,1.0063127773528866,2.0,3.0,1.0,766e9f140f4dfd6e
981,3,4,0.12526822513520358,0.25932494339937606,0.5412396435598491,0.8924975508599706,1.048901822841682,1.1400404873412882,1.5,2.0,0.5,766e9f140f4dfd6e
981,4,0,0.14227166344971312,0.27887191798555727,0.5658036186058665,0.9016705913173074,1.0554317469284191,0.5827833255732736,2.0,3.0,1.0,766e9f140f4dfd6e
981,5,1,0.17666503644236428,0.31637443970108003,0.6092903939592828,0.9164839994584142,1.1896570199659628,0.864643599603915,2.0,3.0,1.0,766e9f140f4dfd6e
982,0,0,0.1750192950744631,0.31463198838970663,0.6073679863783861,0.9158643581944783,1.0079019258977475,0.9738842157434255,2.5,3.5,1.5,4959cc0714c183ca
982,1,3,0.1422251987012187,0.2788195258055451,0.5657396106932899,0.9016474892373619,0.9542136502643626,1.189760222368173,2.5,3.5,1.5,4959cc0714c183ca
982,2,4,0.12131396493353086,0.25466210160879643,0.5351703717804327,0.8901320047548873,1.0807402968313502,1.0268098965346741,2.0,3.0,1.0,4959cc0714c183ca
982,3,2,0.09226774903965282,0.21871499265576405,0.48541508021741236,0.8690767007601665,1.031643042866183,1.2870125189855184,1.5,2.5,0.5,4959cc0714c183ca
982,4,1,0.19575208479358674,0.3362602997532477,0.6306042218018288,0.9231535121813472,1.0373872492343792,0.9374374995021577,2.0,3.0,1.0,4959cc0714c183ca
982,5,5,0.18497811644722448,0.32510636520887587,0.6187890678695682,0.9195010889590538,1.1126576095657716,1.3096046723559194,1.5,2.5,0.5,4959cc0714c183ca
983,0,3,0.17978402140307548,0.319664008506966,0.6128950776672834,0.9176376329232534,0.8353676835869378,0.8177892800647546,2.0,3.0,1.0,cbfebe1c06780d46
983,1,2,0.15094421881163933,0.28856182018258825,0.5774795332997198,0.9058181502230367,0.8542228103332354,0.7126079026785682,2.0,3.0,1.0,cbfebe1c06780d46
983,2,0,0.15505587703083112,0.29309672879420007,0.5828352047535376,0.9076773202102684,0.8975955691136209,0.7426656487498868,3.0,4.0,1.5,cbfebe1c06780d46
983,3,4,0.17307869271345527,0.31257127887023073,0.6050826806583997,0.9151237240951646,0.863144919355736,1.0041336473637827,2.0,3.0,1.0,cbfebe1c06780d46
983,4,1,0.150654456993782,0.2882408399093638,0.5770978678210356,0.9056846352797415,1.090969661361998,0.5982121371213067,2.5,3.5,1.5,cbfebe1c06780d46
983,5,5,0.17706121854536147,0.3167932059410171,0.6097510578407935,0.9166320268978888,1.1754798355339446,1.0272134693833943,2.0,3.0,1.0,cbfebe1c06780d46
984,0,4,0.13820312094086473,0.2742641693050467,0.5601374678536822,0.8996097484381362,0.9951442355842486,1.2943220959431072,2.5,3.5,1.0,42868cdf2c06adef
984,1,3,0.11086433238081453,0.24209715481601346,0.5183912499124441,0.8833737670640142,1.1542158918533034,0.9162733205912326,2.0,3.0,1.0,42868cdf2c06adef
984,2,2,0.12079903094098063,0.2540513443818663,0.5343691935726056,0.8898166744922477,0.9182929027609653,1.1438779465095097,1.5,2.5,1.0,42868cdf2c06adef
984,3,1,0.10564324181433327,0.23567476520313396,0.5095672418195125,0.8796848965457366,0.9941463928236578,1.040425884778705,2.0,3.0,1.0,42868cdf2c06adef
984,4,5,0.18207730816707987,0.32207233654680595,0.6155138957255782,0.9184690752491923,1.1031056666593881,0.6180981193853549,2.0,3.0,1.0,42868cdf2c06adef
984,5,0,0.17765557001879362,0.3174209348936379,0.6104406138888681,0.9168532770110128,1.149523432734533,0.6599462609086476,2.0,3.0,1.0,42868cdf2c06adef
985,0,5,0.15175093876865975,0.28945447910265965,0.5785391495505496,0.9061881092953199,0.9860416977768177,0.7432062345617408,2.0,3.0,1.0,ab2adce9fd521605
985,1,4,0.13294541377227503,0.2682469594899645,0.5526242037727881,0.8968269485699849,0.861793970584371,0.5990281841982451,2.5,3.5,1.0,ab2adce9fd521605
985,2,0,0.17351693792482256,0.3130372276393705,0.6056005341835314,0.9152919374450347,0.9671359825940716,1.1968250252477088,3.0,4.0,1.5,ab2adce9fd521605
985,3,3,0.16395709026692806,0.30279354037340406,0.5940621576030539,0.911489579835906,0.8632458540799843,1.481325501715874,2.5,3.5,1.5,ab2adce9fd521605
985,4,2,0.1058146456996511,0.23588724982565956,0.5098619396271586,0.8798096503248503,0.7620564060176541,0.6901430574028087,2.5,3.5,1.0,ab2adce9fd521605
985,5,1,0.18137042565671366,0.32133091871991143,0.6147094852540194,0.9182142786878462,1.1208526878464282,0.5861424333817247,2.5,3.5,1.5,ab2adce9fd521605
986,0,2,0.13351793327990746,0.2689057302327094,0.5534531436902673,0.8971368293722418,1.1670630676355986,0.8416104378176239,1.5,2.5,1.0,6e7207786aed43a2
986,1,4,0.1208671692445201,0.25413221029431554,0.5344753548735864,0.8898584992727794,0.9291253557600179,0.7650317401827904,2.0,3.0,1.0,6e7207786aed43a2
986,2,0,0.15935032797974286,0.297795049503699,0.5883126880161793,0.9095514551976422,0.8933672989976605,1.0601761618328966,2.5,3.5,1.5,6e7207786aed43a2
986,3,3,0.16881616974598823,0.3080213115392203,0.5999911209239258,0.9134577255856483,0.8462217796494443,0.9282829101414345,2.5,3.5,1.0,6e7207786aed43a2
986,4,1,0.16605379645964885,0.30505481903978543,0.5966372016452275,0.9123481381253034,0.9755969249115436,1.1925897527006084,2.0,3.0,1.0,6e7207786aed43a2
986,5,5,0.16142655283844515,0.3000530289123766,0.590919766317022,0.9104339417564163,1.0431589125577359,0.6245533183545027,2.0,3.0,1.0,6e7207786aed43a2
987,0,4,0.14085704480891542,0.27727447490994694,0.5638476985345715,0.9009628193003525,0.7797109871484247,1.029272265857042,2.0,3.5,1.0,f2b15bd7db310567
987,1,3,0.17786680466241425,0.3176438870972556,0.6106852437122959,0.9169316741863813,1.0530971733479095,1.0212659262205412,2.0,3.0,1.0,f2b15bd7db310567
987,2,2,0.13020276689016985,0.2650787135504007,0.5486153525567187,0.8953181781023452,1.0843988237238924,0.7315617076977486,3.0,4.0,1.5,f2b15bd7db310567
987,3,0,0.08906893876906369,0.2145377540437801,0.47926880112326037,0.8662502827366984,1.1359547972483264,0.9731017987738138,1.5,2.5,0.5,f2b15bd7db310567
987,4,5,0.1455763729661479,0.282584913172979,0.5703155702303884,0.9032889438377045,0.9891977837879242,1.1501358673443418,1.5,2.0,0.5,f2b15bd7db310567
987,5,1,0.202230010390722,0.3428843821099482,0.6374578992126145,0.9252229417051274,1.23580817404776,1.1110654040082395,2.5,3.5,1.5,f2b15bd7db310567
988,0,0,0.0992743285047367,0.22769559222316116,0.4983612879893453,0.8748589418325411,1.068452840873226,1.062335454080604,2.0,3.0,1.0,6fc215f8fd07c30a
988,1,5,0.15270543409856346,0.29050881478174173,0.5797872616441666,0.9066225315644628,1.185674042141367,0.9740973578886934,2.0,3.0,1.0,6fc215f8fd07c30a
988,2,3,0.13165103973032322,0.26675430541457373,0.5507401105408719,0.8961199547437598,0.8743466189340472,1.2534326186490785,1.5,2.5,1.0,6fc215f8fd07c30a
988,3,2,0.11840555302211761,0.25120140450453965,0.5306114853820787,0.8883280199180308,0.8351911619706518,1.09893955927109,1.5,2.5,1.0,6fc215f8fd07c30a
988,4,4,0.14646594958469672,0.2835799857970348,0.5715166925375084,0.9037164250164825,1.0048791948893157,1.4223033323133798,2.0,3.0,1.0,6fc215f8fd07c30a
988,5,1,0.16048866718654997,0.2990341100393752,0.5897453373638178,0.9100371557712993,1.0206085040294421,0.8551947159475519,1.5,2.5,0.5,6fc215f8fd07c30a
989,0,0,0.13312346959391164,0.26845193455922567,0.5528822961252403,0.8969235073233417,0.8944803739160876,0.9089151853276183,1.5,2.5,0.5,0560b2ffb4eec27e
989,1,1,0.1363703886532315,0.27217489931484873,0.5575435055455282,0.8986555192025469,0.9437334749695759,0.5607062380711849,2.0,3.0,1.0,0560b2ffb4eec27e
989,2,4,0.12215419150135151,0.25565690449154505,0.536472241007784,0.8906428638114766,0.8281049430119518,1.0234065000981296,1.5,2.5,1.0,0560b2ffb4eec27e
989,3,5,0.20482128622876472,0.34551773860546686,0.640149666364303,0.9260260777391606,0.7802757652023851,1.3109363730679233,3.0,4.0,1.5,0560b2ffb4eec27e
989,4,3,0.18918294590501197,0.32948057843912787,0.6234643928038539,0.9209594508676119,1.117869823953331,1.0017884171744527,1.5,2.0,0.5,0560b2ffb4eec27e
989,5,2,0.13273552207480532,0.2680052252426624,0.5523196294072102,0.8967129104409267,1.197885462927369,0.8321520694197813,2.0,3.0,1.0,0560b2ffb4eec27e
990,0,2,0.11940594554141193,0.2523948162251643,0.532188890005278,0.8889548773519594,1.0240799450506333,1.03123259304478,2.0,3.0,1.0,54f1661d111057c3
990,1,4,0.09221448881607,0.21864585365604722,0.485314003243084,0.8690306513161355,0.8096705464046063,0.6607385943840374,1.5,2.5,1.0,54f1661d111057c3
990,2,3,0.17217174111176164,0.3116059106333483,0.6040076810968904,0.9147738114124204,1.155960176224584,1.3242339966345253,2.0,3.0,1.0,54f1661d111057c3
990,3,1,0.20390220663477454,0.3445847819599812,0.6391981310850927,0.9257427843299069,0.9359102244292429,1.1628895660468601,1.5,2.0,0.5,54f1661d111057c3
990,4,5,0.17667739072999106,0.3163875023029156,0.6093047713721704,0.9164886220853227,1.0658495031572242,1.354655500007223,2.0,3.0,1.0,54f1661d111057c3
990,5,0,0.12470603794478571,0.25866490783768015,0.5403855769701241,0.8921671305914426,0.8206480349404726,0.8953901667540249,2.0,3.0,1.0,54f1661d111057c3
991,0,5,0.08946784783400408,0.21506146962396655,0.4800438017163287,0.8666096379561119,1.1913559574792678,1.194463140980356,2.5,3.5,1.5,6a5885aa608adc5b
991,1,1,0.16438445228141563,0.303255131271531,0.5945891012340424,0.9116657440598958,1.0990722119676515,1.072586792339096,2.0,3.0,1.0,6a5885aa608adc5b
991,2,4,0.1601697458338388,0.29868723325993946,0.5893447616303755,0.9099015371704794,1.0660556489032311,0.791528516429089,1.5,3.0,1.0,6a5885aa608adc5b
991,3,3,0.09049978097727614,0.21641253547085615,0.4820372538778351,0.8675300184741059,1.2392789403590345,1.1984830677712042,2.0,3.0,1.0,6a5885aa608adc5b
991,4,0,0.16075983506707758,0.2993288871583446,0.5900854452342613,0.9101521895668095,0.9254874705934348,1.011502905839357,2.5,3.5,1.0,6a5885aa608adc5b
991,5,2,0.18951606153578693,0.3298259382764083,0.6238312092613922,0.9210731402034669,1.0047733356280526,1.1056757273839843,2.0,3.5,1.0,6a5885aa608adc5b
992,0,1,0.20341883217254983,0.34409364819662724,0.638696285874986,0.9255931037747018,1.2688894459962674,0.9615705745493994,2.5,3.5,1.0,7f7a7e0e10834ea3
992,1,5,0.148981652256733,0.28638415296919406,0.5748833649302482,0.9049072377697331,1.1090742515127197,1.049430769800341,2.5,3.5,1.5,7f7a7e0e10834ea3
992,2,2,0.1511197452320474,0.28875616724033387,0.5777104564706667,0.9058988656345182,0.9768565451777187,0.7467880196794634,1.5,2.5,1.0,7f7a7e0e10834ea3
992,3,0,0.15268661826737914,0.2904880499742887,0.5797627161302493,0.9066140021906031,1.058627827151693,1.0073434390617435,2.5,3.5,1.5,7f7a7e0e10834ea3
992,4,4,0.13960379116003374,0.27585512727394373,0.5621023270486964,0.900328024497761,1.0121163606531982,0.7193589048799517,2.0,3.5,1.0,7f7a7e0e10834ea3
992,5,3,0.12247713728691936,0.2560386795649955,0.5369708444583254,0.890838016571209,1.100092425907349,0.5780414533474685,2.0,3.0,1.0,7f7a7e0e10834ea3
993,0,3,0.1333532582562354,0.2687163371217567,0.5532149897878851,0.897047873984949,1.0016246301779876,0.9765222604829576,1.5,2.5,0.5,b39e98eef3fb8651
993,1,1,0.1914685832930923,0.3318468238251378,0.6259709115505999,0.9217342094722609,1.0064144949605254,0.7752210386531475,2.0,3.0,1.0,b39e98eef3fb8651
993,2,5,0.12865468503039115,0.2632811540904131,0.5463243792447451,0.8944483184441855,0.909979521611831,1.188862004604295,2.0,3.0,1.0,b39e98eef3fb8651
993,3,2,0.11647827824438776,0.24889305560507383,0.5275444754025835,0.8871010301210194,1.011886075434897,1.1242020793643044,2.0,3.0,1.0,b39e98eef3fb8651
993,4,4,0.15775613993129328,0.29605538589515384,0.5862928779763784,0.9088635498336864,1.069290822917957,0.8382924481005182,2.0,3.0,1.0,b39e98eef3fb8651
993,5,0,0.10555292585986986,0.23556275697305074,0.509411819424874,0.8796190580519321,0.9570428567537299,1.1339993511316093,1.5,2.5,0.5,b39e98eef3fb8651
994,0,4,0.1446877633202711,0.2815890719635956,0.5691101188009228,0.9028585167273598,1.1543796439561678,1.2925118785238736,2.0,3.0,1.0,6c0dfcb48d5bd8c9
994,1,1,0.0798245320906706,0.2021608399546855,0.4605747365317464,0.8573126575800997,0.9967943915270352,1.4554844773818019,2.0,3.0,1.0,6c0dfcb48d5bd8c9
994,2,2,0.10085971036938635,0.22969745764330873,0.5011984946971485,0.8760961471253458,1.1493120088839202,0.5755451427840688,2.5,3.5,1.5,6c0dfcb48d5bd8c9
994,3,3,0.09320532735930842,0.21992986533660358,0.48718759695759156,0.869881920314234,0.9774437619760101,1.0522944368384295,2.5,3.5,1.5,6c0dfcb48d5bd8c9
994,4,5,0.15804509871154476,0.296371099099177,0.586660158583087,0.908988912753582,0.9426634156426192,0.8953831251953113,2.0,3.0,1.0,6c0dfcb48d5bd8c9
994,5,0,0.177441098988405,0.3171944891116929,0.6101919997521426,0.9167735523188234,1.1161383117149564,0.782433210777117,1.5,2.5,1.0,6c0dfcb48d5bd8c9
995,0,1,0.14945594438285215,0.2869112179771888,0.575513183622227,0.9051288072911086,1.119798883927837,0.6845602070467657,2.5,3.5,1.0,54c35dfcc14e8e02
995,1,0,0.15248026806994477,0.29026027522476955,0.5794933758440618,0.9065203716368008,0.9544431727916024,1.0555837207857772,2.0,3.0,1.0,54c35dfcc14e8e02
995,2,5,0.15574695991008125,0.29385539571499847,0.5837245555568742,0.9079834769574808,1.1074204409027057,0.8997169971227383,1.5,3.0,1.0,54c35dfcc14e8e02
995,3,2,0.14190462147328806,0.27845790991982383,0.5652975607789379,0.9014878317456481,1.2222112115986181,1.0167774844478734,2.5,3.5,1.0,54c35dfcc14e8e02
995,4,4,0.136902678598265,0.27278258824172646,0.5582995991039131,0.8989343660466927,1.1098936917864137,0.9343790109121335,2.0,3.0,1.0,54c35dfcc14e8e02
995,5,3,0.17529494640945364,0.31492416518790606,0.6076909729008731,0.9159686803481587,0.8372659609076147,1.0670473654944912,1.5,3.0,1.0,54c35dfcc14e8e02
996,0,4,0.09593184904471794,0.2234392724873023,0.4922703947848084,0.8721668762582911,0.9521934933974822,1.0771228261326324,1.5,2.5,0.5,79dd3986baaf2776
996,1,2,0.1811044381338417,0.32105172354920253,0.6144061529207067,0.9181180619005422,0.8669937790384054,1.194706588326555,2.0,3.0,1.0,79dd3986baaf2776
996,2,1,0.16589358751243072,0.30488233149884386,0.5964413449111956,0.9122830404210247,0.9224454162582453,0.9107571469870959,2.5,3.5,1.0,79dd3986baaf2776
996,3,0,0.1444010624340522,0.2812673763383446,0.5687199813470413,0.902718908782838,0.9313104653367166,0.9423456780289436,2.0,3.0,1.0,79dd3986baaf2776
996,4,3,0.207896405214194,0.3486310356103085,0.6433082885706026,0.9269616924918037,0.9857378916499071,1.062682376478624,2.5,3.5,1.0,79dd3986baaf2776
996,5,5,0.13410604770317633,0.26958152784124173,0.5543018677593218,0.8974533667047367,0.9309017283383851,0.7541435096903119,1.5,2.5,1.0,79dd3986baaf2776
997,0,0,0.1598363975506537,0.29832444644373735,0.5889254001268011,0.9097594041965705,1.0948087959439887,1.2799161085626531,2.5,3.5,1.0,ef3af82069a9ce5e
997,1,5,0.14387243420097828,0.2806737119706001,0.5679990749944157,0.9024605468381616,1.2709195812186636,0.8650348986491889,2.0,3.0,1.0,ef3af82069a9ce5e
997,2,1,0.10765775816629608,0.23816494547065253,0.5130089908330696,0.881135128311588,0.9313697906070145,1.0532549060652476,1.5,2.5,0.5,ef3af82069a9ce5e
997,3,3,0.1293747030643006,0.2641180472959353,0.5473924854986757,0.8948545632284626,0.9236329313350149,0.8463247149948533,2.0,3.0,1.0,ef3af82069a9ce5e
997,4,4,0.1631085170900542,0.30187595271576945,0.5930126607346721,0.9111379900905352,0.9571675186634713,0.8790642349254586,1.5,2.5,0.5,ef3af82069a9ce5e
997,5,2,0.16361080855890953,0.30241926456461304,0.5936343982642984,0.9113463944202811,0.9533922181942853,0.8437943811888582,1.5,2.5,0.5,ef3af82069a9ce5e
998,0,2,0.12337717798024828,0.2571009826825429,0.5383552766046883,0.8913784322027994,1.1070189520539961,1.1642241580759745,1.5,2.5,1.0,f199739f284e5744
998,1,5,0.19732488052775154,0.3378740697446612,0.6322849355003719,0.9236642842637797,0.9374975010484456,1.2129827343597839,2.5,3.5,1.0,f199739f284e5744
998,2,4,0.19058729319275353,0.3309353943450279,0.6250073170859394,0.9214369460906162,0.8435360843214832,0.9455522648641419,2.5,3.5,1.0,f199739f284e5744
998,3,0,0.12589148561014896,0.2600555830736857,0.5421831421191224,0.8928616434788555,1.1136113059145032,0.7795040286508705,2.0,3.0,1.0,f199739f284e5744
998,4,1,0.18259144295371033,0.32261107628028873,0.6160974031735803,0.9186535727610716,0.8670599471308471,1.035557989072524,2.0,3.0,1.0,f199739f284e5744
998,5,3,0.15364520527887454,0.29154495504213973,0.581010240686852,0.9070467971487168,1.017864997258557,1.3153945998065615,1.5,3.0,1.0,f199739f284e5744
999,0,3,0.18259473875871565,0.3226145284226576,0.61610113945644,0.9186547532379784,1.2608370997441969,0.8077183013133067,2.5,3.5,1.0,88c8d4acfdc7c6f0
999,1,1,0.14837754249135804,0.2857120904598981,0.5740789201014741,0.9046236862479401,0.9152062475169517,0.9803728767289863,2.5,3.5,1.5,88c8d4acfdc7c6f0
999,2,4,0.1608198306162669,0.29939408636050674,0.5901606332157867,0.9101776062276983,1.119884315478209,0.845114039123444,2.5,3.5,1.0,88c8d4acfdc7c6f0
999,3,0,0.20226553811595993,0.3429205489821422,0.6374949938284249,0.9252340461188263,0.9522680530374561,0.6143122784511137,2.0,3.0,1.0,88c8d4acfdc7c6f0
999,4,2,0.15527422478046907,0.2933365386512078,0.5831165268707236,0.9077742432740264,0.8255445835049346,0.897416749922858,2.0,3.0,1.0,88c8d4acfdc7c6f0
999,5,5,0.15954178110417,0.2980036254330456,0.5885541966693848,0.9096334614121008,0.9896657209105721,1.09079406734937,2.5,3.5,1.0,88c8d4acfdc7c6f0
