experiment,strategy,topology,rho,loe_year,acceleration_years,rnd_cost_synergy,commercial_cost_synergy,cannibalization,n_runs,eNPV_usd_m,se_eNPV_usd_m,median_NPV_usd_m,sd_NPV_usd_m,P5_NPV_usd_m,P10_NPV_usd_m,CVaR5_NPV_usd_m,probability_NPV_negative,eDevCost_usd_m,ePI,delta_eNPV_usd_m,paired_se_delta_eNPV_usd_m,paired_95ci_low_delta_eNPV_usd_m,paired_95ci_high_delta_eNPV_usd_m,mean_launches,sd_launches,p_zero_launches,mean_pairwise_launch_correlation,effective_breadth_variance_ratio,mean_protected_runway_per_launch_years,mean_launches_before_loe,probability_at_least_one_launch_before_loe,low_capacity_breach_probability,base_capacity_breach_probability,high_capacity_breach_probability
E4_commercial_synergy,Parallel PIAP,same_asset,0.415,15.0,0.0,0.0,0.0,0.0,250000,84.54533716936272,2.4467014469603563,-559.4006505566923,1223.3507234801782,-1178.5694457769846,-884.1468803601001,-1596.5720446909634,0.5761,1100.4234782191143,0.07682981946749069,0.38485795274946233,2.6065934572858205,-4.724065223530745,5.493781129029671,0.90756,1.202861851546775,0.510932,0.17567247502487995,3.1942657363558955,9.0,0.90756,0.489068,0.75816,0.639492,0.094716
E4_commercial_synergy,Parallel PIAP,same_asset,0.415,15.0,0.0,0.0,0.01,0.0,250000,87.56189340835664,2.4543862870367863,-559.4006505566923,1227.193143518393,-1178.5694457769846,-884.1468803601001,-1596.5696547034665,0.5761,1100.4234782191143,0.07957108798702082,3.4014141917433736,2.6121604481102967,-1.7184202865528078,8.521248670039554,0.90756,1.202861851546775,0.510932,0.17567247502487995,3.1942657363558955,9.0,0.90756,0.489068,0.75816,0.639492,0.094716
E4_commercial_synergy,Parallel PIAP,same_asset,0.415,15.0,0.0,0.0,0.02,0.0,250000,90.57844964735055,2.462075424867685,-559.4006505566923,1231.0377124338424,-1178.5694457769846,-884.1468803601001,-1596.5672647159693,0.5761,1100.4234782191143,0.08231235650655097,6.417970430737287,2.6177422023731025,1.287195714086006,11.54874514738857,0.90756,1.202861851546775,0.510932,0.17567247502487995,3.1942657363558955,9.0,0.90756,0.489068,0.75816,0.639492,0.094716
E4_commercial_synergy,Parallel PIAP,same_asset,0.415,15.0,0.0,0.0,0.03,0.0,250000,93.59500588634447,2.469768820312422,-559.4006505566923,1234.884410156211,-1178.5694457769846,-884.1468803601001,-1596.5648747284722,0.5761,1100.4234782191143,0.0850536250260811,9.4345266697312,2.623338625836441,4.292782963091776,14.576270376370625,0.90756,1.202861851546775,0.510932,0.17567247502487995,3.1942657363558955,9.0,0.90756,0.489068,0.75816,0.639492,0.094716
E4_commercial_synergy,Parallel PIAP,same_asset,0.415,15.0,0.0,0.0,0.04,0.0,250000,96.61156212533841,2.477466433706881,-559.4006505566923,1238.7332168534404,-1178.5694457769846,-884.1468803601001,-1596.5624847409754,0.5761,1100.4234782191143,0.08779489354561126,12.451082908725141,2.6289496248183464,7.298341644081182,17.603824173369098,0.90756,1.202861851546775,0.510932,0.17567247502487995,3.1942657363558955,9.0,0.90756,0.489068,0.75816,0.639492,0.094716
E4_commercial_synergy,Parallel PIAP,same_asset,0.415,15.0,0.0,0.0,0.05,0.0,250000,99.62811836433237,2.485168225856757,-559.4006505566923,1242.5841129283785,-1178.5694457769846,-884.1468803601001,-1596.560094753478,0.5761,1100.4234782191143,0.09053616206514144,15.467639147719092,2.634575106191979,10.303871939582812,20.631406355855372,0.90756,1.202861851546775,0.510932,0.17567247502487995,3.1942657363558955,9.0,0.90756,0.489068,0.75816,0.639492,0.094716
E4_commercial_synergy,Parallel PIAP,same_asset,0.415,15.0,0.0,0.0,0.06,0.0,250000,102.64467460332627,2.492874158030967,-559.4006505566923,1246.4370790154835,-1178.5694457769846,-884.1468803601001,-1596.8083643620653,0.5761,1100.4234782191143,0.09327743058467156,18.484195386712972,2.64021497738485,13.309374031038667,23.65901674238728,0.90756,1.202861851546775,0.510932,0.17567247502487995,3.1942657363558955,9.0,0.90756,0.489068,0.75816,0.639492,0.094716
E4_commercial_synergy,Parallel PIAP,same_asset,0.415,15.0,0.0,0.0,0.07,0.0,250000,105.66123084232017,2.5005841919551597,-559.4006505566923,1250.29209597758,-1178.5694457769846,-884.1468803601001,-1596.8083643620653,0.5761,1100.4234782191143,0.09601869910420169,21.50075162570689,2.64586914637798,16.31484809880605,26.68665515260773,0.90756,1.202861851546775,0.510932,0.17567247502487995,3.1942657363558955,9.0,0.90756,0.489068,0.75816,0.639492,0.094716
E4_commercial_synergy,Parallel PIAP,same_asset,0.415,15.0,0.0,0.0,0.08,0.0,250000,108.6777870813141,2.5082982898053268,-559.4006505566923,1254.1491449026635,-1178.5694457769846,-884.1468803601001,-1596.8083643620653,0.5761,1100.4234782191143,0.09875996762373183,24.517307864700822,2.6515375217049924,19.320294322159036,29.714321407242608,0.90756,1.202861851546775,0.510932,0.17567247502487995,3.1942657363558955,9.0,0.90756,0.489068,0.75816,0.639492,0.094716
E4_commercial_synergy,Parallel PIAP,same_asset,0.415,15.0,0.0,0.0,0.09,0.0,250000,111.694343320308,2.5160164142015193,-559.4006505566923,1258.0082071007596,-1178.5694457769846,-884.1468803601001,-1596.8083643620653,0.5761,1100.4234782191143,0.10150123614326195,27.53386410369473,2.657220012451136,22.325712879290503,32.74201532809896,0.90756,1.202861851546775,0.510932,0.17567247502487995,3.1942657363558955,9.0,0.90756,0.489068,0.75816,0.639492,0.094716
E4_commercial_synergy,Parallel PIAP,same_asset,0.415,15.0,0.0,0.0,0.1,0.0,250000,114.71089955930191,2.5237385282016565,-559.4006505566923,1261.8692641008283,-1178.5694457769846,-884.1468803601001,-1596.8083643620653,0.5761,1100.4234782191143,0.10424250466279208,30.550420342688668,2.662916528252253,25.33110394731425,35.76973673806308,0.90756,1.202861851546775,0.510932,0.17567247502487995,3.1942657363558955,9.0,0.90756,0.489068,0.75816,0.639492,0.094716
E4_commercial_synergy,Parallel PIAP,same_asset,0.415,15.0,0.0,0.0,0.11,0.0,250000,117.72745579829582,2.531464595295441,-559.4006505566923,1265.7322976477205,-1178.5694457769846,-884.1468803601001,-1596.8083643620653,0.5761,1100.4234782191143,0.10698377318232223,33.566976581682546,2.6686269792936788,28.336467702266937,38.797485461098155,0.90756,1.202861851546775,0.510932,0.17567247502487995,3.1942657363558955,9.0,0.90756,0.489068,0.75816,0.639492,0.094716
E4_commercial_synergy,Parallel PIAP,same_asset,0.415,15.0,0.0,0.0,0.12,0.0,250000,120.74401203728976,2.5391945793983597,-559.4006505566923,1269.5972896991798,-1178.5694457769846,-884.1468803601001,-1596.8083643620653,0.5761,1100.4234782191143,0.10972504170185239,36.5835328206765,2.674351276309084,31.341804319110697,41.825261322242305,0.90756,1.202861851546775,0.510932,0.17567247502487995,3.1942657363558955,9.0,0.90756,0.489068,0.75816,0.639492,0.094716
E4_commercial_synergy,Parallel PIAP,same_asset,0.415,15.0,0.0,0.0,0.13,0.0,250000,123.76056827628368,2.546928444845784,-559.4006505566923,1273.4642224228921,-1178.5694457769846,-884.1468803601001,-1596.8083643620653,0.5761,1100.4234782191143,0.11246631022138252,39.600089059670424,2.6800893305792632,34.34711397173507,44.85306414760578,0.90756,1.202861851546775,0.510932,0.17567247502487995,3.1942657363558955,9.0,0.90756,0.489068,0.75816,0.639492,0.094716
E4_commercial_synergy,Parallel PIAP,same_asset,0.415,15.0,0.0,0.0,0.14,0.0,250000,126.7771245152776,2.554666156387165,-559.4006505566923,1277.3330781935827,-1178.5694457769846,-884.1468803601001,-1596.8083643620653,0.5761,1100.4234782191143,0.11520757874091267,42.616645298664345,2.6858410539308597,37.35239683295986,47.88089376436883,0.90756,1.202861851546775,0.510932,0.17567247502487995,3.1942657363558955,9.0,0.90756,0.489068,0.75816,0.639492,0.094716
E4_commercial_synergy,Parallel PIAP,same_asset,0.415,15.0,0.0,0.0,0.15,0.0,250000,129.79368075427152,2.5624076791803123,-559.4006505566923,1281.2038395901561,-1178.5694457769846,-884.1468803601001,-1596.8083643620653,0.5761,1100.4234782191143,0.1179488472604428,45.63320153765825,2.6916063587350427,40.357653074537566,50.90875000077894,0.90756,1.202861851546775,0.510932,0.17567247502487995,3.1942657363558955,9.0,0.90756,0.489068,0.75816,0.639492,0.094716
E4_commercial_synergy,Parallel PIAP,same_asset,0.415,15.0,0.0,0.0,0.16,0.0,250000,132.81023699326545,2.5701529787857655,-559.4006505566923,1285.0764893928829,-1178.5694457769846,-884.1468803601001,-1596.8083643620653,0.5761,1100.4234782191143,0.12069011577997296,48.64975777665218,2.697385157906125,43.36288286715617,53.93663268614819,0.90756,1.202861851546775,0.510932,0.17567247502487995,3.1942657363558955,9.0,0.90756,0.489068,0.75816,0.639492,0.094716
E4_commercial_synergy,Parallel PIAP,same_asset,0.415,15.0,0.0,0.0,0.17,0.0,250000,135.8267932322594,2.5779020211612607,-559.4006505566923,1288.9510105806303,-1178.5694457769846,-884.1468803601001,-1596.8083643620653,0.5761,1100.4234782191143,0.12343138429950314,51.666314015646115,2.703177364900135,46.36808638044185,56.96454165085038,0.90756,1.202861851546775,0.510932,0.17567247502487995,3.1942657363558955,9.0,0.90756,0.489068,0.75816,0.639492,0.094716
E4_commercial_synergy,Parallel PIAP,same_asset,0.415,15.0,0.0,0.0,0.18,0.0,250000,138.84334947125328,2.585654772656267,-559.4006505566923,1292.8273863281333,-1178.5694457769846,-884.1468803601001,-1596.8083643620653,0.5761,1100.4234782191143,0.12617265281903323,54.68287025464001,2.708982893713336,49.37326378296187,59.992476726318145,0.90756,1.202861851546775,0.510932,0.17567247502487995,3.1942657363558955,9.0,0.90756,0.489068,0.75816,0.639492,0.094716
E4_commercial_synergy,Parallel PIAP,same_asset,0.415,15.0,0.0,0.0,0.19,0.0,250000,141.85990571024718,2.5934112000066247,-559.4006505566923,1296.7056000033124,-1178.5694457769846,-884.1468803601001,-1596.8083643620653,0.5761,1100.4234782191143,0.12891392133856336,57.699426493633915,2.714801658880695,52.37841524222775,63.02043774504008,0.90756,1.202861851546775,0.510932,0.17567247502487995,3.1942657363558955,9.0,0.90756,0.489068,0.75816,0.639492,0.094716
E4_commercial_synergy,Parallel PIAP,same_asset,0.415,15.0,0.0,0.0,0.2,0.0,250000,144.8764619492411,2.6011712703292584,-559.4006505566923,1300.5856351646291,-1178.5694457769846,-884.1468803601001,-1596.8083643620653,0.5761,1100.4234782191143,0.1316551898580935,60.715982732627864,2.7206335754743085,55.383540924698224,66.0484245405575,0.90756,1.202861851546775,0.510932,0.17567247502487995,3.1942657363558955,9.0,0.90756,0.489068,0.75816,0.594036,0.094716
E4_commercial_synergy,Parallel PIAP,same_asset,0.415,15.0,0.0,0.0,0.21,0.0,250000,147.89301818823503,2.6089349511169693,-559.4006505566923,1304.4674755584847,-1178.5694457769846,-884.1468803601001,-1596.8083643620653,0.5761,1100.4234782191143,0.13439645837762365,63.732538971621786,2.7264785591017806,58.388640995782296,69.07643694746127,0.90756,1.202861851546775,0.510932,0.17567247502487995,3.1942657363558955,9.0,0.90756,0.489068,0.75816,0.594036,0.094716
E4_commercial_synergy,Parallel PIAP,same_asset,0.415,15.0,0.0,0.0,0.22,0.0,250000,150.90957442722896,2.6167022102333184,-559.4006505566923,1308.3511051166593,-1178.5694457769846,-884.1468803601001,-1596.8083643620653,0.5761,1100.4234782191143,0.13713772689715378,66.74909521061568,2.7323365259045556,61.39371561984275,72.1044748013886,0.90756,1.202861851546775,0.510932,0.17567247502487995,3.1942657363558955,9.0,0.90756,0.489068,0.75816,0.594036,0.094716
E4_commercial_synergy,Parallel PIAP,same_asset,0.415,15.0,0.0,0.0,0.23,0.0,250000,153.92613066622286,2.624473015907578,-559.4006505566923,1312.236507953789,-1178.5694457769846,-884.1468803601001,-1596.8083643620653,0.5761,1100.4234782191143,0.13987899541668392,69.7656514496096,2.7382073925562107,64.39876496019943,75.13253793901978,0.90756,1.202861851546775,0.510932,0.17567247502487995,3.1942657363558955,9.0,0.90756,0.489068,0.75816,0.586388,0.094716
E4_commercial_synergy,Parallel PIAP,same_asset,0.415,15.0,0.0,0.0,0.24,0.0,250000,156.94268690521682,2.632247336729768,-559.4006505566923,1316.123668364884,-1178.5694457769846,-884.1468803601001,-1596.8083643620653,0.5761,1100.4234782191143,0.1426202639362141,72.78220768860352,2.7440910762607063,67.40378917913253,78.16062619807451,0.90756,1.202861851546775,0.510932,0.17567247502487995,3.1942657363558955,9.0,0.90756,0.489068,0.75816,0.586388,0.094716
E4_commercial_synergy,Parallel PIAP,same_asset,0.415,15.0,0.0,0.0,0.25,0.0,250000,159.9592431442107,2.640025141645766,-559.4006505566923,1320.012570822883,-1178.5694457769846,-884.1468803601001,-1596.8083643620653,0.5761,1100.4234782191143,0.14536153245574418,75.79876392759745,2.749987494750595,70.40878843788629,81.18873941730861,0.90756,1.202861851546775,0.510932,0.17567247502487995,3.1942657363558955,9.0,0.90756,0.489068,0.75816,0.586388,0.094716
E4_commercial_synergy,Parallel PIAP,same_asset,0.415,15.0,0.0,0.0,0.26,0.0,250000,162.97579938320465,2.6478063999524943,-559.4006505566923,1323.9031999762472,-1178.5694457769846,-884.1468803601001,-1596.8083643620653,0.5761,1100.4234782191143,0.14810280097527437,78.81532016659136,2.7558965662851933,73.41376289667238,84.21687743651034,0.90756,1.202861851546775,0.510932,0.17567247502487995,3.1942657363558955,9.0,0.90756,0.489068,0.75816,0.586388,0.094716
E4_commercial_synergy,Parallel PIAP,same_asset,0.415,15.0,0.0,0.0,0.27,0.0,250000,165.99235562219852,2.6555910812931804,-559.4006505566923,1327.7955406465903,-1178.5694457769846,-884.1468803601001,-1596.8083643620653,0.5761,1100.4234782191143,0.15084406949480447,81.83187640558526,2.7618182096487156,76.41871271467377,87.24504009649675,0.90756,1.202861851546775,0.510932,0.17567247502487995,3.1942657363558955,9.0,0.90756,0.489068,0.75816,0.586388,0.094716
E4_commercial_synergy,Parallel PIAP,same_asset,0.415,15.0,0.0,0.0,0.28,0.0,250000,169.0089118611925,2.6633791556526893,-559.4006505566923,1331.6895778263447,-1178.5694457769846,-884.1468803601001,-1596.8083643620653,0.5761,1100.4234782191143,0.15358533801433466,84.84843264457922,2.7677523441483722,79.42363805004841,90.27322723911003,0.90756,1.202861851546775,0.510932,0.17567247502487995,3.1942657363558955,9.0,0.90756,0.489068,0.75816,0.586388,0.094716
E4_commercial_synergy,Parallel PIAP,same_asset,0.415,15.0,0.0,0.0,0.29,0.0,250000,172.0254681001864,2.671170593352928,-559.4006505566923,1335.5852966764642,-1178.5694457769846,-884.1468803601001,-1596.8083643620653,0.5761,1100.4234782191143,0.1563266065338648,87.86498888357313,2.7736988896124313,82.42853905993277,93.30143870721349,0.90756,1.202861851546775,0.510932,0.17567247502487995,3.1942657363558955,9.0,0.90756,0.489068,0.75816,0.586388,0.094716
E4_commercial_synergy,Parallel PIAP,same_asset,0.415,15.0,0.0,0.0,0.3,0.0,250000,175.04202433918033,2.6789653650483225,-559.4006505566923,1339.4826825241612,-1178.5694457769846,-884.1468803601001,-1596.8083643620653,0.5761,1100.4234782191143,0.15906787505339492,90.88154512256706,2.7796577663882496,85.4334159004461,96.32967434468803,0.90756,1.202861851546775,0.510932,0.17567247502487995,3.1942657363558955,9.0,0.90756,0.489068,0.75816,0.586388,0.094716
E4_commercial_synergy,Parallel PIAP,same_asset,0.415,15.0,0.0,0.0,0.31,0.0,250000,178.05858057817423,2.6867634417213586,-559.4006505566923,1343.3817208606793,-1178.5694457769846,-884.1468803601001,-1596.8083643620653,0.5761,1100.4234782191143,0.16180914357292506,93.89810136156098,2.785628895340268,88.43826872669405,99.3579339964279,0.90756,1.202861851546775,0.510932,0.17567247502487995,3.1942657363558955,9.0,0.90756,0.489068,0.75816,0.586388,0.094716
E4_commercial_synergy,Parallel PIAP,same_asset,0.415,15.0,0.0,0.0,0.32,0.0,250000,181.0751368171682,2.694564794678198,-559.4006505566923,1347.2823973390991,-1178.5694457769846,-884.1468803601001,-1596.8083643620653,0.5761,1100.4234782191143,0.16455041209245524,96.9146576005549,2.791612197847979,91.44309769277287,102.38621750833694,0.90756,1.202861851546775,0.510932,0.17567247502487995,3.1942657363558955,9.0,0.90756,0.489068,0.75816,0.586388,0.094716
E4_commercial_synergy,Parallel PIAP,same_asset,0.415,15.0,0.0,0.0,0.33,0.0,250000,184.09169305616211,2.702369395544357,-559.4006505566923,1351.1846977721784,-1178.5694457769846,-884.1468803601001,-1596.8083643620653,0.5761,1100.4234782191143,0.16729168061198538,99.93121383954885,2.7976075958038615,94.44790295177327,105.41452472732442,0.90756,1.202861851546775,0.510932,0.17567247502487995,3.1942657363558955,9.0,0.90756,0.489068,0.75816,0.586388,0.094716
E4_commercial_synergy,Parallel PIAP,same_asset,0.415,15.0,0.0,0.0,0.34,0.0,250000,187.108249295156,2.71017721626045,-559.4006505566923,1355.0886081302249,-1178.5694457769846,-884.1468803601001,-1596.8083643620653,0.5761,1100.4234782191143,0.1700329491315155,102.94777007854275,2.8036150116112863,97.45268465578462,108.44285550130087,0.90756,1.202861851546775,0.510932,0.17567247502487995,3.1942657363558955,9.0,0.90756,0.489068,0.75816,0.586388,0.094716
E4_commercial_synergy,Parallel PIAP,same_asset,0.415,15.0,0.0,0.0,0.35,0.0,250000,190.12480553414989,2.7179882290779998,-559.4006505566923,1358.9941145389998,-1178.5694457769846,-884.1468803601001,-1596.8083643620653,0.5761,1100.4234782191143,0.17277421765104561,105.96432631753662,2.8096343681823965,100.45744295589913,111.47120967917411,0.90756,1.202861851546775,0.510932,0.17567247502487995,3.1942657363558955,9.0,0.90756,0.489068,0.75816,0.586388,0.094716
E4_commercial_synergy,Parallel PIAP,same_asset,0.415,15.0,0.0,0.0,0.36,0.0,250000,193.1413617731438,2.725802406555313,-559.4006505566923,1362.9012032776564,-1178.5694457769846,-884.1468803601001,-1596.8083643620653,0.5761,1100.4234782191143,0.17551548617057575,108.98088255653056,2.8156655889359605,103.46217800221608,114.49958711084504,0.90756,1.202861851546775,0.510932,0.17567247502487995,3.1942657363558955,9.0,0.90756,0.489068,0.75816,0.586388,0.094716
E4_commercial_synergy,Parallel PIAP,same_asset,0.415,15.0,0.0,0.0,0.37,0.0,250000,196.15791801213777,2.733619721553413,-559.4006505566923,1366.8098607767065,-1178.5694457769846,-884.1468803601001,-1596.8083643620653,0.5761,1100.4234782191143,0.17825675469010593,111.9974387955245,2.8217085977951974,106.46688994384591,117.52798764720309,0.90756,1.202861851546775,0.510932,0.17567247502487995,3.1942657363558955,9.0,0.90756,0.489068,0.75816,0.586388,0.094716
E4_commercial_synergy,Parallel PIAP,same_asset,0.415,15.0,0.0,0.0,0.38,0.0,250000,199.17447425113164,2.741440147232042,-559.4006505566923,1370.720073616021,-1178.5694457769846,-884.1468803601001,-1596.8083643620653,0.5761,1100.4234782191143,0.180998023209636,115.01399503451839,2.8277633191855784,109.47157892891465,120.55641114012212,0.90756,1.202861851546775,0.510932,0.17567247502487995,3.1942657363558955,9.0,0.90756,0.489068,0.75816,0.586388,0.094716
E4_commercial_synergy,Parallel PIAP,same_asset,0.415,15.0,0.0,0.0,0.39,0.0,250000,202.19103049012557,2.7492636570457134,-559.4006505566923,1374.6318285228567,-1178.5694457769846,-884.1468803601001,-1596.8083643620653,0.5761,1100.4234782191143,0.18373929172916617,118.03055127351232,2.833829678032608,112.4762451045684,123.58485744245623,0.90756,1.202861851546775,0.510932,0.17567247502487995,3.1942657363558955,9.0,0.90756,0.489068,0.75816,0.586388,0.094716
E4_commercial_synergy,Parallel PIAP,same_asset,0.415,15.0,0.0,0.0,0.4,0.0,250000,205.20758672911953,2.7570902247398354,-559.4006505566923,1378.5451123699177,-1178.5694457769846,-884.1468803601001,-1596.8083643620653,0.5761,1100.4234782191143,0.18648056024869636,121.04710751250624,2.839907599759577,115.48088861697747,126.61332640803502,0.90756,1.202861851546775,0.510932,0.17567247502487995,3.1942657363558955,9.0,0.90756,0.489068,0.75816,0.586388,0.094716
E4_commercial_synergy,Parallel PIAP,same_asset,0.415,15.0,0.5,0.0,0.0,0.0,250000,188.87665820859863,2.730338083383719,-559.4006505566923,1365.1690416918595,-1193.6220906520296,-892.4132343631248,-1631.8883711438768,0.5761,1111.4644793348994,0.16993494773816117,104.71617899198539,2.819201027629572,99.19054497783142,110.24181300613935,0.90756,1.202861851546775,0.510932,0.17567247502487995,3.1942657363558955,9.416446295561727,0.90756,0.489068,0.75816,0.586388,0.094716
E4_commercial_synergy,Parallel PIAP,same_asset,0.415,15.0,0.5,0.0,0.01,0.0,250000,192.09662894227006,2.7386737837498756,-559.4006505566923,1369.3368918749377,-1193.6220906520296,-892.4132343631248,-1631.8883711438768,0.5761,1111.4644793348994,0.1728320000448604,107.9361497256568,2.8256486819148425,102.39787830910372,113.47442114220989,0.90756,1.202861851546775,0.510932,0.17567247502487995,3.1942657363558955,9.416446295561727,0.90756,0.489068,0.75816,0.586388,0.094716
E4_commercial_synergy,Parallel PIAP,same_asset,0.415,15.0,0.5,0.0,0.02,0.0,250000,195.3165996759415,2.7470130744488936,-559.4006505566923,1373.506537224447,-1193.6220906520296,-892.4132343631248,-1631.8883711438768,0.5761,1111.4644793348994,0.17572905235155964,111.15612045932822,2.832109674111768,105.60518549806916,116.70705542058728,0.90756,1.202861851546775,0.510932,0.17567247502487995,3.1942657363558955,9.416446295561727,0.90756,0.489068,0.75816,0.586388,0.094716
E4_commercial_synergy,Parallel PIAP,same_asset,0.415,15.0,0.5,0.0,0.03,0.0,250000,198.5365704096129,2.755355922881543,-559.4006505566923,1377.6779614407715,-1193.6220906520296,-892.4132343631248,-1631.8883711438768,0.5761,1111.4644793348994,0.17862610465825884,114.37609119299964,2.8385839131438,108.81246672323779,119.93971566276149,0.90756,1.202861851546775,0.510932,0.17567247502487995,3.1942657363558955,9.416446295561727,0.90756,0.489068,0.75816,0.586388,0.094716
E4_commercial_synergy,Parallel PIAP,same_asset,0.415,15.0,0.5,0.0,0.04,0.0,250000,201.75654114328432,2.7637022968283977,-559.4006505566923,1381.8511484141989,-1193.6220906520296,-892.4132343631248,-1631.8883711438768,0.5761,1111.4644793348994,0.18152315696495808,117.59606192667104,2.84507130857752,112.01972216185911,123.17240169148297,0.90756,1.202861851546775,0.510932,0.17567247502487995,3.1942657363558955,9.416446295561727,0.90756,0.489068,0.75816,0.586388,0.094716
E4_commercial_synergy,Parallel PIAP,same_asset,0.415,15.0,0.5,0.0,0.05,0.0,250000,204.97651187695575,2.7720521644445384,-559.4006505566923,1386.0260822222692,-1193.6220906520296,-892.4132343631248,-1631.8883711438768,0.5761,1111.4644793348994,0.1844202092716573,120.81603266034249,2.851571770619523,115.22695198992822,126.40511333075675,0.90756,1.202861851546775,0.510932,0.17567247502487995,3.1942657363558955,9.416446295561727,0.90756,0.489068,0.75816,0.586388,0.094716
E4_commercial_synergy,Parallel PIAP,same_asset,0.415,15.0,0.5,0.0,0.06,0.0,250000,208.19648261062719,2.7804054942543304,-559.4006505566923,1390.2027471271651,-1193.6220906520296,-892.4132343631248,-1631.8883711438768,0.5761,1111.4644793348994,0.18731726157835654,124.03600339401387,2.8580852101132765,118.43415638219186,129.6378504058359,0.90756,1.202861851546775,0.510932,0.17567247502487995,3.1942657363558955,9.416446295561727,0.90756,0.489068,0.75816,0.586388,0.094716
E4_commercial_synergy,Parallel PIAP,same_asset,0.415,15.0,0.5,0.0,0.07,0.0,250000,211.4164533442986,2.7887622551462883,-559.4006505566923,1394.381127573144,-1193.6220906520296,-892.4132343631248,-1631.8883711438768,0.567004,1111.4644793348994,0.19021431388505575,127.25597412768533,2.864611538535944,121.64133551215488,132.8706127432158,0.90756,1.202861851546775,0.510932,0.17567247502487995,3.1942657363558955,9.416446295561727,0.90756,0.489068,0.75816,0.586388,0.094716
E4_commercial_synergy,Parallel PIAP,same_asset,0.415,15.0,0.5,0.0,0.08,0.0,250000,214.63642407796996,2.797122416368022,-559.4006505566923,1398.561208184011,-1193.6220906520296,-892.4132343631248,-1631.8883711438768,0.567004,1111.4644793348994,0.19311136619175492,130.4759448613567,2.8711506679951873,124.84848955208614,136.10340017062728,0.90756,1.202861851546775,0.510932,0.17567247502487995,3.1942657363558955,9.416446295561727,0.90756,0.489068,0.75816,0.586388,0.094716
E4_commercial_synergy,Parallel PIAP,same_asset,0.415,15.0,0.5,0.0,0.09,0.0,250000,217.85639481164145,2.8054859475212637,-559.4006505566923,1402.742973760632,-1193.6220906520296,-892.4132343631248,-1631.8883711438768,0.553344,1111.4644793348994,0.1960084184984542,133.6959155950282,2.8777025112259405,128.05561867302535,139.33621251703104,0.90756,1.202861851546775,0.510932,0.17567247502487995,3.1942657363558955,9.416446295561727,0.90756,0.489068,0.75816,0.586388,0.094716
E4_commercial_synergy,Parallel PIAP,same_asset,0.415,15.0,0.5,0.0,0.1,0.0,250000,221.07636554531285,2.8138528185569713,-559.4006505566923,1406.9264092784856,-1193.6220906520296,-892.4132343631248,-1631.8883711438768,0.553344,1111.4644793348994,0.19890547080515342,136.9158863286996,2.8842669815871553,131.26272304478877,142.56904961261043,0.90756,1.202861851546775,0.510932,0.17567247502487995,3.1942657363558955,9.416446295561727,0.90756,0.489068,0.75816,0.586388,0.094716
E4_commercial_synergy,Parallel PIAP,same_asset,0.415,15.0,0.5,0.0,0.11,0.0,250000,224.2963362789843,2.8222229997705117,-559.4006505566923,1411.1114998852559,-1193.6220906520296,-892.4132343631248,-1631.8883711438768,0.553344,1111.4644793348994,0.20180252311185265,140.135857062371,2.8908439930585335,134.46980283597628,145.80191128876572,0.90756,1.202861851546775,0.510932,0.17567247502487995,3.1942657363558955,9.416446295561727,0.90756,0.489068,0.75816,0.586388,0.094716
E4_commercial_synergy,Parallel PIAP,same_asset,0.415,15.0,0.5,0.0,0.12,0.0,250000,227.51630701265574,2.830596461796921,-559.4006505566923,1415.2982308984606,-1193.6220906520296,-892.4132343631248,-1631.8883711438768,0.553344,1111.4644793348994,0.20469957541855188,143.35582779604243,2.897433460237225,137.67685821397748,149.03479737810738,0.90756,1.202861851546775,0.510932,0.17567247502487995,3.1942657363558955,9.416446295561727,0.90756,0.489068,0.75816,0.586388,0.094716
E4_commercial_synergy,Parallel PIAP,same_asset,0.415,15.0,0.5,0.0,0.13,0.0,250000,230.73627774632712,2.8389731756062364,-559.4006505566923,1419.4865878031183,-1193.6220906520296,-892.4132343631248,-1631.8883711438768,0.553344,1111.4644793348994,0.2075966277252511,146.57579852971386,2.904035298334516,140.8838893449782,152.26770771444953,0.90756,1.202861851546775,0.510932,0.17567247502487995,3.1942657363558955,9.416446295561727,0.90756,0.489068,0.75816,0.586388,0.094716
E4_commercial_synergy,Parallel PIAP,same_asset,0.415,15.0,0.5,0.0,0.14,0.0,250000,233.95624847999852,2.847353112498904,-559.4006505566923,1423.676556249452,-1193.6220906520296,-892.4132343631248,-1631.8883711438768,0.553344,1111.4644793348994,0.2104936800319503,149.79576926338527,2.9106494231724906,144.0908963939672,155.50064213280334,0.90756,1.202861851546775,0.510932,0.17567247502487995,3.1942657363558955,9.416446295561727,0.90756,0.489068,0.75816,0.586388,0.094716
E4_commercial_synergy,Parallel PIAP,same_asset,0.415,15.0,0.5,0.0,0.15,0.0,250000,237.17621921366998,2.8557362441012586,-559.4006505566923,1427.8681220506294,-1193.6220906520296,-892.4132343631248,-1631.8883711438768,0.551644,1111.4644793348994,0.21339073233864955,153.01573999705673,2.9172757511806777,147.2978795247426,158.73360046937086,0.90756,1.202861851546775,0.510932,0.17567247502487995,3.1942657363558955,9.416446295561727,0.90756,0.489068,0.75816,0.586388,0.094716
E4_commercial_synergy,Parallel PIAP,same_asset,0.415,15.0,0.5,0.0,0.16,0.0,250000,240.39618994734138,2.8641225423610726,-559.4006505566923,1432.0612711805363,-1193.6220906520296,-892.4132343631248,-1631.8883711438768,0.551644,1111.4644793348994,0.21628778464534876,156.23571073072816,2.9239141993926823,150.5048388999185,161.96658256153782,0.90756,1.202861851546775,0.510932,0.17567247502487995,3.1942657363558955,9.416446295561727,0.90756,0.489068,0.75816,0.586388,0.094716
E4_commercial_synergy,Parallel PIAP,same_asset,0.415,15.0,0.5,0.0,0.17,0.0,250000,243.61616068101284,2.8725119795431797,-559.4006505566923,1436.2559897715898,-1193.6220906520296,-892.4132343631248,-1631.8883711438768,0.549184,1111.4644793348994,0.21918483695204802,159.4556814643996,2.9305646854427976,153.7117746809317,165.19958824786747,0.90756,1.202861851546775,0.510932,0.17567247502487995,3.1942657363558955,9.416446295561727,0.90756,0.489068,0.75816,0.586388,0.094716
E4_commercial_synergy,Parallel PIAP,same_asset,0.415,15.0,0.5,0.0,0.18,0.0,250000,246.83613141468425,2.8809045282251584,-559.4006505566923,1440.4522641125793,-1193.6220906520296,-892.4132343631248,-1631.8883711438768,0.549184,1111.4644793348994,0.22208188925874722,162.67565219807094,2.937227127562604,156.91868702804823,168.43261736809364,0.90756,1.202861851546775,0.510932,0.17567247502487995,3.1942657363558955,9.416446295561727,0.90756,0.489068,0.75816,0.586388,0.094716
E4_commercial_synergy,Parallel PIAP,same_asset,0.415,15.0,0.5,0.0,0.19,0.0,250000,250.05610214835565,2.8893001612930944,-559.4006505566923,1444.6500806465472,-1193.6220906520296,-892.4132343631248,-1631.8883711438768,0.549184,1111.4644793348994,0.22497894156544643,165.89562293174237,2.9439014445775546,160.12557610037035,171.66566976311438,0.90756,1.202861851546775,0.510932,0.17567247502487995,3.1942657363558955,9.416446295561727,0.90756,0.489068,0.75816,0.586388,0.094716
E4_commercial_synergy,Parallel PIAP,same_asset,0.415,15.0,0.5,0.0,0.2,0.0,250000,253.2760728820271,2.8976988519373963,-559.4006505566923,1448.8494259686981,-1193.6220906520296,-892.4132343631248,-1631.8883711438768,0.549184,1111.4644793348994,0.2278759938721457,169.11559366541383,2.9505875559035504,163.33244205584288,174.89874527498478,0.90756,1.202861851546775,0.510932,0.17567247502487995,3.1942657363558955,9.416446295561727,0.90756,0.489068,0.75816,0.586388,0.094716
E4_commercial_synergy,Parallel PIAP,same_asset,0.415,15.0,0.5,0.0,0.21,0.0,250000,256.4960436156985,2.9061005736486885,-559.4006505566923,1453.0502868243443,-1193.6220906520296,-892.4132343631248,-1631.8883711438768,0.549184,1111.4644793348994,0.2307730461788449,172.33556439908523,2.957285381543501,166.53928505125998,178.13184374691048,0.90756,1.202861851546775,0.510932,0.17567247502487995,3.1942657363558955,9.416446295561727,0.90756,0.489068,0.75816,0.586388,0.094716
E4_commercial_synergy,Parallel PIAP,same_asset,0.415,15.0,0.5,0.0,0.22,0.0,250000,259.7160143493699,2.9145053002137593,-559.4006505566923,1457.2526501068796,-1193.6220906520296,-892.4132343631248,-1631.8883711438768,0.548636,1111.4644793348994,0.2336700984855441,175.5555351327567,2.963994842083876,169.74610524227228,181.3649650232411,0.90756,1.202861851546775,0.510932,0.17567247502487995,3.1942657363558955,9.416446295561727,0.90756,0.489068,0.75816,0.586388,0.094716
E4_commercial_synergy,Parallel PIAP,same_asset,0.415,15.0,0.5,0.0,0.23,0.0,250000,262.9359850830413,2.922913005711576,-559.4006505566923,1461.456502855788,-1193.6220906520296,-892.4132343631248,-1631.8883711438768,0.548636,1111.4644793348994,0.2365671507922433,178.7755058664281,2.970715858691247,172.95290278339326,184.59810894946293,0.90756,1.202861851546775,0.510932,0.17567247502487995,3.1942657363558955,9.416446295561727,0.90756,0.489068,0.75816,0.563632,0.094716
E4_commercial_synergy,Parallel PIAP,same_asset,0.415,15.0,0.5,0.0,0.24,0.0,250000,266.1559558167128,2.9313236645093625,-559.4006505566923,1465.6618322546813,-1193.6220906520296,-892.4132343631248,-1631.8883711438768,0.547688,1111.4644793348994,0.23946420309894256,181.9954766000995,2.977448353108827,176.15967782800618,187.8312753721928,0.90756,1.202861851546775,0.510932,0.17567247502487995,3.1942657363558955,9.416446295561727,0.90756,0.489068,0.75816,0.563632,0.094716
E4_commercial_synergy,Parallel PIAP,same_asset,0.415,15.0,0.5,0.0,0.25,0.0,250000,269.3759265503842,2.9397372512587308,-559.4006505566923,1469.8686256293654,-1193.6220906520296,-892.4132343631248,-1631.8883711438768,0.547688,1111.4644793348994,0.24236125540564177,185.21544733377092,2.9841922476529854,179.36643052837107,191.06446413917078,0.90756,1.202861851546775,0.510932,0.17567247502487995,3.1942657363558955,9.416446295561727,0.90756,0.489068,0.75816,0.563632,0.094716
E4_commercial_synergy,Parallel PIAP,same_asset,0.415,15.0,0.5,0.0,0.26,0.0,250000,272.59589728405564,2.9481537408918834,-559.4006505566923,1474.0768704459417,-1193.6220906520296,-892.4132343631248,-1631.8883711438768,0.547688,1111.4644793348994,0.24525830771234103,188.43541806744238,2.9909474652097816,182.57316103563122,194.29767509925355,0.90756,1.202861851546775,0.510932,0.17567247502487995,3.1942657363558955,9.416446295561727,0.90756,0.489068,0.75816,0.559472,0.094716
E4_commercial_synergy,Parallel PIAP,same_asset,0.415,15.0,0.5,0.0,0.27,0.0,250000,275.81586801772704,2.9565731086178646,-559.4006505566923,1478.2865543089324,-1193.6220906520296,-892.4132343631248,-1631.8883711438768,0.547688,1111.4644793348994,0.24815536001904023,191.65538880111376,2.997713929231471,185.77986949982008,197.53090810240744,0.90756,1.202861851546775,0.510932,0.17567247502487995,3.1942657363558955,9.416446295561727,0.90756,0.489068,0.75816,0.559472,0.094716
E4_commercial_synergy,Parallel PIAP,same_asset,0.415,15.0,0.5,0.0,0.28,0.0,250000,279.03583875139844,2.964995329918873,-559.4006505566923,1482.4976649594366,-1193.6220906520296,-892.4132343631248,-1631.8883711438768,0.547688,1111.4644793348994,0.25105241232573944,194.87535953478522,3.0044915637330187,188.9865560698685,200.76416299970194,0.90756,1.202861851546775,0.510932,0.17567247502487995,3.1942657363558955,9.416446295561727,0.90756,0.489068,0.75816,0.559472,0.094716
E4_commercial_synergy,Parallel PIAP,same_asset,0.415,15.0,0.5,0.0,0.29,0.0,250000,282.25580948506985,2.9734203805466324,-559.4006505566923,1486.7101902733161,-1193.6220906520296,-892.4132343631248,-1631.8883711438768,0.547688,1111.4644793348994,0.2539494646324386,198.09533026845656,3.0112802932886042,192.1932208936109,203.99743964330222,0.90756,1.202861851546775,0.510932,0.17567247502487995,3.1942657363558955,9.416446295561727,0.90756,0.489068,0.75816,0.559472,0.094716
E4_commercial_synergy,Parallel PIAP,same_asset,0.415,15.0,0.5,0.0,0.3,0.0,250000,285.4757802187413,2.981848236518814,-559.4006505566923,1490.9241182594071,-1193.6220906520296,-892.4132343631248,-1631.8883711438768,0.547688,1111.4644793348994,0.2568465169391379,201.31530100212802,3.0180800430281267,195.3998641177929,207.23073788646315,0.90756,1.202861851546775,0.510932,0.17567247502487995,3.1942657363558955,9.416446295561727,0.90756,0.489068,0.75816,0.557976,0.094716
E4_commercial_synergy,Parallel PIAP,same_asset,0.415,15.0,0.5,0.0,0.31,0.0,250000,288.6957509524127,2.9902788741155177,-559.4006505566923,1495.1394370577589,-1193.6220906520296,-892.4132343631248,-1631.8883711438768,0.547688,1111.4644793348994,0.2597435692458371,204.53527173579945,3.024890738633701,198.6064858880774,210.4640575835215,0.90756,1.202861851546775,0.510932,0.17567247502487995,3.1942657363558955,9.416446295561727,0.90756,0.489068,0.75816,0.557976,0.094716
E4_commercial_synergy,Parallel PIAP,same_asset,0.415,15.0,0.5,0.0,0.32,0.0,250000,291.91572168608417,2.9987122698758055,-559.4006505566923,1499.3561349379027,-1193.6220906520296,-892.4132343631248,-1631.8883711438768,0.547688,1111.4644793348994,0.26264062155253637,207.7552424694709,3.031712306336164,201.813086349052,213.69739858988976,0.90756,1.202861851546775,0.510932,0.17567247502487995,3.1942657363558955,9.416446295561727,0.90756,0.489068,0.75816,0.557976,0.094716
E4_commercial_synergy,Parallel PIAP,same_asset,0.415,15.0,0.5,0.0,0.33,0.0,250000,295.1356924197555,3.0071484005942852,-559.4006505566923,1503.5742002971426,-1193.6220906520296,-892.4132343631248,-1631.8883711438768,0.547688,1111.4644793348994,0.2655376738592355,210.9752132031423,3.038544672911569,205.0196656442356,216.93076076204898,0.90756,1.202861851546775,0.510932,0.17567247502487995,3.1942657363558955,9.416446295561727,0.90756,0.489068,0.75816,0.557976,0.094716
E4_commercial_synergy,Parallel PIAP,same_asset,0.415,15.0,0.5,0.0,0.34,0.0,250000,298.35566315342703,3.0155872433177517,-559.4006505566923,1507.793621658876,-1193.6220906520296,-892.4132343631248,-1631.8883711438768,0.547688,1111.4644793348994,0.26843472616593483,214.19518393681375,3.0453877656776878,208.22622391608547,220.16414395754202,0.90756,1.202861851546775,0.510932,0.17567247502487995,3.1942657363558955,9.416446295561727,0.90756,0.489068,0.75816,0.557976,0.094716
E4_commercial_synergy,Parallel PIAP,same_asset,0.415,15.0,0.5,0.0,0.35,0.0,250000,301.5756338870984,3.024028775341874,-559.4006505566923,1512.0143876709371,-1193.6220906520296,-892.4132343631248,-1631.8883711438768,0.547688,1111.4644793348994,0.27133177847263396,217.41515467048512,3.052241512490505,211.43276130600373,223.39754803496652,0.90756,1.202861851546775,0.510932,0.17567247502487995,3.1942657363558955,9.416446295561727,0.90756,0.489068,0.75816,0.557976,0.094716
E4_commercial_synergy,Parallel PIAP,same_asset,0.415,15.0,0.5,0.0,0.36,0.0,250000,304.79560462076984,3.0324729742079355,-559.4006505566923,1516.2364871039676,-1193.6220906520296,-892.4132343631248,-1631.8883711438768,0.547688,1111.4644793348994,0.27422883077933324,220.63512540415655,3.059105841740728,214.63927795434472,226.6309728539684,0.90756,1.202861851546775,0.510932,0.17567247502487995,3.1942657363558955,9.416446295561727,0.90756,0.489068,0.75816,0.557976,0.094716
E4_commercial_synergy,Parallel PIAP,same_asset,0.415,15.0,0.5,0.0,0.37,0.0,250000,308.0155753544413,3.0409198176996206,-559.4006505566923,1520.4599088498103,-1193.6220906520296,-892.4132343631248,-1631.8883711438768,0.547688,1111.4644793348994,0.2771258830860325,223.85509613782799,3.0659806823502804,217.84577400042144,229.86441827523453,0.90756,1.202861851546775,0.510932,0.17567247502487995,3.1942657363558955,9.416446295561727,0.90756,0.489068,0.75816,0.557976,0.094716
E4_commercial_synergy,Parallel PIAP,same_asset,0.415,15.0,0.5,0.0,0.38,0.0,250000,311.23554608811264,3.049369283839856,-559.4006505566923,1524.684641919928,-1193.6220906520296,-892.4132343631248,-1631.8883711438768,0.547688,1111.4644793348994,0.28002293539273165,227.07506687149942,3.0728659637688174,221.05224958251253,233.0978841604863,0.90756,1.202861851546775,0.510932,0.17567247502487995,3.1942657363558955,9.416446295561727,0.90756,0.489068,0.75816,0.557976,0.094716
E4_commercial_synergy,Parallel PIAP,same_asset,0.415,15.0,0.5,0.0,0.39,0.0,250000,314.45551682178416,3.057821350887691,-559.4006505566923,1528.9106754438455,-1193.6220906520296,-892.4132343631248,-1631.8883711438768,0.547688,1111.4644793348994,0.28291998769943094,230.29503760517088,3.0797616159702303,224.25870483786923,236.33137037247252,0.90756,1.202861851546775,0.510932,0.17567247502487995,3.1942657363558955,9.416446295561727,0.90756,0.489068,0.75816,0.557976,0.094716
E4_commercial_synergy,Parallel PIAP,same_asset,0.415,15.0,0.5,0.0,0.4,0.0,250000,317.67548755545556,3.066275997335233,-559.4006505566923,1533.1379986676166,-1193.6220906520296,-892.4132343631248,-1631.8883711438768,0.547688,1111.4644793348994,0.2858170400061302,233.51500833884225,3.0866675694491605,227.4651399027219,239.5648767749626,0.90756,1.202861851546775,0.510932,0.17567247502487995,3.1942657363558955,9.416446295561727,0.90756,0.489068,0.75816,0.557976,0.094716
E4_commercial_synergy,Parallel PIAP,same_asset,0.415,15.0,1.0,0.0,0.0,0.0,250000,298.4688158546029,3.0318686340859466,-559.4006505566923,1515.9343170429734,-1209.1761310311156,-900.9664062064918,-1652.9717849350975,0.547688,1122.8758339990186,0.2658074978705649,214.30833663798964,3.0585914165090387,208.31349746163193,220.30317581434736,0.90756,1.202861851546775,0.510932,0.17567247502487995,3.1942657363558955,9.832892591123452,0.90756,0.489068,0.75816,0.563632,0.094716
E4_commercial_synergy,Parallel PIAP,same_asset,0.415,15.0,1.0,0.0,0.01,0.0,250000,301.90212951013814,3.0408652827982654,-559.4006505566923,1520.4326413991328,-1209.1761310311156,-900.9664062064918,-1652.9717849350975,0.547688,1122.8758339990186,0.26886510544531145,217.74165029352488,3.06591172004315,211.7324633222403,223.75083726480946,0.90756,1.202861851546775,0.510932,0.17567247502487995,3.1942657363558955,9.832892591123452,0.90756,0.489068,0.75816,0.559472,0.094716
E4_commercial_synergy,Parallel PIAP,same_asset,0.415,15.0,1.0,0.0,0.02,0.0,250000,305.3354431656734,3.049864970866583,-559.4006505566923,1524.9324854332915,-1209.1761310311156,-900.9664062064918,-1652.9717849350975,0.547688,1122.8758339990186,0.271922713020058,221.17496394906007,3.0732439401503386,215.15140582636542,227.19852207175472,0.90756,1.202861851546775,0.510932,0.17567247502487995,3.1942657363558955,9.832892591123452,0.90756,0.489068,0.75816,0.559472,0.094716
E4_commercial_synergy,Parallel PIAP,same_asset,0.415,15.0,1.0,0.0,0.03,0.0,250000,308.7687568212087,3.0588676714640552,-559.4006505566923,1529.4338357320275,-1209.1761310311156,-900.9664062064918,-1652.9717849350975,0.547688,1122.8758339990186,0.27498032059480454,224.60827760459537,3.080587991741393,218.57032514078224,230.6462300684085,0.90756,1.202861851546775,0.510932,0.17567247502487995,3.1942657363558955,9.832892591123452,0.90756,0.489068,0.75816,0.559472,0.094716
E4_commercial_synergy,Parallel PIAP,same_asset,0.415,15.0,1.0,0.0,0.04,0.0,250000,312.2020704767439,3.0678733580698037,-559.4006505566923,1533.9366790349018,-1209.1761310311156,-900.9664062064918,-1652.9717849350975,0.547688,1122.8758339990186,0.2780379281695511,228.0415912601306,3.0879437903999194,221.98922143094674,234.09396108931443,0.90756,1.202861851546775,0.510932,0.17567247502487995,3.1942657363558955,9.832892591123452,0.90756,0.489068,0.75816,0.559472,0.094716
E4_commercial_synergy,Parallel PIAP,same_asset,0.415,15.0,1.0,0.0,0.05,0.0,250000,315.6353841322791,3.0768820044647,-559.4006505566923,1538.44100223235,-1209.1761310311156,-900.9664062064918,-1652.9717849350975,0.547688,1122.8758339990186,0.28109553574429763,231.47490491566586,3.0953112523775745,225.40809486100582,237.5417149703259,0.90756,1.202861851546775,0.510932,0.17567247502487995,3.1942657363558955,9.832892591123452,0.90756,0.489068,0.75816,0.557976,0.094716
E4_commercial_synergy,Parallel PIAP,same_asset,0.415,15.0,1.0,0.0,0.06,0.0,250000,319.06869778781436,3.085893584727217,-559.4006505566923,1542.9467923636084,-1209.1761310311156,-900.9664062064918,-1652.9717849350975,0.547688,1122.8758339990186,0.2841531433190441,234.9082185712011,3.1026902945893085,228.82694559380607,240.98949154859613,0.90756,1.202861851546775,0.510932,0.17567247502487995,3.1942657363558955,9.832892591123452,0.90756,0.489068,0.75816,0.557976,0.094716
E4_commercial_synergy,Parallel PIAP,same_asset,0.415,15.0,1.0,0.0,0.07,0.0,250000,322.5020114433496,3.094908073229337,-559.4006505566923,1547.4540366146684,-1209.1761310311156,-900.9664062064918,-1652.9717849350975,0.547688,1122.8758339990186,0.28721075089379067,238.34153222673638,3.110080834608614,232.24577379090348,244.43729066256927,0.90756,1.202861851546775,0.510932,0.17567247502487995,3.1942657363558955,9.832892591123452,0.90756,0.489068,0.75816,0.557976,0.094716
E4_commercial_synergy,Parallel PIAP,same_asset,0.415,15.0,1.0,0.0,0.08,0.0,250000,325.9353250988849,3.1039254446325413,-559.4006505566923,1551.9627223162706,-1209.1761310311156,-900.9664062064918,-1652.9717849350975,0.547688,1122.8758339990186,0.29026835846853727,241.77484588227162,3.1174827906627796,235.66457961257257,247.88511215197067,0.90756,1.202861851546775,0.510932,0.17567247502487995,3.1942657363558955,9.832892591123452,0.90756,0.489068,0.75816,0.557976,0.094716
E4_commercial_synergy,Parallel PIAP,same_asset,0.415,15.0,1.0,0.0,0.09,0.0,250000,329.36863875442015,3.1129456738838486,-559.4006505566923,1556.4728369419242,-1209.1761310311156,-900.9664062064918,-1652.9717849350975,0.547688,1122.8758339990186,0.2933259660432838,245.20815953780686,3.12489608162816,239.08336321781567,251.33295585779805,0.90756,1.202861851546775,0.510932,0.17567247502487995,3.1942657363558955,9.832892591123452,0.90756,0.489068,0.75816,0.557976,0.094716
E4_commercial_synergy,Parallel PIAP,same_asset,0.415,15.0,1.0,0.0,0.1,0.0,250000,332.8019524099554,3.1219687362119237,-559.4006505566923,1560.984368105962,-1209.1761310311156,-900.9664062064918,-1652.9717849350975,0.547688,1122.8758339990186,0.29638357361803036,248.64147319334208,3.132320627025453,242.50212476437218,254.78082162231198,0.90756,1.202861851546775,0.510932,0.17567247502487995,3.1942657363558955,9.832892591123452,0.90756,0.489068,0.75816,0.557976,0.094716
E4_commercial_synergy,Parallel PIAP,same_asset,0.415,15.0,1.0,0.0,0.11,0.0,250000,336.2352660654907,3.130994607123245,-559.4006505566923,1565.4973035616224,-1209.1761310311156,-900.9664062064918,-1652.9717849350975,0.547688,1122.8758339990186,0.29944118119277696,252.07478684887738,3.139756347014984,245.92086440872802,258.22870928902677,0.90756,1.202861851546775,0.510932,0.17567247502487995,3.1942657363558955,9.832892591123452,0.90756,0.489068,0.75816,0.557976,0.094716
E4_commercial_synergy,Parallel PIAP,same_asset,0.415,15.0,1.0,0.0,0.12,0.0,250000,339.6685797210258,3.140023262398332,-559.4006505566923,1570.011631199166,-1209.1761310311156,-900.9664062064918,-1652.9717849350975,0.547688,1122.8758339990186,0.3024987887675234,255.5081005044126,3.147203162392012,249.33958230612424,261.6766187027009,0.90756,1.202861851546775,0.510932,0.17567247502487995,3.1942657363558955,9.832892591123452,0.90756,0.489068,0.75816,0.557976,0.094716
E4_commercial_synergy,Parallel PIAP,same_asset,0.415,15.0,1.0,0.0,0.13,0.0,250000,343.1018933765612,3.149054678088036,-559.4006505566923,1574.527339044018,-1209.1761310311156,-900.9664062064918,-1652.9717849350975,0.547688,1122.8758339990186,0.30555639634227005,258.9414141599479,3.1546609945820405,252.7582786105671,265.1245497093287,0.90756,1.202861851546775,0.510932,0.17567247502487995,3.1942657363558955,9.832892591123452,0.90756,0.489068,0.75816,0.557976,0.094716
E4_commercial_synergy,Parallel PIAP,same_asset,0.415,15.0,1.0,0.0,0.14,0.0,250000,346.53520703209637,3.158088830509883,-559.4006505566923,1579.0444152549414,-1209.1761310311156,-900.9664062064918,-1652.9717849350975,0.547688,1122.8758339990186,0.30861400391701654,262.3747278154831,3.162129765636141,256.17695347483624,268.57250215612993,0.90756,1.202861851546775,0.510932,0.17567247502487995,3.1942657363558955,9.832892591123452,0.90756,0.489068,0.75816,0.557976,0.094716
E4_commercial_synergy,Parallel PIAP,same_asset,0.415,15.0,1.0,0.0,0.15,0.0,250000,349.9685206876316,3.167125696244479,-559.4006505566923,1583.5628481222395,-1209.1761310311156,-900.9664062064918,-1652.9717849350975,0.547688,1122.8758339990186,0.3116716114917631,265.8080414710183,3.1696093982262945,259.5956070504948,272.0204758915419,0.90756,1.202861851546775,0.510932,0.17567247502487995,3.1942657363558955,9.832892591123452,0.90756,0.489068,0.75816,0.557976,0.094716
E4_commercial_synergy,Parallel PIAP,same_asset,0.415,15.0,1.0,0.0,0.16,0.0,250000,353.40183434316685,3.1761652521319674,-559.4006505566923,1588.0826260659837,-1209.1761310311156,-900.9664062064918,-1652.9717849350975,0.547688,1122.8758339990186,0.31472921906650964,269.2413551265536,3.177099815640751,263.0142394878977,275.4684707652094,0.90756,1.202861851546775,0.510932,0.17567247502487995,3.1942657363558955,9.832892591123452,0.90756,0.489068,0.75816,0.557976,0.094716
E4_commercial_synergy,Parallel PIAP,same_asset,0.415,15.0,1.0,0.0,0.17,0.0,250000,356.8351479987021,3.1852074752685477,-559.4006505566923,1592.6037376342738,-1209.1761310311156,-900.9664062064918,-1652.9717849350975,0.547688,1122.8758339990186,0.3177868266412562,272.6746687820888,3.1846009417793915,266.4328509362012,278.91648662797644,0.90756,1.202861851546775,0.510932,0.17567247502487995,3.1942657363558955,9.832892591123452,0.90756,0.489068,0.75816,0.557976,0.094716
E4_commercial_synergy,Parallel PIAP,same_asset,0.415,15.0,1.0,0.0,0.18,0.0,250000,360.2684616542374,3.194252343003039,-559.4006505566923,1597.1261715015194,-1209.1761310311156,-900.9664062064918,-1652.9717849350975,0.547688,1122.8758339990186,0.3208444342160028,276.1079824376241,3.1921127011491213,269.85144154337183,282.3645233318764,0.90756,1.202861851546775,0.510932,0.17567247502487995,3.1942657363558955,9.832892591123452,0.90756,0.489068,0.75816,0.557976,0.094716
E4_commercial_synergy,Parallel PIAP,same_asset,0.415,15.0,1.0,0.0,0.19,0.0,250000,363.7017753097726,3.203299832933506,-559.4006505566923,1601.649916466753,-1209.1761310311156,-900.9664062064918,-1652.9717849350975,0.547688,1122.8758339990186,0.3239020417907493,279.54129609315936,3.199635018859268,273.2700114561952,285.8125807301235,0.90756,1.202861851546775,0.510932,0.17567247502487995,3.1942657363558955,9.832892591123452,0.90756,0.489068,0.75816,0.557976,0.094716
E4_commercial_synergy,Parallel PIAP,same_asset,0.415,15.0,1.0,0.0,0.2,0.0,250000,367.13508896530783,3.2123499229039334,-559.4006505566923,1606.1749614519667,-1209.1761310311156,-900.9664062064918,-1652.9717849350975,0.547688,1122.8758339990186,0.3269596493654958,282.9746097486946,3.2071678206170033,276.68856082028526,289.26065867710395,0.90756,1.202861851546775,0.510932,0.17567247502487995,3.1942657363558955,9.832892591123452,0.90756,0.489068,0.75816,0.557976,0.094716
E4_commercial_synergy,Parallel PIAP,same_asset,0.415,15.0,1.0,0.0,0.21,0.0,250000,370.5684026208431,3.2214025910009516,-559.4006505566923,1610.701295500476,-1209.1761310311156,-900.9664062064918,-1652.9717849350975,0.547688,1122.8758339990186,0.33001725694024237,286.40792340422985,3.214711032722777,280.1070897800932,292.7087570283665,0.90756,1.202861851546775,0.510932,0.17567247502487995,3.1942657363558955,9.832892591123452,0.90756,0.489068,0.75816,0.557976,0.094716
E4_commercial_synergy,Parallel PIAP,same_asset,0.415,15.0,1.0,0.0,0.22,0.0,250000,374.0017162763784,3.2304578155506136,-559.4006505566923,1615.2289077753069,-1209.1761310311156,-900.9664062064918,-1652.9717849350975,0.547688,1122.8758339990186,0.33307486451498897,289.8412370597651,3.222264582065775,283.52559847891615,296.15687564061403,0.90756,1.202861851546775,0.510932,0.17567247502487995,3.1942657363558955,9.832892591123452,0.90756,0.489068,0.75816,0.557976,0.094716
E4_commercial_synergy,Parallel PIAP,same_asset,0.415,15.0,1.0,0.0,0.23,0.0,250000,377.43502993191356,3.2395155751152203,-559.4006505566923,1619.75778755761,-1209.1761310311156,-900.9664062064918,-1652.9717849350975,0.547688,1122.8758339990186,0.33613247208973546,293.27455071530034,3.2298283961193923,286.94408705890635,299.6050143716943,0.90756,1.202861851546775,0.510932,0.17567247502487995,3.1942657363558955,9.832892591123452,0.90756,0.489068,0.75816,0.557976,0.094716
E4_commercial_synergy,Parallel PIAP,same_asset,0.415,15.0,1.0,0.0,0.24,0.0,250000,380.86834358744886,3.248575848490197,-559.4006505566923,1624.2879242450986,-1209.1761310311156,-900.9664062064918,-1652.9717849350975,0.547688,1122.8758339990186,0.33919007966448206,296.7078643708355,3.2374024029367225,290.36255566107957,303.0531730805915,0.90756,1.202861851546775,0.510932,0.17567247502487995,3.1942657363558955,9.832892591123452,0.90756,0.489068,0.75816,0.557976,0.094716
E4_commercial_synergy,Parallel PIAP,same_asset,0.415,15.0,1.0,0.0,0.25,0.0,250000,384.30165724298405,3.2576386147010195,-559.4006505566923,1628.8193073505097,-1209.1761310311156,-900.9664062064918,-1652.9717849350975,0.547688,1122.8758339990186,0.34224768723922855,300.1411780263708,3.244986531146072,293.7810044253245,306.50135162741714,0.90756,1.202861851546775,0.510932,0.17567247502487995,3.1942657363558955,9.832892591123452,0.90756,0.489068,0.75816,0.546172,0.094716
E4_commercial_synergy,Parallel PIAP,same_asset,0.415,15.0,1.0,0.0,0.26,0.0,250000,387.73497089851935,3.266703853000177,-559.4006505566923,1633.3519265000884,-1209.1761310311156,-900.9664062064918,-1652.9717849350975,0.547688,1122.8758339990186,0.34530529481397515,303.5744916819061,3.252580709946493,297.199433490411,309.9495498734012,0.90756,1.202861851546775,0.510932,0.17567247502487995,3.1942657363558955,9.832892591123452,0.90756,0.489068,0.75816,0.546172,0.094716
E4_commercial_synergy,Parallel PIAP,same_asset,0.415,15.0,1.0,0.0,0.27,0.0,250000,391.1682845540546,3.2757715428641974,-559.4006505566923,1637.8857714320986,-1209.1761310311156,-900.9664062064918,-1652.9717849350975,0.547688,1122.8758339990186,0.3483629023887217,307.0078053374413,3.260184869103331,300.6178429939988,313.3977676808838,0.90756,1.202861851546775,0.510932,0.17567247502487995,3.1942657363558955,9.832892591123452,0.90756,0.489068,0.75816,0.546172,0.094716
E4_commercial_synergy,Parallel PIAP,same_asset,0.415,15.0,1.0,0.0,0.28,0.0,250000,394.60159820958984,3.284841663990705,-559.4006505566923,1642.4208319953525,-1209.1761310311156,-900.9664062064918,-1652.9717849350975,0.547688,1122.8758339990186,0.35142050996346824,310.44111899297656,3.267798938943801,304.0362330726467,316.8460049133064,0.90756,1.202861851546775,0.510932,0.17567247502487995,3.1942657363558955,9.832892591123452,0.90756,0.489068,0.75816,0.546172,0.094716
E4_commercial_synergy,Parallel PIAP,same_asset,0.415,15.0,1.0,0.0,0.29,0.0,250000,398.0349118651251,3.293914196295529,-559.4006505566923,1646.9570981477646,-1209.1761310311156,-900.9664062064918,-1652.9717849350975,0.547688,1122.8758339990186,0.3544781175382148,313.87443264851174,3.2754228503525793,307.4546038618207,320.29426143520277,0.90756,1.202861851546775,0.510932,0.17567247502487995,3.1942657363558955,9.832892591123452,0.90756,0.489068,0.75816,0.54396,0.094716
E4_commercial_synergy,Parallel PIAP,same_asset,0.415,15.0,1.0,0.0,0.3,0.0,250000,401.4682255206603,3.3029891199098547,-559.4006505566923,1651.4945599549274,-1209.1761310311156,-900.9664062064918,-1652.9717849350975,0.547688,1122.8758339990186,0.35753572511296133,317.30774630404704,3.283056534767419,310.8729554959029,323.7425371121912,0.90756,1.202861851546775,0.510932,0.17567247502487995,3.1942657363558955,9.832892591123452,0.90756,0.489068,0.75816,0.54396,0.094716
E4_commercial_synergy,Parallel PIAP,same_asset,0.415,15.0,1.0,0.0,0.31,0.0,250000,404.9015391761956,3.312066415177417,-559.4006505566923,1656.0332075887086,-1209.1761310311156,-900.9664062064918,-1652.9717849350975,0.547688,1122.8758339990186,0.36059333268770793,320.74105995958234,3.2906999241747874,314.29128810819975,327.19083181096494,0.90756,1.202861851546775,0.510932,0.17567247502487995,3.1942657363558955,9.832892591123452,0.90756,0.489068,0.75816,0.54396,0.094716
E4_commercial_synergy,Parallel PIAP,same_asset,0.415,15.0,1.0,0.0,0.32,0.0,250000,408.33485283173087,3.3211460626517404,-559.4006505566923,1660.5730313258703,-1209.1761310311156,-900.9664062064918,-1652.9717849350975,0.547688,1122.8758339990186,0.3636509402624545,324.17437361511753,3.2983529511055227,317.7096018309507,330.63914539928436,0.90756,1.202861851546775,0.510932,0.17567247502487995,3.1942657363558955,9.832892591123452,0.90756,0.489068,0.75816,0.54322,0.094716
E4_commercial_synergy,Parallel PIAP,same_asset,0.415,15.0,1.0,0.0,0.33,0.0,250000,411.76816648726606,3.3302280430934137,-559.4006505566923,1665.114021546707,-1209.1761310311156,-900.9664062064918,-1652.9717849350975,0.547688,1122.8758339990186,0.36670854783720097,327.6076872706528,3.3060155486305147,321.127896795337,334.08747774596856,0.90756,1.202861851546775,0.510932,0.17567247502487995,3.1942657363558955,9.832892591123452,0.90756,0.489068,0.75816,0.54322,0.094716
E4_commercial_synergy,Parallel PIAP,same_asset,0.415,15.0,1.0,0.0,0.34,0.0,250000,415.20148014280136,3.3393123374674123,-559.4006505566923,1669.6561687337062,-1209.1761310311156,-900.9664062064918,-1652.9717849350975,0.547688,1122.8758339990186,0.3697661554119476,331.04100092618813,3.313687650356411,324.5461731314896,337.5358287208867,0.90756,1.202861851546775,0.510932,0.17567247502487995,3.1942657363558955,9.832892591123452,0.90756,0.489068,0.75816,0.54322,0.094716
E4_commercial_synergy,Parallel PIAP,same_asset,0.415,15.0,1.0,0.0,0.35,0.0,250000,418.63479379833655,3.3483989269404586,-559.4006505566923,1674.1994634702294,-1209.1761310311156,-900.9664062064918,-1652.9717849350975,0.547688,1122.8758339990186,0.37282376298669406,334.4743145817233,3.3213691904213425,327.9644309684975,340.98419819494916,0.90756,1.202861851546775,0.510932,0.17567247502487995,3.1942657363558955,9.832892591123452,0.90756,0.489068,0.75816,0.54322,0.094716
E4_commercial_synergy,Parallel PIAP,same_asset,0.415,15.0,1.0,0.0,0.36,0.0,250000,422.06810745387185,3.357487792878422,-559.4006505566923,1678.7438964392109,-1209.1761310311156,-900.9664062064918,-1652.9717849350975,0.547688,1122.8758339990186,0.37588137056144066,337.9076282372585,3.3290601034906695,331.3826704344168,344.4325860401002,0.90756,1.202861851546775,0.510932,0.17567247502487995,3.1942657363558955,9.832892591123452,0.90756,0.489068,0.75816,0.542872,0.094716
E4_commercial_synergy,Parallel PIAP,same_asset,0.415,15.0,1.0,0.0,0.37,0.0,250000,425.5014211094071,3.366578916843755,-559.4006505566923,1683.2894584218775,-1209.1761310311156,-900.9664062064918,-1652.9717849350975,0.547688,1122.8758339990186,0.3789389781361872,341.34094189279375,3.3367603247527615,334.80089165627834,347.88099212930916,0.90756,1.202861851546775,0.510932,0.17567247502487995,3.1942657363558955,9.832892591123452,0.90756,0.489068,0.75816,0.542872,0.094716
E4_commercial_synergy,Parallel PIAP,same_asset,0.415,15.0,1.0,0.0,0.38,0.0,250000,428.9347347649423,3.375672280592976,-559.4006505566923,1687.836140296488,-1209.1761310311156,-900.9664062064918,-1652.9717849350975,0.547688,1122.8758339990186,0.3819965857109337,344.774255548329,3.3444697899147857,338.219094760096,351.32941633656196,0.90756,1.202861851546775,0.510932,0.17567247502487995,3.1942657363558955,9.832892591123452,0.90756,0.489068,0.75816,0.542872,0.094716
E4_commercial_synergy,Parallel PIAP,same_asset,0.415,15.0,1.0,0.0,0.39,0.0,250000,432.3680484204775,3.38476786607418,-559.4006505566923,1692.38393303709,-1209.1761310311156,-900.9664062064918,-1652.9717849350975,0.547688,1122.8758339990186,0.38505419328568025,348.2075692038643,3.352188435198536,341.63727987087515,354.77785853685344,0.90756,1.202861851546775,0.510932,0.17567247502487995,3.1942657363558955,9.832892591123452,0.90756,0.489068,0.75816,0.542872,0.094716
E4_commercial_synergy,Parallel PIAP,same_asset,0.415,15.0,1.0,0.0,0.4,0.0,250000,435.8013620760128,3.393865655424591,-559.4006505566923,1696.9328277122954,-1209.1761310311156,-900.9664062064918,-1652.9717849350975,0.547688,1122.8758339990186,0.38811180086042685,351.64088285939954,3.359916197336271,345.05544711262047,358.2263186061786,0.90756,1.202861851546775,0.510932,0.17567247502487995,3.1942657363558955,9.832892591123452,0.90756,0.489068,0.75816,0.542872,0.094716
E4_commercial_synergy,Parallel PIAP,same_asset,0.415,15.0,1.5,0.0,0.0,0.0,250000,413.58256157583605,3.351426002773298,-559.4006505566923,1675.713001386649,-1225.2505355833287,-909.8176432046507,-1674.6370654039565,0.547688,1134.6716426483085,0.36449537119879005,329.42208235922277,3.323866811108504,322.9073034094501,335.93686130899545,0.90756,1.202861851546775,0.510932,0.17567247502487995,3.1942657363558955,10.249338886685178,0.90756,0.489068,0.75816,0.557976,0.094716
E4_commercial_synergy,Parallel PIAP,same_asset,0.415,15.0,1.5,0.0,0.01,0.0,250000,417.2396311755165,3.3610992024934525,-559.4006505566923,1680.5496012467263,-1225.2505355833287,-909.8176432046507,-1674.6370654039565,0.547688,1134.6716426483085,0.3677183913768081,333.0791519589032,3.332053779605868,326.5483265508757,339.6099773669307,0.90756,1.202861851546775,0.510932,0.17567247502487995,3.1942657363558955,10.249338886685178,0.90756,0.489068,0.75816,0.546172,0.094716
E4_commercial_synergy,Parallel PIAP,same_asset,0.415,15.0,1.5,0.0,0.02,0.0,250000,420.896700775197,3.370775006931244,-559.4006505566923,1685.387503465622,-1225.2505355833287,-909.8176432046507,-1674.6370654039565,0.547688,1134.6716426483085,0.3709414115548263,336.73622155858374,3.3402513234479785,330.1893289646257,343.28311415254177,0.90756,1.202861851546775,0.510932,0.17567247502487995,3.1942657363558955,10.249338886685178,0.90756,0.489068,0.75816,0.546172,0.094716
E4_commercial_synergy,Parallel PIAP,same_asset,0.415,15.0,1.5,0.0,0.03,0.0,250000,424.55377037487756,3.3804533937203782,-559.4006505566923,1690.2266968601891,-1225.2505355833287,-909.8176432046507,-1674.6370654039565,0.547688,1134.6716426483085,0.37416443173284447,340.3932911582642,3.3484593649646235,333.8303108029336,346.95627151359486,0.90756,1.202861851546775,0.510932,0.17567247502487995,3.1942657363558955,10.249338886685178,0.90756,0.489068,0.75816,0.546172,0.094716
E4_commercial_synergy,Parallel PIAP,same_asset,0.415,15.0,1.5,0.0,0.04,0.0,250000,428.210839974558,3.3901343407440376,-559.4006505566923,1695.0671703720188,-1225.2505355833287,-909.8176432046507,-1674.6370654039565,0.547688,1134.6716426483085,0.3773874519108626,344.0503607579447,3.3566778271463136,337.47127221673793,350.6294492991515,0.90756,1.202861851546775,0.510932,0.17567247502487995,3.1942657363558955,10.249338886685178,0.90756,0.489068,0.75816,0.54396,0.094716
E4_commercial_synergy,Parallel PIAP,same_asset,0.415,15.0,1.5,0.0,0.05,0.0,250000,431.8679095742385,3.3998178261314957,-559.4006505566923,1699.9089130657478,-1225.2505355833287,-909.8176432046507,-1674.6370654039565,0.547688,1134.6716426483085,0.38061047208888077,347.70743035762524,3.36490663363862,341.11221335569354,354.30264735955694,0.90756,1.202861851546775,0.510932,0.17567247502487995,3.1942657363558955,10.249338886685178,0.90756,0.489068,0.75816,0.54396,0.094716
E4_commercial_synergy,Parallel PIAP,same_asset,0.415,15.0,1.5,0.0,0.06,0.0,250000,435.52497917391895,3.409503828254788,-559.4006505566923,1704.751914127394,-1225.2505355833287,-909.8176432046507,-1674.6370654039565,0.547688,1134.6716426483085,0.38383349226689883,351.36449995730567,3.3731457087365473,344.75313436818203,357.9758655464293,0.90756,1.202861851546775,0.510932,0.17567247502487995,3.1942657363558955,10.249338886685178,0.90756,0.489068,0.75816,0.54396,0.094716
E4_commercial_synergy,Parallel PIAP,same_asset,0.415,15.0,1.5,0.0,0.07,0.0,250000,439.1820487735995,3.4191923257254357,-559.4006505566923,1709.5961628627178,-1225.2505355833287,-909.8176432046507,-1674.6370654039565,0.547688,1134.6716426483085,0.387056512444917,355.0215695569862,3.3813949773789314,348.3940354013235,361.6491037126489,0.90756,1.202861851546775,0.510932,0.17567247502487995,3.1942657363558955,10.249338886685178,0.90756,0.489068,0.75816,0.54396,0.094716
E4_commercial_synergy,Parallel PIAP,same_asset,0.415,15.0,1.5,0.0,0.08,0.0,250000,442.83911837328,3.4288832973912178,-559.4006505566923,1714.4416486956088,-1225.2505355833287,-909.8176432046507,-1674.6370654039565,0.547688,1134.6716426483085,0.3902795326229352,358.67863915666675,3.389654365142888,352.03491660098666,365.32236171234683,0.90756,1.202861851546775,0.510932,0.17567247502487995,3.1942657363558955,10.249338886685178,0.90756,0.489068,0.75816,0.54322,0.094716
E4_commercial_synergy,Parallel PIAP,same_asset,0.415,15.0,1.5,0.0,0.09,0.0,250000,446.4961879729605,3.4385767223329937,-559.4006505566923,1719.2883611664968,-1225.2505355833287,-909.8176432046507,-1674.6370654039565,0.547688,1134.6716426483085,0.39350255280095336,362.3357087563473,3.3979237982382857,355.67577811180024,368.99563940089433,0.90756,1.202861851546775,0.510932,0.17567247502487995,3.1942657363558955,10.249338886685178,0.90756,0.489068,0.75816,0.54322,0.094716
E4_commercial_synergy,Parallel PIAP,same_asset,0.415,15.0,1.5,0.0,0.1,0.0,250000,450.153257572641,3.4482725798615816,-559.4006505566923,1724.1362899307908,-1225.2505355833287,-909.8176432046507,-1674.6370654039565,0.547688,1134.6716426483085,0.3967255729789715,365.9927783560277,3.406203203502259,359.3166200771633,372.66893663489213,0.90756,1.202861851546775,0.510932,0.17567247502487995,3.1942657363558955,10.249338886685178,0.90756,0.489068,0.75816,0.54322,0.094716
E4_commercial_synergy,Parallel PIAP,same_asset,0.415,15.0,1.5,0.0,0.11,0.0,250000,453.8103271723214,3.4579708495146786,-559.4006505566923,1728.9854247573394,-1225.2505355833287,-909.8176432046507,-1674.6370654039565,0.54066,1134.6716426483085,0.3999485931569896,369.64984795570825,3.414492508393758,362.9574426392565,376.34225327216,0.90756,1.202861851546775,0.510932,0.17567247502487995,3.1942657363558955,10.249338886685178,0.90756,0.489068,0.75816,0.542872,0.094716
E4_commercial_synergy,Parallel PIAP,same_asset,0.415,15.0,1.5,0.0,0.12,0.0,250000,457.46739677200196,3.4676715110538345,-559.4006505566923,1733.8357555269172,-1225.2505355833287,-909.8176432046507,-1674.6370654039565,0.54066,1134.6716426483085,0.4031716133350078,373.3069175553887,3.422791640988133,366.59824593905194,380.0155891717254,0.90756,1.202861851546775,0.510932,0.17567247502487995,3.1942657363558955,10.249338886685178,0.90756,0.489068,0.75816,0.542872,0.094716
E4_commercial_synergy,Parallel PIAP,same_asset,0.415,15.0,1.5,0.0,0.13,0.0,250000,461.12446637168244,3.477374544461466,-559.4006505566923,1738.687272230733,-1225.2505355833287,-909.8176432046507,-1674.6370654039565,0.54066,1134.6716426483085,0.4063946335130259,376.9639871550692,3.431100529971755,370.23903011632456,383.6889441938139,0.90756,1.202861851546775,0.510932,0.17567247502487995,3.1942657363558955,10.249338886685178,0.90756,0.489068,0.75816,0.542872,0.094716
E4_commercial_synergy,Parallel PIAP,same_asset,0.415,15.0,1.5,0.0,0.14,0.0,250000,464.78153597136304,3.487079929937926,-559.4006505566923,1743.539964968963,-1225.2505355833287,-909.8176432046507,-1674.6370654039565,0.54066,1134.6716426483085,0.40961765369104414,380.62105675474976,3.4394191046366798,373.87979530966186,387.36231819983766,0.90756,1.202861851546775,0.510932,0.17567247502487995,3.1942657363558955,10.249338886685178,0.90756,0.489068,0.75816,0.542872,0.094716
E4_commercial_synergy,Parallel PIAP,same_asset,0.415,15.0,1.5,0.0,0.15,0.0,250000,468.4386055710435,3.4967876478986075,-559.4006505566923,1748.3938239493039,-1225.2505355833287,-909.8176432046507,-1674.6370654039565,0.535884,1134.6716426483085,0.41284067386906226,384.2781263544302,3.4477472948753345,377.5205416564745,391.03571105238586,0.90756,1.202861851546775,0.510932,0.17567247502487995,3.1942657363558955,10.249338886685178,0.90756,0.489068,0.75816,0.542872,0.094716
E4_commercial_synergy,Parallel PIAP,same_asset,0.415,15.0,1.5,0.0,0.16,0.0,250000,472.095675170724,3.506497678971107,-559.4006505566923,1753.2488394855534,-1225.2505355833287,-909.8176432046507,-1674.6370654039565,0.535884,1134.6716426483085,0.41606369404708043,387.9351959541107,3.4560850311752582,381.1612692930072,394.70912261521426,0.90756,1.202861851546775,0.510932,0.17567247502487995,3.1942657363558955,10.249338886685178,0.90756,0.489068,0.75816,0.542872,0.094716
E4_commercial_synergy,Parallel PIAP,same_asset,0.415,15.0,1.5,0.0,0.17,0.0,250000,475.7527447704045,3.5162100039924136,-559.4006505566923,1758.1050019962067,-1225.2505355833287,-909.8176432046507,-1674.6370654039565,0.535452,1134.6716426483085,0.41928671422509856,391.5922655537912,3.4644322446138673,384.801978354348,398.3825527532344,0.90756,1.202861851546775,0.510932,0.17567247502487995,3.1942657363558955,10.249338886685178,0.90756,0.489068,0.75816,0.542872,0.094716
E4_commercial_synergy,Parallel PIAP,same_asset,0.415,15.0,1.5,0.0,0.18,0.0,250000,479.409814370085,3.5259246040061596,-559.4006505566923,1762.9623020030797,-1225.2505355833287,-909.8176432046507,-1674.6370654039565,0.534528,1134.6716426483085,0.4225097344031167,395.2493351534717,3.472788866853262,388.4426689744393,402.0560013325041,0.90756,1.202861851546775,0.510932,0.17567247502487995,3.1942657363558955,10.249338886685178,0.90756,0.489068,0.75816,0.542872,0.094716
E4_commercial_synergy,Parallel PIAP,same_asset,0.415,15.0,1.5,0.0,0.19,0.0,250000,483.06688396976546,3.535641460259898,-559.4006505566923,1767.820730129949,-1225.2505355833287,-909.8176432046507,-1674.6370654039565,0.534528,1134.6716426483085,0.42573275458113485,398.90640475315223,3.4811548301350705,392.0833412860875,405.729468220217,0.90756,1.202861851546775,0.510932,0.17567247502487995,3.1942657363558955,10.249338886685178,0.90756,0.489068,0.75816,0.542872,0.094716
E4_commercial_synergy,Parallel PIAP,same_asset,0.415,15.0,1.5,0.0,0.2,0.0,250000,486.723953569446,3.545360554202434,-559.4006505566923,1772.680277101217,-1225.2505355833287,-909.8176432046507,-1674.6370654039565,0.534528,1134.6716426483085,0.42895577475915303,402.5634743528327,3.4895300672753335,395.72399542097304,409.4029532846924,0.90756,1.202861851546775,0.510932,0.17567247502487995,3.1942657363558955,10.249338886685178,0.90756,0.489068,0.75816,0.542872,0.094716
E4_commercial_synergy,Parallel PIAP,same_asset,0.415,15.0,1.5,0.0,0.21,0.0,250000,490.38102316912654,3.555081867481187,-559.4006505566923,1777.5409337405933,-1225.2505355833287,-909.8176432046507,-1674.6370654039565,0.534528,1134.6716426483085,0.4321787949371712,406.2205439525132,3.497914511659419,399.36463150966074,413.07645639536565,0.90756,1.202861851546775,0.510932,0.17567247502487995,3.1942657363558955,10.249338886685178,0.90756,0.489068,0.659436,0.542872,0.094716
E4_commercial_synergy,Parallel PIAP,same_asset,0.415,15.0,1.5,0.0,0.22,0.0,250000,494.038092768807,3.564805381939602,-559.4006505566923,1782.402690969801,-1225.2505355833287,-909.8176432046507,-1674.6370654039565,0.533672,1134.6716426483085,0.43540181511518933,409.87761355219374,3.5063080972369782,403.00524968160926,416.7499774227782,0.90756,1.202861851546775,0.510932,0.17567247502487995,3.1942657363558955,10.249338886685178,0.90756,0.489068,0.659436,0.542872,0.094716
E4_commercial_synergy,Parallel PIAP,same_asset,0.415,15.0,1.5,0.0,0.23,0.0,250000,497.69516236848756,3.574531079614593,-559.4006505566923,1787.2655398072966,-1225.2505355833287,-909.8176432046507,-1674.6370654039565,0.533672,1134.6716426483085,0.4386248352932075,413.5346831518742,3.5147107585169417,406.64585006518104,420.4235162385674,0.90756,1.202861851546775,0.510932,0.17567247502487995,3.1942657363558955,10.249338886685178,0.90756,0.489068,0.659436,0.542872,0.094716
E4_commercial_synergy,Parallel PIAP,same_asset,0.415,15.0,1.5,0.0,0.24,0.0,250000,501.35223196816804,3.584258942734031,-559.4006505566923,1792.1294713670154,-1225.2505355833287,-909.8176432046507,-1674.6370654039565,0.533384,1134.6716426483085,0.4418478554712257,417.1917527515547,3.5231224305625495,410.28643278765213,424.0970727154573,0.90756,1.202861851546775,0.510932,0.17567247502487995,3.1942657363558955,10.249338886685178,0.90756,0.489068,0.659436,0.542872,0.094716
E4_commercial_synergy,Parallel PIAP,same_asset,0.415,15.0,1.5,0.0,0.25,0.0,250000,505.00930156784847,3.593988953714267,-559.4006505566923,1796.9944768571336,-1225.2505355833287,-909.8176432046507,-1674.6370654039565,0.533264,1134.6716426483085,0.44507087564924375,420.8488223512352,3.531543048986418,413.9269979752218,427.77064672724856,0.90756,1.202861851546775,0.510932,0.17567247502487995,3.1942657363558955,10.249338886685178,0.90756,0.489068,0.659436,0.542872,0.094716
E4_commercial_synergy,Parallel PIAP,same_asset,0.415,15.0,1.5,0.0,0.26,0.0,250000,508.66637116752906,3.603721095157693,-559.4006505566923,1801.8605475788465,-1225.2505355833287,-909.8176432046507,-1674.6370654039565,0.533264,1134.6716426483085,0.448293895827262,424.50589195091584,3.5399725499456483,417.5675457530224,431.4442381488093,0.90756,1.202861851546775,0.510932,0.17567247502487995,3.1942657363558955,10.249338886685178,0.90756,0.489068,0.659436,0.542872,0.094716
E4_commercial_synergy,Parallel PIAP,same_asset,0.415,15.0,1.5,0.0,0.27,0.0,250000,512.3234407672095,3.6134553498503403,-559.4006505566923,1806.7276749251703,-1225.2505355833287,-909.8176432046507,-1674.6370654039565,0.533264,1134.6716426483085,0.4515169160052801,428.16296155059626,3.5484108701369683,421.2080762451278,435.1178468560647,0.90756,1.202861851546775,0.510932,0.17567247502487995,3.1942657363558955,10.249338886685178,0.90756,0.489068,0.659436,0.542872,0.094716
E4_commercial_synergy,Parallel PIAP,same_asset,0.415,15.0,1.5,0.0,0.28,0.0,250000,515.98051036689,3.623191700759514,-559.4006505566923,1811.595850379757,-1225.2505355833287,-909.8176432046507,-1674.6370654039565,0.533264,1134.6716426483085,0.4547399361832983,431.82003115027675,3.556857946791914,424.8485895745646,438.7914727259889,0.90756,1.202861851546775,0.510932,0.17567247502487995,3.1942657363558955,10.249338886685178,0.90756,0.489068,0.659436,0.5372,0.094716
E4_commercial_synergy,Parallel PIAP,same_asset,0.415,15.0,1.5,0.0,0.29,0.0,250000,519.6375799665705,3.632930131031463,-559.4006505566923,1816.4650655157316,-1225.2505355833287,-909.8176432046507,-1674.6370654039565,0.532932,1134.6716426483085,0.45796295636131634,435.47710074995723,3.565313717672047,428.48908586332004,442.4651156365944,0.90756,1.202861851546775,0.510932,0.17567247502487995,3.1942657363558955,10.249338886685178,0.90756,0.489068,0.659436,0.5372,0.094716
E4_commercial_synergy,Parallel PIAP,same_asset,0.415,15.0,1.5,0.0,0.3,0.0,250000,523.294649566251,3.642670623989086,-559.4006505566923,1821.335311994543,-1225.2505355833287,-909.8176432046507,-1674.6370654039565,0.532932,1134.6716426483085,0.4611859765393345,439.13417034963777,3.5737781210642114,432.1295652323519,446.1387754669236,0.90756,1.202861851546775,0.510932,0.17567247502487995,3.1942657363558955,10.249338886685178,0.90756,0.489068,0.659436,0.5372,0.094716
E4_commercial_synergy,Parallel PIAP,same_asset,0.415,15.0,1.5,0.0,0.31,0.0,250000,526.9517191659314,3.6524131631296703,-559.4006505566923,1826.2065815648352,-1225.2505355833287,-909.8176432046507,-1674.6370654039565,0.532724,1134.6716426483085,0.46440899671735264,442.79123994931825,3.582251095775827,435.7700278015976,449.8124520970389,0.90756,1.202861851546775,0.510932,0.17567247502487995,3.1942657363558955,10.249338886685178,0.90756,0.489068,0.659436,0.536104,0.094716
E4_commercial_synergy,Parallel PIAP,same_asset,0.415,15.0,1.5,0.0,0.32,0.0,250000,530.608788765612,3.662157732122665,-559.4006505566923,1831.0788660613325,-1225.2505355833287,-909.8176432046507,-1674.6370654039565,0.532724,1134.6716426483085,0.4676320168953708,446.4483095489988,3.5907325811302173,439.4104736899836,453.486145408014,0.90756,1.202861851546775,0.510932,0.17567247502487995,3.1942657363558955,10.249338886685178,0.90756,0.489068,0.659436,0.536104,0.094716
E4_commercial_synergy,Parallel PIAP,same_asset,0.415,15.0,1.5,0.0,0.33,0.0,250000,534.2658583652925,3.671904314807488,-559.4006505566923,1835.952157403744,-1225.2505355833287,-909.8176432046507,-1674.6370654039565,0.532724,1134.6716426483085,0.470855037073389,450.1053791486793,3.5992225169619783,443.0509030154338,457.15985528192476,0.90756,1.202861851546775,0.510932,0.17567247502487995,3.1942657363558955,10.249338886685178,0.90756,0.489068,0.659436,0.536104,0.094716
E4_commercial_synergy,Parallel PIAP,same_asset,0.415,15.0,1.5,0.0,0.34,0.0,250000,537.9229279649729,3.6816528951913656,-559.4006505566923,1840.8264475956828,-1225.2505355833287,-909.8176432046507,-1674.6370654039565,0.532724,1134.6716426483085,0.47407805725140706,453.7624487483598,3.607720843612385,446.69131589487955,460.8335816018401,0.90756,1.202861851546775,0.510932,0.17567247502487995,3.1942657363558955,10.249338886685178,0.90756,0.489068,0.659436,0.535676,0.094716
E4_commercial_synergy,Parallel PIAP,same_asset,0.415,15.0,1.5,0.0,0.35,0.0,250000,541.5799975646536,3.6914034574472048,-559.4006505566923,1845.7017287236024,-1225.2505355833287,-909.8176432046507,-1674.6370654039565,0.532724,1134.6716426483085,0.47730107742942535,457.41951834804024,3.6162275019248287,450.33171244426757,464.5073242518129,0.90756,1.202861851546775,0.510932,0.17567247502487995,3.1942657363558955,10.249338886685178,0.90756,0.489068,0.659436,0.535676,0.094716
E4_commercial_synergy,Parallel PIAP,same_asset,0.415,15.0,1.5,0.0,0.36,0.0,250000,545.2370671643339,3.701155985911493,-559.4006505566923,1850.5779929557464,-1225.2505355833287,-909.8176432046507,-1674.6370654039565,0.532724,1134.6716426483085,0.48052409760744336,461.07658794772067,3.6247424332402995,453.9720927785697,468.18108311687166,0.90756,1.202861851546775,0.510932,0.17567247502487995,3.1942657363558955,10.249338886685178,0.90756,0.489068,0.659436,0.535676,0.094716
E4_commercial_synergy,Parallel PIAP,same_asset,0.415,15.0,1.5,0.0,0.37,0.0,250000,548.8941367640144,3.7109104650822378,-559.4006505566923,1855.455232541119,-1225.2505355833287,-909.8176432046507,-1674.6370654039565,0.532584,1134.6716426483085,0.48374711778546153,464.7336575474012,3.6332655793928996,457.61245701179115,471.85485808301127,0.90756,1.202861851546775,0.510932,0.17567247502487995,3.1942657363558955,10.249338886685178,0.90756,0.489068,0.659436,0.535676,0.094716
E4_commercial_synergy,Parallel PIAP,same_asset,0.415,15.0,1.5,0.0,0.38,0.0,250000,552.5512063636952,3.720666879616926,-559.4006505566923,1860.333439808463,-1225.2505355833287,-909.8176432046507,-1674.6370654039565,0.532584,1134.6716426483085,0.48697013796347993,468.39072714708175,3.6417968827053944,461.2528052569792,475.5286490371843,0.90756,1.202861851546775,0.510932,0.17567247502487995,3.1942657363558955,10.249338886685178,0.90756,0.489068,0.659436,0.53552,0.094716
E4_commercial_synergy,Parallel PIAP,same_asset,0.415,15.0,1.5,0.0,0.39,0.0,250000,556.2082759633755,3.7304252143305225,-559.4006505566923,1865.2126071652613,-1225.2505355833287,-909.8176432046507,-1674.6370654039565,0.532584,1134.6716426483085,0.4901931581414979,472.04779674676223,3.6503362859848023,464.89313762623203,479.20245586729243,0.90756,1.202861851546775,0.510932,0.17567247502487995,3.1942657363558955,10.249338886685178,0.90756,0.489068,0.659436,0.53552,0.094716
E4_commercial_synergy,Parallel PIAP,same_asset,0.415,15.0,1.5,0.0,0.4,0.0,250000,559.8653455630559,3.7401854541934934,-559.4006505566923,1870.0927270967468,-1225.2505355833287,-909.8176432046507,-1674.6370654039565,0.532584,1134.6716426483085,0.493416178319516,475.7048663464427,3.6588837325180212,468.5334542307074,482.87627846217805,0.90756,1.202861851546775,0.510932,0.17567247502487995,3.1942657363558955,10.249338886685178,0.90756,0.489068,0.659436,0.53552,0.094716
E4_commercial_synergy,MSOG,same_indication,0.25,15.0,0.0,0.0,0.0,0.0,250000,82.22274070978433,2.1874362094125943,-167.32757535659454,1093.7181047062973,-1148.2457813904614,-884.1468803601001,-1318.8321326896469,0.52928,1099.8840582353373,0.07475582548373612,-1.9377385068289519,2.16819236879037,-6.187395549658077,2.3119185360001735,0.905368,1.0665276998284376,0.457364,0.09592660638294244,4.055036356696229,9.0,0.905368,0.542636,0.759644,0.621352,0.092552
E4_commercial_synergy,MSOG,same_indication,0.25,15.0,0.0,0.0,0.01,0.0,250000,85.23348651633482,2.194255295080604,-163.336893733372,1097.127647540302,-1148.2457813904614,-884.1468803601001,-1318.8316153599058,0.52928,1099.8840582353373,0.07749315564504508,1.0730072997215423,2.172487157417221,-3.1850675288162105,5.331082128259295,0.905368,1.0665276998284376,0.457364,0.09592660638294244,4.055036356696229,9.0,0.905368,0.542636,0.759644,0.621352,0.092552
E4_commercial_synergy,MSOG,same_indication,0.25,15.0,0.0,0.0,0.02,0.0,250000,88.24423232288532,2.201078938184225,-159.34621211014945,1100.5394690921123,-1148.2457813904614,-884.1468803601001,-1318.8310980301646,0.52928,1099.8840582353373,0.08023048580635406,4.0837531062720505,2.176799442436927,-0.18277380090432604,8.350280013448426,0.905368,1.0665276998284376,0.457364,0.09592660638294244,4.055036356696229,9.0,0.905368,0.542636,0.759644,0.621352,0.092552
E4_commercial_synergy,MSOG,same_indication,0.25,15.0,0.0,0.0,0.03,0.0,250000,91.25497812943581,2.2079070964685354,-155.3555304869269,1103.9535482342678,-1148.2457813904614,-884.1468803601001,-1318.8305807004235,0.52928,1099.8840582353373,0.082967815967663,7.094498912822546,2.181129120073746,2.8194858374780045,11.369511988167087,0.905368,1.0665276998284376,0.457364,0.09592660638294244,4.055036356696229,9.0,0.905368,0.542636,0.759644,0.621352,0.092552
E4_commercial_synergy,MSOG,same_indication,0.25,15.0,0.0,0.0,0.04,0.0,250000,94.26572393598634,2.214739728171923,-151.36484886370437,1107.3698640859616,-1148.2457813904614,-884.1468803601001,-1318.8300633706824,0.52928,1099.8840582353373,0.08570514612897201,10.105244719373081,2.1854760869574004,5.8217115889365765,14.388777849809586,0.905368,1.0665276998284376,0.457364,0.09592660638294244,4.055036356696229,9.0,0.905368,0.542636,0.759644,0.621352,0.092552
E4_commercial_synergy,MSOG,same_indication,0.25,15.0,0.0,0.0,0.05,0.0,250000,97.27646974253688,2.221576792019346,-147.37416724048182,1110.7883960096729,-1148.2457813904614,-884.1468803601001,-1318.8295460409413,0.52928,1099.8840582353373,0.08844247629028101,13.115990525923616,2.189840240127253,8.8239036552742,17.40807739657303,0.905368,1.0665276998284376,0.457364,0.09592660638294244,4.055036356696229,9.0,0.905368,0.542636,0.759644,0.621352,0.092552
E4_commercial_synergy,MSOG,same_indication,0.25,15.0,0.0,0.0,0.06,0.0,250000,100.28721554908735,2.228418247215699,-143.38348561725928,1114.2091236078495,-1148.2457813904614,-884.1468803601001,-1318.8511839282748,0.52928,1099.8840582353373,0.09117980645158995,16.12673633247408,2.1942214770363404,11.826062237482855,20.427410427465308,0.905368,1.0665276998284376,0.457364,0.09592660638294244,4.055036356696229,9.0,0.905368,0.542636,0.759644,0.621352,0.092552
E4_commercial_synergy,MSOG,same_indication,0.25,15.0,0.0,0.0,0.07,0.0,250000,103.29796135563787,2.2352640534392814,-139.39280399403674,1117.6320267196406,-1148.2457813904614,-884.1468803601001,-1318.8511839282748,0.52928,1099.8840582353373,0.09391713661289894,19.137482139024584,2.198619695555257,14.82818753573628,23.44677674231289,0.905368,1.0665276998284376,0.457364,0.09592660638294244,4.055036356696229,9.0,0.905368,0.542636,0.759644,0.621352,0.092552
E4_commercial_synergy,MSOG,same_indication,0.25,15.0,0.0,0.0,0.08,0.0,250000,106.30870716218838,2.242114170835358,-135.4021223708142,1121.057085417679,-1148.2457813904614,-884.1468803601001,-1318.8511839282748,0.52928,1099.8840582353373,0.09665446677420793,22.148227945575112,2.2030347939759007,17.830279749382345,26.46617614176788,0.905368,1.0665276998284376,0.457364,0.09592660638294244,4.055036356696229,9.0,0.905368,0.542636,0.759644,0.621352,0.092552
E4_commercial_synergy,MSOG,same_indication,0.25,15.0,0.0,0.0,0.09,0.0,250000,109.31945296873887,2.248968560009819,-131.41144074759166,1124.4842800049096,-1148.2457813904614,-884.1468803601001,-1318.8511839282748,0.52928,1099.8840582353373,0.09939179693551689,25.158973752125608,2.2074666710150774,20.832339076936055,29.48560842731516,0.905368,1.0665276998284376,0.457364,0.09592660638294244,4.055036356696229,9.0,0.905368,0.542636,0.759644,0.621352,0.092552
E4_commercial_synergy,MSOG,same_indication,0.25,15.0,0.0,0.0,0.1,0.0,250000,112.3301987752894,2.2558271820229394,-127.42075912436911,1127.9135910114696,-1148.2457813904614,-884.1468803601001,-1318.8511839282748,0.52928,1099.8840582353373,0.10212912709682588,28.169719558676135,2.2119152258179637,23.834365716072927,32.50507340127935,0.905368,1.0665276998284376,0.457364,0.09592660638294244,4.055036356696229,9.0,0.905368,0.542636,0.759644,0.621352,0.092552
E4_commercial_synergy,MSOG,same_indication,0.25,15.0,0.0,0.0,0.11,0.0,250000,115.34094458183989,2.2626899983832223,-123.43007750114657,1131.3449991916111,-1148.2457813904614,-884.1468803601001,-1318.8511839282748,0.52928,1099.8840582353373,0.10486645725813484,31.180465365226603,2.2163803579614396,26.83635986362218,35.52457086683103,0.905368,1.0665276998284376,0.457364,0.09592660638294244,4.055036356696229,9.0,0.905368,0.542636,0.759644,0.621352,0.092552
E4_commercial_synergy,MSOG,same_indication,0.25,15.0,0.0,0.0,0.12,0.0,250000,118.35169038839042,2.2695569710413483,-119.43939587792403,1134.7784855206742,-1148.2457813904614,-884.1468803601001,-1318.8511839282748,0.52928,1099.8840582353373,0.10760378741944383,34.19121117177714,2.2208619674572807,29.83832171556087,38.54410062799341,0.905368,1.0665276998284376,0.457364,0.09592660638294244,4.055036356696229,9.0,0.905368,0.542636,0.759644,0.621352,0.092552
E4_commercial_synergy,MSOG,same_indication,0.25,15.0,0.0,0.0,0.13,0.0,250000,121.36243619494093,2.276428062384201,-115.44871425470149,1138.2140311921005,-1148.2457813904614,-884.1468803601001,-1318.8511839282748,0.52928,1099.8840582353373,0.11034111758075281,37.20195697832765,2.225359954755222,32.84025146700742,41.56366248964788,0.905368,1.0665276998284376,0.457364,0.09592660638294244,4.055036356696229,9.0,0.905368,0.542636,0.759644,0.621352,0.092552
E4_commercial_synergy,MSOG,same_indication,0.25,15.0,0.0,0.0,0.14,0.0,250000,124.37318200149143,2.283303235228995,-111.45803263147894,1141.6516176144976,-1148.2457813904614,-884.1468803601001,-1318.8511839282748,0.52928,1099.8840582353373,0.11307844774206179,40.21270278487815,2.2298742207458933,35.84214931221619,44.5832562575401,0.905368,1.0665276998284376,0.457364,0.09592660638294244,4.055036356696229,9.0,0.905368,0.542636,0.759644,0.621352,0.092552
E4_commercial_synergy,MSOG,same_indication,0.25,15.0,0.0,0.0,0.15,0.0,250000,127.3839278080419,2.2901824528174832,-107.46735100825641,1145.0912264087417,-1148.2457813904614,-884.1468803601001,-1318.8511839282748,0.52928,1099.8840582353373,0.11581577790337073,43.22344859142865,2.23440466676362,38.84401544457195,47.60288173828535,0.905368,1.0665276998284376,0.457364,0.09592660638294244,4.055036356696229,9.0,0.905368,0.542636,0.759644,0.621352,0.092552
E4_commercial_synergy,MSOG,same_indication,0.25,15.0,0.0,0.0,0.16,0.0,250000,130.39467361459245,2.297065678810253,-103.47666938503386,1148.5328394051264,-1148.2457813904614,-884.1468803601001,-1318.8511839282748,0.52928,1099.8840582353373,0.11855310806467974,46.23419439797918,2.238951194589105,41.84585005658454,50.62253873937382,0.905368,1.0665276998284376,0.457364,0.09592660638294244,4.055036356696229,9.0,0.905368,0.542636,0.759644,0.621352,0.092552
E4_commercial_synergy,MSOG,same_indication,0.25,15.0,0.0,0.0,0.17,0.0,250000,133.40541942114294,2.3039528772811115,-99.48598776181132,1151.9764386405557,-1148.2457813904614,-884.1468803601001,-1318.8511839282748,0.52928,1099.8840582353373,0.1212904382259887,49.24494020452969,2.2435137064519837,44.847653339883806,53.642227069175576,0.905368,1.0665276998284376,0.457364,0.09592660638294244,4.055036356696229,9.0,0.905368,0.542636,0.759644,0.621352,0.092552
E4_commercial_synergy,MSOG,same_indication,0.25,15.0,0.0,0.0,0.18,0.0,250000,136.41616522769343,2.310844012711549,-95.49530613858879,1155.4220063557746,-1148.2457813904614,-884.1468803601001,-1318.8511839282748,0.52928,1099.8840582353373,0.12402776838729766,52.25568601108017,2.2480921050332543,47.849425485214994,56.66194653694535,0.905368,1.0665276998284376,0.457364,0.09592660638294244,4.055036356696229,9.0,0.905368,0.542636,0.759644,0.621352,0.092552
E4_commercial_synergy,MSOG,same_indication,0.25,15.0,0.0,0.0,0.19,0.0,250000,139.42691103424394,2.3177390499852897,-91.50462451536625,1158.8695249926448,-1148.2457813904614,-884.1468803601001,-1318.8511839282748,0.52928,1099.8840582353373,0.12676509854860665,55.26643181763067,2.2526862934675975,50.851166682434176,59.68169695282716,0.905368,1.0665276998284376,0.457364,0.09592660638294244,4.055036356696229,9.0,0.905368,0.542636,0.759644,0.621352,0.092552
E4_commercial_synergy,MSOG,same_indication,0.25,15.0,0.0,0.0,0.2,0.0,250000,142.43765684079443,2.324637954382921,-87.51394289214369,1162.3189771914606,-1148.2457813904614,-884.1468803601001,-1318.8511839282748,0.52928,1099.8840582353373,0.1295024287099156,58.27717762418121,2.257296175345565,53.852877120503905,62.70147812785852,0.905368,1.0665276998284376,0.457364,0.09592660638294244,4.055036356696229,9.0,0.905368,0.542636,0.759644,0.554332,0.092552
E4_commercial_synergy,MSOG,same_indication,0.25,15.0,0.0,0.0,0.21,0.0,250000,145.448402647345,2.331540691576604,-83.52326126892116,1165.770345788302,-1148.2457813904614,-884.1468803601001,-1318.8511839282748,0.52928,1099.8840582353373,0.13223975887122463,61.28792343073172,2.261921654715663,56.854556987489026,65.72128987397443,0.905368,1.0665276998284376,0.457364,0.09592660638294244,4.055036356696229,9.0,0.905368,0.542636,0.759644,0.554332,0.092552
E4_commercial_synergy,MSOG,same_indication,0.25,15.0,0.0,0.0,0.22,0.0,250000,148.45914845389547,2.338447227624862,-79.53257964569862,1169.223613812431,-1148.2457813904614,-884.1468803601001,-1318.8511839282748,0.52928,1099.8840582353373,0.13497708903253358,64.2986692372822,2.266562636086321,59.85620647055301,68.74113200401139,0.905368,1.0665276998284376,0.457364,0.09592660638294244,4.055036356696229,9.0,0.905368,0.542636,0.759644,0.554332,0.092552
E4_commercial_synergy,MSOG,same_indication,0.25,15.0,0.0,0.0,0.23,0.0,250000,151.46989426044598,2.345357528967449,-75.54189802247608,1172.6787644837245,-1148.2457813904614,-884.1468803601001,-1318.8511839282748,0.52928,1099.8840582353373,0.13771441919384256,67.3094150438327,2.27121902442774,62.85782575595433,71.76100433171106,0.905368,1.0665276998284376,0.457364,0.09592660638294244,4.055036356696229,9.0,0.905368,0.542636,0.759644,0.544188,0.092552
E4_commercial_synergy,MSOG,same_indication,0.25,15.0,0.0,0.0,0.24,0.0,250000,154.48064006699653,2.35227156242029,-71.55121639925353,1176.1357812101448,-1148.2457813904614,-884.1468803601001,-1318.8511839282748,0.52928,1099.8840582353373,0.14045174935515156,70.32016085038322,2.275890725173645,65.85941502904288,74.78090667172356,0.905368,1.0665276998284376,0.457364,0.09592660638294244,4.055036356696229,9.0,0.905368,0.542636,0.759644,0.544188,0.092552
E4_commercial_synergy,MSOG,same_indication,0.25,15.0,0.0,0.0,0.25,0.0,250000,157.491385873547,2.3591892951705,-67.56053477603099,1179.59464758525,-1148.2457813904614,-884.1468803601001,-1318.8511839282748,0.52928,1099.8840582353373,0.1431890795164605,73.33090665693372,2.2805776442229155,68.8609744742568,77.80083883961063,0.905368,1.0665276998284376,0.457364,0.09592660638294244,4.055036356696229,9.0,0.905368,0.542636,0.759644,0.544188,0.092552
E4_commercial_synergy,MSOG,same_indication,0.25,15.0,0.0,0.0,0.26,0.0,250000,160.50213168009745,2.3661106947714785,-63.56985315280845,1183.0553473857392,-1148.2457813904614,-884.1468803601001,-1318.8511839282748,0.52928,1099.8840582353373,0.14592640967776943,76.34165246348424,2.28527968794112,71.86250427511965,80.82080065184883,0.905368,1.0665276998284376,0.457364,0.09592660638294244,4.055036356696229,9.0,0.905368,0.542636,0.759644,0.544188,0.092552
E4_commercial_synergy,MSOG,same_indication,0.25,15.0,0.0,0.0,0.27,0.0,250000,163.512877486648,2.3730357291380715,-59.579171529585906,1186.5178645690357,-1148.2457813904614,-884.1468803601001,-1318.8511839282748,0.52928,1099.8840582353373,0.14866373983907843,79.35239827003473,2.289996763161945,74.86400461423732,83.84079192583214,0.905368,1.0665276998284376,0.457364,0.09592660638294244,4.055036356696229,9.0,0.905368,0.542636,0.759644,0.544188,0.092552
E4_commercial_synergy,MSOG,same_indication,0.25,15.0,0.0,0.0,0.28,0.0,250000,166.52362329319857,2.3799643665418064,-55.58848990636335,1189.9821832709033,-1148.2457813904614,-884.1468803601001,-1318.8511839282748,0.52928,1099.8840582353373,0.1514010700003875,82.36314407658527,2.2947287771885163,77.86547567329578,86.86081247987477,0.905368,1.0665276998284376,0.457364,0.09592660638294244,4.055036356696229,9.0,0.905368,0.542636,0.759644,0.544188,0.092552
E4_commercial_synergy,MSOG,same_indication,0.25,15.0,0.0,0.0,0.29,0.0,250000,169.53436909974903,2.3868965756062046,-51.597808283140836,1193.4482878031024,-1148.2457813904614,-884.1468803601001,-1318.8511839282748,0.52928,1099.8840582353373,0.15413840016169642,85.37388988313576,2.2994756377946297,80.86691763305828,89.88086213321324,0.905368,1.0665276998284376,0.457364,0.09592660638294244,4.055036356696229,9.0,0.905368,0.542636,0.759644,0.544188,0.092552
E4_commercial_synergy,MSOG,same_indication,0.25,15.0,0.0,0.0,0.3,0.0,250000,172.54511490629955,2.393832325302152,-47.60712665991829,1196.916162651076,-1148.2457813904614,-884.1468803601001,-1318.8511839282748,0.52928,1099.8840582353373,0.1568757303230054,88.38463568968626,2.304237253225877,83.86833067336354,92.90094070600898,0.905368,1.0665276998284376,0.457364,0.09592660638294244,4.055036356696229,9.0,0.905368,0.542636,0.759644,0.544188,0.092552
E4_commercial_synergy,MSOG,same_indication,0.25,15.0,0.0,0.0,0.31,0.0,250000,175.55586071285003,2.400771584943347,-43.61644503669574,1200.3857924716735,-1148.2457813904614,-884.1468803601001,-1318.8511839282748,0.52928,1099.8840582353373,0.15961306048431437,91.39538149623677,2.309013532200677,86.86971497312344,95.9210480193501,0.905368,1.0665276998284376,0.457364,0.09592660638294244,4.055036356696229,9.0,0.905368,0.542636,0.759644,0.544188,0.092552
E4_commercial_synergy,MSOG,same_indication,0.25,15.0,0.0,0.0,0.32,0.0,250000,178.56660651940055,2.40771432418181,-39.625763413473194,1203.8571620909051,-1148.2457813904614,-884.1468803601001,-1318.8511839282748,0.52928,1099.8840582353373,0.16235039064562334,94.4061273027873,2.3138043839112155,89.87107071032132,98.94118389525327,0.905368,1.0665276998284376,0.457364,0.09592660638294244,4.055036356696229,9.0,0.905368,0.542636,0.759644,0.544188,0.092552
E4_commercial_synergy,MSOG,same_indication,0.25,15.0,0.0,0.0,0.33,0.0,250000,181.5773523259511,2.4146605130034633,-35.63508179025064,1207.3302565017316,-1148.2457813904614,-884.1468803601001,-1318.8511839282748,0.52928,1099.8840582353373,0.16508772080693235,97.41687310933784,2.3186097180242884,92.87239806201023,101.96134815666545,0.905368,1.0665276998284376,0.457364,0.09592660638294244,4.055036356696229,9.0,0.905368,0.542636,0.759644,0.544188,0.092552
E4_commercial_synergy,MSOG,same_indication,0.25,15.0,0.0,0.0,0.34,0.0,250000,184.58809813250159,2.421610121723772,-31.644400167028095,1210.8050608618862,-1148.2457813904614,-884.1468803601001,-1318.8511839282748,0.52928,1099.8840582353373,0.16782505096824132,100.4276189158883,2.3234294446820587,95.87369720431147,104.98154062746514,0.905368,1.0665276998284376,0.457364,0.09592660638294244,4.055036356696229,9.0,0.905368,0.542636,0.759644,0.544188,0.092552
E4_commercial_synergy,MSOG,same_indication,0.25,15.0,0.0,0.0,0.35,0.0,250000,187.59884393905205,2.4285631209834553,-27.65371854380558,1214.2815604917275,-1148.2457813904614,-884.1468803601001,-1318.8511839282748,0.52928,1099.8840582353373,0.17056238112955024,103.43836472243878,2.3282634745027218,98.87496831241344,108.00176113246411,0.905368,1.0665276998284376,0.457364,0.09592660638294244,4.055036356696229,9.0,0.905368,0.542636,0.759644,0.544188,0.092552
E4_commercial_synergy,MSOG,same_indication,0.25,15.0,0.0,0.0,0.36,0.0,250000,190.6095897456026,2.4355194817442483,-23.66303692058304,1217.7597408721242,-1148.2457813904614,-884.1468803601001,-1318.8511839282748,0.52928,1099.8840582353373,0.17329971129085925,106.44911052898931,2.333111718581087,101.87621156057038,111.02200949740823,0.905368,1.0665276998284376,0.457364,0.09592660638294244,4.055036356696229,9.0,0.905368,0.542636,0.759644,0.544188,0.092552
E4_commercial_synergy,MSOG,same_indication,0.25,15.0,0.0,0.0,0.37,0.0,250000,193.6203355521531,2.442479175284744,-19.672355297360497,1221.239587642372,-1148.2457813904614,-884.1468803601001,-1318.8511839282748,0.52928,1099.8840582353373,0.17603704145216825,109.45985633553985,2.3379740884890694,104.87742712210128,114.04228554897843,0.905368,1.0665276998284376,0.457364,0.09592660638294244,4.055036356696229,9.0,0.905368,0.542636,0.759644,0.544188,0.092552
E4_commercial_synergy,MSOG,same_indication,0.25,15.0,0.0,0.0,0.38,0.0,250000,196.63108135870363,2.44944217319628,-15.681673674137954,1224.72108659814,-1148.2457813904614,-884.1468803601001,-1318.8511839282748,0.52928,1099.8840582353373,0.17877437161347723,112.47060214209031,2.3428504962761063,107.87861516938915,117.06258911479148,0.905368,1.0665276998284376,0.457364,0.09592660638294244,4.055036356696229,9.0,0.905368,0.542636,0.759644,0.544188,0.092552
E4_commercial_synergy,MSOG,same_indication,0.25,15.0,0.0,0.0,0.39,0.0,250000,199.64182716525409,2.4564084473788927,-11.690992050915412,1228.2042236894463,-1148.2457813904614,-884.1468803601001,-1318.8511839282748,0.52928,1099.8840582353373,0.18151170177478618,115.48134794864082,2.347740854469483,110.87977587388063,120.082920023401,0.905368,1.0665276998284376,0.457364,0.09592660638294244,4.055036356696229,9.0,0.905368,0.542636,0.759644,0.544188,0.092552
E4_commercial_synergy,MSOG,same_indication,0.25,15.0,0.0,0.0,0.4,0.0,250000,202.65257297180463,2.4633779700373326,-7.700310427692841,1231.6889850186662,-1148.2457813904614,-884.1468803601001,-1318.8511839282748,0.52928,1099.8840582353373,0.18424903193609518,118.49209375519138,2.3526450760745865,113.88090940608518,123.10327810429757,0.905368,1.0665276998284376,0.457364,0.09592660638294244,4.055036356696229,9.0,0.905368,0.542636,0.759644,0.544188,0.092552
E4_commercial_synergy,MSOG,same_indication,0.25,15.0,0.5,0.0,0.0,0.0,250000,186.34207532581019,2.4399041892129785,-36.53743033236563,1219.9520946064893,-1161.8183631345016,-892.4132343631248,-1370.3895029648663,0.52928,1110.9148178327296,0.16773750096280354,102.18159610919695,2.3360916838176617,97.60285640891433,106.76033580947956,0.905368,1.0665276998284376,0.457364,0.09592660638294244,4.055036356696229,9.416650466992428,0.905368,0.542636,0.759644,0.544188,0.092552
E4_commercial_synergy,MSOG,same_indication,0.25,15.0,0.5,0.0,0.01,0.0,250000,189.5558438139621,2.447325774584911,-32.27764632168773,1223.6628872924555,-1161.8183631345016,-892.4132343631248,-1370.3895029648663,0.52928,1110.9148178327296,0.1706304036737617,105.39536459734883,2.3412818692703614,100.80645213357892,109.98427706111875,0.905368,1.0665276998284376,0.457364,0.09592660638294244,4.055036356696229,9.416650466992428,0.905368,0.542636,0.759644,0.544188,0.092552
E4_commercial_synergy,MSOG,same_indication,0.25,15.0,0.5,0.0,0.02,0.0,250000,192.76961230211396,2.454751161739283,-28.017862311009836,1227.3755808696417,-1161.8183631345016,-892.4132343631248,-1370.3895029648663,0.52928,1110.9148178327296,0.17352330638471983,108.60913308550069,2.3464880251666163,104.01001655617412,113.20824961482725,0.905368,1.0665276998284376,0.457364,0.09592660638294244,4.055036356696229,9.416650466992428,0.905368,0.542636,0.759644,0.544188,0.092552
E4_commercial_synergy,MSOG,same_indication,0.25,15.0,0.5,0.0,0.03,0.0,250000,195.9833807902658,2.4621803162801084,-23.758078300331942,1231.0901581400542,-1161.8183631345016,-892.4132343631248,-1370.3895029648663,0.52928,1110.9148178327296,0.17641620909567796,111.82290157365253,2.3517100454415436,107.21354988458711,116.43225326271795,0.905368,1.0665276998284376,0.457364,0.09592660638294244,4.055036356696229,9.416650466992428,0.905368,0.542636,0.759644,0.544188,0.092552
E4_commercial_synergy,MSOG,same_indication,0.25,15.0,0.5,0.0,0.04,0.0,250000,199.1971492784177,2.469613204207939,-19.498294289654044,1234.8066021039695,-1161.8183631345016,-892.4132343631248,-1370.3895029648663,0.52928,1110.9148178327296,0.1793091118066361,115.03667006180441,2.3569478246484663,110.41705232549342,119.65628779811541,0.905368,1.0665276998284376,0.457364,0.09592660638294244,4.055036356696229,9.416650466992428,0.905368,0.542636,0.759644,0.544188,0.092552
E4_commercial_synergy,MSOG,same_indication,0.25,15.0,0.5,0.0,0.05,0.0,250000,202.41091776656958,2.47704979191443,-15.238510278976147,1238.524895957215,-1161.8183631345016,-892.4132343631248,-1370.3895029648663,0.52928,1110.9148178327296,0.18220201451759427,118.25043854995633,2.362201257959139,113.62052408435642,122.88035301555624,0.905368,1.0665276998284376,0.457364,0.09592660638294244,4.055036356696229,9.416650466992428,0.905368,0.542636,0.759644,0.544188,0.092552
E4_commercial_synergy,MSOG,same_indication,0.25,15.0,0.5,0.0,0.06,0.0,250000,205.62468625472147,2.4844900461769956,-10.978726268298253,1242.2450230884979,-1161.8183631345016,-892.4132343631248,-1370.3895029648663,0.52928,1110.9148178327296,0.18509491722855242,121.46420703810817,2.3674702411638617,116.823965365427,126.10444871078934,0.905368,1.0665276998284376,0.457364,0.09592660638294244,4.055036356696229,9.416650466992428,0.905368,0.542636,0.759644,0.544188,0.092552
E4_commercial_synergy,MSOG,same_indication,0.25,15.0,0.5,0.0,0.07,0.0,250000,208.83845474287335,2.4919339341535425,-6.718942257620352,1245.9669670767712,-1161.8183631345016,-892.4132343631248,-1370.3895029648663,0.517204,1110.9148178327296,0.18798781993951058,124.67797552626006,2.3727546706714833,120.02737637174396,129.32857468077617,0.905368,1.0665276998284376,0.457364,0.09592660638294244,4.055036356696229,9.416650466992428,0.905368,0.542636,0.759644,0.544188,0.092552
E4_commercial_synergy,MSOG,same_indication,0.25,15.0,0.5,0.0,0.08,0.0,250000,212.05222323102518,2.4993814233772844,-2.459158246942458,1249.6907116886423,-1161.8183631345016,-892.4132343631248,-1370.3895029648663,0.517204,1110.9148178327296,0.19088072265046868,127.89174401441191,2.3780544435093014,123.23075730513368,132.55273072369013,0.905368,1.0665276998284376,0.457364,0.09592660638294244,4.055036356696229,9.416650466992428,0.905368,0.542636,0.759644,0.544188,0.092552
E4_commercial_synergy,MSOG,same_indication,0.25,15.0,0.5,0.0,0.09,0.0,250000,215.2659917191771,2.506832481751643,1.8006257637354395,1253.4162408758216,-1161.8183631345016,-892.4132343631248,-1370.3895029648663,0.49904,1110.9148178327296,0.19377362536142684,131.10551250256384,2.38336945732286,126.43410836621103,135.77691663891665,0.905368,1.0665276998284376,0.457364,0.09592660638294244,4.055036356696229,9.416650466992428,0.905368,0.542636,0.759644,0.544188,0.092552
E4_commercial_synergy,MSOG,same_indication,0.25,15.0,0.5,0.0,0.1,0.0,250000,218.47976020732898,2.5142870775452186,6.060409774413337,1257.1435387726094,-1161.8183631345016,-892.4132343631248,-1370.3895029648663,0.49904,1110.9148178327296,0.196666528072385,134.31928099071567,2.388699610375637,129.6374297543794,139.00113222705193,0.905368,1.0665276998284376,0.457364,0.09592660638294244,4.055036356696229,9.416650466992428,0.905368,0.542636,0.759644,0.544188,0.092552
E4_commercial_synergy,MSOG,same_indication,0.25,15.0,0.5,0.0,0.11,0.0,250000,221.69352869548086,2.5217451793868433,10.320193785091234,1260.8725896934216,-1161.8183631345016,-892.4132343631248,-1370.3895029648663,0.49904,1110.9148178327296,0.19955943078334315,137.53304947886758,2.394044801548649,132.84072166783224,142.22537728990292,0.905368,1.0665276998284376,0.457364,0.09592660638294244,4.055036356696229,9.416650466992428,0.905368,0.542636,0.759644,0.544188,0.092552
E4_commercial_synergy,MSOG,same_indication,0.25,15.0,0.5,0.0,0.12,0.0,250000,224.90729718363272,2.529206756260709,14.579977795769125,1264.6033781303545,-1161.8183631345016,-892.4132343631248,-1370.3895029648663,0.49904,1110.9148178327296,0.20245233349430128,140.74681796701944,2.399404930339944,136.04398430355315,145.44965163048573,0.905368,1.0665276998284376,0.457364,0.09592660638294244,4.055036356696229,9.416650466992428,0.905368,0.542636,0.759644,0.544188,0.092552
E4_commercial_synergy,MSOG,same_indication,0.25,15.0,0.5,0.0,0.13,0.0,250000,228.12106567178458,2.5366717775015717,18.83976180644703,1268.335888750786,-1161.8183631345016,-892.4132343631248,-1370.3895029648663,0.49904,1110.9148178327296,0.2053452362052594,143.9605864551713,2.404779896864011,139.24721785731782,148.67395505302477,0.905368,1.0665276998284376,0.457364,0.09592660638294244,4.055036356696229,9.416650466992428,0.905368,0.542636,0.759644,0.544188,0.092552
E4_commercial_synergy,MSOG,same_indication,0.25,15.0,0.5,0.0,0.14,0.0,250000,231.33483415993643,2.5441402127900266,23.099545817124927,1272.0701063950132,-1161.8183631345016,-892.4132343631248,-1370.3895029648663,0.49904,1110.9148178327296,0.20823813891621754,147.1743549433232,2.4101696018510945,142.45042252369507,151.89828736295135,0.905368,1.0665276998284376,0.457364,0.09592660638294244,4.055036356696229,9.416650466992428,0.905368,0.542636,0.759644,0.544188,0.092552
E4_commercial_synergy,MSOG,same_indication,0.25,15.0,0.5,0.0,0.15,0.0,250000,234.54860264808835,2.5516120321478555,27.359329827802817,1275.8060160739278,-1161.8183631345016,-892.4132343631248,-1370.3895029648663,0.496444,1110.9148178327296,0.21113104162717572,150.38812343147504,2.4155739466464237,145.65359849604803,155.12264836690204,0.905368,1.0665276998284376,0.457364,0.09592660638294244,4.055036356696229,9.416650466992428,0.905368,0.542636,0.759644,0.544188,0.092552
E4_commercial_synergy,MSOG,same_indication,0.25,15.0,0.5,0.0,0.16,0.0,250000,237.76237113624018,2.5590872059334497,31.619113838480715,1279.5436029667248,-1161.8183631345016,-892.4132343631248,-1370.3895029648663,0.496444,1110.9148178327296,0.21402394433813382,153.60189191962695,2.4209928332093478,148.85674596653664,158.34703787271727,0.905368,1.0665276998284376,0.457364,0.09592660638294244,4.055036356696229,9.416650466992428,0.905368,0.542636,0.759644,0.544188,0.092552
E4_commercial_synergy,MSOG,same_indication,0.25,15.0,0.5,0.0,0.17,0.0,250000,240.9761396243921,2.566565704837295,35.87889784915862,1283.2828524186475,-1161.8183631345016,-892.4132343631248,-1370.3895029648663,0.492576,1110.9148178327296,0.21691684704909198,156.8156604077788,2.4264261641123968,152.0598651261185,161.57145568943912,0.905368,1.0665276998284376,0.457364,0.09592660638294244,4.055036356696229,9.416650466992428,0.905368,0.542636,0.759644,0.544188,0.092552
E4_commercial_synergy,MSOG,same_indication,0.25,15.0,0.5,0.0,0.18,0.0,250000,244.18990811254395,2.5740474998775342,40.13868185983651,1287.0237499387672,-1161.8183631345016,-892.4132343631248,-1370.3895029648663,0.492576,1110.9148178327296,0.2198097497600501,160.02942889593072,2.4318738425402553,155.2629561645518,164.79590162730963,0.905368,1.0665276998284376,0.457364,0.09592660638294244,4.055036356696229,9.416650466992428,0.905368,0.542636,0.759644,0.544188,0.092552
E4_commercial_synergy,MSOG,same_indication,0.25,15.0,0.5,0.0,0.19,0.0,250000,247.40367660069583,2.58153256239559,44.3984658705144,1290.7662811977948,-1161.8183631345016,-892.4132343631248,-1370.3895029648663,0.492576,1110.9148178327296,0.22270265247100826,163.24319738408255,2.437335772288657,158.46601927039677,168.02037549776833,0.905368,1.0665276998284376,0.457364,0.09592660638294244,4.055036356696229,9.416650466992428,0.905368,0.542636,0.759644,0.544188,0.092552
E4_commercial_synergy,MSOG,same_indication,0.25,15.0,0.5,0.0,0.2,0.0,250000,250.61744508884772,2.5890208640518564,48.658249881192305,1294.5104320259281,-1161.8183631345016,-892.4132343631248,-1370.3895029648663,0.492576,1110.9148178327296,0.22559555518196642,166.45696587223446,2.4428118577632034,161.66905463101858,171.24487711345034,0.905368,1.0665276998284376,0.457364,0.09592660638294244,4.055036356696229,9.416650466992428,0.905368,0.542636,0.759644,0.544188,0.092552
E4_commercial_synergy,MSOG,same_indication,0.25,15.0,0.5,0.0,0.21,0.0,250000,253.8312135769996,2.5965123768214617,52.918033891870195,1298.2561884107308,-1161.8183631345016,-892.4132343631248,-1370.3895029648663,0.492576,1110.9148178327296,0.22848845789292457,169.67073436038632,2.448302003978107,164.87206243258922,174.46940628818342,0.905368,1.0665276998284376,0.457364,0.09592660638294244,4.055036356696229,9.416650466992428,0.905368,0.542636,0.759644,0.544188,0.092552
E4_commercial_synergy,MSOG,same_indication,0.25,15.0,0.5,0.0,0.22,0.0,250000,257.04498206515143,2.604007072990084,57.1778179025481,1302.003536495042,-1161.8183631345016,-892.4132343631248,-1370.3895029648663,0.492184,1110.9148178327296,0.23138136060388267,172.88450284853818,2.4538061165548606,168.07504286009066,177.6939628369857,0.905368,1.0665276998284376,0.457364,0.09592660638294244,4.055036356696229,9.416650466992428,0.905368,0.542636,0.759644,0.544188,0.092552
E4_commercial_synergy,MSOG,same_indication,0.25,15.0,0.5,0.0,0.23,0.0,250000,260.25875055330334,2.611504925149838,61.43760191322599,1305.752462574919,-1161.8183631345016,-892.4132343631248,-1370.3895029648663,0.492184,1110.9148178327296,0.23427426331484086,176.09827133669003,2.4593241017208385,171.27799609731719,180.91854657606288,0.905368,1.0665276998284376,0.457364,0.09592660638294244,4.055036356696229,9.416650466992428,0.905368,0.542636,0.759644,0.513948,0.092552
E4_commercial_synergy,MSOG,same_indication,0.25,15.0,0.5,0.0,0.24,0.0,250000,263.4725190414552,2.6190059061952247,65.69738592390388,1309.5029530976124,-1161.8183631345016,-892.4132343631248,-1370.3895029648663,0.491392,1110.9148178327296,0.237167166025799,179.31203982484195,2.4648558663078255,174.4809223268786,184.14315732280528,0.905368,1.0665276998284376,0.457364,0.09592660638294244,4.055036356696229,9.416650466992428,0.905368,0.542636,0.759644,0.513948,0.092552
E4_commercial_synergy,MSOG,same_indication,0.25,15.0,0.5,0.0,0.25,0.0,250000,266.68628752960706,2.6265099893191364,69.95716993458178,1313.2549946595682,-1161.8183631345016,-892.4132343631248,-1370.3895029648663,0.491392,1110.9148178327296,0.24006006873675712,182.5258083129938,2.470401317750484,177.68382173020285,187.36779489578475,0.905368,1.0665276998284376,0.457364,0.09592660638294244,4.055036356696229,9.416650466992428,0.905368,0.542636,0.759644,0.513948,0.092552
E4_commercial_synergy,MSOG,same_indication,0.25,15.0,0.5,0.0,0.26,0.0,250000,269.900056017759,2.634017148008927,74.21695394525969,1317.0085740044635,-1161.8183631345016,-892.4132343631248,-1370.3895029648663,0.491392,1110.9148178327296,0.24295297144771533,185.73957680114574,2.475960364084749,180.88669448753964,190.59245911475185,0.905368,1.0665276998284376,0.457364,0.09592660638294244,4.055036356696229,9.416650466992428,0.905368,0.542636,0.759644,0.507484,0.092552
E4_commercial_synergy,MSOG,same_indication,0.25,15.0,0.5,0.0,0.27,0.0,250000,273.1138245059108,2.6415273560425385,78.47673795593758,1320.7636780212692,-1161.8183631345016,-892.4132343631248,-1370.3895029648663,0.491392,1110.9148178327296,0.2458458741586734,188.95334528929752,2.48153291394617,184.089540777963,193.81714980063202,0.905368,1.0665276998284376,0.457364,0.09592660638294244,4.055036356696229,9.416650466992428,0.905368,0.542636,0.759644,0.507484,0.092552
E4_commercial_synergy,MSOG,same_indication,0.25,15.0,0.5,0.0,0.28,0.0,250000,276.32759299406274,2.649040587484687,82.73652196661548,1324.5202937423435,-1161.8183631345016,-892.4132343631248,-1370.3895029648663,0.491392,1110.9148178327296,0.24873877686963158,192.16711377744946,2.4871188765681844,187.29236077937583,197.0418667755231,0.905368,1.0665276998284376,0.457364,0.09592660638294244,4.055036356696229,9.416650466992428,0.905368,0.542636,0.759644,0.507484,0.092552
E4_commercial_synergy,MSOG,same_indication,0.25,15.0,0.5,0.0,0.29,0.0,250000,279.5413614822145,2.6565568166831066,86.99630597729336,1328.2784083415534,-1161.8183631345016,-892.4132343631248,-1370.3895029648663,0.491392,1110.9148178327296,0.25163167958058963,195.3808822656013,2.492718161780336,190.49515466851182,200.26660986269076,0.905368,1.0665276998284376,0.457364,0.09592660638294244,4.055036356696229,9.416650466992428,0.905368,0.542636,0.759644,0.507484,0.092552
E4_commercial_synergy,MSOG,same_indication,0.25,15.0,0.5,0.0,0.3,0.0,250000,282.7551299703664,2.664076018264846,88.50497167074184,1332.038009132423,-1161.8183631345016,-892.4132343631248,-1370.3895029648663,0.491392,1110.9148178327296,0.2545245822915478,198.59465075375317,2.4983306800064358,193.69792262094055,203.4913788865658,0.905368,1.0665276998284376,0.457364,0.09592660638294244,4.055036356696229,9.416650466992428,0.905368,0.542636,0.759644,0.5063,0.092552
E4_commercial_synergy,MSOG,same_indication,0.25,15.0,0.5,0.0,0.31,0.0,250000,285.9688984585183,2.6715981671326254,88.50497167074184,1335.7990835663127,-1161.8183631345016,-892.4132343631248,-1370.3895029648663,0.491392,1110.9148178327296,0.25741748500250594,201.80841924190509,2.503956342262666,196.90066481107027,206.7161736727399,0.905368,1.0665276998284376,0.457364,0.09592660638294244,4.055036356696229,9.416650466992428,0.905368,0.542636,0.759644,0.5063,0.092552
E4_commercial_synergy,MSOG,same_indication,0.25,15.0,0.5,0.0,0.32,0.0,250000,289.1826669466702,2.679123238461243,88.50497167074184,1339.5616192306215,-1161.8183631345016,-892.4132343631248,-1370.3895029648663,0.491392,1110.9148178327296,0.26031038771346415,205.02218773005694,2.509595060155636,200.1033814121519,209.940994047962,0.905368,1.0665276998284376,0.457364,0.09592660638294244,4.055036356696229,9.416650466992428,0.905368,0.542636,0.759644,0.5063,0.092552
E4_commercial_synergy,MSOG,same_indication,0.25,15.0,0.5,0.0,0.33,0.0,250000,292.3964354348221,2.6866512076940405,88.50497167074184,1343.3256038470204,-1161.8183631345016,-892.4132343631248,-1370.3895029648663,0.491392,1110.9148178327296,0.26320329042442225,208.2359562182088,2.515246745880381,203.30607259628326,213.16583984013434,0.905368,1.0665276998284376,0.457364,0.09592660638294244,4.055036356696229,9.416650466992428,0.905368,0.542636,0.759644,0.5063,0.092552
E4_commercial_synergy,MSOG,same_indication,0.25,15.0,0.5,0.0,0.34,0.0,250000,295.610203922974,2.694182050539416,88.50497167074184,1347.0910252697079,-1161.8183631345016,-892.4132343631248,-1370.3895029648663,0.491392,1110.9148178327296,0.26609619313538047,211.4497247063607,2.5209113122183116,206.50873853441283,216.3907108783086,0.905368,1.0665276998284376,0.457364,0.09592660638294244,4.055036356696229,9.416650466992428,0.905368,0.542636,0.759644,0.5063,0.092552
E4_commercial_synergy,MSOG,same_indication,0.25,15.0,0.5,0.0,0.35,0.0,250000,298.8239724111258,2.7017157429673873,89.01763652685742,1350.8578714836935,-1161.8183631345016,-892.4132343631248,-1370.3895029648663,0.491392,1110.9148178327296,0.2689890958463385,214.66349319451257,2.526588672535121,209.71137939634374,219.6156069926814,0.905368,1.0665276998284376,0.457364,0.09592660638294244,4.055036356696229,9.416650466992428,0.905368,0.542636,0.759644,0.5063,0.092552
E4_commercial_synergy,MSOG,same_indication,0.25,15.0,0.5,0.0,0.36,0.0,250000,302.0377408992777,2.7092522612062178,93.27742053753533,1354.6261306031088,-1161.8183631345016,-892.4132343631248,-1370.3895029648663,0.491392,1110.9148178327296,0.2718819985572967,217.87726168266445,2.5322787407786396,212.91399535073833,222.84052801459057,0.905368,1.0665276998284376,0.457364,0.09592660638294244,4.055036356696229,9.416650466992428,0.905368,0.542636,0.759644,0.5063,0.092552
E4_commercial_synergy,MSOG,same_indication,0.25,15.0,0.5,0.0,0.37,0.0,250000,305.2515093874296,2.7167915817390766,97.53720454821323,1358.3957908695384,-1161.8183631345016,-892.4132343631248,-1370.3895029648663,0.491392,1110.9148178327296,0.2747749012682549,221.0910301708163,2.5379814314766467,216.11658656512208,226.06547377651054,0.905368,1.0665276998284376,0.457364,0.09592660638294244,4.055036356696229,9.416650466992428,0.905368,0.542636,0.759644,0.5063,0.092552
E4_commercial_synergy,MSOG,same_indication,0.25,15.0,0.5,0.0,0.38,0.0,250000,308.4652778755815,2.7243336813007613,101.79698855889112,1362.1668406503807,-1161.8183631345016,-892.4132343631248,-1370.3895029648663,0.491392,1110.9148178327296,0.277667803979213,224.30479865896817,2.5436966597346427,219.31915320588826,229.29044411204808,0.905368,1.0665276998284376,0.457364,0.09592660638294244,4.055036356696229,9.416650466992428,0.905368,0.542636,0.759644,0.5063,0.092552
E4_commercial_synergy,MSOG,same_indication,0.25,15.0,0.5,0.0,0.39,0.0,250000,311.6790463637333,2.7318785368744587,106.05677256956903,1365.9392684372294,-1161.8183631345016,-892.4132343631248,-1370.3895029648663,0.491392,1110.9148178327296,0.2805607066901711,227.51856714712005,2.5494243412335735,222.52169543830226,232.51543885593784,0.905368,1.0665276998284376,0.457364,0.09592660638294244,4.055036356696229,9.416650466992428,0.905368,0.542636,0.759644,0.5063,0.092552
E4_commercial_synergy,MSOG,same_indication,0.25,15.0,0.5,0.0,0.4,0.0,250000,314.8928148518852,2.739426125688561,110.31655658024692,1369.7130628442803,-1161.8183631345016,-892.4132343631248,-1370.3895029648663,0.491392,1110.9148178327296,0.28345360940112924,230.7323356352719,2.55516439222752,225.72421342650597,235.74045784403785,0.905368,1.0665276998284376,0.457364,0.09592660638294244,4.055036356696229,9.416650466992428,0.905368,0.542636,0.759644,0.5063,0.092552
E4_commercial_synergy,MSOG,same_indication,0.25,15.0,1.0,0.0,0.0,0.0,250000,295.7117714167451,2.709072867964417,84.44988617505471,1354.5364339822086,-1175.82010020594,-900.9664062064918,-1387.2802350027803,0.491392,1122.3155594204543,0.2634836244892175,211.55129220013177,2.531982443575136,206.5886066107245,216.51397778953904,0.905368,1.0665276998284376,0.457364,0.09592660638294244,4.055036356696229,9.833300933984855,0.905368,0.542636,0.759644,0.513948,0.092552
E4_commercial_synergy,MSOG,same_indication,0.25,15.0,1.0,0.0,0.01,0.0,250000,299.1384718897396,2.717102948869397,88.9919071507595,1358.5514744346985,-1175.82010020594,-900.9664062064918,-1387.2802350027803,0.491392,1122.3155594204543,0.26653686601672877,214.9779926731264,2.5380540683138526,210.00340669923125,219.95257864702157,0.905368,1.0665276998284376,0.457364,0.09592660638294244,4.055036356696229,9.833300933984855,0.905368,0.542636,0.759644,0.507484,0.092552
E4_commercial_synergy,MSOG,same_indication,0.25,15.0,1.0,0.0,0.02,0.0,250000,302.56517236273424,2.7251362400181334,93.53392812646429,1362.5681200090667,-1175.82010020594,-900.9664062064918,-1387.2802350027803,0.491392,1122.3155594204543,0.26959010754424007,218.404693146121,2.5441399870855874,213.41817877143325,223.39120752080873,0.905368,1.0665276998284376,0.457364,0.09592660638294244,4.055036356696229,9.833300933984855,0.905368,0.542636,0.759644,0.507484,0.092552
E4_commercial_synergy,MSOG,same_indication,0.25,15.0,1.0,0.0,0.03,0.0,250000,305.9918728357289,2.733172713104157,98.07594910216908,1366.5863565520785,-1175.82010020594,-900.9664062064918,-1387.2802350027803,0.491392,1122.3155594204543,0.2726433490717514,221.83139361911563,2.550240097556068,216.83292302790574,226.82986421032552,0.905368,1.0665276998284376,0.457364,0.09592660638294244,4.055036356696229,9.833300933984855,0.905368,0.542636,0.759644,0.507484,0.092552
E4_commercial_synergy,MSOG,same_indication,0.25,15.0,1.0,0.0,0.04,0.0,250000,309.4185733087235,2.7412123401417996,102.61797007787385,1370.6061700709,-1175.82010020594,-900.9664062064918,-1387.2802350027803,0.491392,1122.3155594204543,0.2756965905992627,225.2580940921102,2.5563542981303056,220.24763966777482,230.2685485164456,0.905368,1.0665276998284376,0.457364,0.09592660638294244,4.055036356696229,9.833300933984855,0.905368,0.542636,0.759644,0.507484,0.092552
E4_commercial_synergy,MSOG,same_indication,0.25,15.0,1.0,0.0,0.05,0.0,250000,312.84527378171816,2.7492550934618274,107.15999105357864,1374.6275467309138,-1175.82010020594,-900.9664062064918,-1387.2802350027803,0.491392,1122.3155594204543,0.27874983212677407,228.68479456510485,2.562482487949404,223.66232888872403,233.70726024148567,0.905368,1.0665276998284376,0.457364,0.09592660638294244,4.055036356696229,9.833300933984855,0.905368,0.542636,0.759644,0.5063,0.092552
E4_commercial_synergy,MSOG,same_indication,0.25,15.0,1.0,0.0,0.06,0.0,250000,316.2719742547128,2.7573009457071413,111.70201202928342,1378.6504728535706,-1175.82010020594,-900.9664062064918,-1387.2802350027803,0.491392,1122.3155594204543,0.2818030736542854,232.1114950380995,2.56862456688731,227.07699088700036,237.14599918919862,0.905368,1.0665276998284376,0.457364,0.09592660638294244,4.055036356696229,9.833300933984855,0.905368,0.542636,0.759644,0.5063,0.092552
E4_commercial_synergy,MSOG,same_indication,0.25,15.0,1.0,0.0,0.07,0.0,250000,319.6986747277074,2.7653498698285475,113.30783065255065,1382.6749349142738,-1175.82010020594,-900.9664062064918,-1387.2802350027803,0.491392,1122.3155594204543,0.28485631518179666,235.53819551109413,2.5747804355475146,230.491625857421,240.58476516476725,0.905368,1.0665276998284376,0.457364,0.09592660638294244,4.055036356696229,9.833300933984855,0.905368,0.542636,0.759644,0.5063,0.092552
E4_commercial_synergy,MSOG,same_indication,0.25,15.0,1.0,0.0,0.08,0.0,250000,323.12537520070197,2.7734018390805915,113.30783065255065,1386.7009195402957,-1175.82010020594,-900.9664062064918,-1387.2802350027803,0.491392,1122.3155594204543,0.28790955670930796,238.9648959840887,2.5809499952597013,233.9062339933797,244.02355797479774,0.905368,1.0665276998284376,0.457364,0.09592660638294244,4.055036356696229,9.833300933984855,0.905368,0.542636,0.759644,0.5063,0.092552
E4_commercial_synergy,MSOG,same_indication,0.25,15.0,1.0,0.0,0.09,0.0,250000,326.55207567369666,2.7814568270174576,113.30783065255065,1390.7284135087289,-1175.82010020594,-900.9664062064918,-1387.2802350027803,0.491392,1122.3155594204543,0.2909627982368193,242.39159645708338,2.5871331480763464,237.32081548685375,247.46237742731302,0.905368,1.0665276998284376,0.457364,0.09592660638294244,4.055036356696229,9.833300933984855,0.905368,0.542636,0.759644,0.5063,0.092552
E4_commercial_synergy,MSOG,same_indication,0.25,15.0,1.0,0.0,0.1,0.0,250000,329.9787761466912,2.789514807488932,113.30783065255065,1394.757403744466,-1175.82010020594,-900.9664062064918,-1387.2802350027803,0.491392,1122.3155594204543,0.29401603976433055,245.81829693007796,2.5933297967692766,240.7353705284102,250.90122333174574,0.905368,1.0665276998284376,0.457364,0.09592660638294244,4.055036356696229,9.833300933984855,0.905368,0.542636,0.759644,0.5063,0.092552
E4_commercial_synergy,MSOG,same_indication,0.25,15.0,1.0,0.0,0.11,0.0,250000,333.4054766196859,2.7975757546364277,113.30783065255065,1398.7878773182138,-1175.82010020594,-900.9664062064918,-1387.2802350027803,0.491392,1122.3155594204543,0.29706928129184196,249.2449974030726,2.5995398448261766,244.1498993072133,254.3400954989319,0.905368,1.0665276998284376,0.457364,0.09592660638294244,4.055036356696229,9.833300933984855,0.905368,0.542636,0.759644,0.5063,0.092552
E4_commercial_synergy,MSOG,same_indication,0.25,15.0,1.0,0.0,0.12,0.0,250000,336.83217709268047,2.8056396428890715,113.30783065255065,1402.8198214445358,-1175.82010020594,-900.9664062064918,-1387.2802350027803,0.491392,1122.3155594204543,0.3001225228193532,252.6716978760672,2.605763196447061,247.56440201103098,257.7789937411035,0.905368,1.0665276998284376,0.457364,0.09592660638294244,4.055036356696229,9.833300933984855,0.905368,0.542636,0.759644,0.5063,0.092552
E4_commercial_synergy,MSOG,same_indication,0.25,15.0,1.0,0.0,0.13,0.0,250000,340.25887756567516,2.813706446959851,113.30783065255065,1406.8532234799256,-1175.82010020594,-900.9664062064918,-1387.2802350027803,0.491392,1122.3155594204543,0.3031757643468646,256.0983983490618,2.6119997565407003,250.97887882624204,261.2179178718816,0.905368,1.0665276998284376,0.457364,0.09592660638294244,4.055036356696229,9.833300933984855,0.905368,0.542636,0.759644,0.5063,0.092552
E4_commercial_synergy,MSOG,same_indication,0.25,15.0,1.0,0.0,0.14,0.0,250000,343.6855780386697,2.821776141841822,113.30783065255065,1410.888070920911,-1175.82010020594,-900.9664062064918,-1387.2802350027803,0.491392,1122.3155594204543,0.30622900587437585,259.52509882205646,2.6182494307210162,254.39332993784328,264.6568677062697,0.905368,1.0665276998284376,0.457364,0.09592660638294244,4.055036356696229,9.833300933984855,0.905368,0.542636,0.759644,0.5063,0.092552
E4_commercial_synergy,MSOG,same_indication,0.25,15.0,1.0,0.0,0.15,0.0,250000,347.11227851166433,2.829848702804371,113.30783065255065,1414.9243514021855,-1175.82010020594,-900.9664062064918,-1387.2802350027803,0.491392,1122.3155594204543,0.30928224740188714,262.95179929505105,2.624512125303434,257.8077555294563,268.0958430606458,0.905368,1.0665276998284376,0.457364,0.09592660638294244,4.055036356696229,9.833300933984855,0.905368,0.542636,0.759644,0.5063,0.092552
E4_commercial_synergy,MSOG,same_indication,0.25,15.0,1.0,0.0,0.16,0.0,250000,350.53897898465897,2.8379241053895394,113.30783065255065,1418.9620526947697,-1175.82010020594,-900.9664062064918,-1387.2802350027803,0.491392,1122.3155594204543,0.3123354889293985,266.3784997680457,2.6307877473012042,261.2221557833353,271.53484375275605,0.905368,1.0665276998284376,0.457364,0.09592660638294244,4.055036356696229,9.833300933984855,0.905368,0.542636,0.759644,0.5063,0.092552
E4_commercial_synergy,MSOG,same_indication,0.25,15.0,1.0,0.0,0.17,0.0,250000,353.9656794576536,2.846002325408401,113.30783065255065,1423.0011627042006,-1175.82010020594,-900.9664062064918,-1387.2802350027803,0.491392,1122.3155594204543,0.3153887304569098,269.8052002410403,2.6370762044216915,264.6365308803738,274.97386960170684,0.905368,1.0665276998284376,0.457364,0.09592660638294244,4.055036356696229,9.833300933984855,0.905368,0.542636,0.759644,0.5063,0.092552
E4_commercial_synergy,MSOG,same_indication,0.25,15.0,1.0,0.0,0.18,0.0,250000,357.3923799306482,2.8540833389374978,113.30783065255065,1427.041669468749,-1175.82010020594,-900.9664062064918,-1387.2802350027803,0.491392,1122.3155594204543,0.3184419719844211,273.2319007140349,2.643377405062633,268.05088100011216,278.41292042795766,0.905368,1.0665276998284376,0.457364,0.09592660638294244,4.055036356696229,9.833300933984855,0.905368,0.542636,0.759644,0.5063,0.092552
E4_commercial_synergy,MSOG,same_indication,0.25,15.0,1.0,0.0,0.19,0.0,250000,360.81908040364283,2.8621671223153227,113.30783065255065,1431.0835611576613,-1175.82010020594,-900.9664062064918,-1387.2802350027803,0.491392,1122.3155594204543,0.32149521351193244,276.65860118702955,2.6496912583083683,271.46520632074515,281.85199605331394,0.905368,1.0665276998284376,0.457364,0.09592660638294244,4.055036356696229,9.833300933984855,0.905368,0.542636,0.759644,0.5063,0.092552
E4_commercial_synergy,MSOG,same_indication,0.25,15.0,1.0,0.0,0.2,0.0,250000,364.24578087663747,2.8702536521388673,113.30783065255065,1435.1268260694337,-1175.82010020594,-900.9664062064918,-1387.2802350027803,0.491392,1122.3155594204543,0.32454845503944374,280.0853016600242,2.656017673926037,274.87950701912916,285.2910963009192,0.905368,1.0665276998284376,0.457364,0.09592660638294244,4.055036356696229,9.833300933984855,0.905368,0.542636,0.759644,0.5063,0.092552
E4_commercial_synergy,MSOG,same_indication,0.25,15.0,1.0,0.0,0.21,0.0,250000,367.6724813496321,2.878342905260215,113.30783065255065,1439.1714526301075,-1175.82010020594,-900.9664062064918,-1387.2802350027803,0.491392,1122.3155594204543,0.3276016965669551,283.5120021330188,2.6623565623617633,278.2937832707898,288.73022099524786,0.905368,1.0665276998284376,0.457364,0.09592660638294244,4.055036356696229,9.833300933984855,0.905368,0.542636,0.759644,0.5063,0.092552
E4_commercial_synergy,MSOG,same_indication,0.25,15.0,1.0,0.0,0.22,0.0,250000,371.0991818226267,2.886434858783184,113.30783065255065,1443.217429391592,-1175.82010020594,-900.9664062064918,-1387.2802350027803,0.491392,1122.3155594204543,0.33065493809446633,286.9387026060134,2.6687078347368014,281.70803524992925,292.16936996209756,0.905368,1.0665276998284376,0.457364,0.09592660638294244,4.055036356696229,9.833300933984855,0.905368,0.542636,0.759644,0.5063,0.092552
E4_commercial_synergy,MSOG,same_indication,0.25,15.0,1.0,0.0,0.23,0.0,250000,374.5258822956213,2.8945294900600267,113.30783065255065,1447.2647450300133,-1175.82010020594,-900.9664062064918,-1387.2802350027803,0.491392,1122.3155594204543,0.33370817962197763,290.36540307900805,2.675071402843671,285.12226312943443,295.60854302858166,0.905368,1.0665276998284376,0.457364,0.09592660638294244,4.055036356696229,9.833300933984855,0.905368,0.542636,0.759644,0.5063,0.092552
E4_commercial_synergy,MSOG,same_indication,0.25,15.0,1.0,0.0,0.24,0.0,250000,377.9525827686159,2.9026267766881757,113.30783065255065,1451.3133883440878,-1175.82010020594,-900.9664062064918,-1387.2802350027803,0.491392,1122.3155594204543,0.336761421149489,293.7921035520027,2.6814471791422623,288.5364670808839,299.0477400231215,0.905368,1.0665276998284376,0.457364,0.09592660638294244,4.055036356696229,9.833300933984855,0.905368,0.542636,0.759644,0.5063,0.092552
E4_commercial_synergy,MSOG,same_indication,0.25,15.0,1.0,0.0,0.25,0.0,250000,381.37928324161055,2.9107266965070413,113.30783065255065,1455.3633482535206,-1175.82010020594,-900.9664062064918,-1387.2802350027803,0.491392,1122.3155594204543,0.3398146626770003,297.21880402499727,2.6878350767559316,291.95064727455565,302.4869607754389,0.905368,1.0665276998284376,0.457364,0.09592660638294244,4.055036356696229,9.833300933984855,0.905368,0.542636,0.759644,0.494328,0.092552
E4_commercial_synergy,MSOG,same_indication,0.25,15.0,1.0,0.0,0.26,0.0,250000,384.8059837146052,2.918829227594854,113.30783065255065,1459.4146137974271,-1175.82010020594,-900.9664062064918,-1387.2802350027803,0.491392,1122.3155594204543,0.34286790420451163,300.6455044979919,2.694235009467567,295.3648038794355,305.9262051165483,0.905368,1.0665276998284376,0.457364,0.09592660638294244,4.055036356696229,9.833300933984855,0.905368,0.542636,0.759644,0.494328,0.092552
E4_commercial_synergy,MSOG,same_indication,0.25,15.0,1.0,0.0,0.27,0.0,250000,388.2326841875998,2.9269343482655583,113.30783065255065,1463.467174132779,-1175.82010020594,-900.9664062064918,-1387.2802350027803,0.491392,1122.3155594204543,0.34592114573202287,304.07220497098655,2.700646891715653,298.77893706322385,309.36547287874924,0.905368,1.0665276998284376,0.457364,0.09592660638294244,4.055036356696229,9.833300933984855,0.905368,0.542636,0.759644,0.494328,0.092552
E4_commercial_synergy,MSOG,same_indication,0.25,15.0,1.0,0.0,0.28,0.0,250000,391.65938466059447,2.9350420370657484,113.30783065255065,1467.5210185328742,-1175.82010020594,-900.9664062064918,-1387.2802350027803,0.491392,1122.3155594204543,0.3489743872595343,307.4989054439812,2.7070706385903023,302.1930469923442,312.8047638956182,0.905368,1.0665276998284376,0.457364,0.09592660638294244,4.055036356696229,9.833300933984855,0.905368,0.542636,0.759644,0.494328,0.092552
E4_commercial_synergy,MSOG,same_indication,0.25,15.0,1.0,0.0,0.29,0.0,250000,395.08608513358905,2.943152272771655,113.30783065255065,1471.5761363858276,-1175.82010020594,-900.9664062064918,-1387.2802350027803,0.491392,1122.3155594204543,0.3520276287870456,310.9256059169757,2.713506165829289,305.6071338319503,316.2440780020011,0.905368,1.0665276998284376,0.457364,0.09592660638294244,4.055036356696229,9.833300933984855,0.905368,0.542636,0.759644,0.491412,0.092552
E4_commercial_synergy,MSOG,same_indication,0.25,15.0,1.0,0.0,0.3,0.0,250000,398.5127856065837,2.9512650343861764,113.30783065255065,1475.6325171930882,-1175.82010020594,-900.9664062064918,-1387.2802350027803,0.491392,1122.3155594204543,0.3550808703145569,314.3523063899704,2.7199533898140626,309.02119774593484,319.683415034006,0.905368,1.0665276998284376,0.457364,0.09592660638294244,4.055036356696229,9.833300933984855,0.905368,0.542636,0.759644,0.491412,0.092552
E4_commercial_synergy,MSOG,same_indication,0.25,15.0,1.0,0.0,0.31,0.0,250000,401.9394860795783,2.959380301135947,113.30783065255065,1479.6901505679737,-1175.82010020594,-900.9664062064918,-1387.2802350027803,0.491392,1122.3155594204543,0.35813411184206817,317.779006862965,2.7264122275657474,312.43523889693614,323.12277482899384,0.905368,1.0665276998284376,0.457364,0.09592660638294244,4.055036356696229,9.833300933984855,0.905368,0.542636,0.759644,0.491412,0.092552
E4_commercial_synergy,MSOG,same_indication,0.25,15.0,1.0,0.0,0.32,0.0,250000,405.3661865525729,2.9674980524684624,113.30783065255065,1483.7490262342312,-1175.82010020594,-900.9664062064918,-1387.2802350027803,0.491392,1122.3155594204543,0.36118735336957947,321.2057073359597,2.732882596741142,315.84925744634705,326.5621572255723,0.905368,1.0665276998284376,0.457364,0.09592660638294244,4.055036356696229,9.833300933984855,0.905368,0.542636,0.759644,0.490664,0.092552
E4_commercial_synergy,MSOG,same_indication,0.25,15.0,1.0,0.0,0.33,0.0,250000,408.79288702556755,2.975618268049233,113.30783065255065,1487.8091340246165,-1175.82010020594,-900.9664062064918,-1387.2802350027803,0.491392,1122.3155594204543,0.3642405948970908,324.6324078089542,2.7393644156286996,319.263253554322,330.00156206358645,0.905368,1.0665276998284376,0.457364,0.09592660638294244,4.055036356696229,9.833300933984855,0.905368,0.542636,0.759644,0.490664,0.092552
E4_commercial_synergy,MSOG,same_indication,0.25,15.0,1.0,0.0,0.34,0.0,250000,412.2195874985621,2.983740927758993,113.30783065255065,1491.8704638794964,-1175.82010020594,-900.9664062064918,-1387.2802350027803,0.491392,1122.3155594204543,0.36729383642460206,328.0591082819489,2.745857603144508,322.6772273797857,333.44098918411214,0.905368,1.0665276998284376,0.457364,0.09592660638294244,4.055036356696229,9.833300933984855,0.905368,0.542636,0.759644,0.490664,0.092552
E4_commercial_synergy,MSOG,same_indication,0.25,15.0,1.0,0.0,0.35,0.0,250000,415.6462879715568,2.991866011690939,113.30783065255065,1495.9330058454693,-1175.82010020594,-900.9664062064918,-1387.2802350027803,0.491392,1122.3155594204543,0.3703470779521134,331.4858087549435,2.7523620788282583,326.0911790804401,336.8804384294469,0.905368,1.0665276998284376,0.457364,0.09592660638294244,4.055036356696229,9.833300933984855,0.905368,0.542636,0.759644,0.490664,0.092552
E4_commercial_synergy,MSOG,same_indication,0.25,15.0,1.0,0.0,0.36,0.0,250000,419.07298844455136,2.99999350014802,113.30783065255065,1499.99675007401,-1175.82010020594,-900.9664062064918,-1387.2802350027803,0.491392,1122.3155594204543,0.3734003194796247,334.9125092279382,2.7588777628392123,329.50510881277336,340.319909643103,0.905368,1.0665276998284376,0.457364,0.09592660638294244,4.055036356696229,9.833300933984855,0.905368,0.542636,0.759644,0.490496,0.092552
E4_commercial_synergy,MSOG,same_indication,0.25,15.0,1.0,0.0,0.37,0.0,250000,422.49968891754605,3.0081233736402604,113.30783065255065,1504.0616868201303,-1175.82010020594,-900.9664062064918,-1387.2802350027803,0.491392,1122.3155594204543,0.37645356100713606,338.3392097009327,2.7654045759521613,332.9190167320665,343.75940266979893,0.905368,1.0665276998284376,0.457364,0.09592660638294244,4.055036356696229,9.833300933984855,0.905368,0.542636,0.759644,0.490496,0.092552
E4_commercial_synergy,MSOG,same_indication,0.25,15.0,1.0,0.0,0.38,0.0,250000,425.92638939054063,3.016255612882127,113.30783065255065,1508.1278064410635,-1175.82010020594,-900.9664062064918,-1387.2802350027803,0.491392,1122.3155594204543,0.37950680253464736,341.76591017392735,2.771942439553388,336.3329029924027,347.198917355452,0.905368,1.0665276998284376,0.457364,0.09592660638294244,4.055036356696229,9.833300933984855,0.905368,0.542636,0.759644,0.490496,0.092552
E4_commercial_synergy,MSOG,same_indication,0.25,15.0,1.0,0.0,0.39,0.0,250000,429.3530898635353,3.0243901987899284,113.30783065255065,1512.1950993949642,-1175.82010020594,-900.9664062064918,-1387.2802350027803,0.491392,1122.3155594204543,0.3825600440621587,345.192610646922,2.7784912756366165,339.7467677466742,350.6384535471698,0.905368,1.0665276998284376,0.457364,0.09592660638294244,4.055036356696229,9.833300933984855,0.905368,0.542636,0.759644,0.490496,0.092552
E4_commercial_synergy,MSOG,same_indication,0.25,15.0,1.0,0.0,0.4,0.0,250000,432.77979033652986,3.032527112479261,113.30783065255065,1516.2635562396306,-1175.82010020594,-900.9664062064918,-1387.2802350027803,0.491392,1122.3155594204543,0.38561328558966995,348.61931111991663,2.7850510067989735,343.16061114659067,354.0780110932426,0.905368,1.0665276998284376,0.457364,0.09592660638294244,4.055036356696229,9.833300933984855,0.905368,0.542636,0.759644,0.490496,0.092552
E4_commercial_synergy,MSOG,same_indication,0.25,15.0,1.5,0.0,0.0,0.0,250000,410.59206614480144,2.9949469967636424,106.08466309849669,1497.4734983818212,-1190.266435314048,-909.8176432046507,-1404.6036365647828,0.491392,1134.1003683271576,0.36204208870017457,326.4315869281882,2.7546128894789,321.03254566480956,331.83062819156686,0.905368,1.0665276998284376,0.457364,0.09592660638294244,4.055036356696229,10.249951400977283,0.905368,0.542636,0.759644,0.5063,0.092552
E4_commercial_synergy,MSOG,same_indication,0.25,15.0,1.5,0.0,0.01,0.0,250000,414.24209156755757,3.003597207604678,106.08466309849669,1501.798603802339,-1190.266435314048,-909.8176432046507,-1404.6036365647828,0.491392,1134.1003683271576,0.3652605211464492,330.0816123509443,2.761549939576309,324.66897446937475,335.4942502325138,0.905368,1.0665276998284376,0.457364,0.09592660638294244,4.055036356696229,10.249951400977283,0.905368,0.542636,0.759644,0.494328,0.092552
E4_commercial_synergy,MSOG,same_indication,0.25,15.0,1.5,0.0,0.02,0.0,250000,417.8921169903137,3.012250160782384,106.08466309849669,1506.1250803911921,-1190.266435314048,-909.8176432046507,-1404.6036365647828,0.491392,1134.1003683271576,0.3684789535927238,333.73163777370047,2.7684996189561515,328.3053785205464,339.1578970268545,0.905368,1.0665276998284376,0.457364,0.09592660638294244,4.055036356696229,10.249951400977283,0.905368,0.542636,0.759644,0.494328,0.092552
E4_commercial_synergy,MSOG,same_indication,0.25,15.0,1.5,0.0,0.03,0.0,250000,421.5421424130698,3.020905832731668,106.08466309849669,1510.452916365834,-1190.266435314048,-909.8176432046507,-1404.6036365647828,0.491392,1134.1003683271576,0.37169738603899843,337.38166319645654,2.7754618327483125,331.94175800426984,342.82156838864324,0.905368,1.0665276998284376,0.457364,0.09592660638294244,4.055036356696229,10.249951400977283,0.905368,0.542636,0.759644,0.494328,0.092552
E4_commercial_synergy,MSOG,same_indication,0.25,15.0,1.5,0.0,0.04,0.0,250000,425.19216783582596,3.029564200149379,106.08466309849669,1514.7821000746894,-1190.266435314048,-909.8176432046507,-1404.6036365647828,0.491392,1134.1003683271576,0.37491581848527306,341.0316886192126,2.782436486861958,335.57811310496317,346.48526413346207,0.905368,1.0665276998284376,0.457364,0.09592660638294244,4.055036356696229,10.249951400977283,0.905368,0.542636,0.759644,0.491412,0.092552
E4_commercial_synergy,MSOG,same_indication,0.25,15.0,1.5,0.0,0.05,0.0,250000,428.84219325858203,3.0382252399907923,106.08466309849669,1519.1126199953962,-1190.266435314048,-909.8176432046507,-1404.6036365647828,0.491392,1134.1003683271576,0.3781342509315476,344.6817140419688,2.7894234879800224,339.214444005528,350.1489840784096,0.905368,1.0665276998284376,0.457364,0.09592660638294244,4.055036356696229,10.249951400977283,0.905368,0.542636,0.759644,0.491412,0.092552
E4_commercial_synergy,MSOG,same_indication,0.25,15.0,1.5,0.0,0.06,0.0,250000,432.4922186813382,3.0468889294661348,106.08466309849669,1523.4444647330674,-1190.266435314048,-909.8176432046507,-1404.6036365647828,0.491392,1134.1003683271576,0.3813526833778223,348.3317394647249,2.7964227435536952,342.85075088735965,353.8127280420901,0.905368,1.0665276998284376,0.457364,0.09592660638294244,4.055036356696229,10.249951400977283,0.905368,0.542636,0.759644,0.491412,0.092552
E4_commercial_synergy,MSOG,same_indication,0.25,15.0,1.5,0.0,0.07,0.0,250000,436.1422441040943,3.055555246037175,106.08466309849669,1527.7776230185875,-1190.266435314048,-909.8176432046507,-1404.6036365647828,0.491392,1134.1003683271576,0.3845711158240969,351.98176488748095,2.8034341617969103,346.487033930359,357.4764958446029,0.905368,1.0665276998284376,0.457364,0.09592660638294244,4.055036356696229,10.249951400977283,0.905368,0.542636,0.759644,0.491412,0.092552
E4_commercial_synergy,MSOG,same_indication,0.25,15.0,1.5,0.0,0.08,0.0,250000,439.7922695268505,3.0642241674138564,106.08466309849669,1532.1120837069282,-1190.266435314048,-909.8176432046507,-1404.6036365647828,0.491392,1134.1003683271576,0.3877895482703716,355.6317903102372,2.810457651680833,350.12329331294274,361.14028730753165,0.905368,1.0665276998284376,0.457364,0.09592660638294244,4.055036356696229,10.249951400977283,0.905368,0.542636,0.759644,0.490664,0.092552
E4_commercial_synergy,MSOG,same_indication,0.25,15.0,1.5,0.0,0.09,0.0,250000,443.44229494960655,3.072895671550989,106.08466309849669,1536.4478357754945,-1190.266435314048,-909.8176432046507,-1404.6036365647828,0.491392,1134.1003683271576,0.39100798071664616,359.2818157329933,2.817493122928353,353.75952921205374,364.8041022539329,0.905368,1.0665276998284376,0.457364,0.09592660638294244,4.055036356696229,10.249951400977283,0.905368,0.542636,0.759644,0.490664,0.092552
E4_commercial_synergy,MSOG,same_indication,0.25,15.0,1.5,0.0,0.1,0.0,250000,447.09232037236274,3.081569736644993,106.08466309849669,1540.7848683224965,-1190.266435314048,-909.8176432046507,-1404.6036365647828,0.491392,1134.1003683271576,0.39422641316292084,362.93184115574945,2.8245404860085843,357.39574180317265,368.46794050832625,0.905368,1.0665276998284376,0.457364,0.09592660638294244,4.055036356696229,10.249951400977283,0.905368,0.542636,0.759644,0.490664,0.092552
E4_commercial_synergy,MSOG,same_indication,0.25,15.0,1.5,0.0,0.11,0.0,250000,450.7423457951188,3.0902463411306877,106.08466309849669,1545.1231705653438,-1190.266435314048,-909.8176432046507,-1404.6036365647828,0.484156,1134.1003683271576,0.3974448456091954,366.5818665785056,2.831599652131367,361.0319312603281,372.13180189668304,0.905368,1.0665276998284376,0.457364,0.09592660638294244,4.055036356696229,10.249951400977283,0.905368,0.542636,0.759644,0.490496,0.092552
E4_commercial_synergy,MSOG,same_indication,0.25,15.0,1.5,0.0,0.12,0.0,250000,454.3923712178749,3.098925463678135,106.08466309849669,1549.4627318390674,-1190.266435314048,-909.8176432046507,-1404.6036365647828,0.484156,1134.1003683271576,0.40066327805547,370.23189200126166,2.8386705332417805,364.6680977561078,375.7956862464155,0.905368,1.0665276998284376,0.457364,0.09592660638294244,4.055036356696229,10.249951400977283,0.905368,0.542636,0.759644,0.490496,0.092552
E4_commercial_synergy,MSOG,same_indication,0.25,15.0,1.5,0.0,0.13,0.0,250000,458.04239664063107,3.1076070831895244,106.08466309849669,1553.8035415947622,-1190.266435314048,-909.8176432046507,-1404.6036365647828,0.484156,1134.1003683271576,0.40388171050174465,373.8819174240178,2.8457530420146613,368.30424146166905,379.4595933863665,0.905368,1.0665276998284376,0.457364,0.09592660638294244,4.055036356696229,10.249951400977283,0.905368,0.542636,0.759644,0.490496,0.092552
E4_commercial_synergy,MSOG,same_indication,0.25,15.0,1.5,0.0,0.14,0.0,250000,461.69242206338726,3.116291178796118,106.08466309849669,1558.145589398059,-1190.266435314048,-909.8176432046507,-1404.6036365647828,0.484156,1134.1003683271576,0.40710014294801933,377.5319428467739,2.852847091849131,371.9403625467496,383.1235231467982,0.905368,1.0665276998284376,0.457364,0.09592660638294244,4.055036356696229,10.249951400977283,0.905368,0.542636,0.759644,0.490496,0.092552
E4_commercial_synergy,MSOG,same_indication,0.25,15.0,1.5,0.0,0.15,0.0,250000,465.3424474861433,3.1249777298552246,106.08466309849669,1562.4888649276122,-1190.266435314048,-909.8176432046507,-1404.6036365647828,0.47942,1134.1003683271576,0.4103185753942939,381.18196826953005,2.85995259686314,375.5764611796783,386.7874753593818,0.905368,1.0665276998284376,0.457364,0.09592660638294244,4.055036356696229,10.249951400977283,0.905368,0.542636,0.759644,0.490496,0.092552
E4_commercial_synergy,MSOG,same_indication,0.25,15.0,1.5,0.0,0.16,0.0,250000,468.99247290889946,3.133666715947239,106.08466309849669,1566.8333579736195,-1190.266435314048,-909.8176432046507,-1404.6036365647828,0.47942,1134.1003683271576,0.4135370078405685,384.8319936922862,2.8670694718880143,379.2125375273857,390.4514498571867,0.905368,1.0665276998284376,0.457364,0.09592660638294244,4.055036356696229,10.249951400977283,0.905368,0.542636,0.759644,0.490496,0.092552
E4_commercial_synergy,MSOG,same_indication,0.25,15.0,1.5,0.0,0.17,0.0,250000,472.64249833165564,3.142358116872712,106.08466309849669,1571.1790584363562,-1190.266435314048,-909.8176432046507,-1404.6036365647828,0.478816,1134.1003683271576,0.4167554402868432,388.4820191150423,2.8741976324630216,382.84859175541476,394.11544647466985,0.905368,1.0665276998284376,0.457364,0.09592660638294244,4.055036356696229,10.249951400977283,0.905368,0.542636,0.759644,0.490496,0.092552
E4_commercial_synergy,MSOG,same_indication,0.25,15.0,1.5,0.0,0.18,0.0,250000,476.2925237544117,3.151051912649474,106.08466309849669,1575.525956324737,-1190.266435314048,-909.8176432046507,-1404.6036365647828,0.477704,1134.1003683271576,0.4199738727331178,392.1320445377985,2.8813369948299505,386.4846240279318,397.7794650476652,0.905368,1.0665276998284376,0.457364,0.09592660638294244,4.055036356696229,10.249951400977283,0.905368,0.542636,0.759644,0.490496,0.092552
E4_commercial_synergy,MSOG,same_indication,0.25,15.0,1.5,0.0,0.19,0.0,250000,479.9425491771678,3.1597480835097955,106.08466309849669,1579.8740417548977,-1190.266435314048,-909.8176432046507,-1404.6036365647828,0.477704,1134.1003683271576,0.4231923051793924,395.78206996055457,2.888487475927698,390.12063450773627,401.44350541337286,0.905368,1.0665276998284376,0.457364,0.09592660638294244,4.055036356696229,10.249951400977283,0.905368,0.542636,0.759644,0.490496,0.092552
E4_commercial_synergy,MSOG,same_indication,0.25,15.0,1.5,0.0,0.2,0.0,250000,483.592574599924,3.168446609897596,106.08466309849669,1584.223304948798,-1190.266435314048,-909.8176432046507,-1404.6036365647828,0.477704,1134.1003683271576,0.42641073762566706,399.4320953833107,2.8956489933868825,393.7566233562724,405.10756741034896,0.905368,1.0665276998284376,0.457364,0.09592660638294244,4.055036356696229,10.249951400977283,0.905368,0.542636,0.759644,0.490496,0.092552
E4_commercial_synergy,MSOG,same_indication,0.25,15.0,1.5,0.0,0.21,0.0,250000,487.2426000226801,3.1771474724656925,106.08466309849669,1588.5737362328462,-1190.266435314048,-909.8176432046507,-1404.6036365647828,0.477704,1134.1003683271576,0.4296291700719417,403.0821208060668,2.9028214655244633,397.3925907336389,408.77165087849477,0.905368,1.0665276998284376,0.457364,0.09592660638294244,4.055036356696229,10.249951400977283,0.905368,0.542636,0.644912,0.490496,0.092552
E4_commercial_synergy,MSOG,same_indication,0.25,15.0,1.5,0.0,0.22,0.0,250000,490.8926254454362,3.185850652073089,106.08466309849669,1592.9253260365447,-1190.266435314048,-909.8176432046507,-1404.6036365647828,0.476504,1134.1003683271576,0.43284760251821625,406.73214622882296,2.9100048113383843,401.0285367985997,412.4357556590462,0.905368,1.0665276998284376,0.457364,0.09592660638294244,4.055036356696229,10.249951400977283,0.905368,0.542636,0.644912,0.490496,0.092552
E4_commercial_synergy,MSOG,same_indication,0.25,15.0,1.5,0.0,0.23,0.0,250000,494.54265086819237,3.194556129782313,106.08466309849669,1597.2780648911564,-1190.266435314048,-909.8176432046507,-1404.6036365647828,0.476504,1134.1003683271576,0.4360660349644909,410.38217165157903,2.917198950502231,404.6644617085947,416.0998815945634,0.905368,1.0665276998284376,0.457364,0.09592660638294244,4.055036356696229,10.249951400977283,0.905368,0.542636,0.644912,0.490496,0.092552
E4_commercial_synergy,MSOG,same_indication,0.25,15.0,1.5,0.0,0.24,0.0,250000,498.19267629094844,3.203263886856778,106.08466309849669,1601.631943428389,-1190.266435314048,-909.8176432046507,-1404.6036365647828,0.476216,1134.1003683271576,0.4392844674107655,414.03219707433516,2.9244038033599127,408.30036561974975,419.76402852892056,0.905368,1.0665276998284376,0.457364,0.09592660638294244,4.055036356696229,10.249951400977283,0.905368,0.542636,0.644912,0.490496,0.092552
E4_commercial_synergy,MSOG,same_indication,0.25,15.0,1.5,0.0,0.25,0.0,250000,501.8427017137045,3.211973904758204,106.08466309849669,1605.986952379102,-1190.266435314048,-909.8176432046507,-1404.6036365647828,0.476052,1134.1003683271576,0.4425028998570401,417.6822224970913,2.9316192909203522,411.9362486868874,423.4281963072952,0.905368,1.0665276998284376,0.457364,0.09592660638294244,4.055036356696229,10.249951400977283,0.905368,0.542636,0.644912,0.490496,0.092552
E4_commercial_synergy,MSOG,same_indication,0.25,15.0,1.5,0.0,0.26,0.0,250000,505.4927271364607,3.220686165144061,106.08466309849669,1610.3430825720304,-1190.266435314048,-909.8176432046507,-1404.6036365647828,0.476052,1134.1003683271576,0.4457213323033148,421.3322479198475,2.9388453348522106,415.57211106353714,427.0923847761578,0.905368,1.0665276998284376,0.457364,0.09592660638294244,4.055036356696229,10.249951400977283,0.905368,0.542636,0.644912,0.490496,0.092552
E4_commercial_synergy,MSOG,same_indication,0.25,15.0,1.5,0.0,0.27,0.0,250000,509.14275255921683,3.2294006498650614,106.08466309849669,1614.7003249325307,-1190.266435314048,-909.8176432046507,-1404.6036365647828,0.476052,1134.1003683271576,0.4489397647495894,424.98227334260355,2.9460818574786214,419.2079529019455,430.7565937832616,0.905368,1.0665276998284376,0.457364,0.09592660638294244,4.055036356696229,10.249951400977283,0.905368,0.542636,0.644912,0.490496,0.092552
E4_commercial_synergy,MSOG,same_indication,0.25,15.0,1.5,0.0,0.28,0.0,250000,512.792777981973,3.238117340962681,106.08466309849669,1619.0586704813406,-1190.266435314048,-909.8176432046507,-1404.6036365647828,0.476052,1134.1003683271576,0.4521581971958641,428.6322987653596,2.95332878177195,422.8437743530866,434.42082317763266,0.905368,1.0665276998284376,0.457364,0.09592660638294244,4.055036356696229,10.249951400977283,0.905368,0.542636,0.644912,0.486684,0.092552
E4_commercial_synergy,MSOG,same_indication,0.25,15.0,1.5,0.0,0.29,0.0,250000,516.442803404729,3.2468362206667276,106.08466309849669,1623.4181103333638,-1190.266435314048,-909.8176432046507,-1404.6036365647828,0.475756,1134.1003683271576,0.4553766296421386,432.2823241881158,2.960586031348577,426.4795755666726,438.085072809559,0.905368,1.0665276998284376,0.457364,0.09592660638294244,4.055036356696229,10.249951400977283,0.905368,0.542636,0.644912,0.486684,0.092552
E4_commercial_synergy,MSOG,same_indication,0.25,15.0,1.5,0.0,0.3,0.0,250000,520.0928288274852,3.255557271392932,106.08466309849669,1627.7786356964662,-1190.266435314048,-909.8176432046507,-1404.6036365647828,0.475756,1134.1003683271576,0.4585950620884132,435.93234961087194,2.9678535304637044,430.1153566911631,441.7493425305808,0.905368,1.0665276998284376,0.457364,0.09592660638294244,4.055036356696229,10.249951400977283,0.905368,0.542636,0.644912,0.486684,0.092552
E4_commercial_synergy,MSOG,same_indication,0.25,15.0,1.5,0.0,0.31,0.0,250000,523.7428542502413,3.2642804757405908,106.08466309849669,1632.1402378702953,-1190.266435314048,-909.8176432046507,-1404.6036365647828,0.47566,1134.1003683271576,0.46181349453468784,439.582375033628,2.9751312040061784,433.7511178737759,445.4136321934801,0.905368,1.0665276998284376,0.457364,0.09592660638294244,4.055036356696229,10.249951400977283,0.905368,0.542636,0.644912,0.4857,0.092552
E4_commercial_synergy,MSOG,same_indication,0.25,15.0,1.5,0.0,0.32,0.0,250000,527.3928796729974,3.2730058164902283,106.08466309849669,1636.5029082451142,-1190.266435314048,-909.8176432046507,-1404.6036365647828,0.47566,1134.1003683271576,0.46503192698096246,443.23240045638425,2.9824189774933463,437.3868592604973,449.0779416522712,0.905368,1.0665276998284376,0.457364,0.09592660638294244,4.055036356696229,10.249951400977283,0.905368,0.542636,0.644912,0.4857,0.092552
E4_commercial_synergy,MSOG,same_indication,0.25,15.0,1.5,0.0,0.33,0.0,250000,531.0429050957536,3.2817332766013054,110.81335134199796,1640.8666383006528,-1190.266435314048,-909.8176432046507,-1404.6036365647828,0.47566,1134.1003683271576,0.4682503594272371,446.88242587914027,2.98971677706593,441.02258099609105,452.7422707621895,0.905368,1.0665276998284376,0.457364,0.09592660638294244,4.055036356696229,10.249951400977283,0.905368,0.542636,0.644912,0.4857,0.092552
E4_commercial_synergy,MSOG,same_indication,0.25,15.0,1.5,0.0,0.34,0.0,250000,534.6929305185098,3.290462839209955,115.65138494390365,1645.2314196049776,-1190.266435314048,-909.8176432046507,-1404.6036365647828,0.47566,1134.1003683271576,0.4714687918735118,450.53245130189646,2.997024529482925,444.65828322410994,456.406619379683,0.905368,1.0665276998284376,0.457364,0.09592660638294244,4.055036356696229,10.249951400977283,0.905368,0.542636,0.644912,0.485428,0.092552
E4_commercial_synergy,MSOG,same_indication,0.25,15.0,1.5,0.0,0.35,0.0,250000,538.3429559412658,3.299194487626755,120.48941854580931,1649.5972438133774,-1190.266435314048,-909.8176432046507,-1404.6036365647828,0.47566,1134.1003683271576,0.4746872243197864,454.18247672465253,3.0043421621165307,448.2939660869041,460.07098736240096,0.905368,1.0665276998284376,0.457364,0.09592660638294244,4.055036356696229,10.249951400977283,0.905368,0.542636,0.644912,0.485428,0.092552
E4_commercial_synergy,MSOG,same_indication,0.25,15.0,1.5,0.0,0.36,0.0,250000,541.9929813640221,3.3079282053345285,125.32745214771498,1653.9641026672643,-1190.266435314048,-909.8176432046507,-1404.6036365647828,0.47566,1134.1003683271576,0.4779056567660611,457.83250214740866,3.0116696029470997,451.92962972563237,463.73537456918496,0.905368,1.0665276998284376,0.457364,0.09592660638294244,4.055036356696229,10.249951400977283,0.905368,0.542636,0.644912,0.485428,0.092552
E4_commercial_synergy,MSOG,same_indication,0.25,15.0,1.5,0.0,0.37,0.0,250000,545.6430067867781,3.3166639759861845,130.16548574962067,1658.3319879930923,-1190.266435314048,-909.8176432046507,-1404.6036365647828,0.475588,1134.1003683271576,0.4811240892123356,461.4825275701648,3.0190067805581147,455.5652742802709,467.3997808600587,0.905368,1.0665276998284376,0.457364,0.09592660638294244,4.055036356696229,10.249951400977283,0.905368,0.542636,0.644912,0.485428,0.092552
E4_commercial_synergy,MSOG,same_indication,0.25,15.0,1.5,0.0,0.38,0.0,250000,549.2930322095342,3.325401783402585,135.00351935152634,1662.7008917012924,-1190.266435314048,-909.8176432046507,-1404.6036365647828,0.475588,1134.1003683271576,0.48434252165861025,465.132552992921,3.0263536241311972,459.2008998896238,471.06420609621813,0.905368,1.0665276998284376,0.457364,0.09592660638294244,4.055036356696229,10.249951400977283,0.905368,0.542636,0.644912,0.485328,0.092552
E4_commercial_synergy,MSOG,same_indication,0.25,15.0,1.5,0.0,0.39,0.0,250000,552.9430576322903,3.334141611570438,139.84155295343203,1667.0708057852191,-1190.266435314048,-909.8176432046507,-1404.6036365647828,0.475588,1134.1003683271576,0.48756095410488487,468.78257841567705,3.033710063441135,462.83650669133243,474.72865014002167,0.905368,1.0665276998284376,0.457364,0.09592660638294244,4.055036356696229,10.249951400977283,0.905368,0.542636,0.644912,0.485328,0.092552
E4_commercial_synergy,MSOG,same_indication,0.25,15.0,1.5,0.0,0.4,0.0,250000,556.5930830550463,3.342883444640236,144.6795865553377,1671.4417223201178,-1190.266435314048,-909.8176432046507,-1404.6036365647828,0.475588,1134.1003683271576,0.4907793865511594,472.4326038384332,3.0410760288509437,466.4720948218853,478.39311285498104,0.905368,1.0665276998284376,0.457364,0.09592660638294244,4.055036356696229,10.249951400977283,0.905368,0.542636,0.644912,0.485328,0.092552
