strategy,topology,rho,loe_year,acceleration_years,cannibalization,capacity_profile,risk_policy_profile,minimum_synergy,solution_exists,binding_P5_NPV_usd_m,binding_capacity_breach_probability,delta_eNPV_at_frontier_usd_m,n_runs
MSOG,same_indication,0.0,12.0,0.0,0.0,low,preservation,,False,,,,100000
MSOG,same_indication,0.0,12.0,0.0,0.0,low,balanced,,False,,,,100000
MSOG,same_indication,0.0,12.0,0.0,0.0,low,growth,,False,,,,100000
MSOG,same_indication,0.0,12.0,0.0,0.0,base,preservation,,False,,,,100000
MSOG,same_indication,0.0,12.0,0.0,0.0,base,balanced,,False,,,,100000
MSOG,same_indication,0.0,12.0,0.0,0.0,base,growth,,False,,,,100000
MSOG,same_indication,0.0,12.0,0.0,0.0,high,preservation,,False,,,,100000
MSOG,same_indication,0.0,12.0,0.0,0.0,high,balanced,0.2,True,-961.5022449734774,0.0216,183.6340689483992,100000
MSOG,same_indication,0.0,12.0,0.0,0.0,high,growth,0.0,True,-1148.2457813904614,0.09536,0.0,100000
MSOG,same_indication,0.0,12.0,0.0,0.1,low,preservation,,False,,,,100000
MSOG,same_indication,0.0,12.0,0.0,0.1,low,balanced,,False,,,,100000
MSOG,same_indication,0.0,12.0,0.0,0.1,low,growth,,False,,,,100000
MSOG,same_indication,0.0,12.0,0.0,0.1,base,preservation,,False,,,,100000
MSOG,same_indication,0.0,12.0,0.0,0.1,base,balanced,,False,,,,100000
MSOG,same_indication,0.0,12.0,0.0,0.1,base,growth,,False,,,,100000
MSOG,same_indication,0.0,12.0,0.0,0.1,high,preservation,,False,,,,100000
MSOG,same_indication,0.0,12.0,0.0,0.1,high,balanced,0.2,True,-961.5022449734774,0.0216,152.78954341782165,100000
MSOG,same_indication,0.0,12.0,0.0,0.1,high,growth,0.1,True,-1070.035845375231,0.05673,60.97250894362205,100000
MSOG,same_indication,0.0,12.0,0.0,0.25,low,preservation,,False,,,,100000
MSOG,same_indication,0.0,12.0,0.0,0.25,low,balanced,,False,,,,100000
MSOG,same_indication,0.0,12.0,0.0,0.25,low,growth,,False,,,,100000
MSOG,same_indication,0.0,12.0,0.0,0.25,base,preservation,,False,,,,100000
MSOG,same_indication,0.0,12.0,0.0,0.25,base,balanced,,False,,,,100000
MSOG,same_indication,0.0,12.0,0.0,0.25,base,growth,,False,,,,100000
MSOG,same_indication,0.0,12.0,0.0,0.25,high,preservation,,False,,,,100000
MSOG,same_indication,0.0,12.0,0.0,0.25,high,balanced,0.2,True,-961.5022449734774,0.0216,106.52275512195538,100000
MSOG,same_indication,0.0,12.0,0.0,0.25,high,growth,0.1,True,-1070.035845375231,0.05673,14.705720647755784,100000
MSOG,same_indication,0.0,12.0,0.0,0.5,low,preservation,,False,,,,100000
MSOG,same_indication,0.0,12.0,0.0,0.5,low,balanced,,False,,,,100000
MSOG,same_indication,0.0,12.0,0.0,0.5,low,growth,,False,,,,100000
MSOG,same_indication,0.0,12.0,0.0,0.5,base,preservation,,False,,,,100000
MSOG,same_indication,0.0,12.0,0.0,0.5,base,balanced,,False,,,,100000
MSOG,same_indication,0.0,12.0,0.0,0.5,base,growth,,False,,,,100000
MSOG,same_indication,0.0,12.0,0.0,0.5,high,preservation,,False,,,,100000
MSOG,same_indication,0.0,12.0,0.0,0.5,high,balanced,0.2,True,-961.5022449734774,0.0216,29.411441295511587,100000
MSOG,same_indication,0.0,12.0,0.0,0.5,high,growth,0.2,True,-961.5022449734774,0.0216,29.411441295511587,100000
MSOG,same_indication,0.0,12.0,0.5,0.0,low,preservation,,False,,,,100000
MSOG,same_indication,0.0,12.0,0.5,0.0,low,balanced,,False,,,,100000
MSOG,same_indication,0.0,12.0,0.5,0.0,low,growth,,False,,,,100000
MSOG,same_indication,0.0,12.0,0.5,0.0,base,preservation,,False,,,,100000
MSOG,same_indication,0.0,12.0,0.5,0.0,base,balanced,,False,,,,100000
MSOG,same_indication,0.0,12.0,0.5,0.0,base,growth,,False,,,,100000
MSOG,same_indication,0.0,12.0,0.5,0.0,high,preservation,,False,,,,100000
MSOG,same_indication,0.0,12.0,0.5,0.0,high,balanced,0.2,True,-973.5443608735134,0.0216,290.4007816308153,100000
MSOG,same_indication,0.0,12.0,0.5,0.0,high,growth,0.0,True,-1161.8183631345016,0.09535,104.55235081844671,100000
MSOG,same_indication,0.0,12.0,0.5,0.1,low,preservation,,False,,,,100000
MSOG,same_indication,0.0,12.0,0.5,0.1,low,balanced,,False,,,,100000
MSOG,same_indication,0.0,12.0,0.5,0.1,low,growth,,False,,,,100000
MSOG,same_indication,0.0,12.0,0.5,0.1,base,preservation,,False,,,,100000
MSOG,same_indication,0.0,12.0,0.5,0.1,base,balanced,,False,,,,100000
MSOG,same_indication,0.0,12.0,0.5,0.1,base,growth,,False,,,,100000
MSOG,same_indication,0.0,12.0,0.5,0.1,high,preservation,,False,,,,100000
MSOG,same_indication,0.0,12.0,0.5,0.1,high,balanced,0.2,True,-973.5443608735134,0.0216,256.0094568431828,100000
MSOG,same_indication,0.0,12.0,0.5,0.1,high,growth,0.0,True,-1161.8183631345016,0.09535,70.16102603081421,100000
MSOG,same_indication,0.0,12.0,0.5,0.25,low,preservation,,False,,,,100000
MSOG,same_indication,0.0,12.0,0.5,0.25,low,balanced,,False,,,,100000
MSOG,same_indication,0.0,12.0,0.5,0.25,low,growth,,False,,,,100000
MSOG,same_indication,0.0,12.0,0.5,0.25,base,preservation,,False,,,,100000
MSOG,same_indication,0.0,12.0,0.5,0.25,base,balanced,,False,,,,100000
MSOG,same_indication,0.0,12.0,0.5,0.25,base,growth,,False,,,,100000
MSOG,same_indication,0.0,12.0,0.5,0.25,high,preservation,,False,,,,100000
MSOG,same_indication,0.0,12.0,0.5,0.25,high,balanced,0.2,True,-973.5443608735134,0.0216,204.4224696617341,100000
MSOG,same_indication,0.0,12.0,0.5,0.25,high,growth,0.0,True,-1161.8183631345016,0.09535,18.57403884936551,100000
MSOG,same_indication,0.0,12.0,0.5,0.5,low,preservation,,False,,,,100000
MSOG,same_indication,0.0,12.0,0.5,0.5,low,balanced,,False,,,,100000
MSOG,same_indication,0.0,12.0,0.5,0.5,low,growth,,False,,,,100000
MSOG,same_indication,0.0,12.0,0.5,0.5,base,preservation,,False,,,,100000
MSOG,same_indication,0.0,12.0,0.5,0.5,base,balanced,,False,,,,100000
MSOG,same_indication,0.0,12.0,0.5,0.5,base,growth,,False,,,,100000
MSOG,same_indication,0.0,12.0,0.5,0.5,high,preservation,,False,,,,100000
MSOG,same_indication,0.0,12.0,0.5,0.5,high,balanced,0.2,True,-973.5443608735134,0.0216,118.44415769265291,100000
MSOG,same_indication,0.0,12.0,0.5,0.5,high,growth,0.1,True,-1078.2944657538667,0.05673,25.51994228646858,100000
MSOG,same_indication,0.0,12.0,1.0,0.0,low,preservation,,False,,,,100000
MSOG,same_indication,0.0,12.0,1.0,0.0,low,balanced,,False,,,,100000
MSOG,same_indication,0.0,12.0,1.0,0.0,low,growth,,False,,,,100000
MSOG,same_indication,0.0,12.0,1.0,0.0,base,preservation,,False,,,,100000
MSOG,same_indication,0.0,12.0,1.0,0.0,base,balanced,,False,,,,100000
MSOG,same_indication,0.0,12.0,1.0,0.0,base,growth,,False,,,,100000
MSOG,same_indication,0.0,12.0,1.0,0.0,high,preservation,,False,,,,100000
MSOG,same_indication,0.0,12.0,1.0,0.0,high,balanced,0.2,True,-985.9875931767822,0.0216,402.51388570951104,100000
MSOG,same_indication,0.0,12.0,1.0,0.0,high,growth,0.0,True,-1175.82010020594,0.09535,214.37682036299512,100000
MSOG,same_indication,0.0,12.0,1.0,0.1,low,preservation,,False,,,,100000
MSOG,same_indication,0.0,12.0,1.0,0.1,low,balanced,,False,,,,100000
MSOG,same_indication,0.0,12.0,1.0,0.1,low,growth,,False,,,,100000
MSOG,same_indication,0.0,12.0,1.0,0.1,base,preservation,,False,,,,100000
MSOG,same_indication,0.0,12.0,1.0,0.1,base,balanced,,False,,,,100000
MSOG,same_indication,0.0,12.0,1.0,0.1,base,growth,,False,,,,100000
MSOG,same_indication,0.0,12.0,1.0,0.1,high,preservation,,False,,,,100000
MSOG,same_indication,0.0,12.0,1.0,0.1,high,balanced,0.2,True,-985.9875931767822,0.0216,364.4026464783959,100000
MSOG,same_indication,0.0,12.0,1.0,0.1,high,growth,0.0,True,-1175.82010020594,0.09535,176.26558113188,100000
MSOG,same_indication,0.0,12.0,1.0,0.25,low,preservation,,False,,,,100000
MSOG,same_indication,0.0,12.0,1.0,0.25,low,balanced,,False,,,,100000
MSOG,same_indication,0.0,12.0,1.0,0.25,low,growth,,False,,,,100000
MSOG,same_indication,0.0,12.0,1.0,0.25,base,preservation,,False,,,,100000
MSOG,same_indication,0.0,12.0,1.0,0.25,base,balanced,,False,,,,100000
MSOG,same_indication,0.0,12.0,1.0,0.25,base,growth,,False,,,,100000
MSOG,same_indication,0.0,12.0,1.0,0.25,high,preservation,,False,,,,100000
MSOG,same_indication,0.0,12.0,1.0,0.25,high,balanced,0.2,True,-985.9875931767822,0.0216,307.2357876317234,100000
MSOG,same_indication,0.0,12.0,1.0,0.25,high,growth,0.0,True,-1175.82010020594,0.09535,119.09872228520746,100000
MSOG,same_indication,0.0,12.0,1.0,0.5,low,preservation,,False,,,,100000
MSOG,same_indication,0.0,12.0,1.0,0.5,low,balanced,,False,,,,100000
MSOG,same_indication,0.0,12.0,1.0,0.5,low,growth,,False,,,,100000
MSOG,same_indication,0.0,12.0,1.0,0.5,base,preservation,,False,,,,100000
MSOG,same_indication,0.0,12.0,1.0,0.5,base,balanced,,False,,,,100000
MSOG,same_indication,0.0,12.0,1.0,0.5,base,growth,,False,,,,100000
MSOG,same_indication,0.0,12.0,1.0,0.5,high,preservation,,False,,,,100000
MSOG,same_indication,0.0,12.0,1.0,0.5,high,balanced,0.2,True,-985.9875931767822,0.0216,211.95768955393575,100000
MSOG,same_indication,0.0,12.0,1.0,0.5,high,growth,0.0,True,-1175.82010020594,0.09535,23.82062420741983,100000
MSOG,same_indication,0.0,12.0,1.5,0.0,low,preservation,,False,,,,100000
MSOG,same_indication,0.0,12.0,1.5,0.0,low,balanced,,False,,,,100000
MSOG,same_indication,0.0,12.0,1.5,0.0,low,growth,,False,,,,100000
MSOG,same_indication,0.0,12.0,1.5,0.0,base,preservation,,False,,,,100000
MSOG,same_indication,0.0,12.0,1.5,0.0,base,balanced,,False,,,,100000
MSOG,same_indication,0.0,12.0,1.5,0.0,base,growth,,False,,,,100000
MSOG,same_indication,0.0,12.0,1.5,0.0,high,preservation,,False,,,,100000
MSOG,same_indication,0.0,12.0,1.5,0.0,high,balanced,0.2,True,-998.8471168185526,0.0216,520.2375225863744,100000
MSOG,same_indication,0.0,12.0,1.5,0.0,high,growth,0.0,True,-1190.266435314048,0.09535,329.7347224210436,100000
MSOG,same_indication,0.0,12.0,1.5,0.1,low,preservation,,False,,,,100000
MSOG,same_indication,0.0,12.0,1.5,0.1,low,balanced,,False,,,,100000
MSOG,same_indication,0.0,12.0,1.5,0.1,low,growth,,False,,,,100000
MSOG,same_indication,0.0,12.0,1.5,0.1,base,preservation,,False,,,,100000
MSOG,same_indication,0.0,12.0,1.5,0.1,base,balanced,,False,,,,100000
MSOG,same_indication,0.0,12.0,1.5,0.1,base,growth,,False,,,,100000
MSOG,same_indication,0.0,12.0,1.5,0.1,high,preservation,,False,,,,100000
MSOG,same_indication,0.0,12.0,1.5,0.1,high,balanced,0.2,True,-998.8471168185526,0.0216,478.22480417249886,100000
MSOG,same_indication,0.0,12.0,1.5,0.1,high,growth,0.0,True,-1190.266435314048,0.09535,287.72200400716804,100000
MSOG,same_indication,0.0,12.0,1.5,0.25,low,preservation,,False,,,,100000
MSOG,same_indication,0.0,12.0,1.5,0.25,low,balanced,,False,,,,100000
MSOG,same_indication,0.0,12.0,1.5,0.25,low,growth,,False,,,,100000
MSOG,same_indication,0.0,12.0,1.5,0.25,base,preservation,,False,,,,100000
MSOG,same_indication,0.0,12.0,1.5,0.25,base,balanced,,False,,,,100000
MSOG,same_indication,0.0,12.0,1.5,0.25,base,growth,,False,,,,100000
MSOG,same_indication,0.0,12.0,1.5,0.25,high,preservation,,False,,,,100000
MSOG,same_indication,0.0,12.0,1.5,0.25,high,balanced,0.2,True,-998.8471168185526,0.0216,415.20572655168564,100000
MSOG,same_indication,0.0,12.0,1.5,0.25,high,growth,0.0,True,-1190.266435314048,0.09535,224.70292638635482,100000
MSOG,same_indication,0.0,12.0,1.5,0.5,low,preservation,,False,,,,100000
MSOG,same_indication,0.0,12.0,1.5,0.5,low,balanced,,False,,,,100000
MSOG,same_indication,0.0,12.0,1.5,0.5,low,growth,,False,,,,100000
MSOG,same_indication,0.0,12.0,1.5,0.5,base,preservation,,False,,,,100000
MSOG,same_indication,0.0,12.0,1.5,0.5,base,balanced,,False,,,,100000
MSOG,same_indication,0.0,12.0,1.5,0.5,base,growth,,False,,,,100000
MSOG,same_indication,0.0,12.0,1.5,0.5,high,preservation,,False,,,,100000
MSOG,same_indication,0.0,12.0,1.5,0.5,high,balanced,0.2,True,-998.8471168185526,0.0216,310.1739305169969,100000
MSOG,same_indication,0.0,12.0,1.5,0.5,high,growth,0.0,True,-1190.266435314048,0.09535,119.67113035166606,100000
MSOG,same_indication,0.0,15.0,0.0,0.0,low,preservation,,False,,,,100000
MSOG,same_indication,0.0,15.0,0.0,0.0,low,balanced,,False,,,,100000
MSOG,same_indication,0.0,15.0,0.0,0.0,low,growth,,False,,,,100000
MSOG,same_indication,0.0,15.0,0.0,0.0,base,preservation,,False,,,,100000
MSOG,same_indication,0.0,15.0,0.0,0.0,base,balanced,,False,,,,100000
MSOG,same_indication,0.0,15.0,0.0,0.0,base,growth,,False,,,,100000
MSOG,same_indication,0.0,15.0,0.0,0.0,high,preservation,,False,,,,100000
MSOG,same_indication,0.0,15.0,0.0,0.0,high,balanced,0.2,True,-961.5022449734774,0.0216,183.6340689483992,100000
MSOG,same_indication,0.0,15.0,0.0,0.0,high,growth,0.0,True,-1148.2457813904614,0.09533,0.0,100000
MSOG,same_indication,0.0,15.0,0.0,0.1,low,preservation,,False,,,,100000
MSOG,same_indication,0.0,15.0,0.0,0.1,low,balanced,,False,,,,100000
MSOG,same_indication,0.0,15.0,0.0,0.1,low,growth,,False,,,,100000
MSOG,same_indication,0.0,15.0,0.0,0.1,base,preservation,,False,,,,100000
MSOG,same_indication,0.0,15.0,0.0,0.1,base,balanced,,False,,,,100000
MSOG,same_indication,0.0,15.0,0.0,0.1,base,growth,,False,,,,100000
MSOG,same_indication,0.0,15.0,0.0,0.1,high,preservation,,False,,,,100000
MSOG,same_indication,0.0,15.0,0.0,0.1,high,balanced,0.2,True,-961.5022449734774,0.0216,135.4719635851962,100000
MSOG,same_indication,0.0,15.0,0.0,0.1,high,growth,0.1,True,-1070.035845375231,0.05673,43.65492911099659,100000
MSOG,same_indication,0.0,15.0,0.0,0.25,low,preservation,,False,,,,100000
MSOG,same_indication,0.0,15.0,0.0,0.25,low,balanced,,False,,,,100000
MSOG,same_indication,0.0,15.0,0.0,0.25,low,growth,,False,,,,100000
MSOG,same_indication,0.0,15.0,0.0,0.25,base,preservation,,False,,,,100000
MSOG,same_indication,0.0,15.0,0.0,0.25,base,balanced,,False,,,,100000
MSOG,same_indication,0.0,15.0,0.0,0.25,base,growth,,False,,,,100000
MSOG,same_indication,0.0,15.0,0.0,0.25,high,preservation,,False,,,,100000
MSOG,same_indication,0.0,15.0,0.0,0.25,high,balanced,0.2,True,-961.5022449734774,0.0216,63.228805540391676,100000
MSOG,same_indication,0.0,15.0,0.0,0.25,high,growth,0.2,True,-961.5022449734774,0.0216,63.228805540391676,100000
MSOG,same_indication,0.0,15.0,0.0,0.5,low,preservation,,False,,,,100000
MSOG,same_indication,0.0,15.0,0.0,0.5,low,balanced,,False,,,,100000
MSOG,same_indication,0.0,15.0,0.0,0.5,low,growth,,False,,,,100000
MSOG,same_indication,0.0,15.0,0.0,0.5,base,preservation,,False,,,,100000
MSOG,same_indication,0.0,15.0,0.0,0.5,base,balanced,,False,,,,100000
MSOG,same_indication,0.0,15.0,0.0,0.5,base,growth,,False,,,,100000
MSOG,same_indication,0.0,15.0,0.0,0.5,high,preservation,,False,,,,100000
MSOG,same_indication,0.0,15.0,0.0,0.5,high,balanced,0.3,True,-852.9686445717239,0.01476,34.64057660658372,100000
MSOG,same_indication,0.0,15.0,0.0,0.5,high,growth,0.3,True,-852.9686445717239,0.01476,34.64057660658372,100000
MSOG,same_indication,0.0,15.0,0.5,0.0,low,preservation,,False,,,,100000
MSOG,same_indication,0.0,15.0,0.5,0.0,low,balanced,,False,,,,100000
MSOG,same_indication,0.0,15.0,0.5,0.0,low,growth,,False,,,,100000
MSOG,same_indication,0.0,15.0,0.5,0.0,base,preservation,,False,,,,100000
MSOG,same_indication,0.0,15.0,0.5,0.0,base,balanced,,False,,,,100000
MSOG,same_indication,0.0,15.0,0.5,0.0,base,growth,,False,,,,100000
MSOG,same_indication,0.0,15.0,0.5,0.0,high,preservation,,False,,,,100000
MSOG,same_indication,0.0,15.0,0.5,0.0,high,balanced,0.2,True,-973.5443608735134,0.0216,290.4007816308153,100000
MSOG,same_indication,0.0,15.0,0.5,0.0,high,growth,0.0,True,-1161.8183631345016,0.09533,104.55235081844674,100000
MSOG,same_indication,0.0,15.0,0.5,0.1,low,preservation,,False,,,,100000
MSOG,same_indication,0.0,15.0,0.5,0.1,low,balanced,,False,,,,100000
MSOG,same_indication,0.0,15.0,0.5,0.1,low,growth,,False,,,,100000
MSOG,same_indication,0.0,15.0,0.5,0.1,base,preservation,,False,,,,100000
MSOG,same_indication,0.0,15.0,0.5,0.1,base,balanced,,False,,,,100000
MSOG,same_indication,0.0,15.0,0.5,0.1,base,growth,,False,,,,100000
MSOG,same_indication,0.0,15.0,0.5,0.1,high,preservation,,False,,,,100000
MSOG,same_indication,0.0,15.0,0.5,0.1,high,balanced,0.2,True,-973.5443608735134,0.0216,238.69187701055736,100000
MSOG,same_indication,0.0,15.0,0.5,0.1,high,growth,0.0,True,-1161.8183631345016,0.09533,52.84344619818877,100000
MSOG,same_indication,0.0,15.0,0.5,0.25,low,preservation,,False,,,,100000
MSOG,same_indication,0.0,15.0,0.5,0.25,low,balanced,,False,,,,100000
MSOG,same_indication,0.0,15.0,0.5,0.25,low,growth,,False,,,,100000
MSOG,same_indication,0.0,15.0,0.5,0.25,base,preservation,,False,,,,100000
MSOG,same_indication,0.0,15.0,0.5,0.25,base,balanced,,False,,,,100000
MSOG,same_indication,0.0,15.0,0.5,0.25,base,growth,,False,,,,100000
MSOG,same_indication,0.0,15.0,0.5,0.25,high,preservation,,False,,,,100000
MSOG,same_indication,0.0,15.0,0.5,0.25,high,balanced,0.2,True,-973.5443608735134,0.0216,161.12852008017038,100000
MSOG,same_indication,0.0,15.0,0.5,0.25,high,growth,0.1,True,-1078.2944657538667,0.05673,68.20430467398609,100000
MSOG,same_indication,0.0,15.0,0.5,0.5,low,preservation,,False,,,,100000
MSOG,same_indication,0.0,15.0,0.5,0.5,low,balanced,,False,,,,100000
MSOG,same_indication,0.0,15.0,0.5,0.5,low,growth,,False,,,,100000
MSOG,same_indication,0.0,15.0,0.5,0.5,base,preservation,,False,,,,100000
MSOG,same_indication,0.0,15.0,0.5,0.5,base,balanced,,False,,,,100000
MSOG,same_indication,0.0,15.0,0.5,0.5,base,growth,,False,,,,100000
MSOG,same_indication,0.0,15.0,0.5,0.5,high,preservation,,False,,,,100000
MSOG,same_indication,0.0,15.0,0.5,0.5,high,balanced,0.2,True,-973.5443608735134,0.0216,31.85625852952545,100000
MSOG,same_indication,0.0,15.0,0.5,0.5,high,growth,0.2,True,-973.5443608735134,0.0216,31.85625852952545,100000
MSOG,same_indication,0.0,15.0,1.0,0.0,low,preservation,,False,,,,100000
MSOG,same_indication,0.0,15.0,1.0,0.0,low,balanced,,False,,,,100000
MSOG,same_indication,0.0,15.0,1.0,0.0,low,growth,,False,,,,100000
MSOG,same_indication,0.0,15.0,1.0,0.0,base,preservation,,False,,,,100000
MSOG,same_indication,0.0,15.0,1.0,0.0,base,balanced,,False,,,,100000
MSOG,same_indication,0.0,15.0,1.0,0.0,base,growth,,False,,,,100000
MSOG,same_indication,0.0,15.0,1.0,0.0,high,preservation,,False,,,,100000
MSOG,same_indication,0.0,15.0,1.0,0.0,high,balanced,0.2,True,-985.9875931767822,0.0216,402.51388570951104,100000
MSOG,same_indication,0.0,15.0,1.0,0.0,high,growth,0.0,True,-1175.82010020594,0.09533,214.37682036299512,100000
MSOG,same_indication,0.0,15.0,1.0,0.1,low,preservation,,False,,,,100000
MSOG,same_indication,0.0,15.0,1.0,0.1,low,balanced,,False,,,,100000
MSOG,same_indication,0.0,15.0,1.0,0.1,low,growth,,False,,,,100000
MSOG,same_indication,0.0,15.0,1.0,0.1,base,preservation,,False,,,,100000
MSOG,same_indication,0.0,15.0,1.0,0.1,base,balanced,,False,,,,100000
MSOG,same_indication,0.0,15.0,1.0,0.1,base,growth,,False,,,,100000
MSOG,same_indication,0.0,15.0,1.0,0.1,high,preservation,,False,,,,100000
MSOG,same_indication,0.0,15.0,1.0,0.1,high,balanced,0.2,True,-985.9875931767822,0.0216,347.0850666457705,100000
MSOG,same_indication,0.0,15.0,1.0,0.1,high,growth,0.0,True,-1175.82010020594,0.09533,158.94800129925457,100000
MSOG,same_indication,0.0,15.0,1.0,0.25,low,preservation,,False,,,,100000
MSOG,same_indication,0.0,15.0,1.0,0.25,low,balanced,,False,,,,100000
MSOG,same_indication,0.0,15.0,1.0,0.25,low,growth,,False,,,,100000
MSOG,same_indication,0.0,15.0,1.0,0.25,base,preservation,,False,,,,100000
MSOG,same_indication,0.0,15.0,1.0,0.25,base,balanced,,False,,,,100000
MSOG,same_indication,0.0,15.0,1.0,0.25,base,growth,,False,,,,100000
MSOG,same_indication,0.0,15.0,1.0,0.25,high,preservation,,False,,,,100000
MSOG,same_indication,0.0,15.0,1.0,0.25,high,balanced,0.2,True,-985.9875931767822,0.0216,263.9418380501597,100000
MSOG,same_indication,0.0,15.0,1.0,0.25,high,growth,0.0,True,-1175.82010020594,0.09533,75.80477270364375,100000
MSOG,same_indication,0.0,15.0,1.0,0.5,low,preservation,,False,,,,100000
MSOG,same_indication,0.0,15.0,1.0,0.5,low,balanced,,False,,,,100000
MSOG,same_indication,0.0,15.0,1.0,0.5,low,growth,,False,,,,100000
MSOG,same_indication,0.0,15.0,1.0,0.5,base,preservation,,False,,,,100000
MSOG,same_indication,0.0,15.0,1.0,0.5,base,balanced,,False,,,,100000
MSOG,same_indication,0.0,15.0,1.0,0.5,base,growth,,False,,,,100000
MSOG,same_indication,0.0,15.0,1.0,0.5,high,preservation,,False,,,,100000
MSOG,same_indication,0.0,15.0,1.0,0.5,high,balanced,0.2,True,-985.9875931767822,0.0216,125.3697903908083,100000
MSOG,same_indication,0.0,15.0,1.0,0.5,high,growth,0.1,True,-1084.5952474360138,0.05673,31.301257717550357,100000
MSOG,same_indication,0.0,15.0,1.5,0.0,low,preservation,,False,,,,100000
MSOG,same_indication,0.0,15.0,1.5,0.0,low,balanced,,False,,,,100000
MSOG,same_indication,0.0,15.0,1.5,0.0,low,growth,,False,,,,100000
MSOG,same_indication,0.0,15.0,1.5,0.0,base,preservation,,False,,,,100000
MSOG,same_indication,0.0,15.0,1.5,0.0,base,balanced,,False,,,,100000
MSOG,same_indication,0.0,15.0,1.5,0.0,base,growth,,False,,,,100000
MSOG,same_indication,0.0,15.0,1.5,0.0,high,preservation,,False,,,,100000
MSOG,same_indication,0.0,15.0,1.5,0.0,high,balanced,0.2,True,-998.8471168185526,0.0216,520.2375225863744,100000
MSOG,same_indication,0.0,15.0,1.5,0.0,high,growth,0.0,True,-1190.266435314048,0.09533,329.73472242104367,100000
MSOG,same_indication,0.0,15.0,1.5,0.1,low,preservation,,False,,,,100000
MSOG,same_indication,0.0,15.0,1.5,0.1,low,balanced,,False,,,,100000
MSOG,same_indication,0.0,15.0,1.5,0.1,low,growth,,False,,,,100000
MSOG,same_indication,0.0,15.0,1.5,0.1,base,preservation,,False,,,,100000
MSOG,same_indication,0.0,15.0,1.5,0.1,base,balanced,,False,,,,100000
MSOG,same_indication,0.0,15.0,1.5,0.1,base,growth,,False,,,,100000
MSOG,same_indication,0.0,15.0,1.5,0.1,high,preservation,,False,,,,100000
MSOG,same_indication,0.0,15.0,1.5,0.1,high,balanced,0.2,True,-998.8471168185526,0.0216,460.90722433987344,100000
MSOG,same_indication,0.0,15.0,1.5,0.1,high,growth,0.0,True,-1190.266435314048,0.09533,270.4044241745426,100000
MSOG,same_indication,0.0,15.0,1.5,0.25,low,preservation,,False,,,,100000
MSOG,same_indication,0.0,15.0,1.5,0.25,low,balanced,,False,,,,100000
MSOG,same_indication,0.0,15.0,1.5,0.25,low,growth,,False,,,,100000
MSOG,same_indication,0.0,15.0,1.5,0.25,base,preservation,,False,,,,100000
MSOG,same_indication,0.0,15.0,1.5,0.25,base,balanced,,False,,,,100000
MSOG,same_indication,0.0,15.0,1.5,0.25,base,growth,,False,,,,100000
MSOG,same_indication,0.0,15.0,1.5,0.25,high,preservation,,False,,,,100000
MSOG,same_indication,0.0,15.0,1.5,0.25,high,balanced,0.2,True,-998.8471168185526,0.0216,371.91177697012193,100000
MSOG,same_indication,0.0,15.0,1.5,0.25,high,growth,0.0,True,-1190.266435314048,0.09533,181.40897680479117,100000
MSOG,same_indication,0.0,15.0,1.5,0.5,low,preservation,,False,,,,100000
MSOG,same_indication,0.0,15.0,1.5,0.5,low,balanced,,False,,,,100000
MSOG,same_indication,0.0,15.0,1.5,0.5,low,growth,,False,,,,100000
MSOG,same_indication,0.0,15.0,1.5,0.5,base,preservation,,False,,,,100000
MSOG,same_indication,0.0,15.0,1.5,0.5,base,balanced,,False,,,,100000
MSOG,same_indication,0.0,15.0,1.5,0.5,base,growth,,False,,,,100000
MSOG,same_indication,0.0,15.0,1.5,0.5,high,preservation,,False,,,,100000
MSOG,same_indication,0.0,15.0,1.5,0.5,high,balanced,0.2,True,-998.8471168185526,0.0216,223.5860313538695,100000
MSOG,same_indication,0.0,15.0,1.5,0.5,high,growth,0.0,True,-1190.266435314048,0.09533,33.08323118853864,100000
MSOG,same_indication,0.0,18.0,0.0,0.0,low,preservation,,False,,,,100000
MSOG,same_indication,0.0,18.0,0.0,0.0,low,balanced,,False,,,,100000
MSOG,same_indication,0.0,18.0,0.0,0.0,low,growth,,False,,,,100000
MSOG,same_indication,0.0,18.0,0.0,0.0,base,preservation,,False,,,,100000
MSOG,same_indication,0.0,18.0,0.0,0.0,base,balanced,,False,,,,100000
MSOG,same_indication,0.0,18.0,0.0,0.0,base,growth,,False,,,,100000
MSOG,same_indication,0.0,18.0,0.0,0.0,high,preservation,,False,,,,100000
MSOG,same_indication,0.0,18.0,0.0,0.0,high,balanced,0.2,True,-961.5022449734774,0.0216,183.6340689483992,100000
MSOG,same_indication,0.0,18.0,0.0,0.0,high,growth,0.0,True,-1148.2457813904614,0.09533,0.0,100000
MSOG,same_indication,0.0,18.0,0.0,0.1,low,preservation,,False,,,,100000
MSOG,same_indication,0.0,18.0,0.0,0.1,low,balanced,,False,,,,100000
MSOG,same_indication,0.0,18.0,0.0,0.1,low,growth,,False,,,,100000
MSOG,same_indication,0.0,18.0,0.0,0.1,base,preservation,,False,,,,100000
MSOG,same_indication,0.0,18.0,0.0,0.1,base,balanced,,False,,,,100000
MSOG,same_indication,0.0,18.0,0.0,0.1,base,growth,,False,,,,100000
MSOG,same_indication,0.0,18.0,0.0,0.1,high,preservation,,False,,,,100000
MSOG,same_indication,0.0,18.0,0.0,0.1,high,balanced,0.2,True,-961.5022449734774,0.0216,122.46100954114998,100000
MSOG,same_indication,0.0,18.0,0.0,0.1,high,growth,0.1,True,-1070.035845375231,0.05673,30.643975066950365,100000
MSOG,same_indication,0.0,18.0,0.0,0.25,low,preservation,,False,,,,100000
MSOG,same_indication,0.0,18.0,0.0,0.25,low,balanced,,False,,,,100000
MSOG,same_indication,0.0,18.0,0.0,0.25,low,growth,,False,,,,100000
MSOG,same_indication,0.0,18.0,0.0,0.25,base,preservation,,False,,,,100000
MSOG,same_indication,0.0,18.0,0.0,0.25,base,balanced,,False,,,,100000
MSOG,same_indication,0.0,18.0,0.0,0.25,base,growth,,False,,,,100000
MSOG,same_indication,0.0,18.0,0.0,0.25,high,preservation,,False,,,,100000
MSOG,same_indication,0.0,18.0,0.0,0.25,high,balanced,0.2,True,-961.5022449734774,0.0216,30.70142043027619,100000
MSOG,same_indication,0.0,18.0,0.0,0.25,high,growth,0.2,True,-961.5022449734774,0.0216,30.70142043027619,100000
MSOG,same_indication,0.0,18.0,0.0,0.5,low,preservation,,False,,,,100000
MSOG,same_indication,0.0,18.0,0.0,0.5,low,balanced,,False,,,,100000
MSOG,same_indication,0.0,18.0,0.0,0.5,low,growth,,False,,,,100000
MSOG,same_indication,0.0,18.0,0.0,0.5,base,preservation,,False,,,,100000
MSOG,same_indication,0.0,18.0,0.0,0.5,base,balanced,,False,,,,100000
MSOG,same_indication,0.0,18.0,0.0,0.5,base,growth,,False,,,,100000
MSOG,same_indication,0.0,18.0,0.0,0.5,high,preservation,,False,,,,100000
MSOG,same_indication,0.0,18.0,0.0,0.5,high,balanced,,False,,,,100000
MSOG,same_indication,0.0,18.0,0.0,0.5,high,growth,,False,,,,100000
MSOG,same_indication,0.0,18.0,0.5,0.0,low,preservation,,False,,,,100000
MSOG,same_indication,0.0,18.0,0.5,0.0,low,balanced,,False,,,,100000
MSOG,same_indication,0.0,18.0,0.5,0.0,low,growth,,False,,,,100000
MSOG,same_indication,0.0,18.0,0.5,0.0,base,preservation,,False,,,,100000
MSOG,same_indication,0.0,18.0,0.5,0.0,base,balanced,,False,,,,100000
MSOG,same_indication,0.0,18.0,0.5,0.0,base,growth,,False,,,,100000
MSOG,same_indication,0.0,18.0,0.5,0.0,high,preservation,,False,,,,100000
MSOG,same_indication,0.0,18.0,0.5,0.0,high,balanced,0.2,True,-973.5443608735134,0.0216,290.4007816308153,100000
MSOG,same_indication,0.0,18.0,0.5,0.0,high,growth,0.0,True,-1161.8183631345016,0.09533,104.55235081844671,100000
MSOG,same_indication,0.0,18.0,0.5,0.1,low,preservation,,False,,,,100000
MSOG,same_indication,0.0,18.0,0.5,0.1,low,balanced,,False,,,,100000
MSOG,same_indication,0.0,18.0,0.5,0.1,low,growth,,False,,,,100000
MSOG,same_indication,0.0,18.0,0.5,0.1,base,preservation,,False,,,,100000
MSOG,same_indication,0.0,18.0,0.5,0.1,base,balanced,,False,,,,100000
MSOG,same_indication,0.0,18.0,0.5,0.1,base,growth,,False,,,,100000
MSOG,same_indication,0.0,18.0,0.5,0.1,high,preservation,,False,,,,100000
MSOG,same_indication,0.0,18.0,0.5,0.1,high,balanced,0.2,True,-973.5443608735134,0.0216,225.6809229665111,100000
MSOG,same_indication,0.0,18.0,0.5,0.1,high,growth,0.0,True,-1161.8183631345016,0.09533,39.83249215414252,100000
MSOG,same_indication,0.0,18.0,0.5,0.25,low,preservation,,False,,,,100000
MSOG,same_indication,0.0,18.0,0.5,0.25,low,balanced,,False,,,,100000
MSOG,same_indication,0.0,18.0,0.5,0.25,low,growth,,False,,,,100000
MSOG,same_indication,0.0,18.0,0.5,0.25,base,preservation,,False,,,,100000
MSOG,same_indication,0.0,18.0,0.5,0.25,base,balanced,,False,,,,100000
MSOG,same_indication,0.0,18.0,0.5,0.25,base,growth,,False,,,,100000
MSOG,same_indication,0.0,18.0,0.5,0.25,high,preservation,,False,,,,100000
MSOG,same_indication,0.0,18.0,0.5,0.25,high,balanced,0.2,True,-973.5443608735134,0.0216,128.60113497005491,100000
MSOG,same_indication,0.0,18.0,0.5,0.25,high,growth,0.1,True,-1078.2944657538667,0.05673,35.67691956387059,100000
MSOG,same_indication,0.0,18.0,0.5,0.5,low,preservation,,False,,,,100000
MSOG,same_indication,0.0,18.0,0.5,0.5,low,balanced,,False,,,,100000
MSOG,same_indication,0.0,18.0,0.5,0.5,low,growth,,False,,,,100000
MSOG,same_indication,0.0,18.0,0.5,0.5,base,preservation,,False,,,,100000
MSOG,same_indication,0.0,18.0,0.5,0.5,base,balanced,,False,,,,100000
MSOG,same_indication,0.0,18.0,0.5,0.5,base,growth,,False,,,,100000
MSOG,same_indication,0.0,18.0,0.5,0.5,high,preservation,,False,,,,100000
MSOG,same_indication,0.0,18.0,0.5,0.5,high,balanced,0.3,True,-863.5054959842553,0.01476,59.72570371547876,100000
MSOG,same_indication,0.0,18.0,0.5,0.5,high,growth,0.3,True,-863.5054959842553,0.01476,59.72570371547876,100000
MSOG,same_indication,0.0,18.0,1.0,0.0,low,preservation,,False,,,,100000
MSOG,same_indication,0.0,18.0,1.0,0.0,low,balanced,,False,,,,100000
MSOG,same_indication,0.0,18.0,1.0,0.0,low,growth,,False,,,,100000
MSOG,same_indication,0.0,18.0,1.0,0.0,base,preservation,,False,,,,100000
MSOG,same_indication,0.0,18.0,1.0,0.0,base,balanced,,False,,,,100000
MSOG,same_indication,0.0,18.0,1.0,0.0,base,growth,,False,,,,100000
MSOG,same_indication,0.0,18.0,1.0,0.0,high,preservation,,False,,,,100000
MSOG,same_indication,0.0,18.0,1.0,0.0,high,balanced,0.2,True,-985.9875931767822,0.0216,402.513885709511,100000
MSOG,same_indication,0.0,18.0,1.0,0.0,high,growth,0.0,True,-1175.82010020594,0.09533,214.37682036299512,100000
MSOG,same_indication,0.0,18.0,1.0,0.1,low,preservation,,False,,,,100000
MSOG,same_indication,0.0,18.0,1.0,0.1,low,balanced,,False,,,,100000
MSOG,same_indication,0.0,18.0,1.0,0.1,low,growth,,False,,,,100000
MSOG,same_indication,0.0,18.0,1.0,0.1,base,preservation,,False,,,,100000
MSOG,same_indication,0.0,18.0,1.0,0.1,base,balanced,,False,,,,100000
MSOG,same_indication,0.0,18.0,1.0,0.1,base,growth,,False,,,,100000
MSOG,same_indication,0.0,18.0,1.0,0.1,high,preservation,,False,,,,100000
MSOG,same_indication,0.0,18.0,1.0,0.1,high,balanced,0.2,True,-985.9875931767822,0.0216,334.0741126017242,100000
MSOG,same_indication,0.0,18.0,1.0,0.1,high,growth,0.0,True,-1175.82010020594,0.09533,145.9370472552083,100000
MSOG,same_indication,0.0,18.0,1.0,0.25,low,preservation,,False,,,,100000
MSOG,same_indication,0.0,18.0,1.0,0.25,low,balanced,,False,,,,100000
MSOG,same_indication,0.0,18.0,1.0,0.25,low,growth,,False,,,,100000
MSOG,same_indication,0.0,18.0,1.0,0.25,base,preservation,,False,,,,100000
MSOG,same_indication,0.0,18.0,1.0,0.25,base,balanced,,False,,,,100000
MSOG,same_indication,0.0,18.0,1.0,0.25,base,growth,,False,,,,100000
MSOG,same_indication,0.0,18.0,1.0,0.25,high,preservation,,False,,,,100000
MSOG,same_indication,0.0,18.0,1.0,0.25,high,balanced,0.2,True,-985.9875931767822,0.0216,231.4144529400441,100000
MSOG,same_indication,0.0,18.0,1.0,0.25,high,growth,0.0,True,-1175.82010020594,0.09533,43.277387593528246,100000
MSOG,same_indication,0.0,18.0,1.0,0.5,low,preservation,,False,,,,100000
MSOG,same_indication,0.0,18.0,1.0,0.5,low,balanced,,False,,,,100000
MSOG,same_indication,0.0,18.0,1.0,0.5,low,growth,,False,,,,100000
MSOG,same_indication,0.0,18.0,1.0,0.5,base,preservation,,False,,,,100000
MSOG,same_indication,0.0,18.0,1.0,0.5,base,balanced,,False,,,,100000
MSOG,same_indication,0.0,18.0,1.0,0.5,base,growth,,False,,,,100000
MSOG,same_indication,0.0,18.0,1.0,0.5,high,preservation,,False,,,,100000
MSOG,same_indication,0.0,18.0,1.0,0.5,high,balanced,0.2,True,-985.9875931767822,0.0216,60.31502017057732,100000
MSOG,same_indication,0.0,18.0,1.0,0.5,high,growth,0.2,True,-985.9875931767822,0.0216,60.31502017057732,100000
MSOG,same_indication,0.0,18.0,1.5,0.0,low,preservation,,False,,,,100000
MSOG,same_indication,0.0,18.0,1.5,0.0,low,balanced,,False,,,,100000
MSOG,same_indication,0.0,18.0,1.5,0.0,low,growth,,False,,,,100000
MSOG,same_indication,0.0,18.0,1.5,0.0,base,preservation,,False,,,,100000
MSOG,same_indication,0.0,18.0,1.5,0.0,base,balanced,,False,,,,100000
MSOG,same_indication,0.0,18.0,1.5,0.0,base,growth,,False,,,,100000
MSOG,same_indication,0.0,18.0,1.5,0.0,high,preservation,,False,,,,100000
MSOG,same_indication,0.0,18.0,1.5,0.0,high,balanced,0.2,True,-998.8471168185526,0.0216,520.2375225863744,100000
MSOG,same_indication,0.0,18.0,1.5,0.0,high,growth,0.0,True,-1190.266435314048,0.09533,329.7347224210436,100000
MSOG,same_indication,0.0,18.0,1.5,0.1,low,preservation,,False,,,,100000
MSOG,same_indication,0.0,18.0,1.5,0.1,low,balanced,,False,,,,100000
MSOG,same_indication,0.0,18.0,1.5,0.1,low,growth,,False,,,,100000
MSOG,same_indication,0.0,18.0,1.5,0.1,base,preservation,,False,,,,100000
MSOG,same_indication,0.0,18.0,1.5,0.1,base,balanced,,False,,,,100000
MSOG,same_indication,0.0,18.0,1.5,0.1,base,growth,,False,,,,100000
MSOG,same_indication,0.0,18.0,1.5,0.1,high,preservation,,False,,,,100000
MSOG,same_indication,0.0,18.0,1.5,0.1,high,balanced,0.2,True,-998.8471168185526,0.0216,447.89627029582726,100000
MSOG,same_indication,0.0,18.0,1.5,0.1,high,growth,0.0,True,-1190.266435314048,0.09533,257.3934701304963,100000
MSOG,same_indication,0.0,18.0,1.5,0.25,low,preservation,,False,,,,100000
MSOG,same_indication,0.0,18.0,1.5,0.25,low,balanced,,False,,,,100000
MSOG,same_indication,0.0,18.0,1.5,0.25,low,growth,,False,,,,100000
MSOG,same_indication,0.0,18.0,1.5,0.25,base,preservation,,False,,,,100000
MSOG,same_indication,0.0,18.0,1.5,0.25,base,balanced,,False,,,,100000
MSOG,same_indication,0.0,18.0,1.5,0.25,base,growth,,False,,,,100000
MSOG,same_indication,0.0,18.0,1.5,0.25,high,preservation,,False,,,,100000
MSOG,same_indication,0.0,18.0,1.5,0.25,high,balanced,0.2,True,-998.8471168185526,0.0216,339.3843918600065,100000
MSOG,same_indication,0.0,18.0,1.5,0.25,high,growth,0.0,True,-1190.266435314048,0.09533,148.8815916946756,100000
MSOG,same_indication,0.0,18.0,1.5,0.5,low,preservation,,False,,,,100000
MSOG,same_indication,0.0,18.0,1.5,0.5,low,balanced,,False,,,,100000
MSOG,same_indication,0.0,18.0,1.5,0.5,low,growth,,False,,,,100000
MSOG,same_indication,0.0,18.0,1.5,0.5,base,preservation,,False,,,,100000
MSOG,same_indication,0.0,18.0,1.5,0.5,base,balanced,,False,,,,100000
MSOG,same_indication,0.0,18.0,1.5,0.5,base,growth,,False,,,,100000
MSOG,same_indication,0.0,18.0,1.5,0.5,high,preservation,,False,,,,100000
MSOG,same_indication,0.0,18.0,1.5,0.5,high,balanced,0.2,True,-998.8471168185526,0.0216,158.53126113363848,100000
MSOG,same_indication,0.0,18.0,1.5,0.5,high,growth,0.1,True,-1091.0960982346623,0.05673,63.27986105097301,100000
MSOG,same_indication,0.1,12.0,0.0,0.0,low,preservation,,False,,,,100000
MSOG,same_indication,0.1,12.0,0.0,0.0,low,balanced,,False,,,,100000
MSOG,same_indication,0.1,12.0,0.0,0.0,low,growth,,False,,,,100000
MSOG,same_indication,0.1,12.0,0.0,0.0,base,preservation,,False,,,,100000
MSOG,same_indication,0.1,12.0,0.0,0.0,base,balanced,,False,,,,100000
MSOG,same_indication,0.1,12.0,0.0,0.0,base,growth,,False,,,,100000
MSOG,same_indication,0.1,12.0,0.0,0.0,high,preservation,,False,,,,100000
MSOG,same_indication,0.1,12.0,0.0,0.0,high,balanced,0.2,True,-996.1278265476358,0.02745,181.6969818666477,100000
MSOG,same_indication,0.1,12.0,0.0,0.0,high,growth,0.1,True,-1072.1868039690485,0.05789,90.00119903082229,100000
MSOG,same_indication,0.1,12.0,0.0,0.1,low,preservation,,False,,,,100000
MSOG,same_indication,0.1,12.0,0.0,0.1,low,balanced,,False,,,,100000
MSOG,same_indication,0.1,12.0,0.0,0.1,low,growth,,False,,,,100000
MSOG,same_indication,0.1,12.0,0.0,0.1,base,preservation,,False,,,,100000
MSOG,same_indication,0.1,12.0,0.0,0.1,base,balanced,,False,,,,100000
MSOG,same_indication,0.1,12.0,0.0,0.1,base,growth,,False,,,,100000
MSOG,same_indication,0.1,12.0,0.0,0.1,high,preservation,,False,,,,100000
MSOG,same_indication,0.1,12.0,0.0,0.1,high,balanced,0.2,True,-996.1278265476358,0.02745,147.58808102329843,100000
MSOG,same_indication,0.1,12.0,0.0,0.1,high,growth,0.1,True,-1072.1868039690485,0.05789,55.89229818747305,100000
MSOG,same_indication,0.1,12.0,0.0,0.25,low,preservation,,False,,,,100000
MSOG,same_indication,0.1,12.0,0.0,0.25,low,balanced,,False,,,,100000
MSOG,same_indication,0.1,12.0,0.0,0.25,low,growth,,False,,,,100000
MSOG,same_indication,0.1,12.0,0.0,0.25,base,preservation,,False,,,,100000
MSOG,same_indication,0.1,12.0,0.0,0.25,base,balanced,,False,,,,100000
MSOG,same_indication,0.1,12.0,0.0,0.25,base,growth,,False,,,,100000
MSOG,same_indication,0.1,12.0,0.0,0.25,high,preservation,,False,,,,100000
MSOG,same_indication,0.1,12.0,0.0,0.25,high,balanced,0.2,True,-996.1278265476358,0.02745,96.4247297582746,100000
MSOG,same_indication,0.1,12.0,0.0,0.25,high,growth,0.1,True,-1072.1868039690485,0.05789,4.7289469224491905,100000
MSOG,same_indication,0.1,12.0,0.0,0.5,low,preservation,,False,,,,100000
MSOG,same_indication,0.1,12.0,0.0,0.5,low,balanced,,False,,,,100000
MSOG,same_indication,0.1,12.0,0.0,0.5,low,growth,,False,,,,100000
MSOG,same_indication,0.1,12.0,0.0,0.5,base,preservation,,False,,,,100000
MSOG,same_indication,0.1,12.0,0.0,0.5,base,balanced,,False,,,,100000
MSOG,same_indication,0.1,12.0,0.0,0.5,base,growth,,False,,,,100000
MSOG,same_indication,0.1,12.0,0.0,0.5,high,preservation,,False,,,,100000
MSOG,same_indication,0.1,12.0,0.0,0.5,high,balanced,0.2,True,-996.1278265476358,0.02745,11.152477649901469,100000
MSOG,same_indication,0.1,12.0,0.0,0.5,high,growth,0.2,True,-996.1278265476358,0.02745,11.152477649901469,100000
MSOG,same_indication,0.1,12.0,0.5,0.0,low,preservation,,False,,,,100000
MSOG,same_indication,0.1,12.0,0.5,0.0,low,balanced,,False,,,,100000
MSOG,same_indication,0.1,12.0,0.5,0.0,low,growth,,False,,,,100000
MSOG,same_indication,0.1,12.0,0.5,0.0,base,preservation,,False,,,,100000
MSOG,same_indication,0.1,12.0,0.5,0.0,base,balanced,,False,,,,100000
MSOG,same_indication,0.1,12.0,0.5,0.0,base,growth,,False,,,,100000
MSOG,same_indication,0.1,12.0,0.5,0.0,high,preservation,,False,,,,100000
MSOG,same_indication,0.1,12.0,0.5,0.0,high,balanced,0.3,True,-894.9853589993636,0.01951,380.83497483905273,100000
MSOG,same_indication,0.1,12.0,0.5,0.0,high,growth,0.0,True,-1161.8183631345016,0.0938,102.43535134650944,100000
MSOG,same_indication,0.1,12.0,0.5,0.1,low,preservation,,False,,,,100000
MSOG,same_indication,0.1,12.0,0.5,0.1,low,balanced,,False,,,,100000
MSOG,same_indication,0.1,12.0,0.5,0.1,low,growth,,False,,,,100000
MSOG,same_indication,0.1,12.0,0.5,0.1,base,preservation,,False,,,,100000
MSOG,same_indication,0.1,12.0,0.5,0.1,base,balanced,,False,,,,100000
MSOG,same_indication,0.1,12.0,0.5,0.1,base,growth,,False,,,,100000
MSOG,same_indication,0.1,12.0,0.5,0.1,high,preservation,,False,,,,100000
MSOG,same_indication,0.1,12.0,0.5,0.1,high,balanced,0.3,True,-894.9853589993636,0.01951,342.7550233266301,100000
MSOG,same_indication,0.1,12.0,0.5,0.1,high,growth,0.0,True,-1161.8183631345016,0.0938,64.35539983408695,100000
MSOG,same_indication,0.1,12.0,0.5,0.25,low,preservation,,False,,,,100000
MSOG,same_indication,0.1,12.0,0.5,0.25,low,balanced,,False,,,,100000
MSOG,same_indication,0.1,12.0,0.5,0.25,low,growth,,False,,,,100000
MSOG,same_indication,0.1,12.0,0.5,0.25,base,preservation,,False,,,,100000
MSOG,same_indication,0.1,12.0,0.5,0.25,base,balanced,,False,,,,100000
MSOG,same_indication,0.1,12.0,0.5,0.25,base,growth,,False,,,,100000
MSOG,same_indication,0.1,12.0,0.5,0.25,high,preservation,,False,,,,100000
MSOG,same_indication,0.1,12.0,0.5,0.25,high,balanced,0.3,True,-894.9853589993636,0.01951,285.63509605799646,100000
MSOG,same_indication,0.1,12.0,0.5,0.25,high,growth,0.0,True,-1161.8183631345016,0.0938,7.235472565453246,100000
MSOG,same_indication,0.1,12.0,0.5,0.5,low,preservation,,False,,,,100000
MSOG,same_indication,0.1,12.0,0.5,0.5,low,balanced,,False,,,,100000
MSOG,same_indication,0.1,12.0,0.5,0.5,low,growth,,False,,,,100000
MSOG,same_indication,0.1,12.0,0.5,0.5,base,preservation,,False,,,,100000
MSOG,same_indication,0.1,12.0,0.5,0.5,base,balanced,,False,,,,100000
MSOG,same_indication,0.1,12.0,0.5,0.5,base,growth,,False,,,,100000
MSOG,same_indication,0.1,12.0,0.5,0.5,high,preservation,,False,,,,100000
MSOG,same_indication,0.1,12.0,0.5,0.5,high,balanced,0.3,True,-894.9853589993636,0.01951,190.4352172769403,100000
MSOG,same_indication,0.1,12.0,0.5,0.5,high,growth,0.1,True,-1078.2944657538667,0.05789,4.835468281911468,100000
MSOG,same_indication,0.1,12.0,1.0,0.0,low,preservation,,False,,,,100000
MSOG,same_indication,0.1,12.0,1.0,0.0,low,balanced,,False,,,,100000
MSOG,same_indication,0.1,12.0,1.0,0.0,low,growth,,False,,,,100000
MSOG,same_indication,0.1,12.0,1.0,0.0,base,preservation,,False,,,,100000
MSOG,same_indication,0.1,12.0,1.0,0.0,base,balanced,,False,,,,100000
MSOG,same_indication,0.1,12.0,1.0,0.0,base,growth,,False,,,,100000
MSOG,same_indication,0.1,12.0,1.0,0.0,high,preservation,,False,,,,100000
MSOG,same_indication,0.1,12.0,1.0,0.0,high,balanced,0.3,True,-897.7425458272387,0.01951,493.6393381517066,100000
MSOG,same_indication,0.1,12.0,1.0,0.0,high,growth,0.0,True,-1175.82010020594,0.0938,211.81635248487487,100000
MSOG,same_indication,0.1,12.0,1.0,0.1,low,preservation,,False,,,,100000
MSOG,same_indication,0.1,12.0,1.0,0.1,low,balanced,,False,,,,100000
MSOG,same_indication,0.1,12.0,1.0,0.1,low,growth,,False,,,,100000
MSOG,same_indication,0.1,12.0,1.0,0.1,base,preservation,,False,,,,100000
MSOG,same_indication,0.1,12.0,1.0,0.1,base,balanced,,False,,,,100000
MSOG,same_indication,0.1,12.0,1.0,0.1,base,growth,,False,,,,100000
MSOG,same_indication,0.1,12.0,1.0,0.1,high,preservation,,False,,,,100000
MSOG,same_indication,0.1,12.0,1.0,0.1,high,balanced,0.3,True,-897.7425458272387,0.01951,451.3945135610281,100000
MSOG,same_indication,0.1,12.0,1.0,0.1,high,growth,0.0,True,-1175.82010020594,0.0938,169.57152789419635,100000
MSOG,same_indication,0.1,12.0,1.0,0.25,low,preservation,,False,,,,100000
MSOG,same_indication,0.1,12.0,1.0,0.25,low,balanced,,False,,,,100000
MSOG,same_indication,0.1,12.0,1.0,0.25,low,growth,,False,,,,100000
MSOG,same_indication,0.1,12.0,1.0,0.25,base,preservation,,False,,,,100000
MSOG,same_indication,0.1,12.0,1.0,0.25,base,balanced,,False,,,,100000
MSOG,same_indication,0.1,12.0,1.0,0.25,base,growth,,False,,,,100000
MSOG,same_indication,0.1,12.0,1.0,0.25,high,preservation,,False,,,,100000
MSOG,same_indication,0.1,12.0,1.0,0.25,high,balanced,0.3,True,-897.7425458272387,0.01951,388.02727667501046,100000
MSOG,same_indication,0.1,12.0,1.0,0.25,high,growth,0.0,True,-1175.82010020594,0.0938,106.20429100817864,100000
MSOG,same_indication,0.1,12.0,1.0,0.5,low,preservation,,False,,,,100000
MSOG,same_indication,0.1,12.0,1.0,0.5,low,balanced,,False,,,,100000
MSOG,same_indication,0.1,12.0,1.0,0.5,low,growth,,False,,,,100000
MSOG,same_indication,0.1,12.0,1.0,0.5,base,preservation,,False,,,,100000
MSOG,same_indication,0.1,12.0,1.0,0.5,base,balanced,,False,,,,100000
MSOG,same_indication,0.1,12.0,1.0,0.5,base,growth,,False,,,,100000
MSOG,same_indication,0.1,12.0,1.0,0.5,high,preservation,,False,,,,100000
MSOG,same_indication,0.1,12.0,1.0,0.5,high,balanced,0.3,True,-897.7425458272387,0.01951,282.41521519831423,100000
MSOG,same_indication,0.1,12.0,1.0,0.5,high,growth,0.0,True,-1175.82010020594,0.0938,0.5922295314824574,100000
MSOG,same_indication,0.1,12.0,1.5,0.0,low,preservation,,False,,,,100000
MSOG,same_indication,0.1,12.0,1.5,0.0,low,balanced,,False,,,,100000
MSOG,same_indication,0.1,12.0,1.5,0.0,low,growth,,False,,,,100000
MSOG,same_indication,0.1,12.0,1.5,0.0,base,preservation,,False,,,,100000
MSOG,same_indication,0.1,12.0,1.5,0.0,base,balanced,,False,,,,100000
MSOG,same_indication,0.1,12.0,1.5,0.0,base,growth,,False,,,,100000
MSOG,same_indication,0.1,12.0,1.5,0.0,high,preservation,,False,,,,100000
MSOG,same_indication,0.1,12.0,1.5,0.0,high,balanced,0.3,True,-910.1342776246611,0.01951,612.0703593968443,100000
MSOG,same_indication,0.1,12.0,1.5,0.0,high,growth,0.0,True,-1190.266435314048,0.0938,326.70869557282447,100000
MSOG,same_indication,0.1,12.0,1.5,0.1,low,preservation,,False,,,,100000
MSOG,same_indication,0.1,12.0,1.5,0.1,low,balanced,,False,,,,100000
MSOG,same_indication,0.1,12.0,1.5,0.1,low,growth,,False,,,,100000
MSOG,same_indication,0.1,12.0,1.5,0.1,base,preservation,,False,,,,100000
MSOG,same_indication,0.1,12.0,1.5,0.1,base,balanced,,False,,,,100000
MSOG,same_indication,0.1,12.0,1.5,0.1,base,growth,,False,,,,100000
MSOG,same_indication,0.1,12.0,1.5,0.1,high,preservation,,False,,,,100000
MSOG,same_indication,0.1,12.0,1.5,0.1,high,balanced,0.3,True,-910.1342776246611,0.01951,565.4573790701853,100000
MSOG,same_indication,0.1,12.0,1.5,0.1,high,growth,0.0,True,-1190.266435314048,0.0938,280.0957152461654,100000
MSOG,same_indication,0.1,12.0,1.5,0.25,low,preservation,,False,,,,100000
MSOG,same_indication,0.1,12.0,1.5,0.25,low,balanced,,False,,,,100000
MSOG,same_indication,0.1,12.0,1.5,0.25,low,growth,,False,,,,100000
MSOG,same_indication,0.1,12.0,1.5,0.25,base,preservation,,False,,,,100000
MSOG,same_indication,0.1,12.0,1.5,0.25,base,balanced,,False,,,,100000
MSOG,same_indication,0.1,12.0,1.5,0.25,base,growth,,False,,,,100000
MSOG,same_indication,0.1,12.0,1.5,0.25,high,preservation,,False,,,,100000
MSOG,same_indication,0.1,12.0,1.5,0.25,high,balanced,0.3,True,-910.1342776246611,0.01951,495.5379085801968,100000
MSOG,same_indication,0.1,12.0,1.5,0.25,high,growth,0.0,True,-1190.266435314048,0.0938,210.17624475617689,100000
MSOG,same_indication,0.1,12.0,1.5,0.5,low,preservation,,False,,,,100000
MSOG,same_indication,0.1,12.0,1.5,0.5,low,balanced,,False,,,,100000
MSOG,same_indication,0.1,12.0,1.5,0.5,low,growth,,False,,,,100000
MSOG,same_indication,0.1,12.0,1.5,0.5,base,preservation,,False,,,,100000
MSOG,same_indication,0.1,12.0,1.5,0.5,base,balanced,,False,,,,100000
MSOG,same_indication,0.1,12.0,1.5,0.5,base,growth,,False,,,,100000
MSOG,same_indication,0.1,12.0,1.5,0.5,high,preservation,,False,,,,100000
MSOG,same_indication,0.1,12.0,1.5,0.5,high,balanced,0.3,True,-910.1342776246611,0.01951,379.00545776354926,100000
MSOG,same_indication,0.1,12.0,1.5,0.5,high,growth,0.0,True,-1190.266435314048,0.0938,93.64379393952929,100000
MSOG,same_indication,0.1,15.0,0.0,0.0,low,preservation,,False,,,,100000
MSOG,same_indication,0.1,15.0,0.0,0.0,low,balanced,,False,,,,100000
MSOG,same_indication,0.1,15.0,0.0,0.0,low,growth,,False,,,,100000
MSOG,same_indication,0.1,15.0,0.0,0.0,base,preservation,,False,,,,100000
MSOG,same_indication,0.1,15.0,0.0,0.0,base,balanced,,False,,,,100000
MSOG,same_indication,0.1,15.0,0.0,0.0,base,growth,,False,,,,100000
MSOG,same_indication,0.1,15.0,0.0,0.0,high,preservation,,False,,,,100000
MSOG,same_indication,0.1,15.0,0.0,0.0,high,balanced,0.2,True,-985.7611764826961,0.02745,179.4902960604233,100000
MSOG,same_indication,0.1,15.0,0.0,0.0,high,growth,0.1,True,-1072.1868039690485,0.05789,87.79451322459789,100000
MSOG,same_indication,0.1,15.0,0.0,0.1,low,preservation,,False,,,,100000
MSOG,same_indication,0.1,15.0,0.0,0.1,low,balanced,,False,,,,100000
MSOG,same_indication,0.1,15.0,0.0,0.1,low,growth,,False,,,,100000
MSOG,same_indication,0.1,15.0,0.0,0.1,base,preservation,,False,,,,100000
MSOG,same_indication,0.1,15.0,0.0,0.1,base,balanced,,False,,,,100000
MSOG,same_indication,0.1,15.0,0.0,0.1,base,growth,,False,,,,100000
MSOG,same_indication,0.1,15.0,0.0,0.1,high,preservation,,False,,,,100000
MSOG,same_indication,0.1,15.0,0.0,0.1,high,balanced,0.2,True,-985.7611764826961,0.02745,126.23104022872329,100000
MSOG,same_indication,0.1,15.0,0.0,0.1,high,growth,0.1,True,-1072.1868039690485,0.05789,34.535257392897904,100000
MSOG,same_indication,0.1,15.0,0.0,0.25,low,preservation,,False,,,,100000
MSOG,same_indication,0.1,15.0,0.0,0.25,low,balanced,,False,,,,100000
MSOG,same_indication,0.1,15.0,0.0,0.25,low,growth,,False,,,,100000
MSOG,same_indication,0.1,15.0,0.0,0.25,base,preservation,,False,,,,100000
MSOG,same_indication,0.1,15.0,0.0,0.25,base,balanced,,False,,,,100000
MSOG,same_indication,0.1,15.0,0.0,0.25,base,growth,,False,,,,100000
MSOG,same_indication,0.1,15.0,0.0,0.25,high,preservation,,False,,,,100000
MSOG,same_indication,0.1,15.0,0.0,0.25,high,balanced,0.2,True,-985.7611764826961,0.02745,46.3421564811733,100000
MSOG,same_indication,0.1,15.0,0.0,0.25,high,growth,0.2,True,-985.7611764826961,0.02745,46.3421564811733,100000
MSOG,same_indication,0.1,15.0,0.0,0.5,low,preservation,,False,,,,100000
MSOG,same_indication,0.1,15.0,0.0,0.5,low,balanced,,False,,,,100000
MSOG,same_indication,0.1,15.0,0.0,0.5,low,growth,,False,,,,100000
MSOG,same_indication,0.1,15.0,0.0,0.5,base,preservation,,False,,,,100000
MSOG,same_indication,0.1,15.0,0.0,0.5,base,balanced,,False,,,,100000
MSOG,same_indication,0.1,15.0,0.0,0.5,base,growth,,False,,,,100000
MSOG,same_indication,0.1,15.0,0.0,0.5,high,preservation,,False,,,,100000
MSOG,same_indication,0.1,15.0,0.0,0.5,high,balanced,0.3,True,-874.1952096422901,0.01951,4.889799737748659,100000
MSOG,same_indication,0.1,15.0,0.0,0.5,high,growth,0.3,True,-874.1952096422901,0.01951,4.889799737748659,100000
MSOG,same_indication,0.1,15.0,0.5,0.0,low,preservation,,False,,,,100000
MSOG,same_indication,0.1,15.0,0.5,0.0,low,balanced,,False,,,,100000
MSOG,same_indication,0.1,15.0,0.5,0.0,low,growth,,False,,,,100000
MSOG,same_indication,0.1,15.0,0.5,0.0,base,preservation,,False,,,,100000
MSOG,same_indication,0.1,15.0,0.5,0.0,base,balanced,,False,,,,100000
MSOG,same_indication,0.1,15.0,0.5,0.0,base,growth,,False,,,,100000
MSOG,same_indication,0.1,15.0,0.5,0.0,high,preservation,,False,,,,100000
MSOG,same_indication,0.1,15.0,0.5,0.0,high,balanced,0.2,True,-998.9873428875355,0.02745,285.82841453531387,100000
MSOG,same_indication,0.1,15.0,0.5,0.0,high,growth,0.0,True,-1161.8183631345016,0.09376,100.22866554028505,100000
MSOG,same_indication,0.1,15.0,0.5,0.1,low,preservation,,False,,,,100000
MSOG,same_indication,0.1,15.0,0.5,0.1,low,balanced,,False,,,,100000
MSOG,same_indication,0.1,15.0,0.5,0.1,low,growth,,False,,,,100000
MSOG,same_indication,0.1,15.0,0.5,0.1,base,preservation,,False,,,,100000
MSOG,same_indication,0.1,15.0,0.5,0.1,base,balanced,,False,,,,100000
MSOG,same_indication,0.1,15.0,0.5,0.1,base,growth,,False,,,,100000
MSOG,same_indication,0.1,15.0,0.5,0.1,high,preservation,,False,,,,100000
MSOG,same_indication,0.1,15.0,0.5,0.1,high,balanced,0.2,True,-998.9873428875355,0.02745,228.59810803454064,100000
MSOG,same_indication,0.1,15.0,0.5,0.1,high,growth,0.0,True,-1161.8183631345016,0.09376,42.99835903951183,100000
MSOG,same_indication,0.1,15.0,0.5,0.25,low,preservation,,False,,,,100000
MSOG,same_indication,0.1,15.0,0.5,0.25,low,balanced,,False,,,,100000
MSOG,same_indication,0.1,15.0,0.5,0.25,low,growth,,False,,,,100000
MSOG,same_indication,0.1,15.0,0.5,0.25,base,preservation,,False,,,,100000
MSOG,same_indication,0.1,15.0,0.5,0.25,base,balanced,,False,,,,100000
MSOG,same_indication,0.1,15.0,0.5,0.25,base,growth,,False,,,,100000
MSOG,same_indication,0.1,15.0,0.5,0.25,high,preservation,,False,,,,100000
MSOG,same_indication,0.1,15.0,0.5,0.25,high,balanced,0.2,True,-998.9873428875355,0.02745,142.7526482833808,100000
MSOG,same_indication,0.1,15.0,0.5,0.25,high,growth,0.1,True,-1078.2944657538667,0.05789,49.95277378586637,100000
MSOG,same_indication,0.1,15.0,0.5,0.5,low,preservation,,False,,,,100000
MSOG,same_indication,0.1,15.0,0.5,0.5,low,balanced,,False,,,,100000
MSOG,same_indication,0.1,15.0,0.5,0.5,low,growth,,False,,,,100000
MSOG,same_indication,0.1,15.0,0.5,0.5,base,preservation,,False,,,,100000
MSOG,same_indication,0.1,15.0,0.5,0.5,base,balanced,,False,,,,100000
MSOG,same_indication,0.1,15.0,0.5,0.5,base,growth,,False,,,,100000
MSOG,same_indication,0.1,15.0,0.5,0.5,high,preservation,,False,,,,100000
MSOG,same_indication,0.1,15.0,0.5,0.5,high,balanced,0.3,True,-885.7681052465247,0.01951,92.47675652896214,100000
MSOG,same_indication,0.1,15.0,0.5,0.5,high,growth,0.3,True,-885.7681052465247,0.01951,92.47675652896214,100000
MSOG,same_indication,0.1,15.0,1.0,0.0,low,preservation,,False,,,,100000
MSOG,same_indication,0.1,15.0,1.0,0.0,low,balanced,,False,,,,100000
MSOG,same_indication,0.1,15.0,1.0,0.0,low,growth,,False,,,,100000
MSOG,same_indication,0.1,15.0,1.0,0.0,base,preservation,,False,,,,100000
MSOG,same_indication,0.1,15.0,1.0,0.0,base,balanced,,False,,,,100000
MSOG,same_indication,0.1,15.0,1.0,0.0,base,growth,,False,,,,100000
MSOG,same_indication,0.1,15.0,1.0,0.0,high,preservation,,False,,,,100000
MSOG,same_indication,0.1,15.0,1.0,0.0,high,balanced,0.3,True,-897.7425458272387,0.01951,491.43265234548227,100000
MSOG,same_indication,0.1,15.0,1.0,0.0,high,growth,0.0,True,-1175.82010020594,0.09376,209.60966667865046,100000
MSOG,same_indication,0.1,15.0,1.0,0.1,low,preservation,,False,,,,100000
MSOG,same_indication,0.1,15.0,1.0,0.1,low,balanced,,False,,,,100000
MSOG,same_indication,0.1,15.0,1.0,0.1,low,growth,,False,,,,100000
MSOG,same_indication,0.1,15.0,1.0,0.1,base,preservation,,False,,,,100000
MSOG,same_indication,0.1,15.0,1.0,0.1,base,balanced,,False,,,,100000
MSOG,same_indication,0.1,15.0,1.0,0.1,base,growth,,False,,,,100000
MSOG,same_indication,0.1,15.0,1.0,0.1,high,preservation,,False,,,,100000
MSOG,same_indication,0.1,15.0,1.0,0.1,high,balanced,0.3,True,-897.7425458272387,0.01951,430.03747276645305,100000
MSOG,same_indication,0.1,15.0,1.0,0.1,high,growth,0.0,True,-1175.82010020594,0.09376,148.2144870996212,100000
MSOG,same_indication,0.1,15.0,1.0,0.25,low,preservation,,False,,,,100000
MSOG,same_indication,0.1,15.0,1.0,0.25,low,balanced,,False,,,,100000
MSOG,same_indication,0.1,15.0,1.0,0.25,low,growth,,False,,,,100000
MSOG,same_indication,0.1,15.0,1.0,0.25,base,preservation,,False,,,,100000
MSOG,same_indication,0.1,15.0,1.0,0.25,base,balanced,,False,,,,100000
MSOG,same_indication,0.1,15.0,1.0,0.25,base,growth,,False,,,,100000
MSOG,same_indication,0.1,15.0,1.0,0.25,high,preservation,,False,,,,100000
MSOG,same_indication,0.1,15.0,1.0,0.25,high,balanced,0.3,True,-897.7425458272387,0.01951,337.94470339790917,100000
MSOG,same_indication,0.1,15.0,1.0,0.25,high,growth,0.0,True,-1175.82010020594,0.09376,56.12171773107739,100000
MSOG,same_indication,0.1,15.0,1.0,0.5,low,preservation,,False,,,,100000
MSOG,same_indication,0.1,15.0,1.0,0.5,low,balanced,,False,,,,100000
MSOG,same_indication,0.1,15.0,1.0,0.5,low,growth,,False,,,,100000
MSOG,same_indication,0.1,15.0,1.0,0.5,base,preservation,,False,,,,100000
MSOG,same_indication,0.1,15.0,1.0,0.5,base,balanced,,False,,,,100000
MSOG,same_indication,0.1,15.0,1.0,0.5,base,growth,,False,,,,100000
MSOG,same_indication,0.1,15.0,1.0,0.5,high,preservation,,False,,,,100000
MSOG,same_indication,0.1,15.0,1.0,0.5,high,balanced,0.3,True,-897.7425458272387,0.01951,184.45675445033604,100000
MSOG,same_indication,0.1,15.0,1.0,0.5,high,growth,0.2,True,-1007.1575540738271,0.02745,90.51575922805885,100000
MSOG,same_indication,0.1,15.0,1.5,0.0,low,preservation,,False,,,,100000
MSOG,same_indication,0.1,15.0,1.5,0.0,low,balanced,,False,,,,100000
MSOG,same_indication,0.1,15.0,1.5,0.0,low,growth,,False,,,,100000
MSOG,same_indication,0.1,15.0,1.5,0.0,base,preservation,,False,,,,100000
MSOG,same_indication,0.1,15.0,1.5,0.0,base,balanced,,False,,,,100000
MSOG,same_indication,0.1,15.0,1.5,0.0,base,growth,,False,,,,100000
MSOG,same_indication,0.1,15.0,1.5,0.0,high,preservation,,False,,,,100000
MSOG,same_indication,0.1,15.0,1.5,0.0,high,balanced,0.3,True,-910.1342776246611,0.01951,609.86367359062,100000
MSOG,same_indication,0.1,15.0,1.5,0.0,high,growth,0.0,True,-1190.266435314048,0.09376,324.5020097666001,100000
MSOG,same_indication,0.1,15.0,1.5,0.1,low,preservation,,False,,,,100000
MSOG,same_indication,0.1,15.0,1.5,0.1,low,balanced,,False,,,,100000
MSOG,same_indication,0.1,15.0,1.5,0.1,low,growth,,False,,,,100000
MSOG,same_indication,0.1,15.0,1.5,0.1,base,preservation,,False,,,,100000
MSOG,same_indication,0.1,15.0,1.5,0.1,base,balanced,,False,,,,100000
MSOG,same_indication,0.1,15.0,1.5,0.1,base,growth,,False,,,,100000
MSOG,same_indication,0.1,15.0,1.5,0.1,high,preservation,,False,,,,100000
MSOG,same_indication,0.1,15.0,1.5,0.1,high,balanced,0.3,True,-910.1342776246611,0.01951,544.1003382756102,100000
MSOG,same_indication,0.1,15.0,1.5,0.1,high,growth,0.0,True,-1190.266435314048,0.09376,258.73867445159027,100000
MSOG,same_indication,0.1,15.0,1.5,0.25,low,preservation,,False,,,,100000
MSOG,same_indication,0.1,15.0,1.5,0.25,low,balanced,,False,,,,100000
MSOG,same_indication,0.1,15.0,1.5,0.25,low,growth,,False,,,,100000
MSOG,same_indication,0.1,15.0,1.5,0.25,base,preservation,,False,,,,100000
MSOG,same_indication,0.1,15.0,1.5,0.25,base,balanced,,False,,,,100000
MSOG,same_indication,0.1,15.0,1.5,0.25,base,growth,,False,,,,100000
MSOG,same_indication,0.1,15.0,1.5,0.25,high,preservation,,False,,,,100000
MSOG,same_indication,0.1,15.0,1.5,0.25,high,balanced,0.3,True,-910.1342776246611,0.01951,445.4553353030955,100000
MSOG,same_indication,0.1,15.0,1.5,0.25,high,growth,0.0,True,-1190.266435314048,0.09376,160.0936714790756,100000
MSOG,same_indication,0.1,15.0,1.5,0.5,low,preservation,,False,,,,100000
MSOG,same_indication,0.1,15.0,1.5,0.5,low,balanced,,False,,,,100000
MSOG,same_indication,0.1,15.0,1.5,0.5,low,growth,,False,,,,100000
MSOG,same_indication,0.1,15.0,1.5,0.5,base,preservation,,False,,,,100000
MSOG,same_indication,0.1,15.0,1.5,0.5,base,balanced,,False,,,,100000
MSOG,same_indication,0.1,15.0,1.5,0.5,base,growth,,False,,,,100000
MSOG,same_indication,0.1,15.0,1.5,0.5,high,preservation,,False,,,,100000
MSOG,same_indication,0.1,15.0,1.5,0.5,high,balanced,0.3,True,-910.1342776246611,0.01951,281.046997015571,100000
MSOG,same_indication,0.1,15.0,1.5,0.5,high,growth,0.1,True,-1091.0960982346623,0.05789,90.80588779955775,100000
MSOG,same_indication,0.1,18.0,0.0,0.0,low,preservation,,False,,,,100000
MSOG,same_indication,0.1,18.0,0.0,0.0,low,balanced,,False,,,,100000
MSOG,same_indication,0.1,18.0,0.0,0.0,low,growth,,False,,,,100000
MSOG,same_indication,0.1,18.0,0.0,0.0,base,preservation,,False,,,,100000
MSOG,same_indication,0.1,18.0,0.0,0.0,base,balanced,,False,,,,100000
MSOG,same_indication,0.1,18.0,0.0,0.0,base,growth,,False,,,,100000
MSOG,same_indication,0.1,18.0,0.0,0.0,high,preservation,,False,,,,100000
MSOG,same_indication,0.1,18.0,0.0,0.0,high,balanced,0.2,True,-985.7611764826961,0.02745,177.83238035326747,100000
MSOG,same_indication,0.1,18.0,0.0,0.0,high,growth,0.1,True,-1072.1868039690485,0.05789,86.13659751744207,100000
MSOG,same_indication,0.1,18.0,0.0,0.1,low,preservation,,False,,,,100000
MSOG,same_indication,0.1,18.0,0.0,0.1,low,balanced,,False,,,,100000
MSOG,same_indication,0.1,18.0,0.0,0.1,low,growth,,False,,,,100000
MSOG,same_indication,0.1,18.0,0.0,0.1,base,preservation,,False,,,,100000
MSOG,same_indication,0.1,18.0,0.0,0.1,base,balanced,,False,,,,100000
MSOG,same_indication,0.1,18.0,0.0,0.1,base,growth,,False,,,,100000
MSOG,same_indication,0.1,18.0,0.0,0.1,high,preservation,,False,,,,100000
MSOG,same_indication,0.1,18.0,0.0,0.1,high,balanced,0.2,True,-985.7611764826961,0.02745,110.18517937630017,100000
MSOG,same_indication,0.1,18.0,0.0,0.1,high,growth,0.1,True,-1072.1868039690485,0.05789,18.48939654047476,100000
MSOG,same_indication,0.1,18.0,0.0,0.25,low,preservation,,False,,,,100000
MSOG,same_indication,0.1,18.0,0.0,0.25,low,balanced,,False,,,,100000
MSOG,same_indication,0.1,18.0,0.0,0.25,low,growth,,False,,,,100000
MSOG,same_indication,0.1,18.0,0.0,0.25,base,preservation,,False,,,,100000
MSOG,same_indication,0.1,18.0,0.0,0.25,base,balanced,,False,,,,100000
MSOG,same_indication,0.1,18.0,0.0,0.25,base,growth,,False,,,,100000
MSOG,same_indication,0.1,18.0,0.0,0.25,high,preservation,,False,,,,100000
MSOG,same_indication,0.1,18.0,0.0,0.25,high,balanced,0.2,True,-985.7611764826961,0.02745,8.714377910849276,100000
MSOG,same_indication,0.1,18.0,0.0,0.25,high,growth,0.2,True,-985.7611764826961,0.02745,8.714377910849276,100000
MSOG,same_indication,0.1,18.0,0.0,0.5,low,preservation,,False,,,,100000
MSOG,same_indication,0.1,18.0,0.0,0.5,low,balanced,,False,,,,100000
MSOG,same_indication,0.1,18.0,0.0,0.5,low,growth,,False,,,,100000
MSOG,same_indication,0.1,18.0,0.0,0.5,base,preservation,,False,,,,100000
MSOG,same_indication,0.1,18.0,0.0,0.5,base,balanced,,False,,,,100000
MSOG,same_indication,0.1,18.0,0.0,0.5,base,growth,,False,,,,100000
MSOG,same_indication,0.1,18.0,0.0,0.5,high,preservation,,False,,,,100000
MSOG,same_indication,0.1,18.0,0.0,0.5,high,balanced,,False,,,,100000
MSOG,same_indication,0.1,18.0,0.0,0.5,high,growth,,False,,,,100000
MSOG,same_indication,0.1,18.0,0.5,0.0,low,preservation,,False,,,,100000
MSOG,same_indication,0.1,18.0,0.5,0.0,low,balanced,,False,,,,100000
MSOG,same_indication,0.1,18.0,0.5,0.0,low,growth,,False,,,,100000
MSOG,same_indication,0.1,18.0,0.5,0.0,base,preservation,,False,,,,100000
MSOG,same_indication,0.1,18.0,0.5,0.0,base,balanced,,False,,,,100000
MSOG,same_indication,0.1,18.0,0.5,0.0,base,growth,,False,,,,100000
MSOG,same_indication,0.1,18.0,0.5,0.0,high,preservation,,False,,,,100000
MSOG,same_indication,0.1,18.0,0.5,0.0,high,balanced,0.2,True,-998.9873428875355,0.02745,284.17049882815803,100000
MSOG,same_indication,0.1,18.0,0.5,0.0,high,growth,0.0,True,-1161.8183631345016,0.09376,98.5707498331292,100000
MSOG,same_indication,0.1,18.0,0.5,0.1,low,preservation,,False,,,,100000
MSOG,same_indication,0.1,18.0,0.5,0.1,low,balanced,,False,,,,100000
MSOG,same_indication,0.1,18.0,0.5,0.1,low,growth,,False,,,,100000
MSOG,same_indication,0.1,18.0,0.5,0.1,base,preservation,,False,,,,100000
MSOG,same_indication,0.1,18.0,0.5,0.1,base,balanced,,False,,,,100000
MSOG,same_indication,0.1,18.0,0.5,0.1,base,growth,,False,,,,100000
MSOG,same_indication,0.1,18.0,0.5,0.1,high,preservation,,False,,,,100000
MSOG,same_indication,0.1,18.0,0.5,0.1,high,balanced,0.2,True,-998.9873428875355,0.02745,212.55224718211747,100000
MSOG,same_indication,0.1,18.0,0.5,0.1,high,growth,0.0,True,-1161.8183631345016,0.09376,26.952498187088665,100000
MSOG,same_indication,0.1,18.0,0.5,0.25,low,preservation,,False,,,,100000
MSOG,same_indication,0.1,18.0,0.5,0.25,low,balanced,,False,,,,100000
MSOG,same_indication,0.1,18.0,0.5,0.25,low,growth,,False,,,,100000
MSOG,same_indication,0.1,18.0,0.5,0.25,base,preservation,,False,,,,100000
MSOG,same_indication,0.1,18.0,0.5,0.25,base,balanced,,False,,,,100000
MSOG,same_indication,0.1,18.0,0.5,0.25,base,growth,,False,,,,100000
MSOG,same_indication,0.1,18.0,0.5,0.25,high,preservation,,False,,,,100000
MSOG,same_indication,0.1,18.0,0.5,0.25,high,balanced,0.2,True,-998.9873428875355,0.02745,105.1248697130568,100000
MSOG,same_indication,0.1,18.0,0.5,0.25,high,growth,0.1,True,-1078.2944657538667,0.05789,12.324995215542344,100000
MSOG,same_indication,0.1,18.0,0.5,0.5,low,preservation,,False,,,,100000
MSOG,same_indication,0.1,18.0,0.5,0.5,low,balanced,,False,,,,100000
MSOG,same_indication,0.1,18.0,0.5,0.5,low,growth,,False,,,,100000
MSOG,same_indication,0.1,18.0,0.5,0.5,base,preservation,,False,,,,100000
MSOG,same_indication,0.1,18.0,0.5,0.5,base,balanced,,False,,,,100000
MSOG,same_indication,0.1,18.0,0.5,0.5,base,growth,,False,,,,100000
MSOG,same_indication,0.1,18.0,0.5,0.5,high,preservation,,False,,,,100000
MSOG,same_indication,0.1,18.0,0.5,0.5,high,balanced,0.3,True,-885.7681052465247,0.01951,18.879115095469917,100000
MSOG,same_indication,0.1,18.0,0.5,0.5,high,growth,0.3,True,-885.7681052465247,0.01951,18.879115095469917,100000
MSOG,same_indication,0.1,18.0,1.0,0.0,low,preservation,,False,,,,100000
MSOG,same_indication,0.1,18.0,1.0,0.0,low,balanced,,False,,,,100000
MSOG,same_indication,0.1,18.0,1.0,0.0,low,growth,,False,,,,100000
MSOG,same_indication,0.1,18.0,1.0,0.0,base,preservation,,False,,,,100000
MSOG,same_indication,0.1,18.0,1.0,0.0,base,balanced,,False,,,,100000
MSOG,same_indication,0.1,18.0,1.0,0.0,base,growth,,False,,,,100000
MSOG,same_indication,0.1,18.0,1.0,0.0,high,preservation,,False,,,,100000
MSOG,same_indication,0.1,18.0,1.0,0.0,high,balanced,0.3,True,-897.7425458272387,0.01951,489.77473663832643,100000
MSOG,same_indication,0.1,18.0,1.0,0.0,high,growth,0.0,True,-1175.82010020594,0.09376,207.95175097149462,100000
MSOG,same_indication,0.1,18.0,1.0,0.1,low,preservation,,False,,,,100000
MSOG,same_indication,0.1,18.0,1.0,0.1,low,balanced,,False,,,,100000
MSOG,same_indication,0.1,18.0,1.0,0.1,low,growth,,False,,,,100000
MSOG,same_indication,0.1,18.0,1.0,0.1,base,preservation,,False,,,,100000
MSOG,same_indication,0.1,18.0,1.0,0.1,base,balanced,,False,,,,100000
MSOG,same_indication,0.1,18.0,1.0,0.1,base,growth,,False,,,,100000
MSOG,same_indication,0.1,18.0,1.0,0.1,high,preservation,,False,,,,100000
MSOG,same_indication,0.1,18.0,1.0,0.1,high,balanced,0.3,True,-897.7425458272387,0.01951,413.9916119140299,100000
MSOG,same_indication,0.1,18.0,1.0,0.1,high,growth,0.0,True,-1175.82010020594,0.09376,132.1686262471981,100000
MSOG,same_indication,0.1,18.0,1.0,0.25,low,preservation,,False,,,,100000
MSOG,same_indication,0.1,18.0,1.0,0.25,low,balanced,,False,,,,100000
MSOG,same_indication,0.1,18.0,1.0,0.25,low,growth,,False,,,,100000
MSOG,same_indication,0.1,18.0,1.0,0.25,base,preservation,,False,,,,100000
MSOG,same_indication,0.1,18.0,1.0,0.25,base,balanced,,False,,,,100000
MSOG,same_indication,0.1,18.0,1.0,0.25,base,growth,,False,,,,100000
MSOG,same_indication,0.1,18.0,1.0,0.25,high,preservation,,False,,,,100000
MSOG,same_indication,0.1,18.0,1.0,0.25,high,balanced,0.3,True,-897.7425458272387,0.01951,300.3169248275851,100000
MSOG,same_indication,0.1,18.0,1.0,0.25,high,growth,0.0,True,-1175.82010020594,0.09376,18.493939160753335,100000
MSOG,same_indication,0.1,18.0,1.0,0.5,low,preservation,,False,,,,100000
MSOG,same_indication,0.1,18.0,1.0,0.5,low,balanced,,False,,,,100000
MSOG,same_indication,0.1,18.0,1.0,0.5,low,growth,,False,,,,100000
MSOG,same_indication,0.1,18.0,1.0,0.5,base,preservation,,False,,,,100000
MSOG,same_indication,0.1,18.0,1.0,0.5,base,balanced,,False,,,,100000
MSOG,same_indication,0.1,18.0,1.0,0.5,base,growth,,False,,,,100000
MSOG,same_indication,0.1,18.0,1.0,0.5,high,preservation,,False,,,,100000
MSOG,same_indication,0.1,18.0,1.0,0.5,high,balanced,0.3,True,-897.7425458272387,0.01951,110.85911301684384,100000
MSOG,same_indication,0.1,18.0,1.0,0.5,high,growth,0.2,True,-1007.1575540738271,0.02745,16.91811779456659,100000
MSOG,same_indication,0.1,18.0,1.5,0.0,low,preservation,,False,,,,100000
MSOG,same_indication,0.1,18.0,1.5,0.0,low,balanced,,False,,,,100000
MSOG,same_indication,0.1,18.0,1.5,0.0,low,growth,,False,,,,100000
MSOG,same_indication,0.1,18.0,1.5,0.0,base,preservation,,False,,,,100000
MSOG,same_indication,0.1,18.0,1.5,0.0,base,balanced,,False,,,,100000
MSOG,same_indication,0.1,18.0,1.5,0.0,base,growth,,False,,,,100000
MSOG,same_indication,0.1,18.0,1.5,0.0,high,preservation,,False,,,,100000
MSOG,same_indication,0.1,18.0,1.5,0.0,high,balanced,0.3,True,-910.1342776246611,0.01951,608.2057578834641,100000
MSOG,same_indication,0.1,18.0,1.5,0.0,high,growth,0.0,True,-1190.266435314048,0.09376,322.8440940594442,100000
MSOG,same_indication,0.1,18.0,1.5,0.1,low,preservation,,False,,,,100000
MSOG,same_indication,0.1,18.0,1.5,0.1,low,balanced,,False,,,,100000
MSOG,same_indication,0.1,18.0,1.5,0.1,low,growth,,False,,,,100000
MSOG,same_indication,0.1,18.0,1.5,0.1,base,preservation,,False,,,,100000
MSOG,same_indication,0.1,18.0,1.5,0.1,base,balanced,,False,,,,100000
MSOG,same_indication,0.1,18.0,1.5,0.1,base,growth,,False,,,,100000
MSOG,same_indication,0.1,18.0,1.5,0.1,high,preservation,,False,,,,100000
MSOG,same_indication,0.1,18.0,1.5,0.1,high,balanced,0.3,True,-910.1342776246611,0.01951,528.054477423187,100000
MSOG,same_indication,0.1,18.0,1.5,0.1,high,growth,0.0,True,-1190.266435314048,0.09376,242.6928135991671,100000
MSOG,same_indication,0.1,18.0,1.5,0.25,low,preservation,,False,,,,100000
MSOG,same_indication,0.1,18.0,1.5,0.25,low,balanced,,False,,,,100000
MSOG,same_indication,0.1,18.0,1.5,0.25,low,growth,,False,,,,100000
MSOG,same_indication,0.1,18.0,1.5,0.25,base,preservation,,False,,,,100000
MSOG,same_indication,0.1,18.0,1.5,0.25,base,balanced,,False,,,,100000
MSOG,same_indication,0.1,18.0,1.5,0.25,base,growth,,False,,,,100000
MSOG,same_indication,0.1,18.0,1.5,0.25,high,preservation,,False,,,,100000
MSOG,same_indication,0.1,18.0,1.5,0.25,high,balanced,0.3,True,-910.1342776246611,0.01951,407.82755673277137,100000
MSOG,same_indication,0.1,18.0,1.5,0.25,high,growth,0.0,True,-1190.266435314048,0.09376,122.46589290875151,100000
MSOG,same_indication,0.1,18.0,1.5,0.5,low,preservation,,False,,,,100000
MSOG,same_indication,0.1,18.0,1.5,0.5,low,balanced,,False,,,,100000
MSOG,same_indication,0.1,18.0,1.5,0.5,low,growth,,False,,,,100000
MSOG,same_indication,0.1,18.0,1.5,0.5,base,preservation,,False,,,,100000
MSOG,same_indication,0.1,18.0,1.5,0.5,base,balanced,,False,,,,100000
MSOG,same_indication,0.1,18.0,1.5,0.5,base,growth,,False,,,,100000
MSOG,same_indication,0.1,18.0,1.5,0.5,high,preservation,,False,,,,100000
MSOG,same_indication,0.1,18.0,1.5,0.5,high,balanced,0.3,True,-910.1342776246611,0.01951,207.44935558207874,100000
MSOG,same_indication,0.1,18.0,1.5,0.5,high,growth,0.1,True,-1091.0960982346623,0.05789,17.208246366065467,100000
MSOG,same_indication,0.25,12.0,0.0,0.0,low,preservation,,False,,,,250000
MSOG,same_indication,0.25,12.0,0.0,0.0,low,balanced,,False,,,,250000
MSOG,same_indication,0.25,12.0,0.0,0.0,low,growth,,False,,,,250000
MSOG,same_indication,0.25,12.0,0.0,0.0,base,preservation,,False,,,,250000
MSOG,same_indication,0.25,12.0,0.0,0.0,base,balanced,,False,,,,250000
MSOG,same_indication,0.25,12.0,0.0,0.0,base,growth,,False,,,,250000
MSOG,same_indication,0.25,12.0,0.0,0.0,high,preservation,,False,,,,250000
MSOG,same_indication,0.25,12.0,0.0,0.0,high,balanced,0.2,True,-996.1278265476358,0.035928,182.62017116395958,250000
MSOG,same_indication,0.25,12.0,0.0,0.0,high,growth,0.1,True,-1072.1868039690485,0.0611,90.97012178333927,250000
MSOG,same_indication,0.25,12.0,0.0,0.1,low,preservation,,False,,,,250000
MSOG,same_indication,0.25,12.0,0.0,0.1,low,balanced,,False,,,,250000
MSOG,same_indication,0.25,12.0,0.0,0.1,low,growth,,False,,,,250000
MSOG,same_indication,0.25,12.0,0.0,0.1,base,preservation,,False,,,,250000
MSOG,same_indication,0.25,12.0,0.0,0.1,base,balanced,,False,,,,250000
MSOG,same_indication,0.25,12.0,0.0,0.1,base,growth,,False,,,,250000
MSOG,same_indication,0.25,12.0,0.0,0.1,high,preservation,,False,,,,250000
MSOG,same_indication,0.25,12.0,0.0,0.1,high,balanced,0.2,True,-996.1278265476358,0.035928,143.01838568060464,250000
MSOG,same_indication,0.25,12.0,0.0,0.1,high,growth,0.1,True,-1072.1868039690485,0.0611,51.36833629998429,250000
MSOG,same_indication,0.25,12.0,0.0,0.25,low,preservation,,False,,,,250000
MSOG,same_indication,0.25,12.0,0.0,0.25,low,balanced,,False,,,,250000
MSOG,same_indication,0.25,12.0,0.0,0.25,low,growth,,False,,,,250000
MSOG,same_indication,0.25,12.0,0.0,0.25,base,preservation,,False,,,,250000
MSOG,same_indication,0.25,12.0,0.0,0.25,base,balanced,,False,,,,250000
MSOG,same_indication,0.25,12.0,0.0,0.25,base,growth,,False,,,,250000
MSOG,same_indication,0.25,12.0,0.0,0.25,high,preservation,,False,,,,250000
MSOG,same_indication,0.25,12.0,0.0,0.25,high,balanced,0.2,True,-996.1278265476358,0.035928,83.6157074555722,250000
MSOG,same_indication,0.25,12.0,0.0,0.25,high,growth,0.2,True,-996.1278265476358,0.035928,83.6157074555722,250000
MSOG,same_indication,0.25,12.0,0.0,0.5,low,preservation,,False,,,,250000
MSOG,same_indication,0.25,12.0,0.0,0.5,low,balanced,,False,,,,250000
MSOG,same_indication,0.25,12.0,0.0,0.5,low,growth,,False,,,,250000
MSOG,same_indication,0.25,12.0,0.0,0.5,base,preservation,,False,,,,250000
MSOG,same_indication,0.25,12.0,0.0,0.5,base,balanced,,False,,,,250000
MSOG,same_indication,0.25,12.0,0.0,0.5,base,growth,,False,,,,250000
MSOG,same_indication,0.25,12.0,0.0,0.5,high,preservation,,False,,,,250000
MSOG,same_indication,0.25,12.0,0.0,0.5,high,balanced,0.3,True,-920.068849126223,0.026024,76.26129312780509,250000
MSOG,same_indication,0.25,12.0,0.0,0.5,high,growth,0.3,True,-920.068849126223,0.026024,76.26129312780509,250000
MSOG,same_indication,0.25,12.0,0.5,0.0,low,preservation,,False,,,,250000
MSOG,same_indication,0.25,12.0,0.5,0.0,low,balanced,,False,,,,250000
MSOG,same_indication,0.25,12.0,0.5,0.0,low,growth,,False,,,,250000
MSOG,same_indication,0.25,12.0,0.5,0.0,base,preservation,,False,,,,250000
MSOG,same_indication,0.25,12.0,0.5,0.0,base,balanced,,False,,,,250000
MSOG,same_indication,0.25,12.0,0.5,0.0,base,growth,,False,,,,250000
MSOG,same_indication,0.25,12.0,0.5,0.0,high,preservation,,False,,,,250000
MSOG,same_indication,0.25,12.0,0.5,0.0,high,balanced,0.3,True,-924.819252736637,0.026024,381.6987830398234,250000
MSOG,same_indication,0.25,12.0,0.5,0.0,high,growth,0.0,True,-1193.6220906520296,0.09278,103.43940701874482,250000
MSOG,same_indication,0.25,12.0,0.5,0.1,low,preservation,,False,,,,250000
MSOG,same_indication,0.25,12.0,0.5,0.1,low,balanced,,False,,,,250000
MSOG,same_indication,0.25,12.0,0.5,0.1,low,growth,,False,,,,250000
MSOG,same_indication,0.25,12.0,0.5,0.1,base,preservation,,False,,,,250000
MSOG,same_indication,0.25,12.0,0.5,0.1,base,balanced,,False,,,,250000
MSOG,same_indication,0.25,12.0,0.5,0.1,base,growth,,False,,,,250000
MSOG,same_indication,0.25,12.0,0.5,0.1,high,preservation,,False,,,,250000
MSOG,same_indication,0.25,12.0,0.5,0.1,high,balanced,0.3,True,-924.819252736637,0.026024,337.38918933582596,250000
MSOG,same_indication,0.25,12.0,0.5,0.1,high,growth,0.0,True,-1193.6220906520296,0.09278,59.12981331474736,250000
MSOG,same_indication,0.25,12.0,0.5,0.25,low,preservation,,False,,,,250000
MSOG,same_indication,0.25,12.0,0.5,0.25,low,balanced,,False,,,,250000
MSOG,same_indication,0.25,12.0,0.5,0.25,low,growth,,False,,,,250000
MSOG,same_indication,0.25,12.0,0.5,0.25,base,preservation,,False,,,,250000
MSOG,same_indication,0.25,12.0,0.5,0.25,base,balanced,,False,,,,250000
MSOG,same_indication,0.25,12.0,0.5,0.25,base,growth,,False,,,,250000
MSOG,same_indication,0.25,12.0,0.5,0.25,high,preservation,,False,,,,250000
MSOG,same_indication,0.25,12.0,0.5,0.25,high,balanced,0.3,True,-924.819252736637,0.026024,270.9247987798298,250000
MSOG,same_indication,0.25,12.0,0.5,0.25,high,growth,0.1,True,-1078.2944657538667,0.0611,85.4185480991107,250000
MSOG,same_indication,0.25,12.0,0.5,0.5,low,preservation,,False,,,,250000
MSOG,same_indication,0.25,12.0,0.5,0.5,low,balanced,,False,,,,250000
MSOG,same_indication,0.25,12.0,0.5,0.5,low,growth,,False,,,,250000
MSOG,same_indication,0.25,12.0,0.5,0.5,base,preservation,,False,,,,250000
MSOG,same_indication,0.25,12.0,0.5,0.5,base,balanced,,False,,,,250000
MSOG,same_indication,0.25,12.0,0.5,0.5,base,growth,,False,,,,250000
MSOG,same_indication,0.25,12.0,0.5,0.5,high,preservation,,False,,,,250000
MSOG,same_indication,0.25,12.0,0.5,0.5,high,balanced,0.3,True,-924.819252736637,0.026024,160.15081451983616,250000
MSOG,same_indication,0.25,12.0,0.5,0.5,high,growth,0.2,True,-1001.5568592452519,0.035928,67.39768917947664,250000
MSOG,same_indication,0.25,12.0,1.0,0.0,low,preservation,,False,,,,250000
MSOG,same_indication,0.25,12.0,1.0,0.0,low,balanced,,False,,,,250000
MSOG,same_indication,0.25,12.0,1.0,0.0,low,growth,,False,,,,250000
MSOG,same_indication,0.25,12.0,1.0,0.0,base,preservation,,False,,,,250000
MSOG,same_indication,0.25,12.0,1.0,0.0,base,balanced,,False,,,,250000
MSOG,same_indication,0.25,12.0,1.0,0.0,base,growth,,False,,,,250000
MSOG,same_indication,0.25,12.0,1.0,0.0,high,preservation,,False,,,,250000
MSOG,same_indication,0.25,12.0,1.0,0.0,high,balanced,0.3,True,-929.7198607116404,0.026024,494.4887016070756,250000
MSOG,same_indication,0.25,12.0,1.0,0.0,high,growth,0.0,True,-1175.82010020594,0.09278,212.80910310967963,250000
MSOG,same_indication,0.25,12.0,1.0,0.1,low,preservation,,False,,,,250000
MSOG,same_indication,0.25,12.0,1.0,0.1,low,balanced,,False,,,,250000
MSOG,same_indication,0.25,12.0,1.0,0.1,low,growth,,False,,,,250000
MSOG,same_indication,0.25,12.0,1.0,0.1,base,preservation,,False,,,,250000
MSOG,same_indication,0.25,12.0,1.0,0.1,base,balanced,,False,,,,250000
MSOG,same_indication,0.25,12.0,1.0,0.1,base,growth,,False,,,,250000
MSOG,same_indication,0.25,12.0,1.0,0.1,high,preservation,,False,,,,250000
MSOG,same_indication,0.25,12.0,1.0,0.1,high,balanced,0.3,True,-929.7198607116404,0.026024,445.2415169857801,250000
MSOG,same_indication,0.25,12.0,1.0,0.1,high,growth,0.0,True,-1175.82010020594,0.09278,163.56191848838412,250000
MSOG,same_indication,0.25,12.0,1.0,0.25,low,preservation,,False,,,,250000
MSOG,same_indication,0.25,12.0,1.0,0.25,low,balanced,,False,,,,250000
MSOG,same_indication,0.25,12.0,1.0,0.25,low,growth,,False,,,,250000
MSOG,same_indication,0.25,12.0,1.0,0.25,base,preservation,,False,,,,250000
MSOG,same_indication,0.25,12.0,1.0,0.25,base,balanced,,False,,,,250000
MSOG,same_indication,0.25,12.0,1.0,0.25,base,growth,,False,,,,250000
MSOG,same_indication,0.25,12.0,1.0,0.25,high,preservation,,False,,,,250000
MSOG,same_indication,0.25,12.0,1.0,0.25,high,balanced,0.3,True,-929.7198607116404,0.026024,371.37074005383687,250000
MSOG,same_indication,0.25,12.0,1.0,0.25,high,growth,0.0,True,-1175.82010020594,0.09278,89.69114155644094,250000
MSOG,same_indication,0.25,12.0,1.0,0.5,low,preservation,,False,,,,250000
MSOG,same_indication,0.25,12.0,1.0,0.5,low,balanced,,False,,,,250000
MSOG,same_indication,0.25,12.0,1.0,0.5,low,growth,,False,,,,250000
MSOG,same_indication,0.25,12.0,1.0,0.5,base,preservation,,False,,,,250000
MSOG,same_indication,0.25,12.0,1.0,0.5,base,balanced,,False,,,,250000
MSOG,same_indication,0.25,12.0,1.0,0.5,base,growth,,False,,,,250000
MSOG,same_indication,0.25,12.0,1.0,0.5,high,preservation,,False,,,,250000
MSOG,same_indication,0.25,12.0,1.0,0.5,high,balanced,0.3,True,-929.7198607116404,0.026024,248.2527785005982,250000
MSOG,same_indication,0.25,12.0,1.0,0.5,high,growth,0.1,True,-1084.5952474360138,0.0611,60.466379502334235,250000
MSOG,same_indication,0.25,12.0,1.5,0.0,low,preservation,,False,,,,250000
MSOG,same_indication,0.25,12.0,1.5,0.0,low,balanced,,False,,,,250000
MSOG,same_indication,0.25,12.0,1.5,0.0,low,growth,,False,,,,250000
MSOG,same_indication,0.25,12.0,1.5,0.0,base,preservation,,False,,,,250000
MSOG,same_indication,0.25,12.0,1.5,0.0,base,balanced,,False,,,,250000
MSOG,same_indication,0.25,12.0,1.5,0.0,base,growth,,False,,,,250000
MSOG,same_indication,0.25,12.0,1.5,0.0,high,preservation,,False,,,,250000
MSOG,same_indication,0.25,12.0,1.5,0.0,high,balanced,0.3,True,-934.7760779994783,0.026024,612.904439007143,250000
MSOG,same_indication,0.25,12.0,1.5,0.0,high,growth,0.0,True,-1190.266435314048,0.09278,327.689397837736,250000
MSOG,same_indication,0.25,12.0,1.5,0.1,low,preservation,,False,,,,250000
MSOG,same_indication,0.25,12.0,1.5,0.1,low,balanced,,False,,,,250000
MSOG,same_indication,0.25,12.0,1.5,0.1,low,growth,,False,,,,250000
MSOG,same_indication,0.25,12.0,1.5,0.1,base,preservation,,False,,,,250000
MSOG,same_indication,0.25,12.0,1.5,0.1,base,balanced,,False,,,,250000
MSOG,same_indication,0.25,12.0,1.5,0.1,base,growth,,False,,,,250000
MSOG,same_indication,0.25,12.0,1.5,0.1,high,preservation,,False,,,,250000
MSOG,same_indication,0.25,12.0,1.5,0.1,high,balanced,0.3,True,-934.7760779994783,0.026024,558.4786653431408,250000
MSOG,same_indication,0.25,12.0,1.5,0.1,high,growth,0.0,True,-1190.266435314048,0.09278,273.26362417373383,250000
MSOG,same_indication,0.25,12.0,1.5,0.25,low,preservation,,False,,,,250000
MSOG,same_indication,0.25,12.0,1.5,0.25,low,balanced,,False,,,,250000
MSOG,same_indication,0.25,12.0,1.5,0.25,low,growth,,False,,,,250000
MSOG,same_indication,0.25,12.0,1.5,0.25,base,preservation,,False,,,,250000
MSOG,same_indication,0.25,12.0,1.5,0.25,base,balanced,,False,,,,250000
MSOG,same_indication,0.25,12.0,1.5,0.25,base,growth,,False,,,,250000
MSOG,same_indication,0.25,12.0,1.5,0.25,high,preservation,,False,,,,250000
MSOG,same_indication,0.25,12.0,1.5,0.25,high,balanced,0.3,True,-934.7760779994783,0.026024,476.8400048471375,250000
MSOG,same_indication,0.25,12.0,1.5,0.25,high,growth,0.0,True,-1190.266435314048,0.09278,191.6249636777305,250000
MSOG,same_indication,0.25,12.0,1.5,0.5,low,preservation,,False,,,,250000
MSOG,same_indication,0.25,12.0,1.5,0.5,low,balanced,,False,,,,250000
MSOG,same_indication,0.25,12.0,1.5,0.5,low,growth,,False,,,,250000
MSOG,same_indication,0.25,12.0,1.5,0.5,base,preservation,,False,,,,250000
MSOG,same_indication,0.25,12.0,1.5,0.5,base,balanced,,False,,,,250000
MSOG,same_indication,0.25,12.0,1.5,0.5,base,growth,,False,,,,250000
MSOG,same_indication,0.25,12.0,1.5,0.5,high,preservation,,False,,,,250000
MSOG,same_indication,0.25,12.0,1.5,0.5,high,balanced,0.3,True,-934.7760779994783,0.026024,340.775570687132,250000
MSOG,same_indication,0.25,12.0,1.5,0.5,high,growth,0.0,True,-1190.266435314048,0.09278,55.560529517724945,250000
MSOG,same_indication,0.25,15.0,0.0,0.0,low,preservation,,False,,,,250000
MSOG,same_indication,0.25,15.0,0.0,0.0,low,balanced,,False,,,,250000
MSOG,same_indication,0.25,15.0,0.0,0.0,low,growth,,False,,,,250000
MSOG,same_indication,0.25,15.0,0.0,0.0,base,preservation,,False,,,,250000
MSOG,same_indication,0.25,15.0,0.0,0.0,base,balanced,,False,,,,250000
MSOG,same_indication,0.25,15.0,0.0,0.0,base,growth,,False,,,,250000
MSOG,same_indication,0.25,15.0,0.0,0.0,high,preservation,,False,,,,250000
MSOG,same_indication,0.25,15.0,0.0,0.0,high,balanced,0.2,True,-996.1278265476358,0.035928,181.3623602544117,250000
MSOG,same_indication,0.25,15.0,0.0,0.0,high,growth,0.1,True,-1072.1868039690485,0.0611,89.71231087379135,250000
MSOG,same_indication,0.25,15.0,0.0,0.1,low,preservation,,False,,,,250000
MSOG,same_indication,0.25,15.0,0.0,0.1,low,balanced,,False,,,,250000
MSOG,same_indication,0.25,15.0,0.0,0.1,low,growth,,False,,,,250000
MSOG,same_indication,0.25,15.0,0.0,0.1,base,preservation,,False,,,,250000
MSOG,same_indication,0.25,15.0,0.0,0.1,base,balanced,,False,,,,250000
MSOG,same_indication,0.25,15.0,0.0,0.1,base,growth,,False,,,,250000
MSOG,same_indication,0.25,15.0,0.0,0.1,high,preservation,,False,,,,250000
MSOG,same_indication,0.25,15.0,0.0,0.1,high,balanced,0.2,True,-996.1278265476358,0.035928,119.52625377485147,250000
MSOG,same_indication,0.25,15.0,0.0,0.1,high,growth,0.1,True,-1072.1868039690485,0.0611,27.876204394231134,250000
MSOG,same_indication,0.25,15.0,0.0,0.25,low,preservation,,False,,,,250000
MSOG,same_indication,0.25,15.0,0.0,0.25,low,balanced,,False,,,,250000
MSOG,same_indication,0.25,15.0,0.0,0.25,low,growth,,False,,,,250000
MSOG,same_indication,0.25,15.0,0.0,0.25,base,preservation,,False,,,,250000
MSOG,same_indication,0.25,15.0,0.0,0.25,base,balanced,,False,,,,250000
MSOG,same_indication,0.25,15.0,0.0,0.25,base,growth,,False,,,,250000
MSOG,same_indication,0.25,15.0,0.0,0.25,high,preservation,,False,,,,250000
MSOG,same_indication,0.25,15.0,0.0,0.25,high,balanced,0.2,True,-996.1278265476358,0.035928,26.772094055511143,250000
MSOG,same_indication,0.25,15.0,0.0,0.25,high,growth,0.2,True,-996.1278265476358,0.035928,26.772094055511143,250000
MSOG,same_indication,0.25,15.0,0.0,0.5,low,preservation,,False,,,,250000
MSOG,same_indication,0.25,15.0,0.0,0.5,low,balanced,,False,,,,250000
MSOG,same_indication,0.25,15.0,0.0,0.5,low,growth,,False,,,,250000
MSOG,same_indication,0.25,15.0,0.0,0.5,base,preservation,,False,,,,250000
MSOG,same_indication,0.25,15.0,0.0,0.5,base,balanced,,False,,,,250000
MSOG,same_indication,0.25,15.0,0.0,0.5,base,growth,,False,,,,250000
MSOG,same_indication,0.25,15.0,0.0,0.5,high,preservation,,False,,,,250000
MSOG,same_indication,0.25,15.0,0.0,0.5,high,balanced,,False,,,,250000
MSOG,same_indication,0.25,15.0,0.0,0.5,high,growth,,False,,,,250000
MSOG,same_indication,0.25,15.0,0.5,0.0,low,preservation,,False,,,,250000
MSOG,same_indication,0.25,15.0,0.5,0.0,low,balanced,,False,,,,250000
MSOG,same_indication,0.25,15.0,0.5,0.0,low,growth,,False,,,,250000
MSOG,same_indication,0.25,15.0,0.5,0.0,base,preservation,,False,,,,250000
MSOG,same_indication,0.25,15.0,0.5,0.0,base,balanced,,False,,,,250000
MSOG,same_indication,0.25,15.0,0.5,0.0,base,growth,,False,,,,250000
MSOG,same_indication,0.25,15.0,0.5,0.0,high,preservation,,False,,,,250000
MSOG,same_indication,0.25,15.0,0.5,0.0,high,balanced,0.3,True,-924.819252736637,0.026024,380.44097213027555,250000
MSOG,same_indication,0.25,15.0,0.5,0.0,high,growth,0.0,True,-1161.8183631345016,0.092552,102.18159610919695,250000
MSOG,same_indication,0.25,15.0,0.5,0.1,low,preservation,,False,,,,250000
MSOG,same_indication,0.25,15.0,0.5,0.1,low,balanced,,False,,,,250000
MSOG,same_indication,0.25,15.0,0.5,0.1,low,growth,,False,,,,250000
MSOG,same_indication,0.25,15.0,0.5,0.1,base,preservation,,False,,,,250000
MSOG,same_indication,0.25,15.0,0.5,0.1,base,balanced,,False,,,,250000
MSOG,same_indication,0.25,15.0,0.5,0.1,base,growth,,False,,,,250000
MSOG,same_indication,0.25,15.0,0.5,0.1,high,preservation,,False,,,,250000
MSOG,same_indication,0.25,15.0,0.5,0.1,high,balanced,0.3,True,-924.819252736637,0.026024,313.89705743007283,250000
MSOG,same_indication,0.25,15.0,0.5,0.1,high,growth,0.0,True,-1161.8183631345016,0.092552,35.637681408994226,250000
MSOG,same_indication,0.25,15.0,0.5,0.25,low,preservation,,False,,,,250000
MSOG,same_indication,0.25,15.0,0.5,0.25,low,balanced,,False,,,,250000
MSOG,same_indication,0.25,15.0,0.5,0.25,low,growth,,False,,,,250000
MSOG,same_indication,0.25,15.0,0.5,0.25,base,preservation,,False,,,,250000
MSOG,same_indication,0.25,15.0,0.5,0.25,base,balanced,,False,,,,250000
MSOG,same_indication,0.25,15.0,0.5,0.25,base,growth,,False,,,,250000
MSOG,same_indication,0.25,15.0,0.5,0.25,high,preservation,,False,,,,250000
MSOG,same_indication,0.25,15.0,0.5,0.25,high,balanced,0.3,True,-924.819252736637,0.026024,214.08118537976875,250000
MSOG,same_indication,0.25,15.0,0.5,0.25,high,growth,0.1,True,-1078.2944657538667,0.0611,28.574934699049653,250000
MSOG,same_indication,0.25,15.0,0.5,0.5,low,preservation,,False,,,,250000
MSOG,same_indication,0.25,15.0,0.5,0.5,low,balanced,,False,,,,250000
MSOG,same_indication,0.25,15.0,0.5,0.5,low,growth,,False,,,,250000
MSOG,same_indication,0.25,15.0,0.5,0.5,base,preservation,,False,,,,250000
MSOG,same_indication,0.25,15.0,0.5,0.5,base,balanced,,False,,,,250000
MSOG,same_indication,0.25,15.0,0.5,0.5,base,growth,,False,,,,250000
MSOG,same_indication,0.25,15.0,0.5,0.5,high,preservation,,False,,,,250000
MSOG,same_indication,0.25,15.0,0.5,0.5,high,balanced,0.3,True,-924.819252736637,0.026024,47.72139862926197,250000
MSOG,same_indication,0.25,15.0,0.5,0.5,high,growth,0.3,True,-924.819252736637,0.026024,47.72139862926197,250000
MSOG,same_indication,0.25,15.0,1.0,0.0,low,preservation,,False,,,,250000
MSOG,same_indication,0.25,15.0,1.0,0.0,low,balanced,,False,,,,250000
MSOG,same_indication,0.25,15.0,1.0,0.0,low,growth,,False,,,,250000
MSOG,same_indication,0.25,15.0,1.0,0.0,base,preservation,,False,,,,250000
MSOG,same_indication,0.25,15.0,1.0,0.0,base,balanced,,False,,,,250000
MSOG,same_indication,0.25,15.0,1.0,0.0,base,growth,,False,,,,250000
MSOG,same_indication,0.25,15.0,1.0,0.0,high,preservation,,False,,,,250000
MSOG,same_indication,0.25,15.0,1.0,0.0,high,balanced,0.3,True,-929.7198607116404,0.026024,493.23089069752774,250000
MSOG,same_indication,0.25,15.0,1.0,0.0,high,growth,0.0,True,-1175.82010020594,0.092552,211.55129220013177,250000
MSOG,same_indication,0.25,15.0,1.0,0.1,low,preservation,,False,,,,250000
MSOG,same_indication,0.25,15.0,1.0,0.1,low,balanced,,False,,,,250000
MSOG,same_indication,0.25,15.0,1.0,0.1,low,growth,,False,,,,250000
MSOG,same_indication,0.25,15.0,1.0,0.1,base,preservation,,False,,,,250000
MSOG,same_indication,0.25,15.0,1.0,0.1,base,balanced,,False,,,,250000
MSOG,same_indication,0.25,15.0,1.0,0.1,base,growth,,False,,,,250000
MSOG,same_indication,0.25,15.0,1.0,0.1,high,preservation,,False,,,,250000
MSOG,same_indication,0.25,15.0,1.0,0.1,high,balanced,0.3,True,-929.7198607116404,0.026024,421.74938508002697,250000
MSOG,same_indication,0.25,15.0,1.0,0.1,high,growth,0.0,True,-1175.82010020594,0.092552,140.069786582631,250000
MSOG,same_indication,0.25,15.0,1.0,0.25,low,preservation,,False,,,,250000
MSOG,same_indication,0.25,15.0,1.0,0.25,low,balanced,,False,,,,250000
MSOG,same_indication,0.25,15.0,1.0,0.25,low,growth,,False,,,,250000
MSOG,same_indication,0.25,15.0,1.0,0.25,base,preservation,,False,,,,250000
MSOG,same_indication,0.25,15.0,1.0,0.25,base,balanced,,False,,,,250000
MSOG,same_indication,0.25,15.0,1.0,0.25,base,growth,,False,,,,250000
MSOG,same_indication,0.25,15.0,1.0,0.25,high,preservation,,False,,,,250000
MSOG,same_indication,0.25,15.0,1.0,0.25,high,balanced,0.3,True,-929.7198607116404,0.026024,314.52712665377595,250000
MSOG,same_indication,0.25,15.0,1.0,0.25,high,growth,0.0,True,-1175.82010020594,0.092552,32.847528156379916,250000
MSOG,same_indication,0.25,15.0,1.0,0.5,low,preservation,,False,,,,250000
MSOG,same_indication,0.25,15.0,1.0,0.5,low,balanced,,False,,,,250000
MSOG,same_indication,0.25,15.0,1.0,0.5,low,growth,,False,,,,250000
MSOG,same_indication,0.25,15.0,1.0,0.5,base,preservation,,False,,,,250000
MSOG,same_indication,0.25,15.0,1.0,0.5,base,balanced,,False,,,,250000
MSOG,same_indication,0.25,15.0,1.0,0.5,base,growth,,False,,,,250000
MSOG,same_indication,0.25,15.0,1.0,0.5,high,preservation,,False,,,,250000
MSOG,same_indication,0.25,15.0,1.0,0.5,high,balanced,0.3,True,-929.7198607116404,0.026024,135.82336261002405,250000
MSOG,same_indication,0.25,15.0,1.0,0.5,high,growth,0.2,True,-1007.1575540738271,0.035928,41.93016311089209,250000
MSOG,same_indication,0.25,15.0,1.5,0.0,low,preservation,,False,,,,250000
MSOG,same_indication,0.25,15.0,1.5,0.0,low,balanced,,False,,,,250000
MSOG,same_indication,0.25,15.0,1.5,0.0,low,growth,,False,,,,250000
MSOG,same_indication,0.25,15.0,1.5,0.0,base,preservation,,False,,,,250000
MSOG,same_indication,0.25,15.0,1.5,0.0,base,balanced,,False,,,,250000
MSOG,same_indication,0.25,15.0,1.5,0.0,base,growth,,False,,,,250000
MSOG,same_indication,0.25,15.0,1.5,0.0,high,preservation,,False,,,,250000
MSOG,same_indication,0.25,15.0,1.5,0.0,high,balanced,0.3,True,-934.7760779994783,0.026024,611.6466280975952,250000
MSOG,same_indication,0.25,15.0,1.5,0.0,high,growth,0.0,True,-1190.266435314048,0.092552,326.4315869281882,250000
MSOG,same_indication,0.25,15.0,1.5,0.1,low,preservation,,False,,,,250000
MSOG,same_indication,0.25,15.0,1.5,0.1,low,balanced,,False,,,,250000
MSOG,same_indication,0.25,15.0,1.5,0.1,low,growth,,False,,,,250000
MSOG,same_indication,0.25,15.0,1.5,0.1,base,preservation,,False,,,,250000
MSOG,same_indication,0.25,15.0,1.5,0.1,base,balanced,,False,,,,250000
MSOG,same_indication,0.25,15.0,1.5,0.1,base,growth,,False,,,,250000
MSOG,same_indication,0.25,15.0,1.5,0.1,high,preservation,,False,,,,250000
MSOG,same_indication,0.25,15.0,1.5,0.1,high,balanced,0.3,True,-934.7760779994783,0.026024,534.9865334373877,250000
MSOG,same_indication,0.25,15.0,1.5,0.1,high,growth,0.0,True,-1190.266435314048,0.092552,249.7714922679807,250000
MSOG,same_indication,0.25,15.0,1.5,0.25,low,preservation,,False,,,,250000
MSOG,same_indication,0.25,15.0,1.5,0.25,low,balanced,,False,,,,250000
MSOG,same_indication,0.25,15.0,1.5,0.25,low,growth,,False,,,,250000
MSOG,same_indication,0.25,15.0,1.5,0.25,base,preservation,,False,,,,250000
MSOG,same_indication,0.25,15.0,1.5,0.25,base,balanced,,False,,,,250000
MSOG,same_indication,0.25,15.0,1.5,0.25,base,growth,,False,,,,250000
MSOG,same_indication,0.25,15.0,1.5,0.25,high,preservation,,False,,,,250000
MSOG,same_indication,0.25,15.0,1.5,0.25,high,balanced,0.3,True,-934.7760779994783,0.026024,419.9963914470765,250000
MSOG,same_indication,0.25,15.0,1.5,0.25,high,growth,0.0,True,-1190.266435314048,0.092552,134.78135027766945,250000
MSOG,same_indication,0.25,15.0,1.5,0.5,low,preservation,,False,,,,250000
MSOG,same_indication,0.25,15.0,1.5,0.5,low,balanced,,False,,,,250000
MSOG,same_indication,0.25,15.0,1.5,0.5,low,growth,,False,,,,250000
MSOG,same_indication,0.25,15.0,1.5,0.5,base,preservation,,False,,,,250000
MSOG,same_indication,0.25,15.0,1.5,0.5,base,balanced,,False,,,,250000
MSOG,same_indication,0.25,15.0,1.5,0.5,base,growth,,False,,,,250000
MSOG,same_indication,0.25,15.0,1.5,0.5,high,preservation,,False,,,,250000
MSOG,same_indication,0.25,15.0,1.5,0.5,high,balanced,0.3,True,-934.7760779994783,0.026024,228.34615479655778,250000
MSOG,same_indication,0.25,15.0,1.5,0.5,high,growth,0.1,True,-1091.0960982346623,0.0611,38.202794016953085,250000
MSOG,same_indication,0.25,18.0,0.0,0.0,low,preservation,,False,,,,250000
MSOG,same_indication,0.25,18.0,0.0,0.0,low,balanced,,False,,,,250000
MSOG,same_indication,0.25,18.0,0.0,0.0,low,growth,,False,,,,250000
MSOG,same_indication,0.25,18.0,0.0,0.0,base,preservation,,False,,,,250000
MSOG,same_indication,0.25,18.0,0.0,0.0,base,balanced,,False,,,,250000
MSOG,same_indication,0.25,18.0,0.0,0.0,base,growth,,False,,,,250000
MSOG,same_indication,0.25,18.0,0.0,0.0,high,preservation,,False,,,,250000
MSOG,same_indication,0.25,18.0,0.0,0.0,high,balanced,0.2,True,-996.1278265476358,0.035928,180.41734830133285,250000
MSOG,same_indication,0.25,18.0,0.0,0.0,high,growth,0.1,True,-1072.1868039690485,0.0611,88.76729892071252,250000
MSOG,same_indication,0.25,18.0,0.0,0.1,low,preservation,,False,,,,250000
MSOG,same_indication,0.25,18.0,0.0,0.1,low,balanced,,False,,,,250000
MSOG,same_indication,0.25,18.0,0.0,0.1,low,growth,,False,,,,250000
MSOG,same_indication,0.25,18.0,0.0,0.1,base,preservation,,False,,,,250000
MSOG,same_indication,0.25,18.0,0.0,0.1,base,balanced,,False,,,,250000
MSOG,same_indication,0.25,18.0,0.0,0.1,base,growth,,False,,,,250000
MSOG,same_indication,0.25,18.0,0.0,0.1,high,preservation,,False,,,,250000
MSOG,same_indication,0.25,18.0,0.0,0.1,high,balanced,0.2,True,-996.1278265476358,0.035928,101.87626736932691,250000
MSOG,same_indication,0.25,18.0,0.0,0.1,high,growth,0.1,True,-1072.1868039690485,0.0611,10.226217988706553,250000
MSOG,same_indication,0.25,18.0,0.0,0.25,low,preservation,,False,,,,250000
MSOG,same_indication,0.25,18.0,0.0,0.25,low,balanced,,False,,,,250000
MSOG,same_indication,0.25,18.0,0.0,0.25,low,growth,,False,,,,250000
MSOG,same_indication,0.25,18.0,0.0,0.25,base,preservation,,False,,,,250000
MSOG,same_indication,0.25,18.0,0.0,0.25,base,balanced,,False,,,,250000
MSOG,same_indication,0.25,18.0,0.0,0.25,base,growth,,False,,,,250000
MSOG,same_indication,0.25,18.0,0.0,0.25,high,preservation,,False,,,,250000
MSOG,same_indication,0.25,18.0,0.0,0.25,high,balanced,0.3,True,-920.068849126223,0.026024,75.71469535193833,250000
MSOG,same_indication,0.25,18.0,0.0,0.25,high,growth,0.3,True,-920.068849126223,0.026024,75.71469535193833,250000
MSOG,same_indication,0.25,18.0,0.0,0.5,low,preservation,,False,,,,250000
MSOG,same_indication,0.25,18.0,0.0,0.5,low,balanced,,False,,,,250000
MSOG,same_indication,0.25,18.0,0.0,0.5,low,growth,,False,,,,250000
MSOG,same_indication,0.25,18.0,0.0,0.5,base,preservation,,False,,,,250000
MSOG,same_indication,0.25,18.0,0.0,0.5,base,balanced,,False,,,,250000
MSOG,same_indication,0.25,18.0,0.0,0.5,base,growth,,False,,,,250000
MSOG,same_indication,0.25,18.0,0.0,0.5,high,preservation,,False,,,,250000
MSOG,same_indication,0.25,18.0,0.0,0.5,high,balanced,,False,,,,250000
MSOG,same_indication,0.25,18.0,0.0,0.5,high,growth,,False,,,,250000
MSOG,same_indication,0.25,18.0,0.5,0.0,low,preservation,,False,,,,250000
MSOG,same_indication,0.25,18.0,0.5,0.0,low,balanced,,False,,,,250000
MSOG,same_indication,0.25,18.0,0.5,0.0,low,growth,,False,,,,250000
MSOG,same_indication,0.25,18.0,0.5,0.0,base,preservation,,False,,,,250000
MSOG,same_indication,0.25,18.0,0.5,0.0,base,balanced,,False,,,,250000
MSOG,same_indication,0.25,18.0,0.5,0.0,base,growth,,False,,,,250000
MSOG,same_indication,0.25,18.0,0.5,0.0,high,preservation,,False,,,,250000
MSOG,same_indication,0.25,18.0,0.5,0.0,high,balanced,0.3,True,-924.819252736637,0.026024,379.49596017719676,250000
MSOG,same_indication,0.25,18.0,0.5,0.0,high,growth,0.0,True,-1161.8183631345016,0.092552,101.23658415611807,250000
MSOG,same_indication,0.25,18.0,0.5,0.1,low,preservation,,False,,,,250000
MSOG,same_indication,0.25,18.0,0.5,0.1,low,balanced,,False,,,,250000
MSOG,same_indication,0.25,18.0,0.5,0.1,low,growth,,False,,,,250000
MSOG,same_indication,0.25,18.0,0.5,0.1,base,preservation,,False,,,,250000
MSOG,same_indication,0.25,18.0,0.5,0.1,base,balanced,,False,,,,250000
MSOG,same_indication,0.25,18.0,0.5,0.1,base,growth,,False,,,,250000
MSOG,same_indication,0.25,18.0,0.5,0.1,high,preservation,,False,,,,250000
MSOG,same_indication,0.25,18.0,0.5,0.1,high,balanced,0.3,True,-924.819252736637,0.026024,296.24707102454823,250000
MSOG,same_indication,0.25,18.0,0.5,0.1,high,growth,0.0,True,-1161.8183631345016,0.092552,17.98769500346963,250000
MSOG,same_indication,0.25,18.0,0.5,0.25,low,preservation,,False,,,,250000
MSOG,same_indication,0.25,18.0,0.5,0.25,low,balanced,,False,,,,250000
MSOG,same_indication,0.25,18.0,0.5,0.25,low,growth,,False,,,,250000
MSOG,same_indication,0.25,18.0,0.5,0.25,base,preservation,,False,,,,250000
MSOG,same_indication,0.25,18.0,0.5,0.25,base,balanced,,False,,,,250000
MSOG,same_indication,0.25,18.0,0.5,0.25,base,growth,,False,,,,250000
MSOG,same_indication,0.25,18.0,0.5,0.25,high,preservation,,False,,,,250000
MSOG,same_indication,0.25,18.0,0.5,0.25,high,balanced,0.3,True,-924.819252736637,0.026024,171.3737372955756,250000
MSOG,same_indication,0.25,18.0,0.5,0.25,high,growth,0.2,True,-1001.5568592452519,0.035928,78.6206119552161,250000
MSOG,same_indication,0.25,18.0,0.5,0.5,low,preservation,,False,,,,250000
MSOG,same_indication,0.25,18.0,0.5,0.5,low,balanced,,False,,,,250000
MSOG,same_indication,0.25,18.0,0.5,0.5,low,growth,,False,,,,250000
MSOG,same_indication,0.25,18.0,0.5,0.5,base,preservation,,False,,,,250000
MSOG,same_indication,0.25,18.0,0.5,0.5,base,balanced,,False,,,,250000
MSOG,same_indication,0.25,18.0,0.5,0.5,base,growth,,False,,,,250000
MSOG,same_indication,0.25,18.0,0.5,0.5,high,preservation,,False,,,,250000
MSOG,same_indication,0.25,18.0,0.5,0.5,high,balanced,,False,,,,250000
MSOG,same_indication,0.25,18.0,0.5,0.5,high,growth,,False,,,,250000
MSOG,same_indication,0.25,18.0,1.0,0.0,low,preservation,,False,,,,250000
MSOG,same_indication,0.25,18.0,1.0,0.0,low,balanced,,False,,,,250000
MSOG,same_indication,0.25,18.0,1.0,0.0,low,growth,,False,,,,250000
MSOG,same_indication,0.25,18.0,1.0,0.0,base,preservation,,False,,,,250000
MSOG,same_indication,0.25,18.0,1.0,0.0,base,balanced,,False,,,,250000
MSOG,same_indication,0.25,18.0,1.0,0.0,base,growth,,False,,,,250000
MSOG,same_indication,0.25,18.0,1.0,0.0,high,preservation,,False,,,,250000
MSOG,same_indication,0.25,18.0,1.0,0.0,high,balanced,0.3,True,-929.7198607116404,0.026024,492.2858787444489,250000
MSOG,same_indication,0.25,18.0,1.0,0.0,high,growth,0.0,True,-1175.82010020594,0.092552,210.60628024705287,250000
MSOG,same_indication,0.25,18.0,1.0,0.1,low,preservation,,False,,,,250000
MSOG,same_indication,0.25,18.0,1.0,0.1,low,balanced,,False,,,,250000
MSOG,same_indication,0.25,18.0,1.0,0.1,low,growth,,False,,,,250000
MSOG,same_indication,0.25,18.0,1.0,0.1,base,preservation,,False,,,,250000
MSOG,same_indication,0.25,18.0,1.0,0.1,base,balanced,,False,,,,250000
MSOG,same_indication,0.25,18.0,1.0,0.1,base,growth,,False,,,,250000
MSOG,same_indication,0.25,18.0,1.0,0.1,high,preservation,,False,,,,250000
MSOG,same_indication,0.25,18.0,1.0,0.1,high,balanced,0.3,True,-929.7198607116404,0.026024,404.0993986745024,250000
MSOG,same_indication,0.25,18.0,1.0,0.1,high,growth,0.0,True,-1175.82010020594,0.092552,122.41980017710641,250000
MSOG,same_indication,0.25,18.0,1.0,0.25,low,preservation,,False,,,,250000
MSOG,same_indication,0.25,18.0,1.0,0.25,low,balanced,,False,,,,250000
MSOG,same_indication,0.25,18.0,1.0,0.25,low,growth,,False,,,,250000
MSOG,same_indication,0.25,18.0,1.0,0.25,base,preservation,,False,,,,250000
MSOG,same_indication,0.25,18.0,1.0,0.25,base,balanced,,False,,,,250000
MSOG,same_indication,0.25,18.0,1.0,0.25,base,growth,,False,,,,250000
MSOG,same_indication,0.25,18.0,1.0,0.25,high,preservation,,False,,,,250000
MSOG,same_indication,0.25,18.0,1.0,0.25,high,balanced,0.3,True,-929.7198607116404,0.026024,271.8196785695827,250000
MSOG,same_indication,0.25,18.0,1.0,0.25,high,growth,0.1,True,-1084.5952474360138,0.0611,84.03327957131873,250000
MSOG,same_indication,0.25,18.0,1.0,0.5,low,preservation,,False,,,,250000
MSOG,same_indication,0.25,18.0,1.0,0.5,low,balanced,,False,,,,250000
MSOG,same_indication,0.25,18.0,1.0,0.5,low,growth,,False,,,,250000
MSOG,same_indication,0.25,18.0,1.0,0.5,base,preservation,,False,,,,250000
MSOG,same_indication,0.25,18.0,1.0,0.5,base,balanced,,False,,,,250000
MSOG,same_indication,0.25,18.0,1.0,0.5,base,growth,,False,,,,250000
MSOG,same_indication,0.25,18.0,1.0,0.5,high,preservation,,False,,,,250000
MSOG,same_indication,0.25,18.0,1.0,0.5,high,balanced,0.3,True,-929.7198607116404,0.026024,51.3534783947166,250000
MSOG,same_indication,0.25,18.0,1.0,0.5,high,growth,0.3,True,-929.7198607116404,0.026024,51.3534783947166,250000
MSOG,same_indication,0.25,18.0,1.5,0.0,low,preservation,,False,,,,250000
MSOG,same_indication,0.25,18.0,1.5,0.0,low,balanced,,False,,,,250000
MSOG,same_indication,0.25,18.0,1.5,0.0,low,growth,,False,,,,250000
MSOG,same_indication,0.25,18.0,1.5,0.0,base,preservation,,False,,,,250000
MSOG,same_indication,0.25,18.0,1.5,0.0,base,balanced,,False,,,,250000
MSOG,same_indication,0.25,18.0,1.5,0.0,base,growth,,False,,,,250000
MSOG,same_indication,0.25,18.0,1.5,0.0,high,preservation,,False,,,,250000
MSOG,same_indication,0.25,18.0,1.5,0.0,high,balanced,0.3,True,-934.7760779994783,0.026024,610.7016161445164,250000
MSOG,same_indication,0.25,18.0,1.5,0.0,high,growth,0.0,True,-1190.266435314048,0.092552,325.4865749751092,250000
MSOG,same_indication,0.25,18.0,1.5,0.1,low,preservation,,False,,,,250000
MSOG,same_indication,0.25,18.0,1.5,0.1,low,balanced,,False,,,,250000
MSOG,same_indication,0.25,18.0,1.5,0.1,low,growth,,False,,,,250000
MSOG,same_indication,0.25,18.0,1.5,0.1,base,preservation,,False,,,,250000
MSOG,same_indication,0.25,18.0,1.5,0.1,base,balanced,,False,,,,250000
MSOG,same_indication,0.25,18.0,1.5,0.1,base,growth,,False,,,,250000
MSOG,same_indication,0.25,18.0,1.5,0.1,high,preservation,,False,,,,250000
MSOG,same_indication,0.25,18.0,1.5,0.1,high,balanced,0.3,True,-934.7760779994783,0.026024,517.336547031863,250000
MSOG,same_indication,0.25,18.0,1.5,0.1,high,growth,0.0,True,-1190.266435314048,0.092552,232.12150586245602,250000
MSOG,same_indication,0.25,18.0,1.5,0.25,low,preservation,,False,,,,250000
MSOG,same_indication,0.25,18.0,1.5,0.25,low,balanced,,False,,,,250000
MSOG,same_indication,0.25,18.0,1.5,0.25,low,growth,,False,,,,250000
MSOG,same_indication,0.25,18.0,1.5,0.25,base,preservation,,False,,,,250000
MSOG,same_indication,0.25,18.0,1.5,0.25,base,balanced,,False,,,,250000
MSOG,same_indication,0.25,18.0,1.5,0.25,base,growth,,False,,,,250000
MSOG,same_indication,0.25,18.0,1.5,0.25,high,preservation,,False,,,,250000
MSOG,same_indication,0.25,18.0,1.5,0.25,high,balanced,0.3,True,-934.7760779994783,0.026024,377.2889433628833,250000
MSOG,same_indication,0.25,18.0,1.5,0.25,high,growth,0.0,True,-1190.266435314048,0.092552,92.07390219347629,250000
MSOG,same_indication,0.25,18.0,1.5,0.5,low,preservation,,False,,,,250000
MSOG,same_indication,0.25,18.0,1.5,0.5,low,balanced,,False,,,,250000
MSOG,same_indication,0.25,18.0,1.5,0.5,low,growth,,False,,,,250000
MSOG,same_indication,0.25,18.0,1.5,0.5,base,preservation,,False,,,,250000
MSOG,same_indication,0.25,18.0,1.5,0.5,base,balanced,,False,,,,250000
MSOG,same_indication,0.25,18.0,1.5,0.5,base,growth,,False,,,,250000
MSOG,same_indication,0.25,18.0,1.5,0.5,high,preservation,,False,,,,250000
MSOG,same_indication,0.25,18.0,1.5,0.5,high,balanced,0.3,True,-934.7760779994783,0.026024,143.8762705812503,250000
MSOG,same_indication,0.25,18.0,1.5,0.5,high,growth,0.2,True,-1012.9360881170703,0.035928,48.80459019144802,250000
MSOG,same_indication,0.4,12.0,0.0,0.0,low,preservation,,False,,,,100000
MSOG,same_indication,0.4,12.0,0.0,0.0,low,balanced,,False,,,,100000
MSOG,same_indication,0.4,12.0,0.0,0.0,low,growth,,False,,,,100000
MSOG,same_indication,0.4,12.0,0.0,0.0,base,preservation,,False,,,,100000
MSOG,same_indication,0.4,12.0,0.0,0.0,base,balanced,,False,,,,100000
MSOG,same_indication,0.4,12.0,0.0,0.0,base,growth,,False,,,,100000
MSOG,same_indication,0.4,12.0,0.0,0.0,high,preservation,,False,,,,100000
MSOG,same_indication,0.4,12.0,0.0,0.0,high,balanced,0.3,True,-941.2954141967891,0.03488,273.52351797910785,100000
MSOG,same_indication,0.4,12.0,0.0,0.0,high,growth,0.1,True,-1229.0141701598823,0.06674,90.12581916439296,100000
MSOG,same_indication,0.4,12.0,0.0,0.1,low,preservation,,False,,,,100000
MSOG,same_indication,0.4,12.0,0.0,0.1,low,balanced,,False,,,,100000
MSOG,same_indication,0.4,12.0,0.0,0.1,low,growth,,False,,,,100000
MSOG,same_indication,0.4,12.0,0.0,0.1,base,preservation,,False,,,,100000
MSOG,same_indication,0.4,12.0,0.0,0.1,base,balanced,,False,,,,100000
MSOG,same_indication,0.4,12.0,0.0,0.1,base,growth,,False,,,,100000
MSOG,same_indication,0.4,12.0,0.0,0.1,high,preservation,,False,,,,100000
MSOG,same_indication,0.4,12.0,0.0,0.1,high,balanced,0.3,True,-941.2954141967891,0.03488,228.63562801770001,100000
MSOG,same_indication,0.4,12.0,0.0,0.1,high,growth,0.1,True,-1229.0141701598823,0.06674,45.2379292029851,100000
MSOG,same_indication,0.4,12.0,0.0,0.25,low,preservation,,False,,,,100000
MSOG,same_indication,0.4,12.0,0.0,0.25,low,balanced,,False,,,,100000
MSOG,same_indication,0.4,12.0,0.0,0.25,low,growth,,False,,,,100000
MSOG,same_indication,0.4,12.0,0.0,0.25,base,preservation,,False,,,,100000
MSOG,same_indication,0.4,12.0,0.0,0.25,base,balanced,,False,,,,100000
MSOG,same_indication,0.4,12.0,0.0,0.25,base,growth,,False,,,,100000
MSOG,same_indication,0.4,12.0,0.0,0.25,high,preservation,,False,,,,100000
MSOG,same_indication,0.4,12.0,0.0,0.25,high,balanced,0.3,True,-941.2954141967891,0.03488,161.30379307558826,100000
MSOG,same_indication,0.4,12.0,0.0,0.25,high,growth,0.2,True,-1058.5636902360993,0.04529,69.6049436682308,100000
MSOG,same_indication,0.4,12.0,0.0,0.5,low,preservation,,False,,,,100000
MSOG,same_indication,0.4,12.0,0.0,0.5,low,balanced,,False,,,,100000
MSOG,same_indication,0.4,12.0,0.0,0.5,low,growth,,False,,,,100000
MSOG,same_indication,0.4,12.0,0.0,0.5,base,preservation,,False,,,,100000
MSOG,same_indication,0.4,12.0,0.0,0.5,base,balanced,,False,,,,100000
MSOG,same_indication,0.4,12.0,0.0,0.5,base,growth,,False,,,,100000
MSOG,same_indication,0.4,12.0,0.0,0.5,high,preservation,,False,,,,100000
MSOG,same_indication,0.4,12.0,0.0,0.5,high,balanced,0.3,True,-956.4921084159718,0.03488,49.08406817206861,100000
MSOG,same_indication,0.4,12.0,0.0,0.5,high,growth,0.3,True,-956.4921084159718,0.03488,49.08406817206861,100000
MSOG,same_indication,0.4,12.0,0.5,0.0,low,preservation,,False,,,,100000
MSOG,same_indication,0.4,12.0,0.5,0.0,low,balanced,,False,,,,100000
MSOG,same_indication,0.4,12.0,0.5,0.0,low,growth,,False,,,,100000
MSOG,same_indication,0.4,12.0,0.5,0.0,base,preservation,,False,,,,100000
MSOG,same_indication,0.4,12.0,0.5,0.0,base,balanced,,False,,,,100000
MSOG,same_indication,0.4,12.0,0.5,0.0,base,growth,,False,,,,100000
MSOG,same_indication,0.4,12.0,0.5,0.0,high,preservation,,False,,,,100000
MSOG,same_indication,0.4,12.0,0.5,0.0,high,balanced,0.3,True,-945.1414225060493,0.03488,381.0258912840697,100000
MSOG,same_indication,0.4,12.0,0.5,0.0,high,growth,0.0,True,-1307.2645234489842,0.09597,102.61668730667606,100000
MSOG,same_indication,0.4,12.0,0.5,0.1,low,preservation,,False,,,,100000
MSOG,same_indication,0.4,12.0,0.5,0.1,low,balanced,,False,,,,100000
MSOG,same_indication,0.4,12.0,0.5,0.1,low,growth,,False,,,,100000
MSOG,same_indication,0.4,12.0,0.5,0.1,base,preservation,,False,,,,100000
MSOG,same_indication,0.4,12.0,0.5,0.1,base,balanced,,False,,,,100000
MSOG,same_indication,0.4,12.0,0.5,0.1,base,growth,,False,,,,100000
MSOG,same_indication,0.4,12.0,0.5,0.1,high,preservation,,False,,,,100000
MSOG,same_indication,0.4,12.0,0.5,0.1,high,balanced,0.3,True,-945.1414225060493,0.03488,330.70909137911195,100000
MSOG,same_indication,0.4,12.0,0.5,0.1,high,growth,0.0,True,-1307.2645234489842,0.09597,52.29988740171832,100000
MSOG,same_indication,0.4,12.0,0.5,0.25,low,preservation,,False,,,,100000
MSOG,same_indication,0.4,12.0,0.5,0.25,low,balanced,,False,,,,100000
MSOG,same_indication,0.4,12.0,0.5,0.25,low,growth,,False,,,,100000
MSOG,same_indication,0.4,12.0,0.5,0.25,base,preservation,,False,,,,100000
MSOG,same_indication,0.4,12.0,0.5,0.25,base,balanced,,False,,,,100000
MSOG,same_indication,0.4,12.0,0.5,0.25,base,growth,,False,,,,100000
MSOG,same_indication,0.4,12.0,0.5,0.25,high,preservation,,False,,,,100000
MSOG,same_indication,0.4,12.0,0.5,0.25,high,balanced,0.3,True,-945.1414225060493,0.03488,255.23389152167533,100000
MSOG,same_indication,0.4,12.0,0.5,0.25,high,growth,0.1,True,-1137.241484906165,0.06674,69.62775553674625,100000
MSOG,same_indication,0.4,12.0,0.5,0.5,low,preservation,,False,,,,100000
MSOG,same_indication,0.4,12.0,0.5,0.5,low,balanced,,False,,,,100000
MSOG,same_indication,0.4,12.0,0.5,0.5,low,growth,,False,,,,100000
MSOG,same_indication,0.4,12.0,0.5,0.5,base,preservation,,False,,,,100000
MSOG,same_indication,0.4,12.0,0.5,0.5,base,balanced,,False,,,,100000
MSOG,same_indication,0.4,12.0,0.5,0.5,base,growth,,False,,,,100000
MSOG,same_indication,0.4,12.0,0.5,0.5,high,preservation,,False,,,,100000
MSOG,same_indication,0.4,12.0,0.5,0.5,high,balanced,0.3,True,-945.1414225060493,0.03488,129.44189175928102,100000
MSOG,same_indication,0.4,12.0,0.5,0.5,high,growth,0.2,True,-1057.3235056457975,0.04529,36.63882376681649,100000
MSOG,same_indication,0.4,12.0,1.0,0.0,low,preservation,,False,,,,100000
MSOG,same_indication,0.4,12.0,1.0,0.0,low,balanced,,False,,,,100000
MSOG,same_indication,0.4,12.0,1.0,0.0,low,growth,,False,,,,100000
MSOG,same_indication,0.4,12.0,1.0,0.0,base,preservation,,False,,,,100000
MSOG,same_indication,0.4,12.0,1.0,0.0,base,balanced,,False,,,,100000
MSOG,same_indication,0.4,12.0,1.0,0.0,base,growth,,False,,,,100000
MSOG,same_indication,0.4,12.0,1.0,0.0,high,preservation,,False,,,,100000
MSOG,same_indication,0.4,12.0,1.0,0.0,high,balanced,0.3,True,-929.7198607116404,0.03488,493.8933567097777,100000
MSOG,same_indication,0.4,12.0,1.0,0.0,high,growth,0.0,True,-1242.5321618562914,0.09597,212.06039225276433,100000
MSOG,same_indication,0.4,12.0,1.0,0.1,low,preservation,,False,,,,100000
MSOG,same_indication,0.4,12.0,1.0,0.1,low,balanced,,False,,,,100000
MSOG,same_indication,0.4,12.0,1.0,0.1,low,growth,,False,,,,100000
MSOG,same_indication,0.4,12.0,1.0,0.1,base,preservation,,False,,,,100000
MSOG,same_indication,0.4,12.0,1.0,0.1,base,balanced,,False,,,,100000
MSOG,same_indication,0.4,12.0,1.0,0.1,base,growth,,False,,,,100000
MSOG,same_indication,0.4,12.0,1.0,0.1,high,preservation,,False,,,,100000
MSOG,same_indication,0.4,12.0,1.0,0.1,high,balanced,0.3,True,-929.7198607116404,0.03488,437.88266802010594,100000
MSOG,same_indication,0.4,12.0,1.0,0.1,high,growth,0.0,True,-1242.5321618562914,0.09597,156.04970356309255,100000
MSOG,same_indication,0.4,12.0,1.0,0.25,low,preservation,,False,,,,100000
MSOG,same_indication,0.4,12.0,1.0,0.25,low,balanced,,False,,,,100000
MSOG,same_indication,0.4,12.0,1.0,0.25,low,growth,,False,,,,100000
MSOG,same_indication,0.4,12.0,1.0,0.25,base,preservation,,False,,,,100000
MSOG,same_indication,0.4,12.0,1.0,0.25,base,balanced,,False,,,,100000
MSOG,same_indication,0.4,12.0,1.0,0.25,base,growth,,False,,,,100000
MSOG,same_indication,0.4,12.0,1.0,0.25,high,preservation,,False,,,,100000
MSOG,same_indication,0.4,12.0,1.0,0.25,high,balanced,0.3,True,-929.7198607116404,0.03488,353.86663498559835,100000
MSOG,same_indication,0.4,12.0,1.0,0.25,high,growth,0.0,True,-1242.5321618562914,0.09597,72.03367052858486,100000
MSOG,same_indication,0.4,12.0,1.0,0.5,low,preservation,,False,,,,100000
MSOG,same_indication,0.4,12.0,1.0,0.5,low,balanced,,False,,,,100000
MSOG,same_indication,0.4,12.0,1.0,0.5,low,growth,,False,,,,100000
MSOG,same_indication,0.4,12.0,1.0,0.5,base,preservation,,False,,,,100000
MSOG,same_indication,0.4,12.0,1.0,0.5,base,balanced,,False,,,,100000
MSOG,same_indication,0.4,12.0,1.0,0.5,base,growth,,False,,,,100000
MSOG,same_indication,0.4,12.0,1.0,0.5,high,preservation,,False,,,,100000
MSOG,same_indication,0.4,12.0,1.0,0.5,high,balanced,0.3,True,-929.7198607116404,0.03488,213.83991326141887,100000
MSOG,same_indication,0.4,12.0,1.0,0.5,high,growth,0.1,True,-1144.9393395651953,0.06674,25.951270290076582,100000
MSOG,same_indication,0.4,12.0,1.5,0.0,low,preservation,,False,,,,100000
MSOG,same_indication,0.4,12.0,1.5,0.0,low,balanced,,False,,,,100000
MSOG,same_indication,0.4,12.0,1.5,0.0,low,growth,,False,,,,100000
MSOG,same_indication,0.4,12.0,1.5,0.0,base,preservation,,False,,,,100000
MSOG,same_indication,0.4,12.0,1.5,0.0,base,balanced,,False,,,,100000
MSOG,same_indication,0.4,12.0,1.5,0.0,base,growth,,False,,,,100000
MSOG,same_indication,0.4,12.0,1.5,0.0,high,preservation,,False,,,,100000
MSOG,same_indication,0.4,12.0,1.5,0.0,high,balanced,0.3,True,-934.7760779994783,0.03488,612.3905625169364,100000
MSOG,same_indication,0.4,12.0,1.5,0.0,high,growth,0.0,True,-1260.2346358526092,0.09597,327.0185032312269,100000
MSOG,same_indication,0.4,12.0,1.5,0.1,low,preservation,,False,,,,100000
MSOG,same_indication,0.4,12.0,1.5,0.1,low,balanced,,False,,,,100000
MSOG,same_indication,0.4,12.0,1.5,0.1,low,growth,,False,,,,100000
MSOG,same_indication,0.4,12.0,1.5,0.1,base,preservation,,False,,,,100000
MSOG,same_indication,0.4,12.0,1.5,0.1,base,balanced,,False,,,,100000
MSOG,same_indication,0.4,12.0,1.5,0.1,base,growth,,False,,,,100000
MSOG,same_indication,0.4,12.0,1.5,0.1,high,preservation,,False,,,,100000
MSOG,same_indication,0.4,12.0,1.5,0.1,high,balanced,0.3,True,-934.7760779994783,0.03488,550.4080728893597,100000
MSOG,same_indication,0.4,12.0,1.5,0.1,high,growth,0.0,True,-1260.2346358526092,0.09597,265.03601360365025,100000
MSOG,same_indication,0.4,12.0,1.5,0.25,low,preservation,,False,,,,100000
MSOG,same_indication,0.4,12.0,1.5,0.25,low,balanced,,False,,,,100000
MSOG,same_indication,0.4,12.0,1.5,0.25,low,growth,,False,,,,100000
MSOG,same_indication,0.4,12.0,1.5,0.25,base,preservation,,False,,,,100000
MSOG,same_indication,0.4,12.0,1.5,0.25,base,balanced,,False,,,,100000
MSOG,same_indication,0.4,12.0,1.5,0.25,base,growth,,False,,,,100000
MSOG,same_indication,0.4,12.0,1.5,0.25,high,preservation,,False,,,,100000
MSOG,same_indication,0.4,12.0,1.5,0.25,high,balanced,0.3,True,-934.7760779994783,0.03488,457.4343384479947,100000
MSOG,same_indication,0.4,12.0,1.5,0.25,high,growth,0.0,True,-1260.2346358526092,0.09597,172.06227916228525,100000
MSOG,same_indication,0.4,12.0,1.5,0.5,low,preservation,,False,,,,100000
MSOG,same_indication,0.4,12.0,1.5,0.5,low,balanced,,False,,,,100000
MSOG,same_indication,0.4,12.0,1.5,0.5,low,growth,,False,,,,100000
MSOG,same_indication,0.4,12.0,1.5,0.5,base,preservation,,False,,,,100000
MSOG,same_indication,0.4,12.0,1.5,0.5,base,balanced,,False,,,,100000
MSOG,same_indication,0.4,12.0,1.5,0.5,base,growth,,False,,,,100000
MSOG,same_indication,0.4,12.0,1.5,0.5,high,preservation,,False,,,,100000
MSOG,same_indication,0.4,12.0,1.5,0.5,high,balanced,0.3,True,-934.7760779994783,0.03488,302.47811437905307,100000
MSOG,same_indication,0.4,12.0,1.5,0.5,high,growth,0.0,True,-1260.2346358526092,0.09597,17.10605509334364,100000
MSOG,same_indication,0.4,15.0,0.0,0.0,low,preservation,,False,,,,100000
MSOG,same_indication,0.4,15.0,0.0,0.0,low,balanced,,False,,,,100000
MSOG,same_indication,0.4,15.0,0.0,0.0,low,growth,,False,,,,100000
MSOG,same_indication,0.4,15.0,0.0,0.0,base,preservation,,False,,,,100000
MSOG,same_indication,0.4,15.0,0.0,0.0,base,balanced,,False,,,,100000
MSOG,same_indication,0.4,15.0,0.0,0.0,base,growth,,False,,,,100000
MSOG,same_indication,0.4,15.0,0.0,0.0,high,preservation,,False,,,,100000
MSOG,same_indication,0.4,15.0,0.0,0.0,high,balanced,0.2,True,-996.1278265476358,0.04529,179.795743566583,100000
MSOG,same_indication,0.4,15.0,0.0,0.0,high,growth,0.1,True,-1072.1868039690485,0.06674,88.09689415922553,100000
MSOG,same_indication,0.4,15.0,0.0,0.1,low,preservation,,False,,,,100000
MSOG,same_indication,0.4,15.0,0.0,0.1,low,balanced,,False,,,,100000
MSOG,same_indication,0.4,15.0,0.0,0.1,low,growth,,False,,,,100000
MSOG,same_indication,0.4,15.0,0.0,0.1,base,preservation,,False,,,,100000
MSOG,same_indication,0.4,15.0,0.0,0.1,base,balanced,,False,,,,100000
MSOG,same_indication,0.4,15.0,0.0,0.1,base,growth,,False,,,,100000
MSOG,same_indication,0.4,15.0,0.0,0.1,high,preservation,,False,,,,100000
MSOG,same_indication,0.4,15.0,0.0,0.1,high,balanced,0.2,True,-996.1278265476358,0.04529,109.70566279325396,100000
MSOG,same_indication,0.4,15.0,0.0,0.1,high,growth,0.1,True,-1072.1868039690485,0.06674,18.006813385896507,100000
MSOG,same_indication,0.4,15.0,0.0,0.25,low,preservation,,False,,,,100000
MSOG,same_indication,0.4,15.0,0.0,0.25,low,balanced,,False,,,,100000
MSOG,same_indication,0.4,15.0,0.0,0.25,low,growth,,False,,,,100000
MSOG,same_indication,0.4,15.0,0.0,0.25,base,preservation,,False,,,,100000
MSOG,same_indication,0.4,15.0,0.0,0.25,base,balanced,,False,,,,100000
MSOG,same_indication,0.4,15.0,0.0,0.25,base,growth,,False,,,,100000
MSOG,same_indication,0.4,15.0,0.0,0.25,high,preservation,,False,,,,100000
MSOG,same_indication,0.4,15.0,0.0,0.25,high,balanced,0.2,True,-996.1278265476358,0.04529,4.570541633260441,100000
MSOG,same_indication,0.4,15.0,0.0,0.25,high,growth,0.2,True,-996.1278265476358,0.04529,4.570541633260441,100000
MSOG,same_indication,0.4,15.0,0.0,0.5,low,preservation,,False,,,,100000
MSOG,same_indication,0.4,15.0,0.0,0.5,low,balanced,,False,,,,100000
MSOG,same_indication,0.4,15.0,0.0,0.5,low,growth,,False,,,,100000
MSOG,same_indication,0.4,15.0,0.0,0.5,base,preservation,,False,,,,100000
MSOG,same_indication,0.4,15.0,0.0,0.5,base,balanced,,False,,,,100000
MSOG,same_indication,0.4,15.0,0.0,0.5,base,growth,,False,,,,100000
MSOG,same_indication,0.4,15.0,0.0,0.5,high,preservation,,False,,,,100000
MSOG,same_indication,0.4,15.0,0.0,0.5,high,balanced,,False,,,,100000
MSOG,same_indication,0.4,15.0,0.0,0.5,high,growth,,False,,,,100000
MSOG,same_indication,0.4,15.0,0.5,0.0,low,preservation,,False,,,,100000
MSOG,same_indication,0.4,15.0,0.5,0.0,low,balanced,,False,,,,100000
MSOG,same_indication,0.4,15.0,0.5,0.0,low,growth,,False,,,,100000
MSOG,same_indication,0.4,15.0,0.5,0.0,base,preservation,,False,,,,100000
MSOG,same_indication,0.4,15.0,0.5,0.0,base,balanced,,False,,,,100000
MSOG,same_indication,0.4,15.0,0.5,0.0,base,growth,,False,,,,100000
MSOG,same_indication,0.4,15.0,0.5,0.0,high,preservation,,False,,,,100000
MSOG,same_indication,0.4,15.0,0.5,0.0,high,balanced,0.3,True,-924.819252736637,0.03488,378.9969662789023,100000
MSOG,same_indication,0.4,15.0,0.5,0.0,high,growth,0.0,True,-1193.6220906520296,0.0954,100.58776230150865,100000
MSOG,same_indication,0.4,15.0,0.5,0.1,low,preservation,,False,,,,100000
MSOG,same_indication,0.4,15.0,0.5,0.1,low,balanced,,False,,,,100000
MSOG,same_indication,0.4,15.0,0.5,0.1,low,growth,,False,,,,100000
MSOG,same_indication,0.4,15.0,0.5,0.1,base,preservation,,False,,,,100000
MSOG,same_indication,0.4,15.0,0.5,0.1,base,balanced,,False,,,,100000
MSOG,same_indication,0.4,15.0,0.5,0.1,base,growth,,False,,,,100000
MSOG,same_indication,0.4,15.0,0.5,0.1,high,preservation,,False,,,,100000
MSOG,same_indication,0.4,15.0,0.5,0.1,high,balanced,0.3,True,-924.819252736637,0.03488,303.47797556202335,100000
MSOG,same_indication,0.4,15.0,0.5,0.1,high,growth,0.0,True,-1193.6220906520296,0.0954,25.068771584629744,100000
MSOG,same_indication,0.4,15.0,0.5,0.25,low,preservation,,False,,,,100000
MSOG,same_indication,0.4,15.0,0.5,0.25,low,balanced,,False,,,,100000
MSOG,same_indication,0.4,15.0,0.5,0.25,low,growth,,False,,,,100000
MSOG,same_indication,0.4,15.0,0.5,0.25,base,preservation,,False,,,,100000
MSOG,same_indication,0.4,15.0,0.5,0.25,base,balanced,,False,,,,100000
MSOG,same_indication,0.4,15.0,0.5,0.25,base,growth,,False,,,,100000
MSOG,same_indication,0.4,15.0,0.5,0.25,high,preservation,,False,,,,100000
MSOG,same_indication,0.4,15.0,0.5,0.25,high,balanced,0.3,True,-924.819252736637,0.03488,190.19948948670498,100000
MSOG,same_indication,0.4,15.0,0.5,0.25,high,growth,0.1,True,-1083.5832257627715,0.06674,4.593353501775864,100000
MSOG,same_indication,0.4,15.0,0.5,0.5,low,preservation,,False,,,,100000
MSOG,same_indication,0.4,15.0,0.5,0.5,low,balanced,,False,,,,100000
MSOG,same_indication,0.4,15.0,0.5,0.5,low,growth,,False,,,,100000
MSOG,same_indication,0.4,15.0,0.5,0.5,base,preservation,,False,,,,100000
MSOG,same_indication,0.4,15.0,0.5,0.5,base,balanced,,False,,,,100000
MSOG,same_indication,0.4,15.0,0.5,0.5,base,growth,,False,,,,100000
MSOG,same_indication,0.4,15.0,0.5,0.5,high,preservation,,False,,,,100000
MSOG,same_indication,0.4,15.0,0.5,0.5,high,balanced,0.3,True,-924.819252736637,0.03488,1.402012694507706,100000
MSOG,same_indication,0.4,15.0,0.5,0.5,high,growth,0.3,True,-924.819252736637,0.03488,1.402012694507706,100000
MSOG,same_indication,0.4,15.0,1.0,0.0,low,preservation,,False,,,,100000
MSOG,same_indication,0.4,15.0,1.0,0.0,low,balanced,,False,,,,100000
MSOG,same_indication,0.4,15.0,1.0,0.0,low,growth,,False,,,,100000
MSOG,same_indication,0.4,15.0,1.0,0.0,base,preservation,,False,,,,100000
MSOG,same_indication,0.4,15.0,1.0,0.0,base,balanced,,False,,,,100000
MSOG,same_indication,0.4,15.0,1.0,0.0,base,growth,,False,,,,100000
MSOG,same_indication,0.4,15.0,1.0,0.0,high,preservation,,False,,,,100000
MSOG,same_indication,0.4,15.0,1.0,0.0,high,balanced,0.3,True,-929.7198607116404,0.03488,491.8644317046103,100000
MSOG,same_indication,0.4,15.0,1.0,0.0,high,growth,0.0,True,-1209.1761310311156,0.0954,210.0314672475969,100000
MSOG,same_indication,0.4,15.0,1.0,0.1,low,preservation,,False,,,,100000
MSOG,same_indication,0.4,15.0,1.0,0.1,low,balanced,,False,,,,100000
MSOG,same_indication,0.4,15.0,1.0,0.1,low,growth,,False,,,,100000
MSOG,same_indication,0.4,15.0,1.0,0.1,base,preservation,,False,,,,100000
MSOG,same_indication,0.4,15.0,1.0,0.1,base,balanced,,False,,,,100000
MSOG,same_indication,0.4,15.0,1.0,0.1,base,growth,,False,,,,100000
MSOG,same_indication,0.4,15.0,1.0,0.1,high,preservation,,False,,,,100000
MSOG,same_indication,0.4,15.0,1.0,0.1,high,balanced,0.3,True,-929.7198607116404,0.03488,410.6515522030174,100000
MSOG,same_indication,0.4,15.0,1.0,0.1,high,growth,0.0,True,-1209.1761310311156,0.0954,128.81858774600394,100000
MSOG,same_indication,0.4,15.0,1.0,0.25,low,preservation,,False,,,,100000
MSOG,same_indication,0.4,15.0,1.0,0.25,low,balanced,,False,,,,100000
MSOG,same_indication,0.4,15.0,1.0,0.25,low,growth,,False,,,,100000
MSOG,same_indication,0.4,15.0,1.0,0.25,base,preservation,,False,,,,100000
MSOG,same_indication,0.4,15.0,1.0,0.25,base,balanced,,False,,,,100000
MSOG,same_indication,0.4,15.0,1.0,0.25,base,growth,,False,,,,100000
MSOG,same_indication,0.4,15.0,1.0,0.25,high,preservation,,False,,,,100000
MSOG,same_indication,0.4,15.0,1.0,0.25,high,balanced,0.3,True,-929.7198607116404,0.03488,288.83223295062794,100000
MSOG,same_indication,0.4,15.0,1.0,0.25,high,growth,0.0,True,-1209.1761310311156,0.0954,6.999268493614528,100000
MSOG,same_indication,0.4,15.0,1.0,0.5,low,preservation,,False,,,,100000
MSOG,same_indication,0.4,15.0,1.0,0.5,low,balanced,,False,,,,100000
MSOG,same_indication,0.4,15.0,1.0,0.5,low,growth,,False,,,,100000
MSOG,same_indication,0.4,15.0,1.0,0.5,base,preservation,,False,,,,100000
MSOG,same_indication,0.4,15.0,1.0,0.5,base,balanced,,False,,,,100000
MSOG,same_indication,0.4,15.0,1.0,0.5,base,growth,,False,,,,100000
MSOG,same_indication,0.4,15.0,1.0,0.5,high,preservation,,False,,,,100000
MSOG,same_indication,0.4,15.0,1.0,0.5,high,balanced,0.3,True,-929.7198607116404,0.03488,85.8000341966456,100000
MSOG,same_indication,0.4,15.0,1.0,0.5,high,growth,0.3,True,-929.7198607116404,0.03488,85.8000341966456,100000
MSOG,same_indication,0.4,15.0,1.5,0.0,low,preservation,,False,,,,100000
MSOG,same_indication,0.4,15.0,1.5,0.0,low,balanced,,False,,,,100000
MSOG,same_indication,0.4,15.0,1.5,0.0,low,growth,,False,,,,100000
MSOG,same_indication,0.4,15.0,1.5,0.0,base,preservation,,False,,,,100000
MSOG,same_indication,0.4,15.0,1.5,0.0,base,balanced,,False,,,,100000
MSOG,same_indication,0.4,15.0,1.5,0.0,base,growth,,False,,,,100000
MSOG,same_indication,0.4,15.0,1.5,0.0,high,preservation,,False,,,,100000
MSOG,same_indication,0.4,15.0,1.5,0.0,high,balanced,0.3,True,-934.7760779994783,0.03488,610.3616375117689,100000
MSOG,same_indication,0.4,15.0,1.5,0.0,high,growth,0.0,True,-1225.2505355833287,0.0954,324.98957822605945,100000
MSOG,same_indication,0.4,15.0,1.5,0.1,low,preservation,,False,,,,100000
MSOG,same_indication,0.4,15.0,1.5,0.1,low,balanced,,False,,,,100000
MSOG,same_indication,0.4,15.0,1.5,0.1,low,growth,,False,,,,100000
MSOG,same_indication,0.4,15.0,1.5,0.1,base,preservation,,False,,,,100000
MSOG,same_indication,0.4,15.0,1.5,0.1,base,balanced,,False,,,,100000
MSOG,same_indication,0.4,15.0,1.5,0.1,base,growth,,False,,,,100000
MSOG,same_indication,0.4,15.0,1.5,0.1,high,preservation,,False,,,,100000
MSOG,same_indication,0.4,15.0,1.5,0.1,high,balanced,0.3,True,-934.7760779994783,0.03488,523.1769570722711,100000
MSOG,same_indication,0.4,15.0,1.5,0.1,high,growth,0.0,True,-1225.2505355833287,0.0954,237.8048977865616,100000
MSOG,same_indication,0.4,15.0,1.5,0.25,low,preservation,,False,,,,100000
MSOG,same_indication,0.4,15.0,1.5,0.25,low,balanced,,False,,,,100000
MSOG,same_indication,0.4,15.0,1.5,0.25,low,growth,,False,,,,100000
MSOG,same_indication,0.4,15.0,1.5,0.25,base,preservation,,False,,,,100000
MSOG,same_indication,0.4,15.0,1.5,0.25,base,balanced,,False,,,,100000
MSOG,same_indication,0.4,15.0,1.5,0.25,base,growth,,False,,,,100000
MSOG,same_indication,0.4,15.0,1.5,0.25,high,preservation,,False,,,,100000
MSOG,same_indication,0.4,15.0,1.5,0.25,high,balanced,0.3,True,-934.7760779994783,0.03488,392.39993641302436,100000
MSOG,same_indication,0.4,15.0,1.5,0.25,high,growth,0.0,True,-1225.2505355833287,0.0954,107.0278771273149,100000
MSOG,same_indication,0.4,15.0,1.5,0.5,low,preservation,,False,,,,100000
MSOG,same_indication,0.4,15.0,1.5,0.5,low,balanced,,False,,,,100000
MSOG,same_indication,0.4,15.0,1.5,0.5,low,growth,,False,,,,100000
MSOG,same_indication,0.4,15.0,1.5,0.5,base,preservation,,False,,,,100000
MSOG,same_indication,0.4,15.0,1.5,0.5,base,balanced,,False,,,,100000
MSOG,same_indication,0.4,15.0,1.5,0.5,base,growth,,False,,,,100000
MSOG,same_indication,0.4,15.0,1.5,0.5,high,preservation,,False,,,,100000
MSOG,same_indication,0.4,15.0,1.5,0.5,high,balanced,0.3,True,-934.7760779994783,0.03488,174.4382353142798,100000
MSOG,same_indication,0.4,15.0,1.5,0.5,high,growth,0.2,True,-1012.9360881170703,0.04529,79.31421555237667,100000
MSOG,same_indication,0.4,18.0,0.0,0.0,low,preservation,,False,,,,100000
MSOG,same_indication,0.4,18.0,0.0,0.0,low,balanced,,False,,,,100000
MSOG,same_indication,0.4,18.0,0.0,0.0,low,growth,,False,,,,100000
MSOG,same_indication,0.4,18.0,0.0,0.0,base,preservation,,False,,,,100000
MSOG,same_indication,0.4,18.0,0.0,0.0,base,balanced,,False,,,,100000
MSOG,same_indication,0.4,18.0,0.0,0.0,base,growth,,False,,,,100000
MSOG,same_indication,0.4,18.0,0.0,0.0,high,preservation,,False,,,,100000
MSOG,same_indication,0.4,18.0,0.0,0.0,high,balanced,0.2,True,-996.1278265476358,0.04529,178.2713821802814,100000
MSOG,same_indication,0.4,18.0,0.0,0.0,high,growth,0.1,True,-1072.1868039690485,0.06674,86.5725327729239,100000
MSOG,same_indication,0.4,18.0,0.0,0.1,low,preservation,,False,,,,100000
MSOG,same_indication,0.4,18.0,0.0,0.1,low,balanced,,False,,,,100000
MSOG,same_indication,0.4,18.0,0.0,0.1,low,growth,,False,,,,100000
MSOG,same_indication,0.4,18.0,0.0,0.1,base,preservation,,False,,,,100000
MSOG,same_indication,0.4,18.0,0.0,0.1,base,balanced,,False,,,,100000
MSOG,same_indication,0.4,18.0,0.0,0.1,base,growth,,False,,,,100000
MSOG,same_indication,0.4,18.0,0.0,0.1,high,preservation,,False,,,,100000
MSOG,same_indication,0.4,18.0,0.0,0.1,high,balanced,0.2,True,-996.1278265476358,0.04529,89.24652243481022,100000
MSOG,same_indication,0.4,18.0,0.0,0.1,high,growth,0.2,True,-996.1278265476358,0.04529,89.24652243481022,100000
MSOG,same_indication,0.4,18.0,0.0,0.25,low,preservation,,False,,,,100000
MSOG,same_indication,0.4,18.0,0.0,0.25,low,balanced,,False,,,,100000
MSOG,same_indication,0.4,18.0,0.0,0.25,low,growth,,False,,,,100000
MSOG,same_indication,0.4,18.0,0.0,0.25,base,preservation,,False,,,,100000
MSOG,same_indication,0.4,18.0,0.0,0.25,base,balanced,,False,,,,100000
MSOG,same_indication,0.4,18.0,0.0,0.25,base,growth,,False,,,,100000
MSOG,same_indication,0.4,18.0,0.0,0.25,high,preservation,,False,,,,100000
MSOG,same_indication,0.4,18.0,0.0,0.25,high,balanced,0.3,True,-920.068849126223,0.03488,47.40808222396096,100000
MSOG,same_indication,0.4,18.0,0.0,0.25,high,growth,0.3,True,-920.068849126223,0.03488,47.40808222396096,100000
MSOG,same_indication,0.4,18.0,0.0,0.5,low,preservation,,False,,,,100000
MSOG,same_indication,0.4,18.0,0.0,0.5,low,balanced,,False,,,,100000
MSOG,same_indication,0.4,18.0,0.0,0.5,low,growth,,False,,,,100000
MSOG,same_indication,0.4,18.0,0.0,0.5,base,preservation,,False,,,,100000
MSOG,same_indication,0.4,18.0,0.0,0.5,base,balanced,,False,,,,100000
MSOG,same_indication,0.4,18.0,0.0,0.5,base,growth,,False,,,,100000
MSOG,same_indication,0.4,18.0,0.0,0.5,high,preservation,,False,,,,100000
MSOG,same_indication,0.4,18.0,0.0,0.5,high,balanced,,False,,,,100000
MSOG,same_indication,0.4,18.0,0.0,0.5,high,growth,,False,,,,100000
MSOG,same_indication,0.4,18.0,0.5,0.0,low,preservation,,False,,,,100000
MSOG,same_indication,0.4,18.0,0.5,0.0,low,balanced,,False,,,,100000
MSOG,same_indication,0.4,18.0,0.5,0.0,low,growth,,False,,,,100000
MSOG,same_indication,0.4,18.0,0.5,0.0,base,preservation,,False,,,,100000
MSOG,same_indication,0.4,18.0,0.5,0.0,base,balanced,,False,,,,100000
MSOG,same_indication,0.4,18.0,0.5,0.0,base,growth,,False,,,,100000
MSOG,same_indication,0.4,18.0,0.5,0.0,high,preservation,,False,,,,100000
MSOG,same_indication,0.4,18.0,0.5,0.0,high,balanced,0.3,True,-924.819252736637,0.03488,377.4726048926006,100000
MSOG,same_indication,0.4,18.0,0.5,0.0,high,growth,0.0,True,-1193.6220906520296,0.0954,99.06340091520701,100000
MSOG,same_indication,0.4,18.0,0.5,0.1,low,preservation,,False,,,,100000
MSOG,same_indication,0.4,18.0,0.5,0.1,low,balanced,,False,,,,100000
MSOG,same_indication,0.4,18.0,0.5,0.1,low,growth,,False,,,,100000
MSOG,same_indication,0.4,18.0,0.5,0.1,base,preservation,,False,,,,100000
MSOG,same_indication,0.4,18.0,0.5,0.1,base,balanced,,False,,,,100000
MSOG,same_indication,0.4,18.0,0.5,0.1,base,growth,,False,,,,100000
MSOG,same_indication,0.4,18.0,0.5,0.1,high,preservation,,False,,,,100000
MSOG,same_indication,0.4,18.0,0.5,0.1,high,balanced,0.3,True,-924.819252736637,0.03488,283.0188352035796,100000
MSOG,same_indication,0.4,18.0,0.5,0.1,high,growth,0.0,True,-1193.6220906520296,0.0954,4.609631226185949,100000
MSOG,same_indication,0.4,18.0,0.5,0.25,low,preservation,,False,,,,100000
MSOG,same_indication,0.4,18.0,0.5,0.25,low,balanced,,False,,,,100000
MSOG,same_indication,0.4,18.0,0.5,0.25,low,growth,,False,,,,100000
MSOG,same_indication,0.4,18.0,0.5,0.25,base,preservation,,False,,,,100000
MSOG,same_indication,0.4,18.0,0.5,0.25,base,balanced,,False,,,,100000
MSOG,same_indication,0.4,18.0,0.5,0.25,base,growth,,False,,,,100000
MSOG,same_indication,0.4,18.0,0.5,0.25,high,preservation,,False,,,,100000
MSOG,same_indication,0.4,18.0,0.5,0.25,high,balanced,0.3,True,-924.819252736637,0.03488,141.33818067004805,100000
MSOG,same_indication,0.4,18.0,0.5,0.25,high,growth,0.2,True,-1001.5568592452519,0.04529,48.53511267758353,100000
MSOG,same_indication,0.4,18.0,0.5,0.5,low,preservation,,False,,,,100000
MSOG,same_indication,0.4,18.0,0.5,0.5,low,balanced,,False,,,,100000
MSOG,same_indication,0.4,18.0,0.5,0.5,low,growth,,False,,,,100000
MSOG,same_indication,0.4,18.0,0.5,0.5,base,preservation,,False,,,,100000
MSOG,same_indication,0.4,18.0,0.5,0.5,base,balanced,,False,,,,100000
MSOG,same_indication,0.4,18.0,0.5,0.5,base,growth,,False,,,,100000
MSOG,same_indication,0.4,18.0,0.5,0.5,high,preservation,,False,,,,100000
MSOG,same_indication,0.4,18.0,0.5,0.5,high,balanced,,False,,,,100000
MSOG,same_indication,0.4,18.0,0.5,0.5,high,growth,,False,,,,100000
MSOG,same_indication,0.4,18.0,1.0,0.0,low,preservation,,False,,,,100000
MSOG,same_indication,0.4,18.0,1.0,0.0,low,balanced,,False,,,,100000
MSOG,same_indication,0.4,18.0,1.0,0.0,low,growth,,False,,,,100000
MSOG,same_indication,0.4,18.0,1.0,0.0,base,preservation,,False,,,,100000
MSOG,same_indication,0.4,18.0,1.0,0.0,base,balanced,,False,,,,100000
MSOG,same_indication,0.4,18.0,1.0,0.0,base,growth,,False,,,,100000
MSOG,same_indication,0.4,18.0,1.0,0.0,high,preservation,,False,,,,100000
MSOG,same_indication,0.4,18.0,1.0,0.0,high,balanced,0.3,True,-929.7198607116404,0.03488,490.3400703183088,100000
MSOG,same_indication,0.4,18.0,1.0,0.0,high,growth,0.0,True,-1209.1761310311156,0.0954,208.50710586129523,100000
MSOG,same_indication,0.4,18.0,1.0,0.1,low,preservation,,False,,,,100000
MSOG,same_indication,0.4,18.0,1.0,0.1,low,balanced,,False,,,,100000
MSOG,same_indication,0.4,18.0,1.0,0.1,low,growth,,False,,,,100000
MSOG,same_indication,0.4,18.0,1.0,0.1,base,preservation,,False,,,,100000
MSOG,same_indication,0.4,18.0,1.0,0.1,base,balanced,,False,,,,100000
MSOG,same_indication,0.4,18.0,1.0,0.1,base,growth,,False,,,,100000
MSOG,same_indication,0.4,18.0,1.0,0.1,high,preservation,,False,,,,100000
MSOG,same_indication,0.4,18.0,1.0,0.1,high,balanced,0.3,True,-929.7198607116404,0.03488,390.1924118445736,100000
MSOG,same_indication,0.4,18.0,1.0,0.1,high,growth,0.0,True,-1209.1761310311156,0.0954,108.35944738756015,100000
MSOG,same_indication,0.4,18.0,1.0,0.25,low,preservation,,False,,,,100000
MSOG,same_indication,0.4,18.0,1.0,0.25,low,balanced,,False,,,,100000
MSOG,same_indication,0.4,18.0,1.0,0.25,low,growth,,False,,,,100000
MSOG,same_indication,0.4,18.0,1.0,0.25,base,preservation,,False,,,,100000
MSOG,same_indication,0.4,18.0,1.0,0.25,base,balanced,,False,,,,100000
MSOG,same_indication,0.4,18.0,1.0,0.25,base,growth,,False,,,,100000
MSOG,same_indication,0.4,18.0,1.0,0.25,high,preservation,,False,,,,100000
MSOG,same_indication,0.4,18.0,1.0,0.25,high,balanced,0.3,True,-929.7198607116404,0.03488,239.97092413397104,100000
MSOG,same_indication,0.4,18.0,1.0,0.25,high,growth,0.1,True,-1097.5818621039489,0.06674,52.08228116262867,100000
MSOG,same_indication,0.4,18.0,1.0,0.5,low,preservation,,False,,,,100000
MSOG,same_indication,0.4,18.0,1.0,0.5,low,balanced,,False,,,,100000
MSOG,same_indication,0.4,18.0,1.0,0.5,low,growth,,False,,,,100000
MSOG,same_indication,0.4,18.0,1.0,0.5,base,preservation,,False,,,,100000
MSOG,same_indication,0.4,18.0,1.0,0.5,base,balanced,,False,,,,100000
MSOG,same_indication,0.4,18.0,1.0,0.5,base,growth,,False,,,,100000
MSOG,same_indication,0.4,18.0,1.0,0.5,high,preservation,,False,,,,100000
MSOG,same_indication,0.4,18.0,1.0,0.5,high,balanced,,False,,,,100000
MSOG,same_indication,0.4,18.0,1.0,0.5,high,growth,,False,,,,100000
MSOG,same_indication,0.4,18.0,1.5,0.0,low,preservation,,False,,,,100000
MSOG,same_indication,0.4,18.0,1.5,0.0,low,balanced,,False,,,,100000
MSOG,same_indication,0.4,18.0,1.5,0.0,low,growth,,False,,,,100000
MSOG,same_indication,0.4,18.0,1.5,0.0,base,preservation,,False,,,,100000
MSOG,same_indication,0.4,18.0,1.5,0.0,base,balanced,,False,,,,100000
MSOG,same_indication,0.4,18.0,1.5,0.0,base,growth,,False,,,,100000
MSOG,same_indication,0.4,18.0,1.5,0.0,high,preservation,,False,,,,100000
MSOG,same_indication,0.4,18.0,1.5,0.0,high,balanced,0.3,True,-934.7760779994783,0.03488,608.8372761254673,100000
MSOG,same_indication,0.4,18.0,1.5,0.0,high,growth,0.0,True,-1225.2505355833287,0.0954,323.4652168397578,100000
MSOG,same_indication,0.4,18.0,1.5,0.1,low,preservation,,False,,,,100000
MSOG,same_indication,0.4,18.0,1.5,0.1,low,balanced,,False,,,,100000
MSOG,same_indication,0.4,18.0,1.5,0.1,low,growth,,False,,,,100000
MSOG,same_indication,0.4,18.0,1.5,0.1,base,preservation,,False,,,,100000
MSOG,same_indication,0.4,18.0,1.5,0.1,base,balanced,,False,,,,100000
MSOG,same_indication,0.4,18.0,1.5,0.1,base,growth,,False,,,,100000
MSOG,same_indication,0.4,18.0,1.5,0.1,high,preservation,,False,,,,100000
MSOG,same_indication,0.4,18.0,1.5,0.1,high,balanced,0.3,True,-934.7760779994783,0.03488,502.71781671382723,100000
MSOG,same_indication,0.4,18.0,1.5,0.1,high,growth,0.0,True,-1225.2505355833287,0.0954,217.3457574281178,100000
MSOG,same_indication,0.4,18.0,1.5,0.25,low,preservation,,False,,,,100000
MSOG,same_indication,0.4,18.0,1.5,0.25,low,balanced,,False,,,,100000
MSOG,same_indication,0.4,18.0,1.5,0.25,low,growth,,False,,,,100000
MSOG,same_indication,0.4,18.0,1.5,0.25,base,preservation,,False,,,,100000
MSOG,same_indication,0.4,18.0,1.5,0.25,base,balanced,,False,,,,100000
MSOG,same_indication,0.4,18.0,1.5,0.25,base,growth,,False,,,,100000
MSOG,same_indication,0.4,18.0,1.5,0.25,high,preservation,,False,,,,100000
MSOG,same_indication,0.4,18.0,1.5,0.25,high,balanced,0.3,True,-934.7760779994783,0.03488,343.53862759636735,100000
MSOG,same_indication,0.4,18.0,1.5,0.25,high,growth,0.0,True,-1225.2505355833287,0.0954,58.166568310657915,100000
MSOG,same_indication,0.4,18.0,1.5,0.5,low,preservation,,False,,,,100000
MSOG,same_indication,0.4,18.0,1.5,0.5,low,balanced,,False,,,,100000
MSOG,same_indication,0.4,18.0,1.5,0.5,low,growth,,False,,,,100000
MSOG,same_indication,0.4,18.0,1.5,0.5,base,preservation,,False,,,,100000
MSOG,same_indication,0.4,18.0,1.5,0.5,base,balanced,,False,,,,100000
MSOG,same_indication,0.4,18.0,1.5,0.5,base,growth,,False,,,,100000
MSOG,same_indication,0.4,18.0,1.5,0.5,high,preservation,,False,,,,100000
MSOG,same_indication,0.4,18.0,1.5,0.5,high,balanced,0.3,True,-934.7760779994783,0.03488,78.2399790672675,100000
MSOG,same_indication,0.4,18.0,1.5,0.5,high,growth,0.3,True,-934.7760779994783,0.03488,78.2399790672675,100000
Parallel PIAP,same_asset,0.0,12.0,0.0,0.0,low,preservation,,False,,,,100000
Parallel PIAP,same_asset,0.0,12.0,0.0,0.0,low,balanced,,False,,,,100000
Parallel PIAP,same_asset,0.0,12.0,0.0,0.0,low,growth,,False,,,,100000
Parallel PIAP,same_asset,0.0,12.0,0.0,0.0,base,preservation,,False,,,,100000
Parallel PIAP,same_asset,0.0,12.0,0.0,0.0,base,balanced,,False,,,,100000
Parallel PIAP,same_asset,0.0,12.0,0.0,0.0,base,growth,,False,,,,100000
Parallel PIAP,same_asset,0.0,12.0,0.0,0.0,high,preservation,,False,,,,100000
Parallel PIAP,same_asset,0.0,12.0,0.0,0.0,high,balanced,0.2,True,-961.5022449734774,0.0216,183.6340689483992,100000
Parallel PIAP,same_asset,0.0,12.0,0.0,0.0,high,growth,0.0,True,-1148.2457813904614,0.09536,0.0,100000
Parallel PIAP,same_asset,0.0,12.0,0.0,0.1,low,preservation,,False,,,,100000
Parallel PIAP,same_asset,0.0,12.0,0.0,0.1,low,balanced,,False,,,,100000
Parallel PIAP,same_asset,0.0,12.0,0.0,0.1,low,growth,,False,,,,100000
Parallel PIAP,same_asset,0.0,12.0,0.0,0.1,base,preservation,,False,,,,100000
Parallel PIAP,same_asset,0.0,12.0,0.0,0.1,base,balanced,,False,,,,100000
Parallel PIAP,same_asset,0.0,12.0,0.0,0.1,base,growth,,False,,,,100000
Parallel PIAP,same_asset,0.0,12.0,0.0,0.1,high,preservation,,False,,,,100000
Parallel PIAP,same_asset,0.0,12.0,0.0,0.1,high,balanced,0.2,True,-961.5022449734774,0.0216,152.78954341782165,100000
Parallel PIAP,same_asset,0.0,12.0,0.0,0.1,high,growth,0.1,True,-1070.035845375231,0.05673,60.97250894362205,100000
Parallel PIAP,same_asset,0.0,12.0,0.0,0.25,low,preservation,,False,,,,100000
Parallel PIAP,same_asset,0.0,12.0,0.0,0.25,low,balanced,,False,,,,100000
Parallel PIAP,same_asset,0.0,12.0,0.0,0.25,low,growth,,False,,,,100000
Parallel PIAP,same_asset,0.0,12.0,0.0,0.25,base,preservation,,False,,,,100000
Parallel PIAP,same_asset,0.0,12.0,0.0,0.25,base,balanced,,False,,,,100000
Parallel PIAP,same_asset,0.0,12.0,0.0,0.25,base,growth,,False,,,,100000
Parallel PIAP,same_asset,0.0,12.0,0.0,0.25,high,preservation,,False,,,,100000
Parallel PIAP,same_asset,0.0,12.0,0.0,0.25,high,balanced,0.2,True,-961.5022449734774,0.0216,106.52275512195538,100000
Parallel PIAP,same_asset,0.0,12.0,0.0,0.25,high,growth,0.1,True,-1070.035845375231,0.05673,14.705720647755784,100000
Parallel PIAP,same_asset,0.0,12.0,0.0,0.5,low,preservation,,False,,,,100000
Parallel PIAP,same_asset,0.0,12.0,0.0,0.5,low,balanced,,False,,,,100000
Parallel PIAP,same_asset,0.0,12.0,0.0,0.5,low,growth,,False,,,,100000
Parallel PIAP,same_asset,0.0,12.0,0.0,0.5,base,preservation,,False,,,,100000
Parallel PIAP,same_asset,0.0,12.0,0.0,0.5,base,balanced,,False,,,,100000
Parallel PIAP,same_asset,0.0,12.0,0.0,0.5,base,growth,,False,,,,100000
Parallel PIAP,same_asset,0.0,12.0,0.0,0.5,high,preservation,,False,,,,100000
Parallel PIAP,same_asset,0.0,12.0,0.0,0.5,high,balanced,0.2,True,-961.5022449734774,0.0216,29.411441295511587,100000
Parallel PIAP,same_asset,0.0,12.0,0.0,0.5,high,growth,0.2,True,-961.5022449734774,0.0216,29.411441295511587,100000
Parallel PIAP,same_asset,0.0,12.0,0.5,0.0,low,preservation,,False,,,,100000
Parallel PIAP,same_asset,0.0,12.0,0.5,0.0,low,balanced,,False,,,,100000
Parallel PIAP,same_asset,0.0,12.0,0.5,0.0,low,growth,,False,,,,100000
Parallel PIAP,same_asset,0.0,12.0,0.5,0.0,base,preservation,,False,,,,100000
Parallel PIAP,same_asset,0.0,12.0,0.5,0.0,base,balanced,,False,,,,100000
Parallel PIAP,same_asset,0.0,12.0,0.5,0.0,base,growth,,False,,,,100000
Parallel PIAP,same_asset,0.0,12.0,0.5,0.0,high,preservation,,False,,,,100000
Parallel PIAP,same_asset,0.0,12.0,0.5,0.0,high,balanced,0.2,True,-973.5443608735134,0.0216,290.4007816308153,100000
Parallel PIAP,same_asset,0.0,12.0,0.5,0.0,high,growth,0.0,True,-1161.8183631345016,0.09535,104.55235081844671,100000
Parallel PIAP,same_asset,0.0,12.0,0.5,0.1,low,preservation,,False,,,,100000
Parallel PIAP,same_asset,0.0,12.0,0.5,0.1,low,balanced,,False,,,,100000
Parallel PIAP,same_asset,0.0,12.0,0.5,0.1,low,growth,,False,,,,100000
Parallel PIAP,same_asset,0.0,12.0,0.5,0.1,base,preservation,,False,,,,100000
Parallel PIAP,same_asset,0.0,12.0,0.5,0.1,base,balanced,,False,,,,100000
Parallel PIAP,same_asset,0.0,12.0,0.5,0.1,base,growth,,False,,,,100000
Parallel PIAP,same_asset,0.0,12.0,0.5,0.1,high,preservation,,False,,,,100000
Parallel PIAP,same_asset,0.0,12.0,0.5,0.1,high,balanced,0.2,True,-973.5443608735134,0.0216,256.0094568431828,100000
Parallel PIAP,same_asset,0.0,12.0,0.5,0.1,high,growth,0.0,True,-1161.8183631345016,0.09535,70.16102603081421,100000
Parallel PIAP,same_asset,0.0,12.0,0.5,0.25,low,preservation,,False,,,,100000
Parallel PIAP,same_asset,0.0,12.0,0.5,0.25,low,balanced,,False,,,,100000
Parallel PIAP,same_asset,0.0,12.0,0.5,0.25,low,growth,,False,,,,100000
Parallel PIAP,same_asset,0.0,12.0,0.5,0.25,base,preservation,,False,,,,100000
Parallel PIAP,same_asset,0.0,12.0,0.5,0.25,base,balanced,,False,,,,100000
Parallel PIAP,same_asset,0.0,12.0,0.5,0.25,base,growth,,False,,,,100000
Parallel PIAP,same_asset,0.0,12.0,0.5,0.25,high,preservation,,False,,,,100000
Parallel PIAP,same_asset,0.0,12.0,0.5,0.25,high,balanced,0.2,True,-973.5443608735134,0.0216,204.4224696617341,100000
Parallel PIAP,same_asset,0.0,12.0,0.5,0.25,high,growth,0.0,True,-1161.8183631345016,0.09535,18.57403884936551,100000
Parallel PIAP,same_asset,0.0,12.0,0.5,0.5,low,preservation,,False,,,,100000
Parallel PIAP,same_asset,0.0,12.0,0.5,0.5,low,balanced,,False,,,,100000
Parallel PIAP,same_asset,0.0,12.0,0.5,0.5,low,growth,,False,,,,100000
Parallel PIAP,same_asset,0.0,12.0,0.5,0.5,base,preservation,,False,,,,100000
Parallel PIAP,same_asset,0.0,12.0,0.5,0.5,base,balanced,,False,,,,100000
Parallel PIAP,same_asset,0.0,12.0,0.5,0.5,base,growth,,False,,,,100000
Parallel PIAP,same_asset,0.0,12.0,0.5,0.5,high,preservation,,False,,,,100000
Parallel PIAP,same_asset,0.0,12.0,0.5,0.5,high,balanced,0.2,True,-973.5443608735134,0.0216,118.44415769265291,100000
Parallel PIAP,same_asset,0.0,12.0,0.5,0.5,high,growth,0.1,True,-1078.2944657538667,0.05673,25.51994228646858,100000
Parallel PIAP,same_asset,0.0,12.0,1.0,0.0,low,preservation,,False,,,,100000
Parallel PIAP,same_asset,0.0,12.0,1.0,0.0,low,balanced,,False,,,,100000
Parallel PIAP,same_asset,0.0,12.0,1.0,0.0,low,growth,,False,,,,100000
Parallel PIAP,same_asset,0.0,12.0,1.0,0.0,base,preservation,,False,,,,100000
Parallel PIAP,same_asset,0.0,12.0,1.0,0.0,base,balanced,,False,,,,100000
Parallel PIAP,same_asset,0.0,12.0,1.0,0.0,base,growth,,False,,,,100000
Parallel PIAP,same_asset,0.0,12.0,1.0,0.0,high,preservation,,False,,,,100000
Parallel PIAP,same_asset,0.0,12.0,1.0,0.0,high,balanced,0.2,True,-985.9875931767822,0.0216,402.51388570951104,100000
Parallel PIAP,same_asset,0.0,12.0,1.0,0.0,high,growth,0.0,True,-1175.82010020594,0.09535,214.37682036299512,100000
Parallel PIAP,same_asset,0.0,12.0,1.0,0.1,low,preservation,,False,,,,100000
Parallel PIAP,same_asset,0.0,12.0,1.0,0.1,low,balanced,,False,,,,100000
Parallel PIAP,same_asset,0.0,12.0,1.0,0.1,low,growth,,False,,,,100000
Parallel PIAP,same_asset,0.0,12.0,1.0,0.1,base,preservation,,False,,,,100000
Parallel PIAP,same_asset,0.0,12.0,1.0,0.1,base,balanced,,False,,,,100000
Parallel PIAP,same_asset,0.0,12.0,1.0,0.1,base,growth,,False,,,,100000
Parallel PIAP,same_asset,0.0,12.0,1.0,0.1,high,preservation,,False,,,,100000
Parallel PIAP,same_asset,0.0,12.0,1.0,0.1,high,balanced,0.2,True,-985.9875931767822,0.0216,364.4026464783959,100000
Parallel PIAP,same_asset,0.0,12.0,1.0,0.1,high,growth,0.0,True,-1175.82010020594,0.09535,176.26558113188,100000
Parallel PIAP,same_asset,0.0,12.0,1.0,0.25,low,preservation,,False,,,,100000
Parallel PIAP,same_asset,0.0,12.0,1.0,0.25,low,balanced,,False,,,,100000
Parallel PIAP,same_asset,0.0,12.0,1.0,0.25,low,growth,,False,,,,100000
Parallel PIAP,same_asset,0.0,12.0,1.0,0.25,base,preservation,,False,,,,100000
Parallel PIAP,same_asset,0.0,12.0,1.0,0.25,base,balanced,,False,,,,100000
Parallel PIAP,same_asset,0.0,12.0,1.0,0.25,base,growth,,False,,,,100000
Parallel PIAP,same_asset,0.0,12.0,1.0,0.25,high,preservation,,False,,,,100000
Parallel PIAP,same_asset,0.0,12.0,1.0,0.25,high,balanced,0.2,True,-985.9875931767822,0.0216,307.2357876317234,100000
Parallel PIAP,same_asset,0.0,12.0,1.0,0.25,high,growth,0.0,True,-1175.82010020594,0.09535,119.09872228520746,100000
Parallel PIAP,same_asset,0.0,12.0,1.0,0.5,low,preservation,,False,,,,100000
Parallel PIAP,same_asset,0.0,12.0,1.0,0.5,low,balanced,,False,,,,100000
Parallel PIAP,same_asset,0.0,12.0,1.0,0.5,low,growth,,False,,,,100000
Parallel PIAP,same_asset,0.0,12.0,1.0,0.5,base,preservation,,False,,,,100000
Parallel PIAP,same_asset,0.0,12.0,1.0,0.5,base,balanced,,False,,,,100000
Parallel PIAP,same_asset,0.0,12.0,1.0,0.5,base,growth,,False,,,,100000
Parallel PIAP,same_asset,0.0,12.0,1.0,0.5,high,preservation,,False,,,,100000
Parallel PIAP,same_asset,0.0,12.0,1.0,0.5,high,balanced,0.2,True,-985.9875931767822,0.0216,211.95768955393575,100000
Parallel PIAP,same_asset,0.0,12.0,1.0,0.5,high,growth,0.0,True,-1175.82010020594,0.09535,23.82062420741983,100000
Parallel PIAP,same_asset,0.0,12.0,1.5,0.0,low,preservation,,False,,,,100000
Parallel PIAP,same_asset,0.0,12.0,1.5,0.0,low,balanced,,False,,,,100000
Parallel PIAP,same_asset,0.0,12.0,1.5,0.0,low,growth,,False,,,,100000
Parallel PIAP,same_asset,0.0,12.0,1.5,0.0,base,preservation,,False,,,,100000
Parallel PIAP,same_asset,0.0,12.0,1.5,0.0,base,balanced,,False,,,,100000
Parallel PIAP,same_asset,0.0,12.0,1.5,0.0,base,growth,,False,,,,100000
Parallel PIAP,same_asset,0.0,12.0,1.5,0.0,high,preservation,,False,,,,100000
Parallel PIAP,same_asset,0.0,12.0,1.5,0.0,high,balanced,0.2,True,-998.8471168185526,0.0216,520.2375225863744,100000
Parallel PIAP,same_asset,0.0,12.0,1.5,0.0,high,growth,0.0,True,-1190.266435314048,0.09535,329.7347224210436,100000
Parallel PIAP,same_asset,0.0,12.0,1.5,0.1,low,preservation,,False,,,,100000
Parallel PIAP,same_asset,0.0,12.0,1.5,0.1,low,balanced,,False,,,,100000
Parallel PIAP,same_asset,0.0,12.0,1.5,0.1,low,growth,,False,,,,100000
Parallel PIAP,same_asset,0.0,12.0,1.5,0.1,base,preservation,,False,,,,100000
Parallel PIAP,same_asset,0.0,12.0,1.5,0.1,base,balanced,,False,,,,100000
Parallel PIAP,same_asset,0.0,12.0,1.5,0.1,base,growth,,False,,,,100000
Parallel PIAP,same_asset,0.0,12.0,1.5,0.1,high,preservation,,False,,,,100000
Parallel PIAP,same_asset,0.0,12.0,1.5,0.1,high,balanced,0.2,True,-998.8471168185526,0.0216,478.22480417249886,100000
Parallel PIAP,same_asset,0.0,12.0,1.5,0.1,high,growth,0.0,True,-1190.266435314048,0.09535,287.72200400716804,100000
Parallel PIAP,same_asset,0.0,12.0,1.5,0.25,low,preservation,,False,,,,100000
Parallel PIAP,same_asset,0.0,12.0,1.5,0.25,low,balanced,,False,,,,100000
Parallel PIAP,same_asset,0.0,12.0,1.5,0.25,low,growth,,False,,,,100000
Parallel PIAP,same_asset,0.0,12.0,1.5,0.25,base,preservation,,False,,,,100000
Parallel PIAP,same_asset,0.0,12.0,1.5,0.25,base,balanced,,False,,,,100000
Parallel PIAP,same_asset,0.0,12.0,1.5,0.25,base,growth,,False,,,,100000
Parallel PIAP,same_asset,0.0,12.0,1.5,0.25,high,preservation,,False,,,,100000
Parallel PIAP,same_asset,0.0,12.0,1.5,0.25,high,balanced,0.2,True,-998.8471168185526,0.0216,415.20572655168564,100000
Parallel PIAP,same_asset,0.0,12.0,1.5,0.25,high,growth,0.0,True,-1190.266435314048,0.09535,224.70292638635482,100000
Parallel PIAP,same_asset,0.0,12.0,1.5,0.5,low,preservation,,False,,,,100000
Parallel PIAP,same_asset,0.0,12.0,1.5,0.5,low,balanced,,False,,,,100000
Parallel PIAP,same_asset,0.0,12.0,1.5,0.5,low,growth,,False,,,,100000
Parallel PIAP,same_asset,0.0,12.0,1.5,0.5,base,preservation,,False,,,,100000
Parallel PIAP,same_asset,0.0,12.0,1.5,0.5,base,balanced,,False,,,,100000
Parallel PIAP,same_asset,0.0,12.0,1.5,0.5,base,growth,,False,,,,100000
Parallel PIAP,same_asset,0.0,12.0,1.5,0.5,high,preservation,,False,,,,100000
Parallel PIAP,same_asset,0.0,12.0,1.5,0.5,high,balanced,0.2,True,-998.8471168185526,0.0216,310.1739305169969,100000
Parallel PIAP,same_asset,0.0,12.0,1.5,0.5,high,growth,0.0,True,-1190.266435314048,0.09535,119.67113035166606,100000
Parallel PIAP,same_asset,0.0,15.0,0.0,0.0,low,preservation,,False,,,,100000
Parallel PIAP,same_asset,0.0,15.0,0.0,0.0,low,balanced,,False,,,,100000
Parallel PIAP,same_asset,0.0,15.0,0.0,0.0,low,growth,,False,,,,100000
Parallel PIAP,same_asset,0.0,15.0,0.0,0.0,base,preservation,,False,,,,100000
Parallel PIAP,same_asset,0.0,15.0,0.0,0.0,base,balanced,,False,,,,100000
Parallel PIAP,same_asset,0.0,15.0,0.0,0.0,base,growth,,False,,,,100000
Parallel PIAP,same_asset,0.0,15.0,0.0,0.0,high,preservation,,False,,,,100000
Parallel PIAP,same_asset,0.0,15.0,0.0,0.0,high,balanced,0.2,True,-961.5022449734774,0.0216,183.6340689483992,100000
Parallel PIAP,same_asset,0.0,15.0,0.0,0.0,high,growth,0.0,True,-1148.2457813904614,0.09533,0.0,100000
Parallel PIAP,same_asset,0.0,15.0,0.0,0.1,low,preservation,,False,,,,100000
Parallel PIAP,same_asset,0.0,15.0,0.0,0.1,low,balanced,,False,,,,100000
Parallel PIAP,same_asset,0.0,15.0,0.0,0.1,low,growth,,False,,,,100000
Parallel PIAP,same_asset,0.0,15.0,0.0,0.1,base,preservation,,False,,,,100000
Parallel PIAP,same_asset,0.0,15.0,0.0,0.1,base,balanced,,False,,,,100000
Parallel PIAP,same_asset,0.0,15.0,0.0,0.1,base,growth,,False,,,,100000
Parallel PIAP,same_asset,0.0,15.0,0.0,0.1,high,preservation,,False,,,,100000
Parallel PIAP,same_asset,0.0,15.0,0.0,0.1,high,balanced,0.2,True,-961.5022449734774,0.0216,135.4719635851962,100000
Parallel PIAP,same_asset,0.0,15.0,0.0,0.1,high,growth,0.1,True,-1070.035845375231,0.05673,43.65492911099659,100000
Parallel PIAP,same_asset,0.0,15.0,0.0,0.25,low,preservation,,False,,,,100000
Parallel PIAP,same_asset,0.0,15.0,0.0,0.25,low,balanced,,False,,,,100000
Parallel PIAP,same_asset,0.0,15.0,0.0,0.25,low,growth,,False,,,,100000
Parallel PIAP,same_asset,0.0,15.0,0.0,0.25,base,preservation,,False,,,,100000
Parallel PIAP,same_asset,0.0,15.0,0.0,0.25,base,balanced,,False,,,,100000
Parallel PIAP,same_asset,0.0,15.0,0.0,0.25,base,growth,,False,,,,100000
Parallel PIAP,same_asset,0.0,15.0,0.0,0.25,high,preservation,,False,,,,100000
Parallel PIAP,same_asset,0.0,15.0,0.0,0.25,high,balanced,0.2,True,-961.5022449734774,0.0216,63.228805540391676,100000
Parallel PIAP,same_asset,0.0,15.0,0.0,0.25,high,growth,0.2,True,-961.5022449734774,0.0216,63.228805540391676,100000
Parallel PIAP,same_asset,0.0,15.0,0.0,0.5,low,preservation,,False,,,,100000
Parallel PIAP,same_asset,0.0,15.0,0.0,0.5,low,balanced,,False,,,,100000
Parallel PIAP,same_asset,0.0,15.0,0.0,0.5,low,growth,,False,,,,100000
Parallel PIAP,same_asset,0.0,15.0,0.0,0.5,base,preservation,,False,,,,100000
Parallel PIAP,same_asset,0.0,15.0,0.0,0.5,base,balanced,,False,,,,100000
Parallel PIAP,same_asset,0.0,15.0,0.0,0.5,base,growth,,False,,,,100000
Parallel PIAP,same_asset,0.0,15.0,0.0,0.5,high,preservation,,False,,,,100000
Parallel PIAP,same_asset,0.0,15.0,0.0,0.5,high,balanced,0.3,True,-852.9686445717239,0.01476,34.64057660658372,100000
Parallel PIAP,same_asset,0.0,15.0,0.0,0.5,high,growth,0.3,True,-852.9686445717239,0.01476,34.64057660658372,100000
Parallel PIAP,same_asset,0.0,15.0,0.5,0.0,low,preservation,,False,,,,100000
Parallel PIAP,same_asset,0.0,15.0,0.5,0.0,low,balanced,,False,,,,100000
Parallel PIAP,same_asset,0.0,15.0,0.5,0.0,low,growth,,False,,,,100000
Parallel PIAP,same_asset,0.0,15.0,0.5,0.0,base,preservation,,False,,,,100000
Parallel PIAP,same_asset,0.0,15.0,0.5,0.0,base,balanced,,False,,,,100000
Parallel PIAP,same_asset,0.0,15.0,0.5,0.0,base,growth,,False,,,,100000
Parallel PIAP,same_asset,0.0,15.0,0.5,0.0,high,preservation,,False,,,,100000
Parallel PIAP,same_asset,0.0,15.0,0.5,0.0,high,balanced,0.2,True,-973.5443608735134,0.0216,290.4007816308153,100000
Parallel PIAP,same_asset,0.0,15.0,0.5,0.0,high,growth,0.0,True,-1161.8183631345016,0.09533,104.55235081844674,100000
Parallel PIAP,same_asset,0.0,15.0,0.5,0.1,low,preservation,,False,,,,100000
Parallel PIAP,same_asset,0.0,15.0,0.5,0.1,low,balanced,,False,,,,100000
Parallel PIAP,same_asset,0.0,15.0,0.5,0.1,low,growth,,False,,,,100000
Parallel PIAP,same_asset,0.0,15.0,0.5,0.1,base,preservation,,False,,,,100000
Parallel PIAP,same_asset,0.0,15.0,0.5,0.1,base,balanced,,False,,,,100000
Parallel PIAP,same_asset,0.0,15.0,0.5,0.1,base,growth,,False,,,,100000
Parallel PIAP,same_asset,0.0,15.0,0.5,0.1,high,preservation,,False,,,,100000
Parallel PIAP,same_asset,0.0,15.0,0.5,0.1,high,balanced,0.2,True,-973.5443608735134,0.0216,238.69187701055736,100000
Parallel PIAP,same_asset,0.0,15.0,0.5,0.1,high,growth,0.0,True,-1161.8183631345016,0.09533,52.84344619818877,100000
Parallel PIAP,same_asset,0.0,15.0,0.5,0.25,low,preservation,,False,,,,100000
Parallel PIAP,same_asset,0.0,15.0,0.5,0.25,low,balanced,,False,,,,100000
Parallel PIAP,same_asset,0.0,15.0,0.5,0.25,low,growth,,False,,,,100000
Parallel PIAP,same_asset,0.0,15.0,0.5,0.25,base,preservation,,False,,,,100000
Parallel PIAP,same_asset,0.0,15.0,0.5,0.25,base,balanced,,False,,,,100000
Parallel PIAP,same_asset,0.0,15.0,0.5,0.25,base,growth,,False,,,,100000
Parallel PIAP,same_asset,0.0,15.0,0.5,0.25,high,preservation,,False,,,,100000
Parallel PIAP,same_asset,0.0,15.0,0.5,0.25,high,balanced,0.2,True,-973.5443608735134,0.0216,161.12852008017038,100000
Parallel PIAP,same_asset,0.0,15.0,0.5,0.25,high,growth,0.1,True,-1078.2944657538667,0.05673,68.20430467398609,100000
Parallel PIAP,same_asset,0.0,15.0,0.5,0.5,low,preservation,,False,,,,100000
Parallel PIAP,same_asset,0.0,15.0,0.5,0.5,low,balanced,,False,,,,100000
Parallel PIAP,same_asset,0.0,15.0,0.5,0.5,low,growth,,False,,,,100000
Parallel PIAP,same_asset,0.0,15.0,0.5,0.5,base,preservation,,False,,,,100000
Parallel PIAP,same_asset,0.0,15.0,0.5,0.5,base,balanced,,False,,,,100000
Parallel PIAP,same_asset,0.0,15.0,0.5,0.5,base,growth,,False,,,,100000
Parallel PIAP,same_asset,0.0,15.0,0.5,0.5,high,preservation,,False,,,,100000
Parallel PIAP,same_asset,0.0,15.0,0.5,0.5,high,balanced,0.2,True,-973.5443608735134,0.0216,31.85625852952545,100000
Parallel PIAP,same_asset,0.0,15.0,0.5,0.5,high,growth,0.2,True,-973.5443608735134,0.0216,31.85625852952545,100000
Parallel PIAP,same_asset,0.0,15.0,1.0,0.0,low,preservation,,False,,,,100000
Parallel PIAP,same_asset,0.0,15.0,1.0,0.0,low,balanced,,False,,,,100000
Parallel PIAP,same_asset,0.0,15.0,1.0,0.0,low,growth,,False,,,,100000
Parallel PIAP,same_asset,0.0,15.0,1.0,0.0,base,preservation,,False,,,,100000
Parallel PIAP,same_asset,0.0,15.0,1.0,0.0,base,balanced,,False,,,,100000
Parallel PIAP,same_asset,0.0,15.0,1.0,0.0,base,growth,,False,,,,100000
Parallel PIAP,same_asset,0.0,15.0,1.0,0.0,high,preservation,,False,,,,100000
Parallel PIAP,same_asset,0.0,15.0,1.0,0.0,high,balanced,0.2,True,-985.9875931767822,0.0216,402.51388570951104,100000
Parallel PIAP,same_asset,0.0,15.0,1.0,0.0,high,growth,0.0,True,-1175.82010020594,0.09533,214.37682036299512,100000
Parallel PIAP,same_asset,0.0,15.0,1.0,0.1,low,preservation,,False,,,,100000
Parallel PIAP,same_asset,0.0,15.0,1.0,0.1,low,balanced,,False,,,,100000
Parallel PIAP,same_asset,0.0,15.0,1.0,0.1,low,growth,,False,,,,100000
Parallel PIAP,same_asset,0.0,15.0,1.0,0.1,base,preservation,,False,,,,100000
Parallel PIAP,same_asset,0.0,15.0,1.0,0.1,base,balanced,,False,,,,100000
Parallel PIAP,same_asset,0.0,15.0,1.0,0.1,base,growth,,False,,,,100000
Parallel PIAP,same_asset,0.0,15.0,1.0,0.1,high,preservation,,False,,,,100000
Parallel PIAP,same_asset,0.0,15.0,1.0,0.1,high,balanced,0.2,True,-985.9875931767822,0.0216,347.0850666457705,100000
Parallel PIAP,same_asset,0.0,15.0,1.0,0.1,high,growth,0.0,True,-1175.82010020594,0.09533,158.94800129925457,100000
Parallel PIAP,same_asset,0.0,15.0,1.0,0.25,low,preservation,,False,,,,100000
Parallel PIAP,same_asset,0.0,15.0,1.0,0.25,low,balanced,,False,,,,100000
Parallel PIAP,same_asset,0.0,15.0,1.0,0.25,low,growth,,False,,,,100000
Parallel PIAP,same_asset,0.0,15.0,1.0,0.25,base,preservation,,False,,,,100000
Parallel PIAP,same_asset,0.0,15.0,1.0,0.25,base,balanced,,False,,,,100000
Parallel PIAP,same_asset,0.0,15.0,1.0,0.25,base,growth,,False,,,,100000
Parallel PIAP,same_asset,0.0,15.0,1.0,0.25,high,preservation,,False,,,,100000
Parallel PIAP,same_asset,0.0,15.0,1.0,0.25,high,balanced,0.2,True,-985.9875931767822,0.0216,263.9418380501597,100000
Parallel PIAP,same_asset,0.0,15.0,1.0,0.25,high,growth,0.0,True,-1175.82010020594,0.09533,75.80477270364375,100000
Parallel PIAP,same_asset,0.0,15.0,1.0,0.5,low,preservation,,False,,,,100000
Parallel PIAP,same_asset,0.0,15.0,1.0,0.5,low,balanced,,False,,,,100000
Parallel PIAP,same_asset,0.0,15.0,1.0,0.5,low,growth,,False,,,,100000
Parallel PIAP,same_asset,0.0,15.0,1.0,0.5,base,preservation,,False,,,,100000
Parallel PIAP,same_asset,0.0,15.0,1.0,0.5,base,balanced,,False,,,,100000
Parallel PIAP,same_asset,0.0,15.0,1.0,0.5,base,growth,,False,,,,100000
Parallel PIAP,same_asset,0.0,15.0,1.0,0.5,high,preservation,,False,,,,100000
Parallel PIAP,same_asset,0.0,15.0,1.0,0.5,high,balanced,0.2,True,-985.9875931767822,0.0216,125.3697903908083,100000
Parallel PIAP,same_asset,0.0,15.0,1.0,0.5,high,growth,0.1,True,-1084.5952474360138,0.05673,31.301257717550357,100000
Parallel PIAP,same_asset,0.0,15.0,1.5,0.0,low,preservation,,False,,,,100000
Parallel PIAP,same_asset,0.0,15.0,1.5,0.0,low,balanced,,False,,,,100000
Parallel PIAP,same_asset,0.0,15.0,1.5,0.0,low,growth,,False,,,,100000
Parallel PIAP,same_asset,0.0,15.0,1.5,0.0,base,preservation,,False,,,,100000
Parallel PIAP,same_asset,0.0,15.0,1.5,0.0,base,balanced,,False,,,,100000
Parallel PIAP,same_asset,0.0,15.0,1.5,0.0,base,growth,,False,,,,100000
Parallel PIAP,same_asset,0.0,15.0,1.5,0.0,high,preservation,,False,,,,100000
Parallel PIAP,same_asset,0.0,15.0,1.5,0.0,high,balanced,0.2,True,-998.8471168185526,0.0216,520.2375225863744,100000
Parallel PIAP,same_asset,0.0,15.0,1.5,0.0,high,growth,0.0,True,-1190.266435314048,0.09533,329.73472242104367,100000
Parallel PIAP,same_asset,0.0,15.0,1.5,0.1,low,preservation,,False,,,,100000
Parallel PIAP,same_asset,0.0,15.0,1.5,0.1,low,balanced,,False,,,,100000
Parallel PIAP,same_asset,0.0,15.0,1.5,0.1,low,growth,,False,,,,100000
Parallel PIAP,same_asset,0.0,15.0,1.5,0.1,base,preservation,,False,,,,100000
Parallel PIAP,same_asset,0.0,15.0,1.5,0.1,base,balanced,,False,,,,100000
Parallel PIAP,same_asset,0.0,15.0,1.5,0.1,base,growth,,False,,,,100000
Parallel PIAP,same_asset,0.0,15.0,1.5,0.1,high,preservation,,False,,,,100000
Parallel PIAP,same_asset,0.0,15.0,1.5,0.1,high,balanced,0.2,True,-998.8471168185526,0.0216,460.90722433987344,100000
Parallel PIAP,same_asset,0.0,15.0,1.5,0.1,high,growth,0.0,True,-1190.266435314048,0.09533,270.4044241745426,100000
Parallel PIAP,same_asset,0.0,15.0,1.5,0.25,low,preservation,,False,,,,100000
Parallel PIAP,same_asset,0.0,15.0,1.5,0.25,low,balanced,,False,,,,100000
Parallel PIAP,same_asset,0.0,15.0,1.5,0.25,low,growth,,False,,,,100000
Parallel PIAP,same_asset,0.0,15.0,1.5,0.25,base,preservation,,False,,,,100000
Parallel PIAP,same_asset,0.0,15.0,1.5,0.25,base,balanced,,False,,,,100000
Parallel PIAP,same_asset,0.0,15.0,1.5,0.25,base,growth,,False,,,,100000
Parallel PIAP,same_asset,0.0,15.0,1.5,0.25,high,preservation,,False,,,,100000
Parallel PIAP,same_asset,0.0,15.0,1.5,0.25,high,balanced,0.2,True,-998.8471168185526,0.0216,371.91177697012193,100000
Parallel PIAP,same_asset,0.0,15.0,1.5,0.25,high,growth,0.0,True,-1190.266435314048,0.09533,181.40897680479117,100000
Parallel PIAP,same_asset,0.0,15.0,1.5,0.5,low,preservation,,False,,,,100000
Parallel PIAP,same_asset,0.0,15.0,1.5,0.5,low,balanced,,False,,,,100000
Parallel PIAP,same_asset,0.0,15.0,1.5,0.5,low,growth,,False,,,,100000
Parallel PIAP,same_asset,0.0,15.0,1.5,0.5,base,preservation,,False,,,,100000
Parallel PIAP,same_asset,0.0,15.0,1.5,0.5,base,balanced,,False,,,,100000
Parallel PIAP,same_asset,0.0,15.0,1.5,0.5,base,growth,,False,,,,100000
Parallel PIAP,same_asset,0.0,15.0,1.5,0.5,high,preservation,,False,,,,100000
Parallel PIAP,same_asset,0.0,15.0,1.5,0.5,high,balanced,0.2,True,-998.8471168185526,0.0216,223.5860313538695,100000
Parallel PIAP,same_asset,0.0,15.0,1.5,0.5,high,growth,0.0,True,-1190.266435314048,0.09533,33.08323118853864,100000
Parallel PIAP,same_asset,0.0,18.0,0.0,0.0,low,preservation,,False,,,,100000
Parallel PIAP,same_asset,0.0,18.0,0.0,0.0,low,balanced,,False,,,,100000
Parallel PIAP,same_asset,0.0,18.0,0.0,0.0,low,growth,,False,,,,100000
Parallel PIAP,same_asset,0.0,18.0,0.0,0.0,base,preservation,,False,,,,100000
Parallel PIAP,same_asset,0.0,18.0,0.0,0.0,base,balanced,,False,,,,100000
Parallel PIAP,same_asset,0.0,18.0,0.0,0.0,base,growth,,False,,,,100000
Parallel PIAP,same_asset,0.0,18.0,0.0,0.0,high,preservation,,False,,,,100000
Parallel PIAP,same_asset,0.0,18.0,0.0,0.0,high,balanced,0.2,True,-961.5022449734774,0.0216,183.6340689483992,100000
Parallel PIAP,same_asset,0.0,18.0,0.0,0.0,high,growth,0.0,True,-1148.2457813904614,0.09533,0.0,100000
Parallel PIAP,same_asset,0.0,18.0,0.0,0.1,low,preservation,,False,,,,100000
Parallel PIAP,same_asset,0.0,18.0,0.0,0.1,low,balanced,,False,,,,100000
Parallel PIAP,same_asset,0.0,18.0,0.0,0.1,low,growth,,False,,,,100000
Parallel PIAP,same_asset,0.0,18.0,0.0,0.1,base,preservation,,False,,,,100000
Parallel PIAP,same_asset,0.0,18.0,0.0,0.1,base,balanced,,False,,,,100000
Parallel PIAP,same_asset,0.0,18.0,0.0,0.1,base,growth,,False,,,,100000
Parallel PIAP,same_asset,0.0,18.0,0.0,0.1,high,preservation,,False,,,,100000
Parallel PIAP,same_asset,0.0,18.0,0.0,0.1,high,balanced,0.2,True,-961.5022449734774,0.0216,122.46100954114998,100000
Parallel PIAP,same_asset,0.0,18.0,0.0,0.1,high,growth,0.1,True,-1070.035845375231,0.05673,30.643975066950365,100000
Parallel PIAP,same_asset,0.0,18.0,0.0,0.25,low,preservation,,False,,,,100000
Parallel PIAP,same_asset,0.0,18.0,0.0,0.25,low,balanced,,False,,,,100000
Parallel PIAP,same_asset,0.0,18.0,0.0,0.25,low,growth,,False,,,,100000
Parallel PIAP,same_asset,0.0,18.0,0.0,0.25,base,preservation,,False,,,,100000
Parallel PIAP,same_asset,0.0,18.0,0.0,0.25,base,balanced,,False,,,,100000
Parallel PIAP,same_asset,0.0,18.0,0.0,0.25,base,growth,,False,,,,100000
Parallel PIAP,same_asset,0.0,18.0,0.0,0.25,high,preservation,,False,,,,100000
Parallel PIAP,same_asset,0.0,18.0,0.0,0.25,high,balanced,0.2,True,-961.5022449734774,0.0216,30.70142043027619,100000
Parallel PIAP,same_asset,0.0,18.0,0.0,0.25,high,growth,0.2,True,-961.5022449734774,0.0216,30.70142043027619,100000
Parallel PIAP,same_asset,0.0,18.0,0.0,0.5,low,preservation,,False,,,,100000
Parallel PIAP,same_asset,0.0,18.0,0.0,0.5,low,balanced,,False,,,,100000
Parallel PIAP,same_asset,0.0,18.0,0.0,0.5,low,growth,,False,,,,100000
Parallel PIAP,same_asset,0.0,18.0,0.0,0.5,base,preservation,,False,,,,100000
Parallel PIAP,same_asset,0.0,18.0,0.0,0.5,base,balanced,,False,,,,100000
Parallel PIAP,same_asset,0.0,18.0,0.0,0.5,base,growth,,False,,,,100000
Parallel PIAP,same_asset,0.0,18.0,0.0,0.5,high,preservation,,False,,,,100000
Parallel PIAP,same_asset,0.0,18.0,0.0,0.5,high,balanced,,False,,,,100000
Parallel PIAP,same_asset,0.0,18.0,0.0,0.5,high,growth,,False,,,,100000
Parallel PIAP,same_asset,0.0,18.0,0.5,0.0,low,preservation,,False,,,,100000
Parallel PIAP,same_asset,0.0,18.0,0.5,0.0,low,balanced,,False,,,,100000
Parallel PIAP,same_asset,0.0,18.0,0.5,0.0,low,growth,,False,,,,100000
Parallel PIAP,same_asset,0.0,18.0,0.5,0.0,base,preservation,,False,,,,100000
Parallel PIAP,same_asset,0.0,18.0,0.5,0.0,base,balanced,,False,,,,100000
Parallel PIAP,same_asset,0.0,18.0,0.5,0.0,base,growth,,False,,,,100000
Parallel PIAP,same_asset,0.0,18.0,0.5,0.0,high,preservation,,False,,,,100000
Parallel PIAP,same_asset,0.0,18.0,0.5,0.0,high,balanced,0.2,True,-973.5443608735134,0.0216,290.4007816308153,100000
Parallel PIAP,same_asset,0.0,18.0,0.5,0.0,high,growth,0.0,True,-1161.8183631345016,0.09533,104.55235081844671,100000
Parallel PIAP,same_asset,0.0,18.0,0.5,0.1,low,preservation,,False,,,,100000
Parallel PIAP,same_asset,0.0,18.0,0.5,0.1,low,balanced,,False,,,,100000
Parallel PIAP,same_asset,0.0,18.0,0.5,0.1,low,growth,,False,,,,100000
Parallel PIAP,same_asset,0.0,18.0,0.5,0.1,base,preservation,,False,,,,100000
Parallel PIAP,same_asset,0.0,18.0,0.5,0.1,base,balanced,,False,,,,100000
Parallel PIAP,same_asset,0.0,18.0,0.5,0.1,base,growth,,False,,,,100000
Parallel PIAP,same_asset,0.0,18.0,0.5,0.1,high,preservation,,False,,,,100000
Parallel PIAP,same_asset,0.0,18.0,0.5,0.1,high,balanced,0.2,True,-973.5443608735134,0.0216,225.6809229665111,100000
Parallel PIAP,same_asset,0.0,18.0,0.5,0.1,high,growth,0.0,True,-1161.8183631345016,0.09533,39.83249215414252,100000
Parallel PIAP,same_asset,0.0,18.0,0.5,0.25,low,preservation,,False,,,,100000
Parallel PIAP,same_asset,0.0,18.0,0.5,0.25,low,balanced,,False,,,,100000
Parallel PIAP,same_asset,0.0,18.0,0.5,0.25,low,growth,,False,,,,100000
Parallel PIAP,same_asset,0.0,18.0,0.5,0.25,base,preservation,,False,,,,100000
Parallel PIAP,same_asset,0.0,18.0,0.5,0.25,base,balanced,,False,,,,100000
Parallel PIAP,same_asset,0.0,18.0,0.5,0.25,base,growth,,False,,,,100000
Parallel PIAP,same_asset,0.0,18.0,0.5,0.25,high,preservation,,False,,,,100000
Parallel PIAP,same_asset,0.0,18.0,0.5,0.25,high,balanced,0.2,True,-973.5443608735134,0.0216,128.60113497005491,100000
Parallel PIAP,same_asset,0.0,18.0,0.5,0.25,high,growth,0.1,True,-1078.2944657538667,0.05673,35.67691956387059,100000
Parallel PIAP,same_asset,0.0,18.0,0.5,0.5,low,preservation,,False,,,,100000
Parallel PIAP,same_asset,0.0,18.0,0.5,0.5,low,balanced,,False,,,,100000
Parallel PIAP,same_asset,0.0,18.0,0.5,0.5,low,growth,,False,,,,100000
Parallel PIAP,same_asset,0.0,18.0,0.5,0.5,base,preservation,,False,,,,100000
Parallel PIAP,same_asset,0.0,18.0,0.5,0.5,base,balanced,,False,,,,100000
Parallel PIAP,same_asset,0.0,18.0,0.5,0.5,base,growth,,False,,,,100000
Parallel PIAP,same_asset,0.0,18.0,0.5,0.5,high,preservation,,False,,,,100000
Parallel PIAP,same_asset,0.0,18.0,0.5,0.5,high,balanced,0.3,True,-863.5054959842553,0.01476,59.72570371547876,100000
Parallel PIAP,same_asset,0.0,18.0,0.5,0.5,high,growth,0.3,True,-863.5054959842553,0.01476,59.72570371547876,100000
Parallel PIAP,same_asset,0.0,18.0,1.0,0.0,low,preservation,,False,,,,100000
Parallel PIAP,same_asset,0.0,18.0,1.0,0.0,low,balanced,,False,,,,100000
Parallel PIAP,same_asset,0.0,18.0,1.0,0.0,low,growth,,False,,,,100000
Parallel PIAP,same_asset,0.0,18.0,1.0,0.0,base,preservation,,False,,,,100000
Parallel PIAP,same_asset,0.0,18.0,1.0,0.0,base,balanced,,False,,,,100000
Parallel PIAP,same_asset,0.0,18.0,1.0,0.0,base,growth,,False,,,,100000
Parallel PIAP,same_asset,0.0,18.0,1.0,0.0,high,preservation,,False,,,,100000
Parallel PIAP,same_asset,0.0,18.0,1.0,0.0,high,balanced,0.2,True,-985.9875931767822,0.0216,402.513885709511,100000
Parallel PIAP,same_asset,0.0,18.0,1.0,0.0,high,growth,0.0,True,-1175.82010020594,0.09533,214.37682036299512,100000
Parallel PIAP,same_asset,0.0,18.0,1.0,0.1,low,preservation,,False,,,,100000
Parallel PIAP,same_asset,0.0,18.0,1.0,0.1,low,balanced,,False,,,,100000
Parallel PIAP,same_asset,0.0,18.0,1.0,0.1,low,growth,,False,,,,100000
Parallel PIAP,same_asset,0.0,18.0,1.0,0.1,base,preservation,,False,,,,100000
Parallel PIAP,same_asset,0.0,18.0,1.0,0.1,base,balanced,,False,,,,100000
Parallel PIAP,same_asset,0.0,18.0,1.0,0.1,base,growth,,False,,,,100000
Parallel PIAP,same_asset,0.0,18.0,1.0,0.1,high,preservation,,False,,,,100000
Parallel PIAP,same_asset,0.0,18.0,1.0,0.1,high,balanced,0.2,True,-985.9875931767822,0.0216,334.0741126017242,100000
Parallel PIAP,same_asset,0.0,18.0,1.0,0.1,high,growth,0.0,True,-1175.82010020594,0.09533,145.9370472552083,100000
Parallel PIAP,same_asset,0.0,18.0,1.0,0.25,low,preservation,,False,,,,100000
Parallel PIAP,same_asset,0.0,18.0,1.0,0.25,low,balanced,,False,,,,100000
Parallel PIAP,same_asset,0.0,18.0,1.0,0.25,low,growth,,False,,,,100000
Parallel PIAP,same_asset,0.0,18.0,1.0,0.25,base,preservation,,False,,,,100000
Parallel PIAP,same_asset,0.0,18.0,1.0,0.25,base,balanced,,False,,,,100000
Parallel PIAP,same_asset,0.0,18.0,1.0,0.25,base,growth,,False,,,,100000
Parallel PIAP,same_asset,0.0,18.0,1.0,0.25,high,preservation,,False,,,,100000
Parallel PIAP,same_asset,0.0,18.0,1.0,0.25,high,balanced,0.2,True,-985.9875931767822,0.0216,231.4144529400441,100000
Parallel PIAP,same_asset,0.0,18.0,1.0,0.25,high,growth,0.0,True,-1175.82010020594,0.09533,43.277387593528246,100000
Parallel PIAP,same_asset,0.0,18.0,1.0,0.5,low,preservation,,False,,,,100000
Parallel PIAP,same_asset,0.0,18.0,1.0,0.5,low,balanced,,False,,,,100000
Parallel PIAP,same_asset,0.0,18.0,1.0,0.5,low,growth,,False,,,,100000
Parallel PIAP,same_asset,0.0,18.0,1.0,0.5,base,preservation,,False,,,,100000
Parallel PIAP,same_asset,0.0,18.0,1.0,0.5,base,balanced,,False,,,,100000
Parallel PIAP,same_asset,0.0,18.0,1.0,0.5,base,growth,,False,,,,100000
Parallel PIAP,same_asset,0.0,18.0,1.0,0.5,high,preservation,,False,,,,100000
Parallel PIAP,same_asset,0.0,18.0,1.0,0.5,high,balanced,0.2,True,-985.9875931767822,0.0216,60.31502017057732,100000
Parallel PIAP,same_asset,0.0,18.0,1.0,0.5,high,growth,0.2,True,-985.9875931767822,0.0216,60.31502017057732,100000
Parallel PIAP,same_asset,0.0,18.0,1.5,0.0,low,preservation,,False,,,,100000
Parallel PIAP,same_asset,0.0,18.0,1.5,0.0,low,balanced,,False,,,,100000
Parallel PIAP,same_asset,0.0,18.0,1.5,0.0,low,growth,,False,,,,100000
Parallel PIAP,same_asset,0.0,18.0,1.5,0.0,base,preservation,,False,,,,100000
Parallel PIAP,same_asset,0.0,18.0,1.5,0.0,base,balanced,,False,,,,100000
Parallel PIAP,same_asset,0.0,18.0,1.5,0.0,base,growth,,False,,,,100000
Parallel PIAP,same_asset,0.0,18.0,1.5,0.0,high,preservation,,False,,,,100000
Parallel PIAP,same_asset,0.0,18.0,1.5,0.0,high,balanced,0.2,True,-998.8471168185526,0.0216,520.2375225863744,100000
Parallel PIAP,same_asset,0.0,18.0,1.5,0.0,high,growth,0.0,True,-1190.266435314048,0.09533,329.7347224210436,100000
Parallel PIAP,same_asset,0.0,18.0,1.5,0.1,low,preservation,,False,,,,100000
Parallel PIAP,same_asset,0.0,18.0,1.5,0.1,low,balanced,,False,,,,100000
Parallel PIAP,same_asset,0.0,18.0,1.5,0.1,low,growth,,False,,,,100000
Parallel PIAP,same_asset,0.0,18.0,1.5,0.1,base,preservation,,False,,,,100000
Parallel PIAP,same_asset,0.0,18.0,1.5,0.1,base,balanced,,False,,,,100000
Parallel PIAP,same_asset,0.0,18.0,1.5,0.1,base,growth,,False,,,,100000
Parallel PIAP,same_asset,0.0,18.0,1.5,0.1,high,preservation,,False,,,,100000
Parallel PIAP,same_asset,0.0,18.0,1.5,0.1,high,balanced,0.2,True,-998.8471168185526,0.0216,447.89627029582726,100000
Parallel PIAP,same_asset,0.0,18.0,1.5,0.1,high,growth,0.0,True,-1190.266435314048,0.09533,257.3934701304963,100000
Parallel PIAP,same_asset,0.0,18.0,1.5,0.25,low,preservation,,False,,,,100000
Parallel PIAP,same_asset,0.0,18.0,1.5,0.25,low,balanced,,False,,,,100000
Parallel PIAP,same_asset,0.0,18.0,1.5,0.25,low,growth,,False,,,,100000
Parallel PIAP,same_asset,0.0,18.0,1.5,0.25,base,preservation,,False,,,,100000
Parallel PIAP,same_asset,0.0,18.0,1.5,0.25,base,balanced,,False,,,,100000
Parallel PIAP,same_asset,0.0,18.0,1.5,0.25,base,growth,,False,,,,100000
Parallel PIAP,same_asset,0.0,18.0,1.5,0.25,high,preservation,,False,,,,100000
Parallel PIAP,same_asset,0.0,18.0,1.5,0.25,high,balanced,0.2,True,-998.8471168185526,0.0216,339.3843918600065,100000
Parallel PIAP,same_asset,0.0,18.0,1.5,0.25,high,growth,0.0,True,-1190.266435314048,0.09533,148.8815916946756,100000
Parallel PIAP,same_asset,0.0,18.0,1.5,0.5,low,preservation,,False,,,,100000
Parallel PIAP,same_asset,0.0,18.0,1.5,0.5,low,balanced,,False,,,,100000
Parallel PIAP,same_asset,0.0,18.0,1.5,0.5,low,growth,,False,,,,100000
Parallel PIAP,same_asset,0.0,18.0,1.5,0.5,base,preservation,,False,,,,100000
Parallel PIAP,same_asset,0.0,18.0,1.5,0.5,base,balanced,,False,,,,100000
Parallel PIAP,same_asset,0.0,18.0,1.5,0.5,base,growth,,False,,,,100000
Parallel PIAP,same_asset,0.0,18.0,1.5,0.5,high,preservation,,False,,,,100000
Parallel PIAP,same_asset,0.0,18.0,1.5,0.5,high,balanced,0.2,True,-998.8471168185526,0.0216,158.53126113363848,100000
Parallel PIAP,same_asset,0.0,18.0,1.5,0.5,high,growth,0.1,True,-1091.0960982346623,0.05673,63.27986105097301,100000
Parallel PIAP,same_asset,0.2,12.0,0.0,0.0,low,preservation,,False,,,,100000
Parallel PIAP,same_asset,0.2,12.0,0.0,0.0,low,balanced,,False,,,,100000
Parallel PIAP,same_asset,0.2,12.0,0.0,0.0,low,growth,,False,,,,100000
Parallel PIAP,same_asset,0.2,12.0,0.0,0.0,base,preservation,,False,,,,100000
Parallel PIAP,same_asset,0.2,12.0,0.0,0.0,base,balanced,,False,,,,100000
Parallel PIAP,same_asset,0.2,12.0,0.0,0.0,base,growth,,False,,,,100000
Parallel PIAP,same_asset,0.2,12.0,0.0,0.0,high,preservation,,False,,,,100000
Parallel PIAP,same_asset,0.2,12.0,0.0,0.0,high,balanced,0.2,True,-996.1278265476358,0.03329,180.813632597983,100000
Parallel PIAP,same_asset,0.2,12.0,0.0,0.0,high,growth,0.1,True,-1072.1868039690485,0.06044,89.13439031029161,100000
Parallel PIAP,same_asset,0.2,12.0,0.0,0.1,low,preservation,,False,,,,100000
Parallel PIAP,same_asset,0.2,12.0,0.0,0.1,low,balanced,,False,,,,100000
Parallel PIAP,same_asset,0.2,12.0,0.0,0.1,low,growth,,False,,,,100000
Parallel PIAP,same_asset,0.2,12.0,0.0,0.1,base,preservation,,False,,,,100000
Parallel PIAP,same_asset,0.2,12.0,0.0,0.1,base,balanced,,False,,,,100000
Parallel PIAP,same_asset,0.2,12.0,0.0,0.1,base,growth,,False,,,,100000
Parallel PIAP,same_asset,0.2,12.0,0.0,0.1,high,preservation,,False,,,,100000
Parallel PIAP,same_asset,0.2,12.0,0.0,0.1,high,balanced,0.2,True,-996.1278265476358,0.03329,143.18379182697862,100000
Parallel PIAP,same_asset,0.2,12.0,0.0,0.1,high,growth,0.1,True,-1072.1868039690485,0.06044,51.50454953928727,100000
Parallel PIAP,same_asset,0.2,12.0,0.0,0.25,low,preservation,,False,,,,100000
Parallel PIAP,same_asset,0.2,12.0,0.0,0.25,low,balanced,,False,,,,100000
Parallel PIAP,same_asset,0.2,12.0,0.0,0.25,low,growth,,False,,,,100000
Parallel PIAP,same_asset,0.2,12.0,0.0,0.25,base,preservation,,False,,,,100000
Parallel PIAP,same_asset,0.2,12.0,0.0,0.25,base,balanced,,False,,,,100000
Parallel PIAP,same_asset,0.2,12.0,0.0,0.25,base,growth,,False,,,,100000
Parallel PIAP,same_asset,0.2,12.0,0.0,0.25,high,preservation,,False,,,,100000
Parallel PIAP,same_asset,0.2,12.0,0.0,0.25,high,balanced,0.2,True,-996.1278265476358,0.03329,86.73903067047209,100000
Parallel PIAP,same_asset,0.2,12.0,0.0,0.25,high,growth,0.2,True,-996.1278265476358,0.03329,86.73903067047209,100000
Parallel PIAP,same_asset,0.2,12.0,0.0,0.5,low,preservation,,False,,,,100000
Parallel PIAP,same_asset,0.2,12.0,0.0,0.5,low,balanced,,False,,,,100000
Parallel PIAP,same_asset,0.2,12.0,0.0,0.5,low,growth,,False,,,,100000
Parallel PIAP,same_asset,0.2,12.0,0.0,0.5,base,preservation,,False,,,,100000
Parallel PIAP,same_asset,0.2,12.0,0.0,0.5,base,balanced,,False,,,,100000
Parallel PIAP,same_asset,0.2,12.0,0.0,0.5,base,growth,,False,,,,100000
Parallel PIAP,same_asset,0.2,12.0,0.0,0.5,high,preservation,,False,,,,100000
Parallel PIAP,same_asset,0.2,12.0,0.0,0.5,high,balanced,0.3,True,-920.068849126223,0.02413,84.34367103065249,100000
Parallel PIAP,same_asset,0.2,12.0,0.0,0.5,high,growth,0.3,True,-920.068849126223,0.02413,84.34367103065249,100000
Parallel PIAP,same_asset,0.2,12.0,0.5,0.0,low,preservation,,False,,,,100000
Parallel PIAP,same_asset,0.2,12.0,0.5,0.0,low,balanced,,False,,,,100000
Parallel PIAP,same_asset,0.2,12.0,0.5,0.0,low,growth,,False,,,,100000
Parallel PIAP,same_asset,0.2,12.0,0.5,0.0,base,preservation,,False,,,,100000
Parallel PIAP,same_asset,0.2,12.0,0.5,0.0,base,balanced,,False,,,,100000
Parallel PIAP,same_asset,0.2,12.0,0.5,0.0,base,growth,,False,,,,100000
Parallel PIAP,same_asset,0.2,12.0,0.5,0.0,high,preservation,,False,,,,100000
Parallel PIAP,same_asset,0.2,12.0,0.5,0.0,high,balanced,0.3,True,-924.819252736637,0.02413,379.790031642226,100000
Parallel PIAP,same_asset,0.2,12.0,0.5,0.0,high,growth,0.0,True,-1161.8183631345016,0.09371,101.44131414907926,100000
Parallel PIAP,same_asset,0.2,12.0,0.5,0.1,low,preservation,,False,,,,100000
Parallel PIAP,same_asset,0.2,12.0,0.5,0.1,low,balanced,,False,,,,100000
Parallel PIAP,same_asset,0.2,12.0,0.5,0.1,low,growth,,False,,,,100000
Parallel PIAP,same_asset,0.2,12.0,0.5,0.1,base,preservation,,False,,,,100000
Parallel PIAP,same_asset,0.2,12.0,0.5,0.1,base,balanced,,False,,,,100000
Parallel PIAP,same_asset,0.2,12.0,0.5,0.1,base,growth,,False,,,,100000
Parallel PIAP,same_asset,0.2,12.0,0.5,0.1,high,preservation,,False,,,,100000
Parallel PIAP,same_asset,0.2,12.0,0.5,0.1,high,balanced,0.3,True,-924.819252736637,0.02413,337.7009727923822,100000
Parallel PIAP,same_asset,0.2,12.0,0.5,0.1,high,growth,0.0,True,-1161.8183631345016,0.09371,59.3522552992354,100000
Parallel PIAP,same_asset,0.2,12.0,0.5,0.25,low,preservation,,False,,,,100000
Parallel PIAP,same_asset,0.2,12.0,0.5,0.25,low,balanced,,False,,,,100000
Parallel PIAP,same_asset,0.2,12.0,0.5,0.25,low,growth,,False,,,,100000
Parallel PIAP,same_asset,0.2,12.0,0.5,0.25,base,preservation,,False,,,,100000
Parallel PIAP,same_asset,0.2,12.0,0.5,0.25,base,balanced,,False,,,,100000
Parallel PIAP,same_asset,0.2,12.0,0.5,0.25,base,growth,,False,,,,100000
Parallel PIAP,same_asset,0.2,12.0,0.5,0.25,high,preservation,,False,,,,100000
Parallel PIAP,same_asset,0.2,12.0,0.5,0.25,high,balanced,0.3,True,-924.819252736637,0.02413,274.56738451761635,100000
Parallel PIAP,same_asset,0.2,12.0,0.5,0.25,high,growth,0.1,True,-1078.2944657538667,0.06044,89.00157285551853,100000
Parallel PIAP,same_asset,0.2,12.0,0.5,0.5,low,preservation,,False,,,,100000
Parallel PIAP,same_asset,0.2,12.0,0.5,0.5,low,balanced,,False,,,,100000
Parallel PIAP,same_asset,0.2,12.0,0.5,0.5,low,growth,,False,,,,100000
Parallel PIAP,same_asset,0.2,12.0,0.5,0.5,base,preservation,,False,,,,100000
Parallel PIAP,same_asset,0.2,12.0,0.5,0.5,base,balanced,,False,,,,100000
Parallel PIAP,same_asset,0.2,12.0,0.5,0.5,base,growth,,False,,,,100000
Parallel PIAP,same_asset,0.2,12.0,0.5,0.5,high,preservation,,False,,,,100000
Parallel PIAP,same_asset,0.2,12.0,0.5,0.5,high,balanced,0.3,True,-924.819252736637,0.02413,169.3447373930067,100000
Parallel PIAP,same_asset,0.2,12.0,0.5,0.5,high,growth,0.2,True,-1001.5568592452519,0.03329,76.56183156195786,100000
Parallel PIAP,same_asset,0.2,12.0,1.0,0.0,low,preservation,,False,,,,100000
Parallel PIAP,same_asset,0.2,12.0,1.0,0.0,low,balanced,,False,,,,100000
Parallel PIAP,same_asset,0.2,12.0,1.0,0.0,low,growth,,False,,,,100000
Parallel PIAP,same_asset,0.2,12.0,1.0,0.0,base,preservation,,False,,,,100000
Parallel PIAP,same_asset,0.2,12.0,1.0,0.0,base,balanced,,False,,,,100000
Parallel PIAP,same_asset,0.2,12.0,1.0,0.0,base,growth,,False,,,,100000
Parallel PIAP,same_asset,0.2,12.0,1.0,0.0,high,preservation,,False,,,,100000
Parallel PIAP,same_asset,0.2,12.0,1.0,0.0,high,balanced,0.3,True,-929.7198607116404,0.02413,492.4422208577678,100000
Parallel PIAP,same_asset,0.2,12.0,1.0,0.0,high,growth,0.0,True,-1175.82010020594,0.09371,210.67147073520817,100000
Parallel PIAP,same_asset,0.2,12.0,1.0,0.1,low,preservation,,False,,,,100000
Parallel PIAP,same_asset,0.2,12.0,1.0,0.1,low,balanced,,False,,,,100000
Parallel PIAP,same_asset,0.2,12.0,1.0,0.1,low,growth,,False,,,,100000
Parallel PIAP,same_asset,0.2,12.0,1.0,0.1,base,preservation,,False,,,,100000
Parallel PIAP,same_asset,0.2,12.0,1.0,0.1,base,balanced,,False,,,,100000
Parallel PIAP,same_asset,0.2,12.0,1.0,0.1,base,growth,,False,,,,100000
Parallel PIAP,same_asset,0.2,12.0,1.0,0.1,high,preservation,,False,,,,100000
Parallel PIAP,same_asset,0.2,12.0,1.0,0.1,high,balanced,0.3,True,-929.7198607116404,0.02413,445.6762946309167,100000
Parallel PIAP,same_asset,0.2,12.0,1.0,0.1,high,growth,0.0,True,-1175.82010020594,0.09371,163.90554450835714,100000
Parallel PIAP,same_asset,0.2,12.0,1.0,0.25,low,preservation,,False,,,,100000
Parallel PIAP,same_asset,0.2,12.0,1.0,0.25,low,balanced,,False,,,,100000
Parallel PIAP,same_asset,0.2,12.0,1.0,0.25,low,growth,,False,,,,100000
Parallel PIAP,same_asset,0.2,12.0,1.0,0.25,base,preservation,,False,,,,100000
Parallel PIAP,same_asset,0.2,12.0,1.0,0.25,base,balanced,,False,,,,100000
Parallel PIAP,same_asset,0.2,12.0,1.0,0.25,base,growth,,False,,,,100000
Parallel PIAP,same_asset,0.2,12.0,1.0,0.25,high,preservation,,False,,,,100000
Parallel PIAP,same_asset,0.2,12.0,1.0,0.25,high,balanced,0.3,True,-929.7198607116404,0.02413,375.52740529064016,100000
Parallel PIAP,same_asset,0.2,12.0,1.0,0.25,high,growth,0.0,True,-1175.82010020594,0.09371,93.75665516808063,100000
Parallel PIAP,same_asset,0.2,12.0,1.0,0.5,low,preservation,,False,,,,100000
Parallel PIAP,same_asset,0.2,12.0,1.0,0.5,low,balanced,,False,,,,100000
Parallel PIAP,same_asset,0.2,12.0,1.0,0.5,low,growth,,False,,,,100000
Parallel PIAP,same_asset,0.2,12.0,1.0,0.5,base,preservation,,False,,,,100000
Parallel PIAP,same_asset,0.2,12.0,1.0,0.5,base,balanced,,False,,,,100000
Parallel PIAP,same_asset,0.2,12.0,1.0,0.5,base,growth,,False,,,,100000
Parallel PIAP,same_asset,0.2,12.0,1.0,0.5,high,preservation,,False,,,,100000
Parallel PIAP,same_asset,0.2,12.0,1.0,0.5,high,balanced,0.3,True,-929.7198607116404,0.02413,258.6125897235126,100000
Parallel PIAP,same_asset,0.2,12.0,1.0,0.5,high,growth,0.1,True,-1084.5952474360138,0.06044,70.7654229751396,100000
Parallel PIAP,same_asset,0.2,12.0,1.5,0.0,low,preservation,,False,,,,100000
Parallel PIAP,same_asset,0.2,12.0,1.5,0.0,low,balanced,,False,,,,100000
Parallel PIAP,same_asset,0.2,12.0,1.5,0.0,low,growth,,False,,,,100000
Parallel PIAP,same_asset,0.2,12.0,1.5,0.0,base,preservation,,False,,,,100000
Parallel PIAP,same_asset,0.2,12.0,1.5,0.0,base,balanced,,False,,,,100000
Parallel PIAP,same_asset,0.2,12.0,1.5,0.0,base,growth,,False,,,,100000
Parallel PIAP,same_asset,0.2,12.0,1.5,0.0,high,preservation,,False,,,,100000
Parallel PIAP,same_asset,0.2,12.0,1.5,0.0,high,balanced,0.3,True,-934.7760779994783,0.02413,610.7135987715329,100000
Parallel PIAP,same_asset,0.2,12.0,1.5,0.0,high,growth,0.0,True,-1190.266435314048,0.09371,325.40554701941824,100000
Parallel PIAP,same_asset,0.2,12.0,1.5,0.1,low,preservation,,False,,,,100000
Parallel PIAP,same_asset,0.2,12.0,1.5,0.1,low,balanced,,False,,,,100000
Parallel PIAP,same_asset,0.2,12.0,1.5,0.1,low,growth,,False,,,,100000
Parallel PIAP,same_asset,0.2,12.0,1.5,0.1,base,preservation,,False,,,,100000
Parallel PIAP,same_asset,0.2,12.0,1.5,0.1,base,balanced,,False,,,,100000
Parallel PIAP,same_asset,0.2,12.0,1.5,0.1,base,growth,,False,,,,100000
Parallel PIAP,same_asset,0.2,12.0,1.5,0.1,high,preservation,,False,,,,100000
Parallel PIAP,same_asset,0.2,12.0,1.5,0.1,high,balanced,0.3,True,-934.7760779994783,0.02413,559.0425326579584,100000
Parallel PIAP,same_asset,0.2,12.0,1.5,0.1,high,growth,0.0,True,-1190.266435314048,0.09371,273.73448090584384,100000
Parallel PIAP,same_asset,0.2,12.0,1.5,0.25,low,preservation,,False,,,,100000
Parallel PIAP,same_asset,0.2,12.0,1.5,0.25,low,balanced,,False,,,,100000
Parallel PIAP,same_asset,0.2,12.0,1.5,0.25,low,growth,,False,,,,100000
Parallel PIAP,same_asset,0.2,12.0,1.5,0.25,base,preservation,,False,,,,100000
Parallel PIAP,same_asset,0.2,12.0,1.5,0.25,base,balanced,,False,,,,100000
Parallel PIAP,same_asset,0.2,12.0,1.5,0.25,base,growth,,False,,,,100000
Parallel PIAP,same_asset,0.2,12.0,1.5,0.25,high,preservation,,False,,,,100000
Parallel PIAP,same_asset,0.2,12.0,1.5,0.25,high,balanced,0.3,True,-934.7760779994783,0.02413,481.5359334875967,100000
Parallel PIAP,same_asset,0.2,12.0,1.5,0.25,high,growth,0.0,True,-1190.266435314048,0.09371,196.22788173548213,100000
Parallel PIAP,same_asset,0.2,12.0,1.5,0.5,low,preservation,,False,,,,100000
Parallel PIAP,same_asset,0.2,12.0,1.5,0.5,low,balanced,,False,,,,100000
Parallel PIAP,same_asset,0.2,12.0,1.5,0.5,low,growth,,False,,,,100000
Parallel PIAP,same_asset,0.2,12.0,1.5,0.5,base,preservation,,False,,,,100000
Parallel PIAP,same_asset,0.2,12.0,1.5,0.5,base,balanced,,False,,,,100000
Parallel PIAP,same_asset,0.2,12.0,1.5,0.5,base,growth,,False,,,,100000
Parallel PIAP,same_asset,0.2,12.0,1.5,0.5,high,preservation,,False,,,,100000
Parallel PIAP,same_asset,0.2,12.0,1.5,0.5,high,balanced,0.3,True,-934.7760779994783,0.02413,352.35826820366054,100000
Parallel PIAP,same_asset,0.2,12.0,1.5,0.5,high,growth,0.0,True,-1190.266435314048,0.09371,67.05021645154599,100000
Parallel PIAP,same_asset,0.2,15.0,0.0,0.0,low,preservation,,False,,,,100000
Parallel PIAP,same_asset,0.2,15.0,0.0,0.0,low,balanced,,False,,,,100000
Parallel PIAP,same_asset,0.2,15.0,0.0,0.0,low,growth,,False,,,,100000
Parallel PIAP,same_asset,0.2,15.0,0.0,0.0,base,preservation,,False,,,,100000
Parallel PIAP,same_asset,0.2,15.0,0.0,0.0,base,balanced,,False,,,,100000
Parallel PIAP,same_asset,0.2,15.0,0.0,0.0,base,growth,,False,,,,100000
Parallel PIAP,same_asset,0.2,15.0,0.0,0.0,high,preservation,,False,,,,100000
Parallel PIAP,same_asset,0.2,15.0,0.0,0.0,high,balanced,0.2,True,-996.1278265476358,0.03329,177.47908515746607,100000
Parallel PIAP,same_asset,0.2,15.0,0.0,0.0,high,growth,0.1,True,-1072.1868039690485,0.06044,85.79984286977475,100000
Parallel PIAP,same_asset,0.2,15.0,0.0,0.1,low,preservation,,False,,,,100000
Parallel PIAP,same_asset,0.2,15.0,0.0,0.1,low,balanced,,False,,,,100000
Parallel PIAP,same_asset,0.2,15.0,0.0,0.1,low,growth,,False,,,,100000
Parallel PIAP,same_asset,0.2,15.0,0.0,0.1,base,preservation,,False,,,,100000
Parallel PIAP,same_asset,0.2,15.0,0.0,0.1,base,balanced,,False,,,,100000
Parallel PIAP,same_asset,0.2,15.0,0.0,0.1,base,growth,,False,,,,100000
Parallel PIAP,same_asset,0.2,15.0,0.0,0.1,high,preservation,,False,,,,100000
Parallel PIAP,same_asset,0.2,15.0,0.0,0.1,high,balanced,0.2,True,-996.1278265476358,0.03329,118.72206669670165,100000
Parallel PIAP,same_asset,0.2,15.0,0.0,0.1,high,growth,0.1,True,-1072.1868039690485,0.06044,27.042824409010283,100000
Parallel PIAP,same_asset,0.2,15.0,0.0,0.25,low,preservation,,False,,,,100000
Parallel PIAP,same_asset,0.2,15.0,0.0,0.25,low,balanced,,False,,,,100000
Parallel PIAP,same_asset,0.2,15.0,0.0,0.25,low,growth,,False,,,,100000
Parallel PIAP,same_asset,0.2,15.0,0.0,0.25,base,preservation,,False,,,,100000
Parallel PIAP,same_asset,0.2,15.0,0.0,0.25,base,balanced,,False,,,,100000
Parallel PIAP,same_asset,0.2,15.0,0.0,0.25,base,growth,,False,,,,100000
Parallel PIAP,same_asset,0.2,15.0,0.0,0.25,high,preservation,,False,,,,100000
Parallel PIAP,same_asset,0.2,15.0,0.0,0.25,high,balanced,0.2,True,-996.1278265476358,0.03329,30.586539005554926,100000
Parallel PIAP,same_asset,0.2,15.0,0.0,0.25,high,growth,0.2,True,-996.1278265476358,0.03329,30.586539005554926,100000
Parallel PIAP,same_asset,0.2,15.0,0.0,0.5,low,preservation,,False,,,,100000
Parallel PIAP,same_asset,0.2,15.0,0.0,0.5,low,balanced,,False,,,,100000
Parallel PIAP,same_asset,0.2,15.0,0.0,0.5,low,growth,,False,,,,100000
Parallel PIAP,same_asset,0.2,15.0,0.0,0.5,base,preservation,,False,,,,100000
Parallel PIAP,same_asset,0.2,15.0,0.0,0.5,base,balanced,,False,,,,100000
Parallel PIAP,same_asset,0.2,15.0,0.0,0.5,base,growth,,False,,,,100000
Parallel PIAP,same_asset,0.2,15.0,0.0,0.5,high,preservation,,False,,,,100000
Parallel PIAP,same_asset,0.2,15.0,0.0,0.5,high,balanced,,False,,,,100000
Parallel PIAP,same_asset,0.2,15.0,0.0,0.5,high,growth,,False,,,,100000
Parallel PIAP,same_asset,0.2,15.0,0.5,0.0,low,preservation,,False,,,,100000
Parallel PIAP,same_asset,0.2,15.0,0.5,0.0,low,balanced,,False,,,,100000
Parallel PIAP,same_asset,0.2,15.0,0.5,0.0,low,growth,,False,,,,100000
Parallel PIAP,same_asset,0.2,15.0,0.5,0.0,base,preservation,,False,,,,100000
Parallel PIAP,same_asset,0.2,15.0,0.5,0.0,base,balanced,,False,,,,100000
Parallel PIAP,same_asset,0.2,15.0,0.5,0.0,base,growth,,False,,,,100000
Parallel PIAP,same_asset,0.2,15.0,0.5,0.0,high,preservation,,False,,,,100000
Parallel PIAP,same_asset,0.2,15.0,0.5,0.0,high,balanced,0.3,True,-924.819252736637,0.02413,376.45548420170917,100000
Parallel PIAP,same_asset,0.2,15.0,0.5,0.0,high,growth,0.0,True,-1161.8183631345016,0.09357,98.10676670856242,100000
Parallel PIAP,same_asset,0.2,15.0,0.5,0.1,low,preservation,,False,,,,100000
Parallel PIAP,same_asset,0.2,15.0,0.5,0.1,low,balanced,,False,,,,100000
Parallel PIAP,same_asset,0.2,15.0,0.5,0.1,low,growth,,False,,,,100000
Parallel PIAP,same_asset,0.2,15.0,0.5,0.1,base,preservation,,False,,,,100000
Parallel PIAP,same_asset,0.2,15.0,0.5,0.1,base,balanced,,False,,,,100000
Parallel PIAP,same_asset,0.2,15.0,0.5,0.1,base,growth,,False,,,,100000
Parallel PIAP,same_asset,0.2,15.0,0.5,0.1,high,preservation,,False,,,,100000
Parallel PIAP,same_asset,0.2,15.0,0.5,0.1,high,balanced,0.3,True,-924.819252736637,0.02413,313.2392476621052,100000
Parallel PIAP,same_asset,0.2,15.0,0.5,0.1,high,growth,0.0,True,-1161.8183631345016,0.09357,34.89053016895845,100000
Parallel PIAP,same_asset,0.2,15.0,0.5,0.25,low,preservation,,False,,,,100000
Parallel PIAP,same_asset,0.2,15.0,0.5,0.25,low,balanced,,False,,,,100000
Parallel PIAP,same_asset,0.2,15.0,0.5,0.25,low,growth,,False,,,,100000
Parallel PIAP,same_asset,0.2,15.0,0.5,0.25,base,preservation,,False,,,,100000
Parallel PIAP,same_asset,0.2,15.0,0.5,0.25,base,balanced,,False,,,,100000
Parallel PIAP,same_asset,0.2,15.0,0.5,0.25,base,growth,,False,,,,100000
Parallel PIAP,same_asset,0.2,15.0,0.5,0.25,high,preservation,,False,,,,100000
Parallel PIAP,same_asset,0.2,15.0,0.5,0.25,high,balanced,0.3,True,-924.819252736637,0.02413,218.41489285269924,100000
Parallel PIAP,same_asset,0.2,15.0,0.5,0.25,high,growth,0.1,True,-1078.2944657538667,0.06044,32.84908119060137,100000
Parallel PIAP,same_asset,0.2,15.0,0.5,0.5,low,preservation,,False,,,,100000
Parallel PIAP,same_asset,0.2,15.0,0.5,0.5,low,balanced,,False,,,,100000
Parallel PIAP,same_asset,0.2,15.0,0.5,0.5,low,growth,,False,,,,100000
Parallel PIAP,same_asset,0.2,15.0,0.5,0.5,base,preservation,,False,,,,100000
Parallel PIAP,same_asset,0.2,15.0,0.5,0.5,base,balanced,,False,,,,100000
Parallel PIAP,same_asset,0.2,15.0,0.5,0.5,base,growth,,False,,,,100000
Parallel PIAP,same_asset,0.2,15.0,0.5,0.5,high,preservation,,False,,,,100000
Parallel PIAP,same_asset,0.2,15.0,0.5,0.5,high,balanced,0.3,True,-924.819252736637,0.02413,60.37430150368931,100000
Parallel PIAP,same_asset,0.2,15.0,0.5,0.5,high,growth,0.3,True,-924.819252736637,0.02413,60.37430150368931,100000
Parallel PIAP,same_asset,0.2,15.0,1.0,0.0,low,preservation,,False,,,,100000
Parallel PIAP,same_asset,0.2,15.0,1.0,0.0,low,balanced,,False,,,,100000
Parallel PIAP,same_asset,0.2,15.0,1.0,0.0,low,growth,,False,,,,100000
Parallel PIAP,same_asset,0.2,15.0,1.0,0.0,base,preservation,,False,,,,100000
Parallel PIAP,same_asset,0.2,15.0,1.0,0.0,base,balanced,,False,,,,100000
Parallel PIAP,same_asset,0.2,15.0,1.0,0.0,base,growth,,False,,,,100000
Parallel PIAP,same_asset,0.2,15.0,1.0,0.0,high,preservation,,False,,,,100000
Parallel PIAP,same_asset,0.2,15.0,1.0,0.0,high,balanced,0.3,True,-929.7198607116404,0.02413,489.1076734172509,100000
Parallel PIAP,same_asset,0.2,15.0,1.0,0.0,high,growth,0.0,True,-1175.82010020594,0.09357,207.3369232946913,100000
Parallel PIAP,same_asset,0.2,15.0,1.0,0.1,low,preservation,,False,,,,100000
Parallel PIAP,same_asset,0.2,15.0,1.0,0.1,low,balanced,,False,,,,100000
Parallel PIAP,same_asset,0.2,15.0,1.0,0.1,low,growth,,False,,,,100000
Parallel PIAP,same_asset,0.2,15.0,1.0,0.1,base,preservation,,False,,,,100000
Parallel PIAP,same_asset,0.2,15.0,1.0,0.1,base,balanced,,False,,,,100000
Parallel PIAP,same_asset,0.2,15.0,1.0,0.1,base,growth,,False,,,,100000
Parallel PIAP,same_asset,0.2,15.0,1.0,0.1,high,preservation,,False,,,,100000
Parallel PIAP,same_asset,0.2,15.0,1.0,0.1,high,balanced,0.3,True,-929.7198607116404,0.02413,421.21456950063975,100000
Parallel PIAP,same_asset,0.2,15.0,1.0,0.1,high,growth,0.0,True,-1175.82010020594,0.09357,139.44381937808018,100000
Parallel PIAP,same_asset,0.2,15.0,1.0,0.25,low,preservation,,False,,,,100000
Parallel PIAP,same_asset,0.2,15.0,1.0,0.25,low,balanced,,False,,,,100000
Parallel PIAP,same_asset,0.2,15.0,1.0,0.25,low,growth,,False,,,,100000
Parallel PIAP,same_asset,0.2,15.0,1.0,0.25,base,preservation,,False,,,,100000
Parallel PIAP,same_asset,0.2,15.0,1.0,0.25,base,balanced,,False,,,,100000
Parallel PIAP,same_asset,0.2,15.0,1.0,0.25,base,growth,,False,,,,100000
Parallel PIAP,same_asset,0.2,15.0,1.0,0.25,high,preservation,,False,,,,100000
Parallel PIAP,same_asset,0.2,15.0,1.0,0.25,high,balanced,0.3,True,-929.7198607116404,0.02413,319.374913625723,100000
Parallel PIAP,same_asset,0.2,15.0,1.0,0.25,high,growth,0.0,True,-1175.82010020594,0.09357,37.60416350316348,100000
Parallel PIAP,same_asset,0.2,15.0,1.0,0.5,low,preservation,,False,,,,100000
Parallel PIAP,same_asset,0.2,15.0,1.0,0.5,low,balanced,,False,,,,100000
Parallel PIAP,same_asset,0.2,15.0,1.0,0.5,low,growth,,False,,,,100000
Parallel PIAP,same_asset,0.2,15.0,1.0,0.5,base,preservation,,False,,,,100000
Parallel PIAP,same_asset,0.2,15.0,1.0,0.5,base,balanced,,False,,,,100000
Parallel PIAP,same_asset,0.2,15.0,1.0,0.5,base,growth,,False,,,,100000
Parallel PIAP,same_asset,0.2,15.0,1.0,0.5,high,preservation,,False,,,,100000
Parallel PIAP,same_asset,0.2,15.0,1.0,0.5,high,balanced,0.3,True,-929.7198607116404,0.02413,149.6421538341952,100000
Parallel PIAP,same_asset,0.2,15.0,1.0,0.5,high,growth,0.2,True,-1007.1575540738271,0.03329,55.71857046000872,100000
Parallel PIAP,same_asset,0.2,15.0,1.5,0.0,low,preservation,,False,,,,100000
Parallel PIAP,same_asset,0.2,15.0,1.5,0.0,low,balanced,,False,,,,100000
Parallel PIAP,same_asset,0.2,15.0,1.5,0.0,low,growth,,False,,,,100000
Parallel PIAP,same_asset,0.2,15.0,1.5,0.0,base,preservation,,False,,,,100000
Parallel PIAP,same_asset,0.2,15.0,1.5,0.0,base,balanced,,False,,,,100000
Parallel PIAP,same_asset,0.2,15.0,1.5,0.0,base,growth,,False,,,,100000
Parallel PIAP,same_asset,0.2,15.0,1.5,0.0,high,preservation,,False,,,,100000
Parallel PIAP,same_asset,0.2,15.0,1.5,0.0,high,balanced,0.3,True,-934.7760779994783,0.02413,607.3790513310161,100000
Parallel PIAP,same_asset,0.2,15.0,1.5,0.0,high,growth,0.0,True,-1190.266435314048,0.09357,322.0709995789015,100000
Parallel PIAP,same_asset,0.2,15.0,1.5,0.1,low,preservation,,False,,,,100000
Parallel PIAP,same_asset,0.2,15.0,1.5,0.1,low,balanced,,False,,,,100000
Parallel PIAP,same_asset,0.2,15.0,1.5,0.1,low,growth,,False,,,,100000
Parallel PIAP,same_asset,0.2,15.0,1.5,0.1,base,preservation,,False,,,,100000
Parallel PIAP,same_asset,0.2,15.0,1.5,0.1,base,balanced,,False,,,,100000
Parallel PIAP,same_asset,0.2,15.0,1.5,0.1,base,growth,,False,,,,100000
Parallel PIAP,same_asset,0.2,15.0,1.5,0.1,high,preservation,,False,,,,100000
Parallel PIAP,same_asset,0.2,15.0,1.5,0.1,high,balanced,0.3,True,-934.7760779994783,0.02413,534.5808075276815,100000
Parallel PIAP,same_asset,0.2,15.0,1.5,0.1,high,growth,0.0,True,-1190.266435314048,0.09357,249.27275577556685,100000
Parallel PIAP,same_asset,0.2,15.0,1.5,0.25,low,preservation,,False,,,,100000
Parallel PIAP,same_asset,0.2,15.0,1.5,0.25,low,balanced,,False,,,,100000
Parallel PIAP,same_asset,0.2,15.0,1.5,0.25,low,growth,,False,,,,100000
Parallel PIAP,same_asset,0.2,15.0,1.5,0.25,base,preservation,,False,,,,100000
Parallel PIAP,same_asset,0.2,15.0,1.5,0.25,base,balanced,,False,,,,100000
Parallel PIAP,same_asset,0.2,15.0,1.5,0.25,base,growth,,False,,,,100000
Parallel PIAP,same_asset,0.2,15.0,1.5,0.25,high,preservation,,False,,,,100000
Parallel PIAP,same_asset,0.2,15.0,1.5,0.25,high,balanced,0.3,True,-934.7760779994783,0.02413,425.38344182267963,100000
Parallel PIAP,same_asset,0.2,15.0,1.5,0.25,high,growth,0.0,True,-1190.266435314048,0.09357,140.075390070565,100000
Parallel PIAP,same_asset,0.2,15.0,1.5,0.5,low,preservation,,False,,,,100000
Parallel PIAP,same_asset,0.2,15.0,1.5,0.5,low,balanced,,False,,,,100000
Parallel PIAP,same_asset,0.2,15.0,1.5,0.5,low,growth,,False,,,,100000
Parallel PIAP,same_asset,0.2,15.0,1.5,0.5,base,preservation,,False,,,,100000
Parallel PIAP,same_asset,0.2,15.0,1.5,0.5,base,balanced,,False,,,,100000
Parallel PIAP,same_asset,0.2,15.0,1.5,0.5,base,growth,,False,,,,100000
Parallel PIAP,same_asset,0.2,15.0,1.5,0.5,high,preservation,,False,,,,100000
Parallel PIAP,same_asset,0.2,15.0,1.5,0.5,high,balanced,0.3,True,-934.7760779994783,0.02413,243.38783231434314,100000
Parallel PIAP,same_asset,0.2,15.0,1.5,0.5,high,growth,0.1,True,-1091.0960982346623,0.06044,53.18246447960008,100000
Parallel PIAP,same_asset,0.2,18.0,0.0,0.0,low,preservation,,False,,,,100000
Parallel PIAP,same_asset,0.2,18.0,0.0,0.0,low,balanced,,False,,,,100000
Parallel PIAP,same_asset,0.2,18.0,0.0,0.0,low,growth,,False,,,,100000
Parallel PIAP,same_asset,0.2,18.0,0.0,0.0,base,preservation,,False,,,,100000
Parallel PIAP,same_asset,0.2,18.0,0.0,0.0,base,balanced,,False,,,,100000
Parallel PIAP,same_asset,0.2,18.0,0.0,0.0,base,growth,,False,,,,100000
Parallel PIAP,same_asset,0.2,18.0,0.0,0.0,high,preservation,,False,,,,100000
Parallel PIAP,same_asset,0.2,18.0,0.0,0.0,high,balanced,0.2,True,-996.1278265476358,0.03329,174.9737903110973,100000
Parallel PIAP,same_asset,0.2,18.0,0.0,0.0,high,growth,0.1,True,-1072.1868039690485,0.06044,83.29454802340595,100000
Parallel PIAP,same_asset,0.2,18.0,0.0,0.1,low,preservation,,False,,,,100000
Parallel PIAP,same_asset,0.2,18.0,0.0,0.1,low,balanced,,False,,,,100000
Parallel PIAP,same_asset,0.2,18.0,0.0,0.1,low,growth,,False,,,,100000
Parallel PIAP,same_asset,0.2,18.0,0.0,0.1,base,preservation,,False,,,,100000
Parallel PIAP,same_asset,0.2,18.0,0.0,0.1,base,balanced,,False,,,,100000
Parallel PIAP,same_asset,0.2,18.0,0.0,0.1,base,growth,,False,,,,100000
Parallel PIAP,same_asset,0.2,18.0,0.0,0.1,high,preservation,,False,,,,100000
Parallel PIAP,same_asset,0.2,18.0,0.0,0.1,high,balanced,0.2,True,-996.1278265476358,0.03329,100.34361055073842,100000
Parallel PIAP,same_asset,0.2,18.0,0.0,0.1,high,growth,0.1,True,-1072.1868039690485,0.06044,8.66436826304707,100000
Parallel PIAP,same_asset,0.2,18.0,0.0,0.25,low,preservation,,False,,,,100000
Parallel PIAP,same_asset,0.2,18.0,0.0,0.25,low,balanced,,False,,,,100000
Parallel PIAP,same_asset,0.2,18.0,0.0,0.25,low,growth,,False,,,,100000
Parallel PIAP,same_asset,0.2,18.0,0.0,0.25,base,preservation,,False,,,,100000
Parallel PIAP,same_asset,0.2,18.0,0.0,0.25,base,balanced,,False,,,,100000
Parallel PIAP,same_asset,0.2,18.0,0.0,0.25,base,growth,,False,,,,100000
Parallel PIAP,same_asset,0.2,18.0,0.0,0.25,high,preservation,,False,,,,100000
Parallel PIAP,same_asset,0.2,18.0,0.0,0.25,high,balanced,0.3,True,-920.068849126223,0.02413,80.07758319789153,100000
Parallel PIAP,same_asset,0.2,18.0,0.0,0.25,high,growth,0.3,True,-920.068849126223,0.02413,80.07758319789153,100000
Parallel PIAP,same_asset,0.2,18.0,0.0,0.5,low,preservation,,False,,,,100000
Parallel PIAP,same_asset,0.2,18.0,0.0,0.5,low,balanced,,False,,,,100000
Parallel PIAP,same_asset,0.2,18.0,0.0,0.5,low,growth,,False,,,,100000
Parallel PIAP,same_asset,0.2,18.0,0.0,0.5,base,preservation,,False,,,,100000
Parallel PIAP,same_asset,0.2,18.0,0.0,0.5,base,balanced,,False,,,,100000
Parallel PIAP,same_asset,0.2,18.0,0.0,0.5,base,growth,,False,,,,100000
Parallel PIAP,same_asset,0.2,18.0,0.0,0.5,high,preservation,,False,,,,100000
Parallel PIAP,same_asset,0.2,18.0,0.0,0.5,high,balanced,,False,,,,100000
Parallel PIAP,same_asset,0.2,18.0,0.0,0.5,high,growth,,False,,,,100000
Parallel PIAP,same_asset,0.2,18.0,0.5,0.0,low,preservation,,False,,,,100000
Parallel PIAP,same_asset,0.2,18.0,0.5,0.0,low,balanced,,False,,,,100000
Parallel PIAP,same_asset,0.2,18.0,0.5,0.0,low,growth,,False,,,,100000
Parallel PIAP,same_asset,0.2,18.0,0.5,0.0,base,preservation,,False,,,,100000
Parallel PIAP,same_asset,0.2,18.0,0.5,0.0,base,balanced,,False,,,,100000
Parallel PIAP,same_asset,0.2,18.0,0.5,0.0,base,growth,,False,,,,100000
Parallel PIAP,same_asset,0.2,18.0,0.5,0.0,high,preservation,,False,,,,100000
Parallel PIAP,same_asset,0.2,18.0,0.5,0.0,high,balanced,0.3,True,-924.819252736637,0.02413,373.9501893553404,100000
Parallel PIAP,same_asset,0.2,18.0,0.5,0.0,high,growth,0.0,True,-1161.8183631345016,0.09357,95.60147186219356,100000
Parallel PIAP,same_asset,0.2,18.0,0.5,0.1,low,preservation,,False,,,,100000
Parallel PIAP,same_asset,0.2,18.0,0.5,0.1,low,balanced,,False,,,,100000
Parallel PIAP,same_asset,0.2,18.0,0.5,0.1,low,growth,,False,,,,100000
Parallel PIAP,same_asset,0.2,18.0,0.5,0.1,base,preservation,,False,,,,100000
Parallel PIAP,same_asset,0.2,18.0,0.5,0.1,base,balanced,,False,,,,100000
Parallel PIAP,same_asset,0.2,18.0,0.5,0.1,base,growth,,False,,,,100000
Parallel PIAP,same_asset,0.2,18.0,0.5,0.1,high,preservation,,False,,,,100000
Parallel PIAP,same_asset,0.2,18.0,0.5,0.1,high,balanced,0.3,True,-924.819252736637,0.02413,294.86079151614194,100000
Parallel PIAP,same_asset,0.2,18.0,0.5,0.1,high,growth,0.0,True,-1161.8183631345016,0.09357,16.512074022995215,100000
Parallel PIAP,same_asset,0.2,18.0,0.5,0.25,low,preservation,,False,,,,100000
Parallel PIAP,same_asset,0.2,18.0,0.5,0.25,low,balanced,,False,,,,100000
Parallel PIAP,same_asset,0.2,18.0,0.5,0.25,low,growth,,False,,,,100000
Parallel PIAP,same_asset,0.2,18.0,0.5,0.25,base,preservation,,False,,,,100000
Parallel PIAP,same_asset,0.2,18.0,0.5,0.25,base,balanced,,False,,,,100000
Parallel PIAP,same_asset,0.2,18.0,0.5,0.25,base,growth,,False,,,,100000
Parallel PIAP,same_asset,0.2,18.0,0.5,0.25,high,preservation,,False,,,,100000
Parallel PIAP,same_asset,0.2,18.0,0.5,0.25,high,balanced,0.3,True,-924.819252736637,0.02413,176.2266947573445,100000
Parallel PIAP,same_asset,0.2,18.0,0.5,0.25,high,growth,0.2,True,-1001.5568592452519,0.03329,83.4437889262956,100000
Parallel PIAP,same_asset,0.2,18.0,0.5,0.5,low,preservation,,False,,,,100000
Parallel PIAP,same_asset,0.2,18.0,0.5,0.5,low,balanced,,False,,,,100000
Parallel PIAP,same_asset,0.2,18.0,0.5,0.5,low,growth,,False,,,,100000
Parallel PIAP,same_asset,0.2,18.0,0.5,0.5,base,preservation,,False,,,,100000
Parallel PIAP,same_asset,0.2,18.0,0.5,0.5,base,balanced,,False,,,,100000
Parallel PIAP,same_asset,0.2,18.0,0.5,0.5,base,growth,,False,,,,100000
Parallel PIAP,same_asset,0.2,18.0,0.5,0.5,high,preservation,,False,,,,100000
Parallel PIAP,same_asset,0.2,18.0,0.5,0.5,high,balanced,,False,,,,100000
Parallel PIAP,same_asset,0.2,18.0,0.5,0.5,high,growth,,False,,,,100000
Parallel PIAP,same_asset,0.2,18.0,1.0,0.0,low,preservation,,False,,,,100000
Parallel PIAP,same_asset,0.2,18.0,1.0,0.0,low,balanced,,False,,,,100000
Parallel PIAP,same_asset,0.2,18.0,1.0,0.0,low,growth,,False,,,,100000
Parallel PIAP,same_asset,0.2,18.0,1.0,0.0,base,preservation,,False,,,,100000
Parallel PIAP,same_asset,0.2,18.0,1.0,0.0,base,balanced,,False,,,,100000
Parallel PIAP,same_asset,0.2,18.0,1.0,0.0,base,growth,,False,,,,100000
Parallel PIAP,same_asset,0.2,18.0,1.0,0.0,high,preservation,,False,,,,100000
Parallel PIAP,same_asset,0.2,18.0,1.0,0.0,high,balanced,0.3,True,-929.7198607116404,0.02413,486.602378570882,100000
Parallel PIAP,same_asset,0.2,18.0,1.0,0.0,high,growth,0.0,True,-1175.82010020594,0.09357,204.83162844832245,100000
Parallel PIAP,same_asset,0.2,18.0,1.0,0.1,low,preservation,,False,,,,100000
Parallel PIAP,same_asset,0.2,18.0,1.0,0.1,low,balanced,,False,,,,100000
Parallel PIAP,same_asset,0.2,18.0,1.0,0.1,low,growth,,False,,,,100000
Parallel PIAP,same_asset,0.2,18.0,1.0,0.1,base,preservation,,False,,,,100000
Parallel PIAP,same_asset,0.2,18.0,1.0,0.1,base,balanced,,False,,,,100000
Parallel PIAP,same_asset,0.2,18.0,1.0,0.1,base,growth,,False,,,,100000
Parallel PIAP,same_asset,0.2,18.0,1.0,0.1,high,preservation,,False,,,,100000
Parallel PIAP,same_asset,0.2,18.0,1.0,0.1,high,balanced,0.3,True,-929.7198607116404,0.02413,402.8361133546765,100000
Parallel PIAP,same_asset,0.2,18.0,1.0,0.1,high,growth,0.0,True,-1175.82010020594,0.09357,121.06536323211694,100000
Parallel PIAP,same_asset,0.2,18.0,1.0,0.25,low,preservation,,False,,,,100000
Parallel PIAP,same_asset,0.2,18.0,1.0,0.25,low,balanced,,False,,,,100000
Parallel PIAP,same_asset,0.2,18.0,1.0,0.25,low,growth,,False,,,,100000
Parallel PIAP,same_asset,0.2,18.0,1.0,0.25,base,preservation,,False,,,,100000
Parallel PIAP,same_asset,0.2,18.0,1.0,0.25,base,balanced,,False,,,,100000
Parallel PIAP,same_asset,0.2,18.0,1.0,0.25,base,growth,,False,,,,100000
Parallel PIAP,same_asset,0.2,18.0,1.0,0.25,high,preservation,,False,,,,100000
Parallel PIAP,same_asset,0.2,18.0,1.0,0.25,high,balanced,0.3,True,-929.7198607116404,0.02413,277.18671553036825,100000
Parallel PIAP,same_asset,0.2,18.0,1.0,0.25,high,growth,0.1,True,-1084.5952474360138,0.06044,89.33954878199522,100000
Parallel PIAP,same_asset,0.2,18.0,1.0,0.5,low,preservation,,False,,,,100000
Parallel PIAP,same_asset,0.2,18.0,1.0,0.5,low,balanced,,False,,,,100000
Parallel PIAP,same_asset,0.2,18.0,1.0,0.5,low,growth,,False,,,,100000
Parallel PIAP,same_asset,0.2,18.0,1.0,0.5,base,preservation,,False,,,,100000
Parallel PIAP,same_asset,0.2,18.0,1.0,0.5,base,balanced,,False,,,,100000
Parallel PIAP,same_asset,0.2,18.0,1.0,0.5,base,growth,,False,,,,100000
Parallel PIAP,same_asset,0.2,18.0,1.0,0.5,high,preservation,,False,,,,100000
Parallel PIAP,same_asset,0.2,18.0,1.0,0.5,high,balanced,0.3,True,-929.7198607116404,0.02413,67.77105248985453,100000
Parallel PIAP,same_asset,0.2,18.0,1.0,0.5,high,growth,0.3,True,-929.7198607116404,0.02413,67.77105248985453,100000
Parallel PIAP,same_asset,0.2,18.0,1.5,0.0,low,preservation,,False,,,,100000
Parallel PIAP,same_asset,0.2,18.0,1.5,0.0,low,balanced,,False,,,,100000
Parallel PIAP,same_asset,0.2,18.0,1.5,0.0,low,growth,,False,,,,100000
Parallel PIAP,same_asset,0.2,18.0,1.5,0.0,base,preservation,,False,,,,100000
Parallel PIAP,same_asset,0.2,18.0,1.5,0.0,base,balanced,,False,,,,100000
Parallel PIAP,same_asset,0.2,18.0,1.5,0.0,base,growth,,False,,,,100000
Parallel PIAP,same_asset,0.2,18.0,1.5,0.0,high,preservation,,False,,,,100000
Parallel PIAP,same_asset,0.2,18.0,1.5,0.0,high,balanced,0.3,True,-934.7760779994783,0.02413,604.8737564846473,100000
Parallel PIAP,same_asset,0.2,18.0,1.5,0.0,high,growth,0.0,True,-1190.266435314048,0.09357,319.5657047325326,100000
Parallel PIAP,same_asset,0.2,18.0,1.5,0.1,low,preservation,,False,,,,100000
Parallel PIAP,same_asset,0.2,18.0,1.5,0.1,low,balanced,,False,,,,100000
Parallel PIAP,same_asset,0.2,18.0,1.5,0.1,low,growth,,False,,,,100000
Parallel PIAP,same_asset,0.2,18.0,1.5,0.1,base,preservation,,False,,,,100000
Parallel PIAP,same_asset,0.2,18.0,1.5,0.1,base,balanced,,False,,,,100000
Parallel PIAP,same_asset,0.2,18.0,1.5,0.1,base,growth,,False,,,,100000
Parallel PIAP,same_asset,0.2,18.0,1.5,0.1,high,preservation,,False,,,,100000
Parallel PIAP,same_asset,0.2,18.0,1.5,0.1,high,balanced,0.3,True,-934.7760779994783,0.02413,516.2023513817182,100000
Parallel PIAP,same_asset,0.2,18.0,1.5,0.1,high,growth,0.0,True,-1190.266435314048,0.09357,230.89429962960355,100000
Parallel PIAP,same_asset,0.2,18.0,1.5,0.25,low,preservation,,False,,,,100000
Parallel PIAP,same_asset,0.2,18.0,1.5,0.25,low,balanced,,False,,,,100000
Parallel PIAP,same_asset,0.2,18.0,1.5,0.25,low,growth,,False,,,,100000
Parallel PIAP,same_asset,0.2,18.0,1.5,0.25,base,preservation,,False,,,,100000
Parallel PIAP,same_asset,0.2,18.0,1.5,0.25,base,balanced,,False,,,,100000
Parallel PIAP,same_asset,0.2,18.0,1.5,0.25,base,growth,,False,,,,100000
Parallel PIAP,same_asset,0.2,18.0,1.5,0.25,high,preservation,,False,,,,100000
Parallel PIAP,same_asset,0.2,18.0,1.5,0.25,high,balanced,0.3,True,-934.7760779994783,0.02413,383.19524372732485,100000
Parallel PIAP,same_asset,0.2,18.0,1.5,0.25,high,growth,0.0,True,-1190.266435314048,0.09357,97.8871919752102,100000
Parallel PIAP,same_asset,0.2,18.0,1.5,0.5,low,preservation,,False,,,,100000
Parallel PIAP,same_asset,0.2,18.0,1.5,0.5,low,balanced,,False,,,,100000
Parallel PIAP,same_asset,0.2,18.0,1.5,0.5,low,growth,,False,,,,100000
Parallel PIAP,same_asset,0.2,18.0,1.5,0.5,base,preservation,,False,,,,100000
Parallel PIAP,same_asset,0.2,18.0,1.5,0.5,base,balanced,,False,,,,100000
Parallel PIAP,same_asset,0.2,18.0,1.5,0.5,base,growth,,False,,,,100000
Parallel PIAP,same_asset,0.2,18.0,1.5,0.5,high,preservation,,False,,,,100000
Parallel PIAP,same_asset,0.2,18.0,1.5,0.5,high,balanced,0.3,True,-934.7760779994783,0.02413,161.51673097000244,100000
Parallel PIAP,same_asset,0.2,18.0,1.5,0.5,high,growth,0.2,True,-1012.9360881170703,0.03329,66.41404705263096,100000
Parallel PIAP,same_asset,0.415,12.0,0.0,0.0,low,preservation,,False,,,,250000
Parallel PIAP,same_asset,0.415,12.0,0.0,0.0,low,balanced,,False,,,,250000
Parallel PIAP,same_asset,0.415,12.0,0.0,0.0,low,growth,,False,,,,250000
Parallel PIAP,same_asset,0.415,12.0,0.0,0.0,base,preservation,,False,,,,250000
Parallel PIAP,same_asset,0.415,12.0,0.0,0.0,base,balanced,,False,,,,250000
Parallel PIAP,same_asset,0.415,12.0,0.0,0.0,base,growth,,False,,,,250000
Parallel PIAP,same_asset,0.415,12.0,0.0,0.0,high,preservation,,False,,,,250000
Parallel PIAP,same_asset,0.415,12.0,0.0,0.0,high,balanced,0.3,True,-971.6190785833126,0.035728,275.3634161403838,250000
Parallel PIAP,same_asset,0.415,12.0,0.0,0.0,high,growth,0.0,True,-1429.7883144701884,0.098452,0.29904239361850843,250000
Parallel PIAP,same_asset,0.415,12.0,0.0,0.1,low,preservation,,False,,,,250000
Parallel PIAP,same_asset,0.415,12.0,0.0,0.1,low,balanced,,False,,,,250000
Parallel PIAP,same_asset,0.415,12.0,0.0,0.1,low,growth,,False,,,,250000
Parallel PIAP,same_asset,0.415,12.0,0.0,0.1,base,preservation,,False,,,,250000
Parallel PIAP,same_asset,0.415,12.0,0.0,0.1,base,balanced,,False,,,,250000
Parallel PIAP,same_asset,0.415,12.0,0.0,0.1,base,growth,,False,,,,250000
Parallel PIAP,same_asset,0.415,12.0,0.0,0.1,high,preservation,,False,,,,250000
Parallel PIAP,same_asset,0.415,12.0,0.0,0.1,high,balanced,0.3,True,-971.6190785833126,0.035728,229.67395281622106,250000
Parallel PIAP,same_asset,0.415,12.0,0.0,0.1,high,growth,0.1,True,-1259.3378345464057,0.067216,46.29770365171087,250000
Parallel PIAP,same_asset,0.415,12.0,0.0,0.25,low,preservation,,False,,,,250000
Parallel PIAP,same_asset,0.415,12.0,0.0,0.25,low,balanced,,False,,,,250000
Parallel PIAP,same_asset,0.415,12.0,0.0,0.25,low,growth,,False,,,,250000
Parallel PIAP,same_asset,0.415,12.0,0.0,0.25,base,preservation,,False,,,,250000
Parallel PIAP,same_asset,0.415,12.0,0.0,0.25,base,balanced,,False,,,,250000
Parallel PIAP,same_asset,0.415,12.0,0.0,0.25,base,growth,,False,,,,250000
Parallel PIAP,same_asset,0.415,12.0,0.0,0.25,high,preservation,,False,,,,250000
Parallel PIAP,same_asset,0.415,12.0,0.0,0.25,high,balanced,0.3,True,-971.6190785833126,0.035728,161.13975782997701,250000
Parallel PIAP,same_asset,0.415,12.0,0.0,0.25,high,growth,0.2,True,-1088.8873546226228,0.046552,69.45163324772194,250000
Parallel PIAP,same_asset,0.415,12.0,0.0,0.5,low,preservation,,False,,,,250000
Parallel PIAP,same_asset,0.415,12.0,0.0,0.5,low,balanced,,False,,,,250000
Parallel PIAP,same_asset,0.415,12.0,0.0,0.5,low,growth,,False,,,,250000
Parallel PIAP,same_asset,0.415,12.0,0.0,0.5,base,preservation,,False,,,,250000
Parallel PIAP,same_asset,0.415,12.0,0.0,0.5,base,balanced,,False,,,,250000
Parallel PIAP,same_asset,0.415,12.0,0.0,0.5,base,growth,,False,,,,250000
Parallel PIAP,same_asset,0.415,12.0,0.0,0.5,high,preservation,,False,,,,250000
Parallel PIAP,same_asset,0.415,12.0,0.0,0.5,high,balanced,0.3,True,-998.9452385571045,0.035728,46.91609951957026,250000
Parallel PIAP,same_asset,0.415,12.0,0.0,0.5,high,growth,0.3,True,-998.9452385571045,0.035728,46.91609951957026,250000
Parallel PIAP,same_asset,0.415,12.0,0.5,0.0,low,preservation,,False,,,,250000
Parallel PIAP,same_asset,0.415,12.0,0.5,0.0,low,balanced,,False,,,,250000
Parallel PIAP,same_asset,0.415,12.0,0.5,0.0,low,growth,,False,,,,250000
Parallel PIAP,same_asset,0.415,12.0,0.5,0.0,base,preservation,,False,,,,250000
Parallel PIAP,same_asset,0.415,12.0,0.5,0.0,base,balanced,,False,,,,250000
Parallel PIAP,same_asset,0.415,12.0,0.5,0.0,base,growth,,False,,,,250000
Parallel PIAP,same_asset,0.415,12.0,0.5,0.0,high,preservation,,False,,,,250000
Parallel PIAP,same_asset,0.415,12.0,0.5,0.0,high,balanced,0.3,True,-945.1414225060493,0.035728,383.0070375143552,250000
Parallel PIAP,same_asset,0.415,12.0,0.5,0.0,high,growth,0.0,True,-1428.0898767027502,0.095348,104.63036343285438,250000
Parallel PIAP,same_asset,0.415,12.0,0.5,0.1,low,preservation,,False,,,,250000
Parallel PIAP,same_asset,0.415,12.0,0.5,0.1,low,balanced,,False,,,,250000
Parallel PIAP,same_asset,0.415,12.0,0.5,0.1,low,growth,,False,,,,250000
Parallel PIAP,same_asset,0.415,12.0,0.5,0.1,base,preservation,,False,,,,250000
Parallel PIAP,same_asset,0.415,12.0,0.5,0.1,base,balanced,,False,,,,250000
Parallel PIAP,same_asset,0.415,12.0,0.5,0.1,base,growth,,False,,,,250000
Parallel PIAP,same_asset,0.415,12.0,0.5,0.1,high,preservation,,False,,,,250000
Parallel PIAP,same_asset,0.415,12.0,0.5,0.1,high,balanced,0.3,True,-945.1414225060493,0.035728,331.7851777828731,250000
Parallel PIAP,same_asset,0.415,12.0,0.5,0.1,high,growth,0.0,True,-1428.0898767027502,0.095348,53.408503701372304,250000
Parallel PIAP,same_asset,0.415,12.0,0.5,0.25,low,preservation,,False,,,,250000
Parallel PIAP,same_asset,0.415,12.0,0.5,0.25,low,balanced,,False,,,,250000
Parallel PIAP,same_asset,0.415,12.0,0.5,0.25,low,growth,,False,,,,250000
Parallel PIAP,same_asset,0.415,12.0,0.5,0.25,base,preservation,,False,,,,250000
Parallel PIAP,same_asset,0.415,12.0,0.5,0.25,base,balanced,,False,,,,250000
Parallel PIAP,same_asset,0.415,12.0,0.5,0.25,base,growth,,False,,,,250000
Parallel PIAP,same_asset,0.415,12.0,0.5,0.25,high,preservation,,False,,,,250000
Parallel PIAP,same_asset,0.415,12.0,0.5,0.25,high,balanced,0.3,True,-945.1414225060493,0.035728,254.95238818565,250000
Parallel PIAP,same_asset,0.415,12.0,0.5,0.25,high,growth,0.1,True,-1257.809240555711,0.067216,69.36793879798277,250000
Parallel PIAP,same_asset,0.415,12.0,0.5,0.5,low,preservation,,False,,,,250000
Parallel PIAP,same_asset,0.415,12.0,0.5,0.5,low,balanced,,False,,,,250000
Parallel PIAP,same_asset,0.415,12.0,0.5,0.5,low,growth,,False,,,,250000
Parallel PIAP,same_asset,0.415,12.0,0.5,0.5,base,preservation,,False,,,,250000
Parallel PIAP,same_asset,0.415,12.0,0.5,0.5,base,balanced,,False,,,,250000
Parallel PIAP,same_asset,0.415,12.0,0.5,0.5,base,growth,,False,,,,250000
Parallel PIAP,same_asset,0.415,12.0,0.5,0.5,high,preservation,,False,,,,250000
Parallel PIAP,same_asset,0.415,12.0,0.5,0.5,high,balanced,0.3,True,-945.1414225060493,0.035728,126.89773885694477,250000
Parallel PIAP,same_asset,0.415,12.0,0.5,0.5,high,growth,0.2,True,-1087.5286044086722,0.046552,34.1055141631112,250000
Parallel PIAP,same_asset,0.415,12.0,1.0,0.0,low,preservation,,False,,,,250000
Parallel PIAP,same_asset,0.415,12.0,1.0,0.0,low,balanced,,False,,,,250000
Parallel PIAP,same_asset,0.415,12.0,1.0,0.0,low,growth,,False,,,,250000
Parallel PIAP,same_asset,0.415,12.0,1.0,0.0,base,preservation,,False,,,,250000
Parallel PIAP,same_asset,0.415,12.0,1.0,0.0,base,balanced,,False,,,,250000
Parallel PIAP,same_asset,0.415,12.0,1.0,0.0,base,growth,,False,,,,250000
Parallel PIAP,same_asset,0.415,12.0,1.0,0.0,high,preservation,,False,,,,250000
Parallel PIAP,same_asset,0.415,12.0,1.0,0.0,high,balanced,0.3,True,-929.7198607116404,0.035728,496.02260155959516,250000
Parallel PIAP,same_asset,0.415,12.0,1.0,0.0,high,growth,0.0,True,-1422.8239034190715,0.095348,214.22252107885865,250000
Parallel PIAP,same_asset,0.415,12.0,1.0,0.1,low,preservation,,False,,,,250000
Parallel PIAP,same_asset,0.415,12.0,1.0,0.1,low,balanced,,False,,,,250000
Parallel PIAP,same_asset,0.415,12.0,1.0,0.1,low,growth,,False,,,,250000
Parallel PIAP,same_asset,0.415,12.0,1.0,0.1,base,preservation,,False,,,,250000
Parallel PIAP,same_asset,0.415,12.0,1.0,0.1,base,balanced,,False,,,,250000
Parallel PIAP,same_asset,0.415,12.0,1.0,0.1,base,growth,,False,,,,250000
Parallel PIAP,same_asset,0.415,12.0,1.0,0.1,high,preservation,,False,,,,250000
Parallel PIAP,same_asset,0.415,12.0,1.0,0.1,high,balanced,0.3,True,-929.7198607116404,0.035728,438.99831552453173,250000
Parallel PIAP,same_asset,0.415,12.0,1.0,0.1,high,growth,0.0,True,-1422.8239034190715,0.095348,157.19823504379522,250000
Parallel PIAP,same_asset,0.415,12.0,1.0,0.25,low,preservation,,False,,,,250000
Parallel PIAP,same_asset,0.415,12.0,1.0,0.25,low,balanced,,False,,,,250000
Parallel PIAP,same_asset,0.415,12.0,1.0,0.25,low,growth,,False,,,,250000
Parallel PIAP,same_asset,0.415,12.0,1.0,0.25,base,preservation,,False,,,,250000
Parallel PIAP,same_asset,0.415,12.0,1.0,0.25,base,balanced,,False,,,,250000
Parallel PIAP,same_asset,0.415,12.0,1.0,0.25,base,growth,,False,,,,250000
Parallel PIAP,same_asset,0.415,12.0,1.0,0.25,high,preservation,,False,,,,250000
Parallel PIAP,same_asset,0.415,12.0,1.0,0.25,high,balanced,0.3,True,-929.7198607116404,0.035728,353.46188647193657,250000
Parallel PIAP,same_asset,0.415,12.0,1.0,0.25,high,growth,0.0,True,-1422.8239034190715,0.095348,71.66180599120013,250000
Parallel PIAP,same_asset,0.415,12.0,1.0,0.5,low,preservation,,False,,,,250000
Parallel PIAP,same_asset,0.415,12.0,1.0,0.5,low,balanced,,False,,,,250000
Parallel PIAP,same_asset,0.415,12.0,1.0,0.5,low,growth,,False,,,,250000
Parallel PIAP,same_asset,0.415,12.0,1.0,0.5,base,preservation,,False,,,,250000
Parallel PIAP,same_asset,0.415,12.0,1.0,0.5,base,balanced,,False,,,,250000
Parallel PIAP,same_asset,0.415,12.0,1.0,0.5,base,growth,,False,,,,250000
Parallel PIAP,same_asset,0.415,12.0,1.0,0.5,high,preservation,,False,,,,250000
Parallel PIAP,same_asset,0.415,12.0,1.0,0.5,high,balanced,0.3,True,-929.7198607116404,0.035728,210.90117138427806,250000
Parallel PIAP,same_asset,0.415,12.0,1.0,0.5,high,growth,0.1,True,-1218.7667170445177,0.067216,23.034451063787056,250000
Parallel PIAP,same_asset,0.415,12.0,1.5,0.0,low,preservation,,False,,,,250000
Parallel PIAP,same_asset,0.415,12.0,1.5,0.0,low,balanced,,False,,,,250000
Parallel PIAP,same_asset,0.415,12.0,1.5,0.0,low,growth,,False,,,,250000
Parallel PIAP,same_asset,0.415,12.0,1.5,0.0,base,preservation,,False,,,,250000
Parallel PIAP,same_asset,0.415,12.0,1.5,0.0,base,balanced,,False,,,,250000
Parallel PIAP,same_asset,0.415,12.0,1.5,0.0,base,growth,,False,,,,250000
Parallel PIAP,same_asset,0.415,12.0,1.5,0.0,high,preservation,,False,,,,250000
Parallel PIAP,same_asset,0.415,12.0,1.5,0.0,high,balanced,0.3,True,-934.8126600507287,0.035728,614.6750898756154,250000
Parallel PIAP,same_asset,0.415,12.0,1.5,0.0,high,growth,0.0,True,-1292.6758217850233,0.095348,329.3362668000917,250000
Parallel PIAP,same_asset,0.415,12.0,1.5,0.1,low,preservation,,False,,,,250000
Parallel PIAP,same_asset,0.415,12.0,1.5,0.1,low,balanced,,False,,,,250000
Parallel PIAP,same_asset,0.415,12.0,1.5,0.1,low,growth,,False,,,,250000
Parallel PIAP,same_asset,0.415,12.0,1.5,0.1,base,preservation,,False,,,,250000
Parallel PIAP,same_asset,0.415,12.0,1.5,0.1,base,balanced,,False,,,,250000
Parallel PIAP,same_asset,0.415,12.0,1.5,0.1,base,growth,,False,,,,250000
Parallel PIAP,same_asset,0.415,12.0,1.5,0.1,high,preservation,,False,,,,250000
Parallel PIAP,same_asset,0.415,12.0,1.5,0.1,high,balanced,0.3,True,-934.8126600507287,0.035728,551.5651677925005,250000
Parallel PIAP,same_asset,0.415,12.0,1.5,0.1,high,growth,0.0,True,-1292.6758217850233,0.095348,266.226344716977,250000
Parallel PIAP,same_asset,0.415,12.0,1.5,0.25,low,preservation,,False,,,,250000
Parallel PIAP,same_asset,0.415,12.0,1.5,0.25,low,balanced,,False,,,,250000
Parallel PIAP,same_asset,0.415,12.0,1.5,0.25,low,growth,,False,,,,250000
Parallel PIAP,same_asset,0.415,12.0,1.5,0.25,base,preservation,,False,,,,250000
Parallel PIAP,same_asset,0.415,12.0,1.5,0.25,base,balanced,,False,,,,250000
Parallel PIAP,same_asset,0.415,12.0,1.5,0.25,base,growth,,False,,,,250000
Parallel PIAP,same_asset,0.415,12.0,1.5,0.25,high,preservation,,False,,,,250000
Parallel PIAP,same_asset,0.415,12.0,1.5,0.25,high,balanced,0.3,True,-934.8126600507287,0.035728,456.90028466782843,250000
Parallel PIAP,same_asset,0.415,12.0,1.5,0.25,high,growth,0.0,True,-1292.6758217850233,0.095348,171.56146159230488,250000
Parallel PIAP,same_asset,0.415,12.0,1.5,0.5,low,preservation,,False,,,,250000
Parallel PIAP,same_asset,0.415,12.0,1.5,0.5,low,balanced,,False,,,,250000
Parallel PIAP,same_asset,0.415,12.0,1.5,0.5,low,growth,,False,,,,250000
Parallel PIAP,same_asset,0.415,12.0,1.5,0.5,base,preservation,,False,,,,250000
Parallel PIAP,same_asset,0.415,12.0,1.5,0.5,base,balanced,,False,,,,250000
Parallel PIAP,same_asset,0.415,12.0,1.5,0.5,base,growth,,False,,,,250000
Parallel PIAP,same_asset,0.415,12.0,1.5,0.5,high,preservation,,False,,,,250000
Parallel PIAP,same_asset,0.415,12.0,1.5,0.5,high,balanced,0.3,True,-934.8126600507287,0.035728,299.1254794600415,250000
Parallel PIAP,same_asset,0.415,12.0,1.5,0.5,high,growth,0.0,True,-1292.6758217850233,0.095348,13.786656384518041,250000
Parallel PIAP,same_asset,0.415,15.0,0.0,0.0,low,preservation,,False,,,,250000
Parallel PIAP,same_asset,0.415,15.0,0.0,0.0,low,balanced,,False,,,,250000
Parallel PIAP,same_asset,0.415,15.0,0.0,0.0,low,growth,,False,,,,250000
Parallel PIAP,same_asset,0.415,15.0,0.0,0.0,base,preservation,,False,,,,250000
Parallel PIAP,same_asset,0.415,15.0,0.0,0.0,base,balanced,,False,,,,250000
Parallel PIAP,same_asset,0.415,15.0,0.0,0.0,base,growth,,False,,,,250000
Parallel PIAP,same_asset,0.415,15.0,0.0,0.0,high,preservation,,False,,,,250000
Parallel PIAP,same_asset,0.415,15.0,0.0,0.0,high,balanced,0.2,True,-996.1278265476358,0.046552,183.76110711725963,250000
Parallel PIAP,same_asset,0.415,15.0,0.0,0.0,high,growth,0.0,True,-1178.5694457769846,0.094716,0.38485795274946233,250000
Parallel PIAP,same_asset,0.415,15.0,0.0,0.1,low,preservation,,False,,,,250000
Parallel PIAP,same_asset,0.415,15.0,0.0,0.1,low,balanced,,False,,,,250000
Parallel PIAP,same_asset,0.415,15.0,0.0,0.1,low,growth,,False,,,,250000
Parallel PIAP,same_asset,0.415,15.0,0.0,0.1,base,preservation,,False,,,,250000
Parallel PIAP,same_asset,0.415,15.0,0.0,0.1,base,balanced,,False,,,,250000
Parallel PIAP,same_asset,0.415,15.0,0.0,0.1,base,growth,,False,,,,250000
Parallel PIAP,same_asset,0.415,15.0,0.0,0.1,high,preservation,,False,,,,250000
Parallel PIAP,same_asset,0.415,15.0,0.0,0.1,high,balanced,0.2,True,-996.1278265476358,0.046552,112.4194116703619,250000
Parallel PIAP,same_asset,0.415,15.0,0.0,0.1,high,growth,0.1,True,-1072.1868039690485,0.067216,20.73128708810678,250000
Parallel PIAP,same_asset,0.415,15.0,0.0,0.25,low,preservation,,False,,,,250000
Parallel PIAP,same_asset,0.415,15.0,0.0,0.25,low,balanced,,False,,,,250000
Parallel PIAP,same_asset,0.415,15.0,0.0,0.25,low,growth,,False,,,,250000
Parallel PIAP,same_asset,0.415,15.0,0.0,0.25,base,preservation,,False,,,,250000
Parallel PIAP,same_asset,0.415,15.0,0.0,0.25,base,balanced,,False,,,,250000
Parallel PIAP,same_asset,0.415,15.0,0.0,0.25,base,growth,,False,,,,250000
Parallel PIAP,same_asset,0.415,15.0,0.0,0.25,high,preservation,,False,,,,250000
Parallel PIAP,same_asset,0.415,15.0,0.0,0.25,high,balanced,0.2,True,-996.1278265476358,0.046552,5.406868500015262,250000
Parallel PIAP,same_asset,0.415,15.0,0.0,0.25,high,growth,0.2,True,-996.1278265476358,0.046552,5.406868500015262,250000
Parallel PIAP,same_asset,0.415,15.0,0.0,0.5,low,preservation,,False,,,,250000
Parallel PIAP,same_asset,0.415,15.0,0.0,0.5,low,balanced,,False,,,,250000
Parallel PIAP,same_asset,0.415,15.0,0.0,0.5,low,growth,,False,,,,250000
Parallel PIAP,same_asset,0.415,15.0,0.0,0.5,base,preservation,,False,,,,250000
Parallel PIAP,same_asset,0.415,15.0,0.0,0.5,base,balanced,,False,,,,250000
Parallel PIAP,same_asset,0.415,15.0,0.0,0.5,base,growth,,False,,,,250000
Parallel PIAP,same_asset,0.415,15.0,0.0,0.5,high,preservation,,False,,,,250000
Parallel PIAP,same_asset,0.415,15.0,0.0,0.5,high,balanced,,False,,,,250000
Parallel PIAP,same_asset,0.415,15.0,0.0,0.5,high,growth,,False,,,,250000
Parallel PIAP,same_asset,0.415,15.0,0.5,0.0,low,preservation,,False,,,,250000
Parallel PIAP,same_asset,0.415,15.0,0.5,0.0,low,balanced,,False,,,,250000
Parallel PIAP,same_asset,0.415,15.0,0.5,0.0,low,growth,,False,,,,250000
Parallel PIAP,same_asset,0.415,15.0,0.5,0.0,base,preservation,,False,,,,250000
Parallel PIAP,same_asset,0.415,15.0,0.5,0.0,base,balanced,,False,,,,250000
Parallel PIAP,same_asset,0.415,15.0,0.5,0.0,base,growth,,False,,,,250000
Parallel PIAP,same_asset,0.415,15.0,0.5,0.0,high,preservation,,False,,,,250000
Parallel PIAP,same_asset,0.415,15.0,0.5,0.0,high,balanced,0.3,True,-924.819252736637,0.035728,383.0928530734862,250000
Parallel PIAP,same_asset,0.415,15.0,0.5,0.0,high,growth,0.0,True,-1193.6220906520296,0.094716,104.71617899198539,250000
Parallel PIAP,same_asset,0.415,15.0,0.5,0.1,low,preservation,,False,,,,250000
Parallel PIAP,same_asset,0.415,15.0,0.5,0.1,low,balanced,,False,,,,250000
Parallel PIAP,same_asset,0.415,15.0,0.5,0.1,low,growth,,False,,,,250000
Parallel PIAP,same_asset,0.415,15.0,0.5,0.1,base,preservation,,False,,,,250000
Parallel PIAP,same_asset,0.415,15.0,0.5,0.1,base,balanced,,False,,,,250000
Parallel PIAP,same_asset,0.415,15.0,0.5,0.1,base,growth,,False,,,,250000
Parallel PIAP,same_asset,0.415,15.0,0.5,0.1,high,preservation,,False,,,,250000
Parallel PIAP,same_asset,0.415,15.0,0.5,0.1,high,balanced,0.3,True,-924.819252736637,0.035728,306.218761219269,250000
Parallel PIAP,same_asset,0.415,15.0,0.5,0.1,high,growth,0.0,True,-1193.6220906520296,0.094716,27.84208713776824,250000
Parallel PIAP,same_asset,0.415,15.0,0.5,0.25,low,preservation,,False,,,,250000
Parallel PIAP,same_asset,0.415,15.0,0.5,0.25,low,balanced,,False,,,,250000
Parallel PIAP,same_asset,0.415,15.0,0.5,0.25,low,growth,,False,,,,250000
Parallel PIAP,same_asset,0.415,15.0,0.5,0.25,base,preservation,,False,,,,250000
Parallel PIAP,same_asset,0.415,15.0,0.5,0.25,base,balanced,,False,,,,250000
Parallel PIAP,same_asset,0.415,15.0,0.5,0.25,base,growth,,False,,,,250000
Parallel PIAP,same_asset,0.415,15.0,0.5,0.25,high,preservation,,False,,,,250000
Parallel PIAP,same_asset,0.415,15.0,0.5,0.25,high,balanced,0.3,True,-924.819252736637,0.035728,190.90762343794333,250000
Parallel PIAP,same_asset,0.415,15.0,0.5,0.25,high,growth,0.1,True,-1083.5832257627715,0.067216,5.323174050276077,250000
Parallel PIAP,same_asset,0.415,15.0,0.5,0.5,low,preservation,,False,,,,250000
Parallel PIAP,same_asset,0.415,15.0,0.5,0.5,low,balanced,,False,,,,250000
Parallel PIAP,same_asset,0.415,15.0,0.5,0.5,low,growth,,False,,,,250000
Parallel PIAP,same_asset,0.415,15.0,0.5,0.5,base,preservation,,False,,,,250000
Parallel PIAP,same_asset,0.415,15.0,0.5,0.5,base,balanced,,False,,,,250000
Parallel PIAP,same_asset,0.415,15.0,0.5,0.5,base,growth,,False,,,,250000
Parallel PIAP,same_asset,0.415,15.0,0.5,0.5,high,preservation,,False,,,,250000
Parallel PIAP,same_asset,0.415,15.0,0.5,0.5,high,balanced,,False,,,,250000
Parallel PIAP,same_asset,0.415,15.0,0.5,0.5,high,growth,,False,,,,250000
Parallel PIAP,same_asset,0.415,15.0,1.0,0.0,low,preservation,,False,,,,250000
Parallel PIAP,same_asset,0.415,15.0,1.0,0.0,low,balanced,,False,,,,250000
Parallel PIAP,same_asset,0.415,15.0,1.0,0.0,low,growth,,False,,,,250000
Parallel PIAP,same_asset,0.415,15.0,1.0,0.0,base,preservation,,False,,,,250000
Parallel PIAP,same_asset,0.415,15.0,1.0,0.0,base,balanced,,False,,,,250000
Parallel PIAP,same_asset,0.415,15.0,1.0,0.0,base,growth,,False,,,,250000
Parallel PIAP,same_asset,0.415,15.0,1.0,0.0,high,preservation,,False,,,,250000
Parallel PIAP,same_asset,0.415,15.0,1.0,0.0,high,balanced,0.3,True,-929.7198607116404,0.035728,496.10841711872615,250000
Parallel PIAP,same_asset,0.415,15.0,1.0,0.0,high,growth,0.0,True,-1209.1761310311156,0.094716,214.30833663798964,250000
Parallel PIAP,same_asset,0.415,15.0,1.0,0.1,low,preservation,,False,,,,250000
Parallel PIAP,same_asset,0.415,15.0,1.0,0.1,low,balanced,,False,,,,250000
Parallel PIAP,same_asset,0.415,15.0,1.0,0.1,low,growth,,False,,,,250000
Parallel PIAP,same_asset,0.415,15.0,1.0,0.1,base,preservation,,False,,,,250000
Parallel PIAP,same_asset,0.415,15.0,1.0,0.1,base,balanced,,False,,,,250000
Parallel PIAP,same_asset,0.415,15.0,1.0,0.1,base,growth,,False,,,,250000
Parallel PIAP,same_asset,0.415,15.0,1.0,0.1,high,preservation,,False,,,,250000
Parallel PIAP,same_asset,0.415,15.0,1.0,0.1,high,balanced,0.3,True,-929.7198607116404,0.035728,413.43189896092764,250000
Parallel PIAP,same_asset,0.415,15.0,1.0,0.1,high,growth,0.0,True,-1209.1761310311156,0.094716,131.63181848019116,250000
Parallel PIAP,same_asset,0.415,15.0,1.0,0.25,low,preservation,,False,,,,250000
Parallel PIAP,same_asset,0.415,15.0,1.0,0.25,low,balanced,,False,,,,250000
Parallel PIAP,same_asset,0.415,15.0,1.0,0.25,low,growth,,False,,,,250000
Parallel PIAP,same_asset,0.415,15.0,1.0,0.25,base,preservation,,False,,,,250000
Parallel PIAP,same_asset,0.415,15.0,1.0,0.25,base,balanced,,False,,,,250000
Parallel PIAP,same_asset,0.415,15.0,1.0,0.25,base,growth,,False,,,,250000
Parallel PIAP,same_asset,0.415,15.0,1.0,0.25,high,preservation,,False,,,,250000
Parallel PIAP,same_asset,0.415,15.0,1.0,0.25,high,balanced,0.3,True,-929.7198607116404,0.035728,289.41712172423,250000
Parallel PIAP,same_asset,0.415,15.0,1.0,0.25,high,growth,0.0,True,-1209.1761310311156,0.094716,7.617041243493448,250000
Parallel PIAP,same_asset,0.415,15.0,1.0,0.5,low,preservation,,False,,,,250000
Parallel PIAP,same_asset,0.415,15.0,1.0,0.5,low,balanced,,False,,,,250000
Parallel PIAP,same_asset,0.415,15.0,1.0,0.5,low,growth,,False,,,,250000
Parallel PIAP,same_asset,0.415,15.0,1.0,0.5,base,preservation,,False,,,,250000
Parallel PIAP,same_asset,0.415,15.0,1.0,0.5,base,balanced,,False,,,,250000
Parallel PIAP,same_asset,0.415,15.0,1.0,0.5,base,growth,,False,,,,250000
Parallel PIAP,same_asset,0.415,15.0,1.0,0.5,high,preservation,,False,,,,250000
Parallel PIAP,same_asset,0.415,15.0,1.0,0.5,high,balanced,0.3,True,-929.7198607116404,0.035728,82.72582632973378,250000
Parallel PIAP,same_asset,0.415,15.0,1.0,0.5,high,growth,0.3,True,-929.7198607116404,0.035728,82.72582632973378,250000
Parallel PIAP,same_asset,0.415,15.0,1.5,0.0,low,preservation,,False,,,,250000
Parallel PIAP,same_asset,0.415,15.0,1.5,0.0,low,balanced,,False,,,,250000
Parallel PIAP,same_asset,0.415,15.0,1.5,0.0,low,growth,,False,,,,250000
Parallel PIAP,same_asset,0.415,15.0,1.5,0.0,base,preservation,,False,,,,250000
Parallel PIAP,same_asset,0.415,15.0,1.5,0.0,base,balanced,,False,,,,250000
Parallel PIAP,same_asset,0.415,15.0,1.5,0.0,base,growth,,False,,,,250000
Parallel PIAP,same_asset,0.415,15.0,1.5,0.0,high,preservation,,False,,,,250000
Parallel PIAP,same_asset,0.415,15.0,1.5,0.0,high,balanced,0.3,True,-934.7760779994783,0.035728,614.7609054347463,250000
Parallel PIAP,same_asset,0.415,15.0,1.5,0.0,high,growth,0.0,True,-1225.2505355833287,0.094716,329.42208235922277,250000
Parallel PIAP,same_asset,0.415,15.0,1.5,0.1,low,preservation,,False,,,,250000
Parallel PIAP,same_asset,0.415,15.0,1.5,0.1,low,balanced,,False,,,,250000
Parallel PIAP,same_asset,0.415,15.0,1.5,0.1,low,growth,,False,,,,250000
Parallel PIAP,same_asset,0.415,15.0,1.5,0.1,base,preservation,,False,,,,250000
Parallel PIAP,same_asset,0.415,15.0,1.5,0.1,base,balanced,,False,,,,250000
Parallel PIAP,same_asset,0.415,15.0,1.5,0.1,base,growth,,False,,,,250000
Parallel PIAP,same_asset,0.415,15.0,1.5,0.1,high,preservation,,False,,,,250000
Parallel PIAP,same_asset,0.415,15.0,1.5,0.1,high,balanced,0.3,True,-934.7760779994783,0.035728,525.9987512288965,250000
Parallel PIAP,same_asset,0.415,15.0,1.5,0.1,high,growth,0.0,True,-1225.2505355833287,0.094716,240.6599281533729,250000
Parallel PIAP,same_asset,0.415,15.0,1.5,0.25,low,preservation,,False,,,,250000
Parallel PIAP,same_asset,0.415,15.0,1.5,0.25,low,balanced,,False,,,,250000
Parallel PIAP,same_asset,0.415,15.0,1.5,0.25,low,growth,,False,,,,250000
Parallel PIAP,same_asset,0.415,15.0,1.5,0.25,base,preservation,,False,,,,250000
Parallel PIAP,same_asset,0.415,15.0,1.5,0.25,base,balanced,,False,,,,250000
Parallel PIAP,same_asset,0.415,15.0,1.5,0.25,base,growth,,False,,,,250000
Parallel PIAP,same_asset,0.415,15.0,1.5,0.25,high,preservation,,False,,,,250000
Parallel PIAP,same_asset,0.415,15.0,1.5,0.25,high,balanced,0.3,True,-934.7760779994783,0.035728,392.8555199201217,250000
Parallel PIAP,same_asset,0.415,15.0,1.5,0.25,high,growth,0.0,True,-1225.2505355833287,0.094716,107.51669684459823,250000
Parallel PIAP,same_asset,0.415,15.0,1.5,0.5,low,preservation,,False,,,,250000
Parallel PIAP,same_asset,0.415,15.0,1.5,0.5,low,balanced,,False,,,,250000
Parallel PIAP,same_asset,0.415,15.0,1.5,0.5,low,growth,,False,,,,250000
Parallel PIAP,same_asset,0.415,15.0,1.5,0.5,base,preservation,,False,,,,250000
Parallel PIAP,same_asset,0.415,15.0,1.5,0.5,base,balanced,,False,,,,250000
Parallel PIAP,same_asset,0.415,15.0,1.5,0.5,base,growth,,False,,,,250000
Parallel PIAP,same_asset,0.415,15.0,1.5,0.5,high,preservation,,False,,,,250000
Parallel PIAP,same_asset,0.415,15.0,1.5,0.5,high,balanced,0.3,True,-934.7760779994783,0.035728,170.95013440549727,250000
Parallel PIAP,same_asset,0.415,15.0,1.5,0.5,high,growth,0.2,True,-1012.9360881170703,0.046552,75.83719338032279,250000
Parallel PIAP,same_asset,0.415,18.0,0.0,0.0,low,preservation,,False,,,,250000
Parallel PIAP,same_asset,0.415,18.0,0.0,0.0,low,balanced,,False,,,,250000
Parallel PIAP,same_asset,0.415,18.0,0.0,0.0,low,growth,,False,,,,250000
Parallel PIAP,same_asset,0.415,18.0,0.0,0.0,base,preservation,,False,,,,250000
Parallel PIAP,same_asset,0.415,18.0,0.0,0.0,base,balanced,,False,,,,250000
Parallel PIAP,same_asset,0.415,18.0,0.0,0.0,base,growth,,False,,,,250000
Parallel PIAP,same_asset,0.415,18.0,0.0,0.0,high,preservation,,False,,,,250000
Parallel PIAP,same_asset,0.415,18.0,0.0,0.0,high,balanced,0.2,True,-996.1278265476358,0.046552,183.8255816169824,250000
Parallel PIAP,same_asset,0.415,18.0,0.0,0.0,high,growth,0.0,True,-1178.5694457769846,0.094716,0.44933245247218084,250000
Parallel PIAP,same_asset,0.415,18.0,0.0,0.1,low,preservation,,False,,,,250000
Parallel PIAP,same_asset,0.415,18.0,0.0,0.1,low,balanced,,False,,,,250000
Parallel PIAP,same_asset,0.415,18.0,0.0,0.1,low,growth,,False,,,,250000
Parallel PIAP,same_asset,0.415,18.0,0.0,0.1,base,preservation,,False,,,,250000
Parallel PIAP,same_asset,0.415,18.0,0.0,0.1,base,balanced,,False,,,,250000
Parallel PIAP,same_asset,0.415,18.0,0.0,0.1,base,growth,,False,,,,250000
Parallel PIAP,same_asset,0.415,18.0,0.0,0.1,high,preservation,,False,,,,250000
Parallel PIAP,same_asset,0.415,18.0,0.0,0.1,high,balanced,0.2,True,-996.1278265476358,0.046552,93.21098450011084,250000
Parallel PIAP,same_asset,0.415,18.0,0.0,0.1,high,growth,0.1,True,-1072.1868039690485,0.067216,1.5228599178557147,250000
Parallel PIAP,same_asset,0.415,18.0,0.0,0.25,low,preservation,,False,,,,250000
Parallel PIAP,same_asset,0.415,18.0,0.0,0.25,low,balanced,,False,,,,250000
Parallel PIAP,same_asset,0.415,18.0,0.0,0.25,low,growth,,False,,,,250000
Parallel PIAP,same_asset,0.415,18.0,0.0,0.25,base,preservation,,False,,,,250000
Parallel PIAP,same_asset,0.415,18.0,0.0,0.25,base,balanced,,False,,,,250000
Parallel PIAP,same_asset,0.415,18.0,0.0,0.25,base,growth,,False,,,,250000
Parallel PIAP,same_asset,0.415,18.0,0.0,0.25,high,preservation,,False,,,,250000
Parallel PIAP,same_asset,0.415,18.0,0.0,0.25,high,balanced,0.3,True,-920.068849126223,0.035728,48.97721340705871,250000
Parallel PIAP,same_asset,0.415,18.0,0.0,0.25,high,growth,0.3,True,-920.068849126223,0.035728,48.97721340705871,250000
Parallel PIAP,same_asset,0.415,18.0,0.0,0.5,low,preservation,,False,,,,250000
Parallel PIAP,same_asset,0.415,18.0,0.0,0.5,low,balanced,,False,,,,250000
Parallel PIAP,same_asset,0.415,18.0,0.0,0.5,low,growth,,False,,,,250000
Parallel PIAP,same_asset,0.415,18.0,0.0,0.5,base,preservation,,False,,,,250000
Parallel PIAP,same_asset,0.415,18.0,0.0,0.5,base,balanced,,False,,,,250000
Parallel PIAP,same_asset,0.415,18.0,0.0,0.5,base,growth,,False,,,,250000
Parallel PIAP,same_asset,0.415,18.0,0.0,0.5,high,preservation,,False,,,,250000
Parallel PIAP,same_asset,0.415,18.0,0.0,0.5,high,balanced,,False,,,,250000
Parallel PIAP,same_asset,0.415,18.0,0.0,0.5,high,growth,,False,,,,250000
Parallel PIAP,same_asset,0.415,18.0,0.5,0.0,low,preservation,,False,,,,250000
Parallel PIAP,same_asset,0.415,18.0,0.5,0.0,low,balanced,,False,,,,250000
Parallel PIAP,same_asset,0.415,18.0,0.5,0.0,low,growth,,False,,,,250000
Parallel PIAP,same_asset,0.415,18.0,0.5,0.0,base,preservation,,False,,,,250000
Parallel PIAP,same_asset,0.415,18.0,0.5,0.0,base,balanced,,False,,,,250000
Parallel PIAP,same_asset,0.415,18.0,0.5,0.0,base,growth,,False,,,,250000
Parallel PIAP,same_asset,0.415,18.0,0.5,0.0,high,preservation,,False,,,,250000
Parallel PIAP,same_asset,0.415,18.0,0.5,0.0,high,balanced,0.3,True,-924.819252736637,0.035728,383.1573275732089,250000
Parallel PIAP,same_asset,0.415,18.0,0.5,0.0,high,growth,0.0,True,-1193.6220906520296,0.094716,104.78065349170805,250000
Parallel PIAP,same_asset,0.415,18.0,0.5,0.1,low,preservation,,False,,,,250000
Parallel PIAP,same_asset,0.415,18.0,0.5,0.1,low,balanced,,False,,,,250000
Parallel PIAP,same_asset,0.415,18.0,0.5,0.1,low,growth,,False,,,,250000
Parallel PIAP,same_asset,0.415,18.0,0.5,0.1,base,preservation,,False,,,,250000
Parallel PIAP,same_asset,0.415,18.0,0.5,0.1,base,balanced,,False,,,,250000
Parallel PIAP,same_asset,0.415,18.0,0.5,0.1,base,growth,,False,,,,250000
Parallel PIAP,same_asset,0.415,18.0,0.5,0.1,high,preservation,,False,,,,250000
Parallel PIAP,same_asset,0.415,18.0,0.5,0.1,high,balanced,0.3,True,-924.819252736637,0.035728,287.01033404901796,250000
Parallel PIAP,same_asset,0.415,18.0,0.5,0.1,high,growth,0.0,True,-1193.6220906520296,0.094716,8.63365996751716,250000
Parallel PIAP,same_asset,0.415,18.0,0.5,0.25,low,preservation,,False,,,,250000
Parallel PIAP,same_asset,0.415,18.0,0.5,0.25,low,balanced,,False,,,,250000
Parallel PIAP,same_asset,0.415,18.0,0.5,0.25,low,growth,,False,,,,250000
Parallel PIAP,same_asset,0.415,18.0,0.5,0.25,base,preservation,,False,,,,250000
Parallel PIAP,same_asset,0.415,18.0,0.5,0.25,base,balanced,,False,,,,250000
Parallel PIAP,same_asset,0.415,18.0,0.5,0.25,base,growth,,False,,,,250000
Parallel PIAP,same_asset,0.415,18.0,0.5,0.25,high,preservation,,False,,,,250000
Parallel PIAP,same_asset,0.415,18.0,0.5,0.25,high,balanced,0.3,True,-924.819252736637,0.035728,142.78984376273166,250000
Parallel PIAP,same_asset,0.415,18.0,0.5,0.25,high,growth,0.2,True,-1001.5568592452519,0.046552,49.997619068898096,250000
Parallel PIAP,same_asset,0.415,18.0,0.5,0.5,low,preservation,,False,,,,250000
Parallel PIAP,same_asset,0.415,18.0,0.5,0.5,low,balanced,,False,,,,250000
Parallel PIAP,same_asset,0.415,18.0,0.5,0.5,low,growth,,False,,,,250000
Parallel PIAP,same_asset,0.415,18.0,0.5,0.5,base,preservation,,False,,,,250000
Parallel PIAP,same_asset,0.415,18.0,0.5,0.5,base,balanced,,False,,,,250000
Parallel PIAP,same_asset,0.415,18.0,0.5,0.5,base,growth,,False,,,,250000
Parallel PIAP,same_asset,0.415,18.0,0.5,0.5,high,preservation,,False,,,,250000
Parallel PIAP,same_asset,0.415,18.0,0.5,0.5,high,balanced,,False,,,,250000
Parallel PIAP,same_asset,0.415,18.0,0.5,0.5,high,growth,,False,,,,250000
Parallel PIAP,same_asset,0.415,18.0,1.0,0.0,low,preservation,,False,,,,250000
Parallel PIAP,same_asset,0.415,18.0,1.0,0.0,low,balanced,,False,,,,250000
Parallel PIAP,same_asset,0.415,18.0,1.0,0.0,low,growth,,False,,,,250000
Parallel PIAP,same_asset,0.415,18.0,1.0,0.0,base,preservation,,False,,,,250000
Parallel PIAP,same_asset,0.415,18.0,1.0,0.0,base,balanced,,False,,,,250000
Parallel PIAP,same_asset,0.415,18.0,1.0,0.0,base,growth,,False,,,,250000
Parallel PIAP,same_asset,0.415,18.0,1.0,0.0,high,preservation,,False,,,,250000
Parallel PIAP,same_asset,0.415,18.0,1.0,0.0,high,balanced,0.3,True,-929.7198607116404,0.035728,496.1728916184488,250000
Parallel PIAP,same_asset,0.415,18.0,1.0,0.0,high,growth,0.0,True,-1209.1761310311156,0.094716,214.3728111377123,250000
Parallel PIAP,same_asset,0.415,18.0,1.0,0.1,low,preservation,,False,,,,250000
Parallel PIAP,same_asset,0.415,18.0,1.0,0.1,low,balanced,,False,,,,250000
Parallel PIAP,same_asset,0.415,18.0,1.0,0.1,low,growth,,False,,,,250000
Parallel PIAP,same_asset,0.415,18.0,1.0,0.1,base,preservation,,False,,,,250000
Parallel PIAP,same_asset,0.415,18.0,1.0,0.1,base,balanced,,False,,,,250000
Parallel PIAP,same_asset,0.415,18.0,1.0,0.1,base,growth,,False,,,,250000
Parallel PIAP,same_asset,0.415,18.0,1.0,0.1,high,preservation,,False,,,,250000
Parallel PIAP,same_asset,0.415,18.0,1.0,0.1,high,balanced,0.3,True,-929.7198607116404,0.035728,394.22347179067657,250000
Parallel PIAP,same_asset,0.415,18.0,1.0,0.1,high,growth,0.0,True,-1209.1761310311156,0.094716,112.42339130994007,250000
Parallel PIAP,same_asset,0.415,18.0,1.0,0.25,low,preservation,,False,,,,250000
Parallel PIAP,same_asset,0.415,18.0,1.0,0.25,low,balanced,,False,,,,250000
Parallel PIAP,same_asset,0.415,18.0,1.0,0.25,low,growth,,False,,,,250000
Parallel PIAP,same_asset,0.415,18.0,1.0,0.25,base,preservation,,False,,,,250000
Parallel PIAP,same_asset,0.415,18.0,1.0,0.25,base,balanced,,False,,,,250000
Parallel PIAP,same_asset,0.415,18.0,1.0,0.25,base,growth,,False,,,,250000
Parallel PIAP,same_asset,0.415,18.0,1.0,0.25,high,preservation,,False,,,,250000
Parallel PIAP,same_asset,0.415,18.0,1.0,0.25,high,balanced,0.3,True,-929.7198607116404,0.035728,241.29934204901826,250000
Parallel PIAP,same_asset,0.415,18.0,1.0,0.25,high,growth,0.1,True,-1097.5818621039489,0.067216,53.432621728527245,250000
Parallel PIAP,same_asset,0.415,18.0,1.0,0.5,low,preservation,,False,,,,250000
Parallel PIAP,same_asset,0.415,18.0,1.0,0.5,low,balanced,,False,,,,250000
Parallel PIAP,same_asset,0.415,18.0,1.0,0.5,low,growth,,False,,,,250000
Parallel PIAP,same_asset,0.415,18.0,1.0,0.5,base,preservation,,False,,,,250000
Parallel PIAP,same_asset,0.415,18.0,1.0,0.5,base,balanced,,False,,,,250000
Parallel PIAP,same_asset,0.415,18.0,1.0,0.5,base,growth,,False,,,,250000
Parallel PIAP,same_asset,0.415,18.0,1.0,0.5,high,preservation,,False,,,,250000
Parallel PIAP,same_asset,0.415,18.0,1.0,0.5,high,balanced,,False,,,,250000
Parallel PIAP,same_asset,0.415,18.0,1.0,0.5,high,growth,,False,,,,250000
Parallel PIAP,same_asset,0.415,18.0,1.5,0.0,low,preservation,,False,,,,250000
Parallel PIAP,same_asset,0.415,18.0,1.5,0.0,low,balanced,,False,,,,250000
Parallel PIAP,same_asset,0.415,18.0,1.5,0.0,low,growth,,False,,,,250000
Parallel PIAP,same_asset,0.415,18.0,1.5,0.0,base,preservation,,False,,,,250000
Parallel PIAP,same_asset,0.415,18.0,1.5,0.0,base,balanced,,False,,,,250000
Parallel PIAP,same_asset,0.415,18.0,1.5,0.0,base,growth,,False,,,,250000
Parallel PIAP,same_asset,0.415,18.0,1.5,0.0,high,preservation,,False,,,,250000
Parallel PIAP,same_asset,0.415,18.0,1.5,0.0,high,balanced,0.3,True,-934.7760779994783,0.035728,614.8253799344689,250000
Parallel PIAP,same_asset,0.415,18.0,1.5,0.0,high,growth,0.0,True,-1225.2505355833287,0.094716,329.4865568589454,250000
Parallel PIAP,same_asset,0.415,18.0,1.5,0.1,low,preservation,,False,,,,250000
Parallel PIAP,same_asset,0.415,18.0,1.5,0.1,low,balanced,,False,,,,250000
Parallel PIAP,same_asset,0.415,18.0,1.5,0.1,low,growth,,False,,,,250000
Parallel PIAP,same_asset,0.415,18.0,1.5,0.1,base,preservation,,False,,,,250000
Parallel PIAP,same_asset,0.415,18.0,1.5,0.1,base,balanced,,False,,,,250000
Parallel PIAP,same_asset,0.415,18.0,1.5,0.1,base,growth,,False,,,,250000
Parallel PIAP,same_asset,0.415,18.0,1.5,0.1,high,preservation,,False,,,,250000
Parallel PIAP,same_asset,0.415,18.0,1.5,0.1,high,balanced,0.3,True,-934.7760779994783,0.035728,506.79032405864535,250000
Parallel PIAP,same_asset,0.415,18.0,1.5,0.1,high,growth,0.0,True,-1225.2505355833287,0.094716,221.4515009831218,250000
Parallel PIAP,same_asset,0.415,18.0,1.5,0.25,low,preservation,,False,,,,250000
Parallel PIAP,same_asset,0.415,18.0,1.5,0.25,low,balanced,,False,,,,250000
Parallel PIAP,same_asset,0.415,18.0,1.5,0.25,low,growth,,False,,,,250000
Parallel PIAP,same_asset,0.415,18.0,1.5,0.25,base,preservation,,False,,,,250000
Parallel PIAP,same_asset,0.415,18.0,1.5,0.25,base,balanced,,False,,,,250000
Parallel PIAP,same_asset,0.415,18.0,1.5,0.25,base,growth,,False,,,,250000
Parallel PIAP,same_asset,0.415,18.0,1.5,0.25,high,preservation,,False,,,,250000
Parallel PIAP,same_asset,0.415,18.0,1.5,0.25,high,balanced,0.3,True,-934.7760779994783,0.035728,344.73774024491007,250000
Parallel PIAP,same_asset,0.415,18.0,1.5,0.25,high,growth,0.0,True,-1225.2505355833287,0.094716,59.39891716938654,250000
Parallel PIAP,same_asset,0.415,18.0,1.5,0.5,low,preservation,,False,,,,250000
Parallel PIAP,same_asset,0.415,18.0,1.5,0.5,low,balanced,,False,,,,250000
Parallel PIAP,same_asset,0.415,18.0,1.5,0.5,low,growth,,False,,,,250000
Parallel PIAP,same_asset,0.415,18.0,1.5,0.5,base,preservation,,False,,,,250000
Parallel PIAP,same_asset,0.415,18.0,1.5,0.5,base,balanced,,False,,,,250000
Parallel PIAP,same_asset,0.415,18.0,1.5,0.5,base,growth,,False,,,,250000
Parallel PIAP,same_asset,0.415,18.0,1.5,0.5,high,preservation,,False,,,,250000
Parallel PIAP,same_asset,0.415,18.0,1.5,0.5,high,balanced,0.3,True,-934.7760779994783,0.035728,74.65010055535124,250000
Parallel PIAP,same_asset,0.415,18.0,1.5,0.5,high,growth,0.3,True,-934.7760779994783,0.035728,74.65010055535124,250000
Parallel PIAP,same_asset,0.6,12.0,0.0,0.0,low,preservation,,False,,,,100000
Parallel PIAP,same_asset,0.6,12.0,0.0,0.0,low,balanced,,False,,,,100000
Parallel PIAP,same_asset,0.6,12.0,0.0,0.0,low,growth,,False,,,,100000
Parallel PIAP,same_asset,0.6,12.0,0.0,0.0,base,preservation,,False,,,,100000
Parallel PIAP,same_asset,0.6,12.0,0.0,0.0,base,balanced,,False,,,,100000
Parallel PIAP,same_asset,0.6,12.0,0.0,0.0,base,growth,,False,,,,100000
Parallel PIAP,same_asset,0.6,12.0,0.0,0.0,high,preservation,,False,,,,100000
Parallel PIAP,same_asset,0.6,12.0,0.0,0.0,high,balanced,,False,,,,100000
Parallel PIAP,same_asset,0.6,12.0,0.0,0.0,high,growth,0.1,True,-1337.1671128442445,0.07723,89.95162086285013,100000
Parallel PIAP,same_asset,0.6,12.0,0.0,0.1,low,preservation,,False,,,,100000
Parallel PIAP,same_asset,0.6,12.0,0.0,0.1,low,balanced,,False,,,,100000
Parallel PIAP,same_asset,0.6,12.0,0.0,0.1,low,growth,,False,,,,100000
Parallel PIAP,same_asset,0.6,12.0,0.0,0.1,base,preservation,,False,,,,100000
Parallel PIAP,same_asset,0.6,12.0,0.0,0.1,base,balanced,,False,,,,100000
Parallel PIAP,same_asset,0.6,12.0,0.0,0.1,base,growth,,False,,,,100000
Parallel PIAP,same_asset,0.6,12.0,0.0,0.1,high,preservation,,False,,,,100000
Parallel PIAP,same_asset,0.6,12.0,0.0,0.1,high,balanced,,False,,,,100000
Parallel PIAP,same_asset,0.6,12.0,0.0,0.1,high,growth,0.1,True,-1337.1671128442445,0.07723,37.548025331836726,100000
Parallel PIAP,same_asset,0.6,12.0,0.0,0.25,low,preservation,,False,,,,100000
Parallel PIAP,same_asset,0.6,12.0,0.0,0.25,low,balanced,,False,,,,100000
Parallel PIAP,same_asset,0.6,12.0,0.0,0.25,low,growth,,False,,,,100000
Parallel PIAP,same_asset,0.6,12.0,0.0,0.25,base,preservation,,False,,,,100000
Parallel PIAP,same_asset,0.6,12.0,0.0,0.25,base,balanced,,False,,,,100000
Parallel PIAP,same_asset,0.6,12.0,0.0,0.25,base,growth,,False,,,,100000
Parallel PIAP,same_asset,0.6,12.0,0.0,0.25,high,preservation,,False,,,,100000
Parallel PIAP,same_asset,0.6,12.0,0.0,0.25,high,balanced,,False,,,,100000
Parallel PIAP,same_asset,0.6,12.0,0.0,0.25,high,growth,0.2,True,-1231.665878881143,0.06055,50.63970010933341,100000
Parallel PIAP,same_asset,0.6,12.0,0.0,0.5,low,preservation,,False,,,,100000
Parallel PIAP,same_asset,0.6,12.0,0.0,0.5,low,balanced,,False,,,,100000
Parallel PIAP,same_asset,0.6,12.0,0.0,0.5,low,growth,,False,,,,100000
Parallel PIAP,same_asset,0.6,12.0,0.0,0.5,base,preservation,,False,,,,100000
Parallel PIAP,same_asset,0.6,12.0,0.0,0.5,base,balanced,,False,,,,100000
Parallel PIAP,same_asset,0.6,12.0,0.0,0.5,base,growth,,False,,,,100000
Parallel PIAP,same_asset,0.6,12.0,0.0,0.5,high,preservation,,False,,,,100000
Parallel PIAP,same_asset,0.6,12.0,0.0,0.5,high,balanced,,False,,,,100000
Parallel PIAP,same_asset,0.6,12.0,0.0,0.5,high,growth,0.3,True,-1094.2090061041358,0.04954,11.327779355816645,100000
Parallel PIAP,same_asset,0.6,12.0,0.5,0.0,low,preservation,,False,,,,100000
Parallel PIAP,same_asset,0.6,12.0,0.5,0.0,low,balanced,,False,,,,100000
Parallel PIAP,same_asset,0.6,12.0,0.5,0.0,low,growth,,False,,,,100000
Parallel PIAP,same_asset,0.6,12.0,0.5,0.0,base,preservation,,False,,,,100000
Parallel PIAP,same_asset,0.6,12.0,0.5,0.0,base,balanced,,False,,,,100000
Parallel PIAP,same_asset,0.6,12.0,0.5,0.0,base,growth,,False,,,,100000
Parallel PIAP,same_asset,0.6,12.0,0.5,0.0,high,preservation,,False,,,,100000
Parallel PIAP,same_asset,0.6,12.0,0.5,0.0,high,balanced,,False,,,,100000
Parallel PIAP,same_asset,0.6,12.0,0.5,0.0,high,growth,0.0,True,-1463.0272194234062,0.10222,102.3860694933841,100000
Parallel PIAP,same_asset,0.6,12.0,0.5,0.1,low,preservation,,False,,,,100000
Parallel PIAP,same_asset,0.6,12.0,0.5,0.1,low,balanced,,False,,,,100000
Parallel PIAP,same_asset,0.6,12.0,0.5,0.1,low,growth,,False,,,,100000
Parallel PIAP,same_asset,0.6,12.0,0.5,0.1,base,preservation,,False,,,,100000
Parallel PIAP,same_asset,0.6,12.0,0.5,0.1,base,balanced,,False,,,,100000
Parallel PIAP,same_asset,0.6,12.0,0.5,0.1,base,growth,,False,,,,100000
Parallel PIAP,same_asset,0.6,12.0,0.5,0.1,high,preservation,,False,,,,100000
Parallel PIAP,same_asset,0.6,12.0,0.5,0.1,high,balanced,,False,,,,100000
Parallel PIAP,same_asset,0.6,12.0,0.5,0.1,high,growth,0.0,True,-1463.0272194234062,0.10222,43.493743415712984,100000
Parallel PIAP,same_asset,0.6,12.0,0.5,0.25,low,preservation,,False,,,,100000
Parallel PIAP,same_asset,0.6,12.0,0.5,0.25,low,balanced,,False,,,,100000
Parallel PIAP,same_asset,0.6,12.0,0.5,0.25,low,growth,,False,,,,100000
Parallel PIAP,same_asset,0.6,12.0,0.5,0.25,base,preservation,,False,,,,100000
Parallel PIAP,same_asset,0.6,12.0,0.5,0.25,base,balanced,,False,,,,100000
Parallel PIAP,same_asset,0.6,12.0,0.5,0.25,base,growth,,False,,,,100000
Parallel PIAP,same_asset,0.6,12.0,0.5,0.25,high,preservation,,False,,,,100000
Parallel PIAP,same_asset,0.6,12.0,0.5,0.25,high,balanced,,False,,,,100000
Parallel PIAP,same_asset,0.6,12.0,0.5,0.25,high,growth,0.1,True,-1349.3824364138811,0.07723,47.95640850868902,100000
Parallel PIAP,same_asset,0.6,12.0,0.5,0.5,low,preservation,,False,,,,100000
Parallel PIAP,same_asset,0.6,12.0,0.5,0.5,low,balanced,,False,,,,100000
Parallel PIAP,same_asset,0.6,12.0,0.5,0.5,low,growth,,False,,,,100000
Parallel PIAP,same_asset,0.6,12.0,0.5,0.5,base,preservation,,False,,,,100000
Parallel PIAP,same_asset,0.6,12.0,0.5,0.5,base,balanced,,False,,,,100000
Parallel PIAP,same_asset,0.6,12.0,0.5,0.5,base,growth,,False,,,,100000
Parallel PIAP,same_asset,0.6,12.0,0.5,0.5,high,preservation,,False,,,,100000
Parallel PIAP,same_asset,0.6,12.0,0.5,0.5,high,balanced,,False,,,,100000
Parallel PIAP,same_asset,0.6,12.0,0.5,0.5,high,growth,0.3,True,-1096.6143046487582,0.04954,86.3279017334767,100000
Parallel PIAP,same_asset,0.6,12.0,1.0,0.0,low,preservation,,False,,,,100000
Parallel PIAP,same_asset,0.6,12.0,1.0,0.0,low,balanced,,False,,,,100000
Parallel PIAP,same_asset,0.6,12.0,1.0,0.0,low,growth,,False,,,,100000
Parallel PIAP,same_asset,0.6,12.0,1.0,0.0,base,preservation,,False,,,,100000
Parallel PIAP,same_asset,0.6,12.0,1.0,0.0,base,balanced,,False,,,,100000
Parallel PIAP,same_asset,0.6,12.0,1.0,0.0,base,growth,,False,,,,100000
Parallel PIAP,same_asset,0.6,12.0,1.0,0.0,high,preservation,,False,,,,100000
Parallel PIAP,same_asset,0.6,12.0,1.0,0.0,high,balanced,,False,,,,100000
Parallel PIAP,same_asset,0.6,12.0,1.0,0.0,high,growth,0.0,True,-1484.0298250305636,0.10222,211.76873987737372,100000
Parallel PIAP,same_asset,0.6,12.0,1.0,0.1,low,preservation,,False,,,,100000
Parallel PIAP,same_asset,0.6,12.0,1.0,0.1,low,balanced,,False,,,,100000
Parallel PIAP,same_asset,0.6,12.0,1.0,0.1,low,growth,,False,,,,100000
Parallel PIAP,same_asset,0.6,12.0,1.0,0.1,base,preservation,,False,,,,100000
Parallel PIAP,same_asset,0.6,12.0,1.0,0.1,base,balanced,,False,,,,100000
Parallel PIAP,same_asset,0.6,12.0,1.0,0.1,base,growth,,False,,,,100000
Parallel PIAP,same_asset,0.6,12.0,1.0,0.1,high,preservation,,False,,,,100000
Parallel PIAP,same_asset,0.6,12.0,1.0,0.1,high,balanced,,False,,,,100000
Parallel PIAP,same_asset,0.6,12.0,1.0,0.1,high,growth,0.0,True,-1484.0298250305636,0.10222,146.07097578897606,100000
Parallel PIAP,same_asset,0.6,12.0,1.0,0.25,low,preservation,,False,,,,100000
Parallel PIAP,same_asset,0.6,12.0,1.0,0.25,low,balanced,,False,,,,100000
Parallel PIAP,same_asset,0.6,12.0,1.0,0.25,low,growth,,False,,,,100000
Parallel PIAP,same_asset,0.6,12.0,1.0,0.25,base,preservation,,False,,,,100000
Parallel PIAP,same_asset,0.6,12.0,1.0,0.25,base,balanced,,False,,,,100000
Parallel PIAP,same_asset,0.6,12.0,1.0,0.25,base,growth,,False,,,,100000
Parallel PIAP,same_asset,0.6,12.0,1.0,0.25,high,preservation,,False,,,,100000
Parallel PIAP,same_asset,0.6,12.0,1.0,0.25,high,balanced,,False,,,,100000
Parallel PIAP,same_asset,0.6,12.0,1.0,0.25,high,growth,0.0,True,-1484.0298250305636,0.10222,47.52432965637954,100000
Parallel PIAP,same_asset,0.6,12.0,1.0,0.5,low,preservation,,False,,,,100000
Parallel PIAP,same_asset,0.6,12.0,1.0,0.5,low,balanced,,False,,,,100000
Parallel PIAP,same_asset,0.6,12.0,1.0,0.5,low,growth,,False,,,,100000
Parallel PIAP,same_asset,0.6,12.0,1.0,0.5,base,preservation,,False,,,,100000
Parallel PIAP,same_asset,0.6,12.0,1.0,0.5,base,balanced,,False,,,,100000
Parallel PIAP,same_asset,0.6,12.0,1.0,0.5,base,growth,,False,,,,100000
Parallel PIAP,same_asset,0.6,12.0,1.0,0.5,high,preservation,,False,,,,100000
Parallel PIAP,same_asset,0.6,12.0,1.0,0.5,high,balanced,,False,,,,100000
Parallel PIAP,same_asset,0.6,12.0,1.0,0.5,high,growth,0.2,True,-1253.7253339335261,0.06055,71.16445561221245,100000
Parallel PIAP,same_asset,0.6,12.0,1.5,0.0,low,preservation,,False,,,,100000
Parallel PIAP,same_asset,0.6,12.0,1.5,0.0,low,balanced,,False,,,,100000
Parallel PIAP,same_asset,0.6,12.0,1.5,0.0,low,growth,,False,,,,100000
Parallel PIAP,same_asset,0.6,12.0,1.5,0.0,base,preservation,,False,,,,100000
Parallel PIAP,same_asset,0.6,12.0,1.5,0.0,base,balanced,,False,,,,100000
Parallel PIAP,same_asset,0.6,12.0,1.5,0.0,base,growth,,False,,,,100000
Parallel PIAP,same_asset,0.6,12.0,1.5,0.0,high,preservation,,False,,,,100000
Parallel PIAP,same_asset,0.6,12.0,1.5,0.0,high,balanced,,False,,,,100000
Parallel PIAP,same_asset,0.6,12.0,1.5,0.0,high,growth,0.1,True,-1374.9857013754724,0.07723,421.7846636509077,100000
Parallel PIAP,same_asset,0.6,12.0,1.5,0.1,low,preservation,,False,,,,100000
Parallel PIAP,same_asset,0.6,12.0,1.5,0.1,low,balanced,,False,,,,100000
Parallel PIAP,same_asset,0.6,12.0,1.5,0.1,low,growth,,False,,,,100000
Parallel PIAP,same_asset,0.6,12.0,1.5,0.1,base,preservation,,False,,,,100000
Parallel PIAP,same_asset,0.6,12.0,1.5,0.1,base,balanced,,False,,,,100000
Parallel PIAP,same_asset,0.6,12.0,1.5,0.1,base,growth,,False,,,,100000
Parallel PIAP,same_asset,0.6,12.0,1.5,0.1,high,preservation,,False,,,,100000
Parallel PIAP,same_asset,0.6,12.0,1.5,0.1,high,balanced,,False,,,,100000
Parallel PIAP,same_asset,0.6,12.0,1.5,0.1,high,growth,0.1,True,-1374.9857013754724,0.07723,348.94929596118646,100000
Parallel PIAP,same_asset,0.6,12.0,1.5,0.25,low,preservation,,False,,,,100000
Parallel PIAP,same_asset,0.6,12.0,1.5,0.25,low,balanced,,False,,,,100000
Parallel PIAP,same_asset,0.6,12.0,1.5,0.25,low,growth,,False,,,,100000
Parallel PIAP,same_asset,0.6,12.0,1.5,0.25,base,preservation,,False,,,,100000
Parallel PIAP,same_asset,0.6,12.0,1.5,0.25,base,balanced,,False,,,,100000
Parallel PIAP,same_asset,0.6,12.0,1.5,0.25,base,growth,,False,,,,100000
Parallel PIAP,same_asset,0.6,12.0,1.5,0.25,high,preservation,,False,,,,100000
Parallel PIAP,same_asset,0.6,12.0,1.5,0.25,high,balanced,,False,,,,100000
Parallel PIAP,same_asset,0.6,12.0,1.5,0.25,high,growth,0.1,True,-1374.9857013754724,0.07723,239.69624442660472,100000
Parallel PIAP,same_asset,0.6,12.0,1.5,0.5,low,preservation,,False,,,,100000
Parallel PIAP,same_asset,0.6,12.0,1.5,0.5,low,balanced,,False,,,,100000
Parallel PIAP,same_asset,0.6,12.0,1.5,0.5,low,growth,,False,,,,100000
Parallel PIAP,same_asset,0.6,12.0,1.5,0.5,base,preservation,,False,,,,100000
Parallel PIAP,same_asset,0.6,12.0,1.5,0.5,base,balanced,,False,,,,100000
Parallel PIAP,same_asset,0.6,12.0,1.5,0.5,base,growth,,False,,,,100000
Parallel PIAP,same_asset,0.6,12.0,1.5,0.5,high,preservation,,False,,,,100000
Parallel PIAP,same_asset,0.6,12.0,1.5,0.5,high,balanced,,False,,,,100000
Parallel PIAP,same_asset,0.6,12.0,1.5,0.5,high,growth,0.1,True,-1374.9857013754724,0.07723,57.60782520230176,100000
Parallel PIAP,same_asset,0.6,15.0,0.0,0.0,low,preservation,,False,,,,100000
Parallel PIAP,same_asset,0.6,15.0,0.0,0.0,low,balanced,,False,,,,100000
Parallel PIAP,same_asset,0.6,15.0,0.0,0.0,low,growth,,False,,,,100000
Parallel PIAP,same_asset,0.6,15.0,0.0,0.0,base,preservation,,False,,,,100000
Parallel PIAP,same_asset,0.6,15.0,0.0,0.0,base,balanced,,False,,,,100000
Parallel PIAP,same_asset,0.6,15.0,0.0,0.0,base,growth,,False,,,,100000
Parallel PIAP,same_asset,0.6,15.0,0.0,0.0,high,preservation,,False,,,,100000
Parallel PIAP,same_asset,0.6,15.0,0.0,0.0,high,balanced,,False,,,,100000
Parallel PIAP,same_asset,0.6,15.0,0.0,0.0,high,growth,0.1,True,-1307.724856302556,0.07723,87.38328377171673,100000
Parallel PIAP,same_asset,0.6,15.0,0.0,0.1,low,preservation,,False,,,,100000
Parallel PIAP,same_asset,0.6,15.0,0.0,0.1,low,balanced,,False,,,,100000
Parallel PIAP,same_asset,0.6,15.0,0.0,0.1,low,growth,,False,,,,100000
Parallel PIAP,same_asset,0.6,15.0,0.0,0.1,base,preservation,,False,,,,100000
Parallel PIAP,same_asset,0.6,15.0,0.0,0.1,base,balanced,,False,,,,100000
Parallel PIAP,same_asset,0.6,15.0,0.0,0.1,base,growth,,False,,,,100000
Parallel PIAP,same_asset,0.6,15.0,0.0,0.1,high,preservation,,False,,,,100000
Parallel PIAP,same_asset,0.6,15.0,0.0,0.1,high,balanced,,False,,,,100000
Parallel PIAP,same_asset,0.6,15.0,0.0,0.1,high,growth,0.1,True,-1307.724856302556,0.07723,5.557823792657483,100000
Parallel PIAP,same_asset,0.6,15.0,0.0,0.25,low,preservation,,False,,,,100000
Parallel PIAP,same_asset,0.6,15.0,0.0,0.25,low,balanced,,False,,,,100000
Parallel PIAP,same_asset,0.6,15.0,0.0,0.25,low,growth,,False,,,,100000
Parallel PIAP,same_asset,0.6,15.0,0.0,0.25,base,preservation,,False,,,,100000
Parallel PIAP,same_asset,0.6,15.0,0.0,0.25,base,balanced,,False,,,,100000
Parallel PIAP,same_asset,0.6,15.0,0.0,0.25,base,growth,,False,,,,100000
Parallel PIAP,same_asset,0.6,15.0,0.0,0.25,high,preservation,,False,,,,100000
Parallel PIAP,same_asset,0.6,15.0,0.0,0.25,high,balanced,,False,,,,100000
Parallel PIAP,same_asset,0.6,15.0,0.0,0.25,high,growth,0.3,True,-1037.8378752929766,0.04954,66.21376997210216,100000
Parallel PIAP,same_asset,0.6,15.0,0.0,0.5,low,preservation,,False,,,,100000
Parallel PIAP,same_asset,0.6,15.0,0.0,0.5,low,balanced,,False,,,,100000
Parallel PIAP,same_asset,0.6,15.0,0.0,0.5,low,growth,,False,,,,100000
Parallel PIAP,same_asset,0.6,15.0,0.0,0.5,base,preservation,,False,,,,100000
Parallel PIAP,same_asset,0.6,15.0,0.0,0.5,base,balanced,,False,,,,100000
Parallel PIAP,same_asset,0.6,15.0,0.0,0.5,base,growth,,False,,,,100000
Parallel PIAP,same_asset,0.6,15.0,0.0,0.5,high,preservation,,False,,,,100000
Parallel PIAP,same_asset,0.6,15.0,0.0,0.5,high,balanced,,False,,,,100000
Parallel PIAP,same_asset,0.6,15.0,0.0,0.5,high,growth,,False,,,,100000
Parallel PIAP,same_asset,0.6,15.0,0.5,0.0,low,preservation,,False,,,,100000
Parallel PIAP,same_asset,0.6,15.0,0.5,0.0,low,balanced,,False,,,,100000
Parallel PIAP,same_asset,0.6,15.0,0.5,0.0,low,growth,,False,,,,100000
Parallel PIAP,same_asset,0.6,15.0,0.5,0.0,base,preservation,,False,,,,100000
Parallel PIAP,same_asset,0.6,15.0,0.5,0.0,base,balanced,,False,,,,100000
Parallel PIAP,same_asset,0.6,15.0,0.5,0.0,base,growth,,False,,,,100000
Parallel PIAP,same_asset,0.6,15.0,0.5,0.0,high,preservation,,False,,,,100000
Parallel PIAP,same_asset,0.6,15.0,0.5,0.0,high,balanced,,False,,,,100000
Parallel PIAP,same_asset,0.6,15.0,0.5,0.0,high,growth,0.0,True,-1456.2409285513863,0.10094,99.81773240225073,100000
Parallel PIAP,same_asset,0.6,15.0,0.5,0.1,low,preservation,,False,,,,100000
Parallel PIAP,same_asset,0.6,15.0,0.5,0.1,low,balanced,,False,,,,100000
Parallel PIAP,same_asset,0.6,15.0,0.5,0.1,low,growth,,False,,,,100000
Parallel PIAP,same_asset,0.6,15.0,0.5,0.1,base,preservation,,False,,,,100000
Parallel PIAP,same_asset,0.6,15.0,0.5,0.1,base,balanced,,False,,,,100000
Parallel PIAP,same_asset,0.6,15.0,0.5,0.1,base,growth,,False,,,,100000
Parallel PIAP,same_asset,0.6,15.0,0.5,0.1,high,preservation,,False,,,,100000
Parallel PIAP,same_asset,0.6,15.0,0.5,0.1,high,balanced,,False,,,,100000
Parallel PIAP,same_asset,0.6,15.0,0.5,0.1,high,growth,0.0,True,-1456.2409285513863,0.10094,11.50354187653377,100000
Parallel PIAP,same_asset,0.6,15.0,0.5,0.25,low,preservation,,False,,,,100000
Parallel PIAP,same_asset,0.6,15.0,0.5,0.25,low,balanced,,False,,,,100000
Parallel PIAP,same_asset,0.6,15.0,0.5,0.25,low,growth,,False,,,,100000
Parallel PIAP,same_asset,0.6,15.0,0.5,0.25,base,preservation,,False,,,,100000
Parallel PIAP,same_asset,0.6,15.0,0.5,0.25,base,balanced,,False,,,,100000
Parallel PIAP,same_asset,0.6,15.0,0.5,0.25,base,growth,,False,,,,100000
Parallel PIAP,same_asset,0.6,15.0,0.5,0.25,high,preservation,,False,,,,100000
Parallel PIAP,same_asset,0.6,15.0,0.5,0.25,high,balanced,,False,,,,100000
Parallel PIAP,same_asset,0.6,15.0,0.5,0.25,high,growth,0.2,True,-1189.0684638906146,0.06055,64.63456450692378,100000
Parallel PIAP,same_asset,0.6,15.0,0.5,0.5,low,preservation,,False,,,,100000
Parallel PIAP,same_asset,0.6,15.0,0.5,0.5,low,balanced,,False,,,,100000
Parallel PIAP,same_asset,0.6,15.0,0.5,0.5,low,growth,,False,,,,100000
Parallel PIAP,same_asset,0.6,15.0,0.5,0.5,base,preservation,,False,,,,100000
Parallel PIAP,same_asset,0.6,15.0,0.5,0.5,base,balanced,,False,,,,100000
Parallel PIAP,same_asset,0.6,15.0,0.5,0.5,base,growth,,False,,,,100000
Parallel PIAP,same_asset,0.6,15.0,0.5,0.5,high,preservation,,False,,,,100000
Parallel PIAP,same_asset,0.6,15.0,0.5,0.5,high,balanced,,False,,,,100000
Parallel PIAP,same_asset,0.6,15.0,0.5,0.5,high,growth,,False,,,,100000
Parallel PIAP,same_asset,0.6,15.0,1.0,0.0,low,preservation,,False,,,,100000
Parallel PIAP,same_asset,0.6,15.0,1.0,0.0,low,balanced,,False,,,,100000
Parallel PIAP,same_asset,0.6,15.0,1.0,0.0,low,growth,,False,,,,100000
Parallel PIAP,same_asset,0.6,15.0,1.0,0.0,base,preservation,,False,,,,100000
Parallel PIAP,same_asset,0.6,15.0,1.0,0.0,base,balanced,,False,,,,100000
Parallel PIAP,same_asset,0.6,15.0,1.0,0.0,base,growth,,False,,,,100000
Parallel PIAP,same_asset,0.6,15.0,1.0,0.0,high,preservation,,False,,,,100000
Parallel PIAP,same_asset,0.6,15.0,1.0,0.0,high,balanced,,False,,,,100000
Parallel PIAP,same_asset,0.6,15.0,1.0,0.0,high,growth,0.0,True,-1470.2426656228245,0.10094,209.20040278624043,100000
Parallel PIAP,same_asset,0.6,15.0,1.0,0.1,low,preservation,,False,,,,100000
Parallel PIAP,same_asset,0.6,15.0,1.0,0.1,low,balanced,,False,,,,100000
Parallel PIAP,same_asset,0.6,15.0,1.0,0.1,low,growth,,False,,,,100000
Parallel PIAP,same_asset,0.6,15.0,1.0,0.1,base,preservation,,False,,,,100000
Parallel PIAP,same_asset,0.6,15.0,1.0,0.1,base,balanced,,False,,,,100000
Parallel PIAP,same_asset,0.6,15.0,1.0,0.1,base,growth,,False,,,,100000
Parallel PIAP,same_asset,0.6,15.0,1.0,0.1,high,preservation,,False,,,,100000
Parallel PIAP,same_asset,0.6,15.0,1.0,0.1,high,balanced,,False,,,,100000
Parallel PIAP,same_asset,0.6,15.0,1.0,0.1,high,growth,0.0,True,-1470.2426656228245,0.10094,114.08077424979686,100000
Parallel PIAP,same_asset,0.6,15.0,1.0,0.25,low,preservation,,False,,,,100000
Parallel PIAP,same_asset,0.6,15.0,1.0,0.25,low,balanced,,False,,,,100000
Parallel PIAP,same_asset,0.6,15.0,1.0,0.25,low,growth,,False,,,,100000
Parallel PIAP,same_asset,0.6,15.0,1.0,0.25,base,preservation,,False,,,,100000
Parallel PIAP,same_asset,0.6,15.0,1.0,0.25,base,balanced,,False,,,,100000
Parallel PIAP,same_asset,0.6,15.0,1.0,0.25,base,growth,,False,,,,100000
Parallel PIAP,same_asset,0.6,15.0,1.0,0.25,high,preservation,,False,,,,100000
Parallel PIAP,same_asset,0.6,15.0,1.0,0.25,high,balanced,,False,,,,100000
Parallel PIAP,same_asset,0.6,15.0,1.0,0.25,high,growth,0.1,True,-1344.9501867034521,0.07723,65.34359953354512,100000
Parallel PIAP,same_asset,0.6,15.0,1.0,0.5,low,preservation,,False,,,,100000
Parallel PIAP,same_asset,0.6,15.0,1.0,0.5,low,balanced,,False,,,,100000
Parallel PIAP,same_asset,0.6,15.0,1.0,0.5,low,growth,,False,,,,100000
Parallel PIAP,same_asset,0.6,15.0,1.0,0.5,base,preservation,,False,,,,100000
Parallel PIAP,same_asset,0.6,15.0,1.0,0.5,base,balanced,,False,,,,100000
Parallel PIAP,same_asset,0.6,15.0,1.0,0.5,base,growth,,False,,,,100000
Parallel PIAP,same_asset,0.6,15.0,1.0,0.5,high,preservation,,False,,,,100000
Parallel PIAP,same_asset,0.6,15.0,1.0,0.5,high,balanced,,False,,,,100000
Parallel PIAP,same_asset,0.6,15.0,1.0,0.5,high,growth,0.3,True,-1066.790910049229,0.04954,15.42906436926342,100000
Parallel PIAP,same_asset,0.6,15.0,1.5,0.0,low,preservation,,False,,,,100000
Parallel PIAP,same_asset,0.6,15.0,1.5,0.0,low,balanced,,False,,,,100000
Parallel PIAP,same_asset,0.6,15.0,1.5,0.0,low,growth,,False,,,,100000
Parallel PIAP,same_asset,0.6,15.0,1.5,0.0,base,preservation,,False,,,,100000
Parallel PIAP,same_asset,0.6,15.0,1.5,0.0,base,balanced,,False,,,,100000
Parallel PIAP,same_asset,0.6,15.0,1.5,0.0,base,growth,,False,,,,100000
Parallel PIAP,same_asset,0.6,15.0,1.5,0.0,high,preservation,,False,,,,100000
Parallel PIAP,same_asset,0.6,15.0,1.5,0.0,high,balanced,,False,,,,100000
Parallel PIAP,same_asset,0.6,15.0,1.5,0.0,high,growth,0.0,True,-1484.6890007309323,0.10094,324.09450734024847,100000
Parallel PIAP,same_asset,0.6,15.0,1.5,0.1,low,preservation,,False,,,,100000
Parallel PIAP,same_asset,0.6,15.0,1.5,0.1,low,balanced,,False,,,,100000
Parallel PIAP,same_asset,0.6,15.0,1.5,0.1,low,growth,,False,,,,100000
Parallel PIAP,same_asset,0.6,15.0,1.5,0.1,base,preservation,,False,,,,100000
Parallel PIAP,same_asset,0.6,15.0,1.5,0.1,base,balanced,,False,,,,100000
Parallel PIAP,same_asset,0.6,15.0,1.5,0.1,base,growth,,False,,,,100000
Parallel PIAP,same_asset,0.6,15.0,1.5,0.1,high,preservation,,False,,,,100000
Parallel PIAP,same_asset,0.6,15.0,1.5,0.1,high,balanced,,False,,,,100000
Parallel PIAP,same_asset,0.6,15.0,1.5,0.1,high,growth,0.0,True,-1484.6890007309323,0.10094,221.83727520248138,100000
Parallel PIAP,same_asset,0.6,15.0,1.5,0.25,low,preservation,,False,,,,100000
Parallel PIAP,same_asset,0.6,15.0,1.5,0.25,low,balanced,,False,,,,100000
Parallel PIAP,same_asset,0.6,15.0,1.5,0.25,low,growth,,False,,,,100000
Parallel PIAP,same_asset,0.6,15.0,1.5,0.25,base,preservation,,False,,,,100000
Parallel PIAP,same_asset,0.6,15.0,1.5,0.25,base,balanced,,False,,,,100000
Parallel PIAP,same_asset,0.6,15.0,1.5,0.25,base,growth,,False,,,,100000
Parallel PIAP,same_asset,0.6,15.0,1.5,0.25,high,preservation,,False,,,,100000
Parallel PIAP,same_asset,0.6,15.0,1.5,0.25,high,balanced,,False,,,,100000
Parallel PIAP,same_asset,0.6,15.0,1.5,0.25,high,growth,0.0,True,-1484.6890007309323,0.10094,68.45142699583086,100000
Parallel PIAP,same_asset,0.6,15.0,1.5,0.5,low,preservation,,False,,,,100000
Parallel PIAP,same_asset,0.6,15.0,1.5,0.5,low,balanced,,False,,,,100000
Parallel PIAP,same_asset,0.6,15.0,1.5,0.5,low,growth,,False,,,,100000
Parallel PIAP,same_asset,0.6,15.0,1.5,0.5,base,preservation,,False,,,,100000
Parallel PIAP,same_asset,0.6,15.0,1.5,0.5,base,balanced,,False,,,,100000
Parallel PIAP,same_asset,0.6,15.0,1.5,0.5,base,growth,,False,,,,100000
Parallel PIAP,same_asset,0.6,15.0,1.5,0.5,high,preservation,,False,,,,100000
Parallel PIAP,same_asset,0.6,15.0,1.5,0.5,high,balanced,,False,,,,100000
Parallel PIAP,same_asset,0.6,15.0,1.5,0.5,high,growth,0.2,True,-1223.2061505060701,0.06055,3.0519850904651347,100000
Parallel PIAP,same_asset,0.6,18.0,0.0,0.0,low,preservation,,False,,,,100000
Parallel PIAP,same_asset,0.6,18.0,0.0,0.0,low,balanced,,False,,,,100000
Parallel PIAP,same_asset,0.6,18.0,0.0,0.0,low,growth,,False,,,,100000
Parallel PIAP,same_asset,0.6,18.0,0.0,0.0,base,preservation,,False,,,,100000
Parallel PIAP,same_asset,0.6,18.0,0.0,0.0,base,balanced,,False,,,,100000
Parallel PIAP,same_asset,0.6,18.0,0.0,0.0,base,growth,,False,,,,100000
Parallel PIAP,same_asset,0.6,18.0,0.0,0.0,high,preservation,,False,,,,100000
Parallel PIAP,same_asset,0.6,18.0,0.0,0.0,high,balanced,,False,,,,100000
Parallel PIAP,same_asset,0.6,18.0,0.0,0.0,high,growth,0.1,True,-1307.724856302556,0.07723,85.45365410144366,100000
Parallel PIAP,same_asset,0.6,18.0,0.0,0.1,low,preservation,,False,,,,100000
Parallel PIAP,same_asset,0.6,18.0,0.0,0.1,low,balanced,,False,,,,100000
Parallel PIAP,same_asset,0.6,18.0,0.0,0.1,low,growth,,False,,,,100000
Parallel PIAP,same_asset,0.6,18.0,0.0,0.1,base,preservation,,False,,,,100000
Parallel PIAP,same_asset,0.6,18.0,0.0,0.1,base,balanced,,False,,,,100000
Parallel PIAP,same_asset,0.6,18.0,0.0,0.1,base,growth,,False,,,,100000
Parallel PIAP,same_asset,0.6,18.0,0.0,0.1,high,preservation,,False,,,,100000
Parallel PIAP,same_asset,0.6,18.0,0.0,0.1,high,balanced,,False,,,,100000
Parallel PIAP,same_asset,0.6,18.0,0.0,0.1,high,growth,0.2,True,-1172.7813657977663,0.06055,73.22017996646441,100000
Parallel PIAP,same_asset,0.6,18.0,0.0,0.25,low,preservation,,False,,,,100000
Parallel PIAP,same_asset,0.6,18.0,0.0,0.25,low,balanced,,False,,,,100000
Parallel PIAP,same_asset,0.6,18.0,0.0,0.25,low,growth,,False,,,,100000
Parallel PIAP,same_asset,0.6,18.0,0.0,0.25,base,preservation,,False,,,,100000
Parallel PIAP,same_asset,0.6,18.0,0.0,0.25,base,balanced,,False,,,,100000
Parallel PIAP,same_asset,0.6,18.0,0.0,0.25,base,growth,,False,,,,100000
Parallel PIAP,same_asset,0.6,18.0,0.0,0.25,high,preservation,,False,,,,100000
Parallel PIAP,same_asset,0.6,18.0,0.0,0.25,high,balanced,,False,,,,100000
Parallel PIAP,same_asset,0.6,18.0,0.0,0.25,high,growth,0.3,True,-1037.8378752929766,0.04954,9.021434726987186,100000
Parallel PIAP,same_asset,0.6,18.0,0.0,0.5,low,preservation,,False,,,,100000
Parallel PIAP,same_asset,0.6,18.0,0.0,0.5,low,balanced,,False,,,,100000
Parallel PIAP,same_asset,0.6,18.0,0.0,0.5,low,growth,,False,,,,100000
Parallel PIAP,same_asset,0.6,18.0,0.0,0.5,base,preservation,,False,,,,100000
Parallel PIAP,same_asset,0.6,18.0,0.0,0.5,base,balanced,,False,,,,100000
Parallel PIAP,same_asset,0.6,18.0,0.0,0.5,base,growth,,False,,,,100000
Parallel PIAP,same_asset,0.6,18.0,0.0,0.5,high,preservation,,False,,,,100000
Parallel PIAP,same_asset,0.6,18.0,0.0,0.5,high,balanced,,False,,,,100000
Parallel PIAP,same_asset,0.6,18.0,0.0,0.5,high,growth,,False,,,,100000
Parallel PIAP,same_asset,0.6,18.0,0.5,0.0,low,preservation,,False,,,,100000
Parallel PIAP,same_asset,0.6,18.0,0.5,0.0,low,balanced,,False,,,,100000
Parallel PIAP,same_asset,0.6,18.0,0.5,0.0,low,growth,,False,,,,100000
Parallel PIAP,same_asset,0.6,18.0,0.5,0.0,base,preservation,,False,,,,100000
Parallel PIAP,same_asset,0.6,18.0,0.5,0.0,base,balanced,,False,,,,100000
Parallel PIAP,same_asset,0.6,18.0,0.5,0.0,base,growth,,False,,,,100000
Parallel PIAP,same_asset,0.6,18.0,0.5,0.0,high,preservation,,False,,,,100000
Parallel PIAP,same_asset,0.6,18.0,0.5,0.0,high,balanced,,False,,,,100000
Parallel PIAP,same_asset,0.6,18.0,0.5,0.0,high,growth,0.0,True,-1456.2409285513863,0.10094,97.88810273197763,100000
Parallel PIAP,same_asset,0.6,18.0,0.5,0.1,low,preservation,,False,,,,100000
Parallel PIAP,same_asset,0.6,18.0,0.5,0.1,low,balanced,,False,,,,100000
Parallel PIAP,same_asset,0.6,18.0,0.5,0.1,low,growth,,False,,,,100000
Parallel PIAP,same_asset,0.6,18.0,0.5,0.1,base,preservation,,False,,,,100000
Parallel PIAP,same_asset,0.6,18.0,0.5,0.1,base,balanced,,False,,,,100000
Parallel PIAP,same_asset,0.6,18.0,0.5,0.1,base,growth,,False,,,,100000
Parallel PIAP,same_asset,0.6,18.0,0.5,0.1,high,preservation,,False,,,,100000
Parallel PIAP,same_asset,0.6,18.0,0.5,0.1,high,balanced,,False,,,,100000
Parallel PIAP,same_asset,0.6,18.0,0.5,0.1,high,growth,0.1,True,-1326.0478416570104,0.07723,80.2699841858066,100000
Parallel PIAP,same_asset,0.6,18.0,0.5,0.25,low,preservation,,False,,,,100000
Parallel PIAP,same_asset,0.6,18.0,0.5,0.25,low,balanced,,False,,,,100000
Parallel PIAP,same_asset,0.6,18.0,0.5,0.25,low,growth,,False,,,,100000
Parallel PIAP,same_asset,0.6,18.0,0.5,0.25,base,preservation,,False,,,,100000
Parallel PIAP,same_asset,0.6,18.0,0.5,0.25,base,balanced,,False,,,,100000
Parallel PIAP,same_asset,0.6,18.0,0.5,0.25,base,growth,,False,,,,100000
Parallel PIAP,same_asset,0.6,18.0,0.5,0.25,high,preservation,,False,,,,100000
Parallel PIAP,same_asset,0.6,18.0,0.5,0.25,high,balanced,,False,,,,100000
Parallel PIAP,same_asset,0.6,18.0,0.5,0.25,high,growth,0.2,True,-1189.0684638906146,0.06055,7.442229261808838,100000
Parallel PIAP,same_asset,0.6,18.0,0.5,0.5,low,preservation,,False,,,,100000
Parallel PIAP,same_asset,0.6,18.0,0.5,0.5,low,balanced,,False,,,,100000
Parallel PIAP,same_asset,0.6,18.0,0.5,0.5,low,growth,,False,,,,100000
Parallel PIAP,same_asset,0.6,18.0,0.5,0.5,base,preservation,,False,,,,100000
Parallel PIAP,same_asset,0.6,18.0,0.5,0.5,base,balanced,,False,,,,100000
Parallel PIAP,same_asset,0.6,18.0,0.5,0.5,base,growth,,False,,,,100000
Parallel PIAP,same_asset,0.6,18.0,0.5,0.5,high,preservation,,False,,,,100000
Parallel PIAP,same_asset,0.6,18.0,0.5,0.5,high,balanced,,False,,,,100000
Parallel PIAP,same_asset,0.6,18.0,0.5,0.5,high,growth,,False,,,,100000
Parallel PIAP,same_asset,0.6,18.0,1.0,0.0,low,preservation,,False,,,,100000
Parallel PIAP,same_asset,0.6,18.0,1.0,0.0,low,balanced,,False,,,,100000
Parallel PIAP,same_asset,0.6,18.0,1.0,0.0,low,growth,,False,,,,100000
Parallel PIAP,same_asset,0.6,18.0,1.0,0.0,base,preservation,,False,,,,100000
Parallel PIAP,same_asset,0.6,18.0,1.0,0.0,base,balanced,,False,,,,100000
Parallel PIAP,same_asset,0.6,18.0,1.0,0.0,base,growth,,False,,,,100000
Parallel PIAP,same_asset,0.6,18.0,1.0,0.0,high,preservation,,False,,,,100000
Parallel PIAP,same_asset,0.6,18.0,1.0,0.0,high,balanced,,False,,,,100000
Parallel PIAP,same_asset,0.6,18.0,1.0,0.0,high,growth,0.0,True,-1470.2426656228245,0.10094,207.2707731159673,100000
Parallel PIAP,same_asset,0.6,18.0,1.0,0.1,low,preservation,,False,,,,100000
Parallel PIAP,same_asset,0.6,18.0,1.0,0.1,low,balanced,,False,,,,100000
Parallel PIAP,same_asset,0.6,18.0,1.0,0.1,low,growth,,False,,,,100000
Parallel PIAP,same_asset,0.6,18.0,1.0,0.1,base,preservation,,False,,,,100000
Parallel PIAP,same_asset,0.6,18.0,1.0,0.1,base,balanced,,False,,,,100000
Parallel PIAP,same_asset,0.6,18.0,1.0,0.1,base,growth,,False,,,,100000
Parallel PIAP,same_asset,0.6,18.0,1.0,0.1,high,preservation,,False,,,,100000
Parallel PIAP,same_asset,0.6,18.0,1.0,0.1,high,balanced,,False,,,,100000
Parallel PIAP,same_asset,0.6,18.0,1.0,0.1,high,growth,0.0,True,-1470.2426656228245,0.10094,90.04606234958698,100000
Parallel PIAP,same_asset,0.6,18.0,1.0,0.25,low,preservation,,False,,,,100000
Parallel PIAP,same_asset,0.6,18.0,1.0,0.25,low,balanced,,False,,,,100000
Parallel PIAP,same_asset,0.6,18.0,1.0,0.25,low,growth,,False,,,,100000
Parallel PIAP,same_asset,0.6,18.0,1.0,0.25,base,preservation,,False,,,,100000
Parallel PIAP,same_asset,0.6,18.0,1.0,0.25,base,balanced,,False,,,,100000
Parallel PIAP,same_asset,0.6,18.0,1.0,0.25,base,growth,,False,,,,100000
Parallel PIAP,same_asset,0.6,18.0,1.0,0.25,high,preservation,,False,,,,100000
Parallel PIAP,same_asset,0.6,18.0,1.0,0.25,high,balanced,,False,,,,100000
Parallel PIAP,same_asset,0.6,18.0,1.0,0.25,high,growth,0.1,True,-1344.9501867034521,0.07723,8.15126428843007,100000
Parallel PIAP,same_asset,0.6,18.0,1.0,0.5,low,preservation,,False,,,,100000
Parallel PIAP,same_asset,0.6,18.0,1.0,0.5,low,balanced,,False,,,,100000
Parallel PIAP,same_asset,0.6,18.0,1.0,0.5,low,growth,,False,,,,100000
Parallel PIAP,same_asset,0.6,18.0,1.0,0.5,base,preservation,,False,,,,100000
Parallel PIAP,same_asset,0.6,18.0,1.0,0.5,base,balanced,,False,,,,100000
Parallel PIAP,same_asset,0.6,18.0,1.0,0.5,base,growth,,False,,,,100000
Parallel PIAP,same_asset,0.6,18.0,1.0,0.5,high,preservation,,False,,,,100000
Parallel PIAP,same_asset,0.6,18.0,1.0,0.5,high,balanced,,False,,,,100000
Parallel PIAP,same_asset,0.6,18.0,1.0,0.5,high,growth,,False,,,,100000
Parallel PIAP,same_asset,0.6,18.0,1.5,0.0,low,preservation,,False,,,,100000
Parallel PIAP,same_asset,0.6,18.0,1.5,0.0,low,balanced,,False,,,,100000
Parallel PIAP,same_asset,0.6,18.0,1.5,0.0,low,growth,,False,,,,100000
Parallel PIAP,same_asset,0.6,18.0,1.5,0.0,base,preservation,,False,,,,100000
Parallel PIAP,same_asset,0.6,18.0,1.5,0.0,base,balanced,,False,,,,100000
Parallel PIAP,same_asset,0.6,18.0,1.5,0.0,base,growth,,False,,,,100000
Parallel PIAP,same_asset,0.6,18.0,1.5,0.0,high,preservation,,False,,,,100000
Parallel PIAP,same_asset,0.6,18.0,1.5,0.0,high,balanced,,False,,,,100000
Parallel PIAP,same_asset,0.6,18.0,1.5,0.0,high,growth,0.0,True,-1484.6890007309323,0.10094,322.1648776699753,100000
Parallel PIAP,same_asset,0.6,18.0,1.5,0.1,low,preservation,,False,,,,100000
Parallel PIAP,same_asset,0.6,18.0,1.5,0.1,low,balanced,,False,,,,100000
Parallel PIAP,same_asset,0.6,18.0,1.5,0.1,low,growth,,False,,,,100000
Parallel PIAP,same_asset,0.6,18.0,1.5,0.1,base,preservation,,False,,,,100000
Parallel PIAP,same_asset,0.6,18.0,1.5,0.1,base,balanced,,False,,,,100000
Parallel PIAP,same_asset,0.6,18.0,1.5,0.1,base,growth,,False,,,,100000
Parallel PIAP,same_asset,0.6,18.0,1.5,0.1,high,preservation,,False,,,,100000
Parallel PIAP,same_asset,0.6,18.0,1.5,0.1,high,balanced,,False,,,,100000
Parallel PIAP,same_asset,0.6,18.0,1.5,0.1,high,growth,0.0,True,-1484.6890007309323,0.10094,197.80256330227144,100000
Parallel PIAP,same_asset,0.6,18.0,1.5,0.25,low,preservation,,False,,,,100000
Parallel PIAP,same_asset,0.6,18.0,1.5,0.25,low,balanced,,False,,,,100000
Parallel PIAP,same_asset,0.6,18.0,1.5,0.25,low,growth,,False,,,,100000
Parallel PIAP,same_asset,0.6,18.0,1.5,0.25,base,preservation,,False,,,,100000
Parallel PIAP,same_asset,0.6,18.0,1.5,0.25,base,balanced,,False,,,,100000
Parallel PIAP,same_asset,0.6,18.0,1.5,0.25,base,growth,,False,,,,100000
Parallel PIAP,same_asset,0.6,18.0,1.5,0.25,high,preservation,,False,,,,100000
Parallel PIAP,same_asset,0.6,18.0,1.5,0.25,high,balanced,,False,,,,100000
Parallel PIAP,same_asset,0.6,18.0,1.5,0.25,high,growth,0.0,True,-1484.6890007309323,0.10094,11.259091750715836,100000
Parallel PIAP,same_asset,0.6,18.0,1.5,0.5,low,preservation,,False,,,,100000
Parallel PIAP,same_asset,0.6,18.0,1.5,0.5,low,balanced,,False,,,,100000
Parallel PIAP,same_asset,0.6,18.0,1.5,0.5,low,growth,,False,,,,100000
Parallel PIAP,same_asset,0.6,18.0,1.5,0.5,base,preservation,,False,,,,100000
Parallel PIAP,same_asset,0.6,18.0,1.5,0.5,base,balanced,,False,,,,100000
Parallel PIAP,same_asset,0.6,18.0,1.5,0.5,base,growth,,False,,,,100000
Parallel PIAP,same_asset,0.6,18.0,1.5,0.5,high,preservation,,False,,,,100000
Parallel PIAP,same_asset,0.6,18.0,1.5,0.5,high,balanced,,False,,,,100000
Parallel PIAP,same_asset,0.6,18.0,1.5,0.5,high,growth,,False,,,,100000
