experiment,strategy,topology,rho,loe_year,acceleration_years,rnd_cost_synergy,commercial_cost_synergy,cannibalization,n_runs,eNPV_usd_m,se_eNPV_usd_m,median_NPV_usd_m,sd_NPV_usd_m,P5_NPV_usd_m,P10_NPV_usd_m,CVaR5_NPV_usd_m,probability_NPV_negative,eDevCost_usd_m,ePI,delta_eNPV_usd_m,paired_se_delta_eNPV_usd_m,paired_95ci_low_delta_eNPV_usd_m,paired_95ci_high_delta_eNPV_usd_m,mean_launches,sd_launches,p_zero_launches,mean_pairwise_launch_correlation,effective_breadth_variance_ratio,mean_protected_runway_per_launch_years,mean_launches_before_loe,probability_at_least_one_launch_before_loe,low_capacity_breach_probability,base_capacity_breach_probability,high_capacity_breach_probability
E4_interaction,Parallel PIAP,same_asset,0.0,12.0,0.0,0.0,0.0,0.0,100000,-471.5690924597016,1.3962992241607481,-485.8732894464881,441.5485843473974,-1148.2457813904614,-1105.0420846667803,-1232.7242211949342,0.86707,1100.9666740247173,-0.4283227672421941,0.0,0.0,0.0,0.0,0.90862,0.8799076303649036,0.3739,0.0008345714138451039,5.975087264523593,6.0,0.90862,0.6261,0.99569,0.95452,0.09536
E4_interaction,Parallel PIAP,same_asset,0.0,12.0,0.0,0.1,0.0,0.0,100000,-379.75205798550206,1.4164834006052625,-406.781945586423,447.93138137333585,-1070.035845375231,-939.7749297754672,-1187.1169274191761,0.83338,1009.1496395505178,-0.3763089665816521,91.81703447419959,0.10018484583496245,91.62067217636306,92.01339677203612,0.90862,0.8799076303649036,0.3739,0.0008345714138451039,5.975087264523593,6.0,0.90862,0.6261,0.99397,0.95423,0.05673
E4_interaction,Parallel PIAP,same_asset,0.0,12.0,0.0,0.2,0.0,0.0,100000,-287.9350235113025,1.4433547490684813,-327.69060172635784,456.4288478677196,-961.5022449734774,-804.8314392706775,-1085.1304093645904,0.79529,917.3326050763183,-0.3138829056308835,183.6340689483992,0.20036969166992483,183.24134435272614,184.02679354407226,0.90862,0.8799076303649036,0.3739,0.0008345714138451039,5.975087264523593,6.0,0.90862,0.6261,0.99377,0.95132,0.0216
E4_interaction,Parallel PIAP,same_asset,0.0,12.0,0.0,0.3,0.0,0.0,100000,-196.11798903710292,1.4765482199362068,-248.59925786629267,466.92554500656536,-852.9686445717239,-713.9730533344037,-983.8745224809411,0.64151,825.5155706021187,-0.23757030881205232,275.45110342259875,0.3005545375048873,274.86201652908915,276.04019031610835,0.90862,0.8799076303649036,0.3739,0.0008345714138451039,5.975087264523593,6.0,0.90862,0.6261,0.99377,0.95118,0.01476
E4_interaction,Parallel PIAP,same_asset,0.0,12.0,0.0,0.0,0.0,0.1,100000,-502.4136179902792,1.2628448352970116,-485.8732894464881,399.3466010918757,-1148.2457813904614,-1105.0420846667803,-1232.7145720305077,0.86727,1100.9666740247173,-0.45633862481381493,-30.844525530577524,0.19798770051399353,-31.23258142358495,-30.4564696375701,0.90862,0.8799076303649036,0.3739,0.0008345714138451039,5.975087264523593,6.0,0.90862,0.6261,0.99954,0.99377,0.09536
E4_interaction,Parallel PIAP,same_asset,0.0,12.0,0.0,0.1,0.0,0.1,100000,-410.59658351607965,1.2765903285802738,-406.781945586423,403.6933077256411,-1070.035845375231,-939.7749297754672,-1187.1169274191761,0.86707,1009.1496395505178,-0.40687383458707094,60.97250894362205,0.1654334339842108,60.648259413013,61.296758474231105,0.90862,0.8799076303649036,0.3739,0.0008345714138451039,5.975087264523593,6.0,0.90862,0.6261,0.99944,0.96897,0.05673
E4_interaction,Parallel PIAP,same_asset,0.0,12.0,0.0,0.2,0.0,0.1,100000,-318.77954904188,1.2979455545911764,-327.69060172635784,410.4464231398535,-961.5022449734774,-804.8314392706775,-1085.1304093645904,0.82928,917.3326050763183,-0.34750705172564844,152.78954341782165,0.18870961627523924,152.41967256992217,153.15941426572113,0.90862,0.8799076303649036,0.3739,0.0008345714138451039,5.975087264523593,6.0,0.90862,0.6261,0.99944,0.96897,0.0216
E4_interaction,Parallel PIAP,same_asset,0.0,12.0,0.0,0.3,0.0,0.1,100000,-226.96251456768044,1.3265430505683755,-248.59925786629267,419.4897454063987,-852.9686445717239,-713.9730533344037,-983.8745224809411,0.65844,825.5155706021187,-0.2749342624780988,244.60657789202125,0.2528407090237611,244.1110101023347,245.1021456817078,0.90862,0.8799076303649036,0.3739,0.0008345714138451039,5.975087264523593,6.0,0.90862,0.6261,0.99832,0.95452,0.01476
E4_interaction,Parallel PIAP,same_asset,0.0,12.0,0.0,0.0,0.0,0.25,100000,-548.6804062861454,1.0997554936591818,-485.8732894464881,347.77322292458786,-1148.2457813904614,-1105.0420846667803,-1232.8167614851789,0.99579,1100.9666740247173,-0.498362411171246,-77.1113138264438,0.4949692512849838,-78.08145355896238,-76.14117409392523,0.90862,0.8799076303649036,0.3739,0.0008345714138451039,5.975087264523593,6.0,0.90862,0.6261,1.0,0.99954,0.09536
E4_interaction,Parallel PIAP,same_asset,0.0,12.0,0.0,0.1,0.0,0.25,100000,-456.8633718119459,1.1007116185027424,-409.8143120250753,348.0755761479002,-1070.035845375231,-939.7749297754672,-1186.8720567474018,0.91185,1009.1496395505178,-0.4527211365951991,14.705720647755784,0.44761789902508164,13.828389565666624,15.583051729844945,0.90862,0.8799076303649036,0.3739,0.0008345714138451039,5.975087264523593,6.0,0.90862,0.6261,1.0,0.99954,0.05673
E4_interaction,Parallel PIAP,same_asset,0.0,12.0,0.0,0.2,0.0,0.25,100000,-365.0463373377463,1.11074029144992,-327.69060172635784,351.24692099009974,-961.5022449734774,-804.8314392706775,-1085.1304093645904,0.87683,917.3326050763183,-0.3979432708677961,106.52275512195538,0.41928870007142977,105.70094926981538,107.34456097409539,0.90862,0.8799076303649036,0.3739,0.0008345714138451039,5.975087264523593,6.0,0.90862,0.6261,1.0,0.99944,0.0216
E4_interaction,Parallel PIAP,same_asset,0.0,12.0,0.0,0.3,0.0,0.25,100000,-273.2293028635467,1.1295998980451132,-248.59925786629267,357.2108522516541,-852.9686445717239,-713.9730533344037,-983.8745224809411,0.69534,825.5155706021187,-0.33098019297716863,198.3397895961549,0.4139060897806422,197.52853366018485,199.15104553212495,0.90862,0.8799076303649036,0.3739,0.0008345714138451039,5.975087264523593,6.0,0.90862,0.6261,1.0,0.99569,0.01476
E4_interaction,Parallel PIAP,same_asset,0.0,12.0,0.0,0.0,0.0,0.5,100000,-625.7917201125892,0.9794191583333609,-559.4006505566923,309.7195324338504,-1148.2457813904614,-1148.2457813904614,-1233.8892661725422,1.0,1100.9666740247173,-0.5684020551002981,-154.22262765288758,0.9899385025699676,-156.16290711792473,-152.28234818785043,0.90862,0.8799076303649036,0.3739,0.0008345714138451039,5.975087264523593,6.0,0.90862,0.6261,1.0,1.0,0.09537
E4_interaction,Parallel PIAP,same_asset,0.0,12.0,0.0,0.1,0.0,0.5,100000,-533.9746856383897,0.9522058755641244,-512.783929676968,301.11393681775024,-1072.1868039690485,-991.325159232557,-1206.575784369888,1.0,1009.1496395505178,-0.529133306608746,-62.40559317868803,0.9384432231922804,-64.2449418961449,-60.56624446123116,0.90862,0.8799076303649036,0.3739,0.0008345714138451039,5.975087264523593,6.0,0.90862,0.6261,1.0,1.0,0.05673
E4_interaction,Parallel PIAP,same_asset,0.0,12.0,0.0,0.2,0.0,0.5,100000,-442.15765116419004,0.9349888651086722,-446.7383214422678,295.6694400639341,-961.5022449734774,-829.0903707798961,-1085.1647645452451,1.0,917.3326050763183,-0.4820036361047086,29.411441295511587,0.8952357980501633,27.656779131333266,31.166103459689907,0.90862,0.8799076303649036,0.3739,0.0008345714138451039,5.975087264523593,6.0,0.90862,0.6261,1.0,1.0,0.0216
E4_interaction,Parallel PIAP,same_asset,0.0,12.0,0.0,0.3,0.0,0.5,100000,-350.3406166899906,0.9283244761211004,-338.20472104051424,293.561975222527,-852.9686445717239,-744.2967177209271,-983.768170532113,0.86315,825.5155706021187,-0.42439007714228505,121.22847576971117,0.8615640380931994,119.5398102550485,122.91714128437384,0.90862,0.8799076303649036,0.3739,0.0008345714138451039,5.975087264523593,6.0,0.90862,0.6261,1.0,1.0,0.01476
E4_interaction,Parallel PIAP,same_asset,0.0,15.0,0.0,0.0,0.0,0.0,100000,85.38614566574705,2.9677481293003547,127.09499006028994,938.4843610293011,-1148.2457813904614,-884.1468803601001,-1230.880019991988,0.44846,1100.9666740247173,0.0775556133353316,0.0,0.0,0.0,0.0,0.90862,0.8799076303649036,0.3739,0.0008345714138451039,5.975087264523593,9.0,0.90862,0.6261,0.77312,0.60888,0.09533
E4_interaction,Parallel PIAP,same_asset,0.0,15.0,0.0,0.1,0.0,0.0,100000,177.20318013994665,3.013830465821319,206.18633392035508,953.0568753601618,-1070.035845375231,-807.2064950938525,-1186.539786580206,0.44846,1009.1496395505178,0.17559653513712215,91.81703447419959,0.1001848458349625,91.62067217636306,92.01339677203612,0.90862,0.8799076303649036,0.3739,0.0008345714138451039,5.975087264523593,9.0,0.90862,0.6261,0.77312,0.60888,0.05673
E4_interaction,Parallel PIAP,same_asset,0.0,15.0,0.0,0.2,0.0,0.0,100000,269.0202146141462,3.0624978695714535,285.2776777804203,968.4468597259064,-961.5022449734774,-760.589774214128,-1085.9738946100078,0.38716,917.3326050763183,0.2932635481672047,183.6340689483992,0.20036969166992483,183.24134435272614,184.02679354407226,0.90862,0.8799076303649036,0.3739,0.0008345714138451039,5.975087264523593,9.0,0.90862,0.6261,0.77312,0.5129,0.0216
E4_interaction,Parallel PIAP,same_asset,0.0,15.0,0.0,0.3,0.0,0.0,100000,360.83724908834574,3.113629125669367,364.36902164048536,984.6159826153843,-852.9686445717239,-713.9730533344037,-985.4080026398096,0.38277,825.5155706021187,0.43710532173870015,275.45110342259875,0.3005545375048873,274.86201652908915,276.04019031610835,0.90862,0.8799076303649036,0.3739,0.0008345714138451039,5.975087264523593,9.0,0.90862,0.6261,0.77312,0.45431,0.01476
E4_interaction,Parallel PIAP,same_asset,0.0,15.0,0.0,0.0,0.0,0.1,100000,37.22404030254404,2.7165630501701803,127.09499006028994,859.0526645992034,-1148.2457813904614,-884.1468803601001,-1230.880019991988,0.44848,1100.9666740247173,0.03381032430933358,-48.16210536320302,0.3091473877048385,-48.7680342431045,-47.556176483301535,0.90862,0.8799076303649036,0.3739,0.0008345714138451039,5.975087264523593,9.0,0.90862,0.6261,0.77327,0.60888,0.09533
E4_interaction,Parallel PIAP,same_asset,0.0,15.0,0.0,0.1,0.0,0.1,100000,129.0410747767436,2.7606546919940587,206.18633392035508,872.995665993183,-1070.035845375231,-807.2064950938525,-1186.539786580206,0.44846,1009.1496395505178,0.12787110030006987,43.65492911099659,0.2673266088357165,43.13096895767858,44.1788892643146,0.90862,0.8799076303649036,0.3739,0.0008345714138451039,5.975087264523593,9.0,0.90862,0.6261,0.77312,0.60888,0.05673
E4_interaction,Parallel PIAP,same_asset,0.0,15.0,0.0,0.2,0.0,0.1,100000,220.85810925094322,2.8076302922531764,285.2776777804203,887.8506551204239,-961.5022449734774,-760.589774214128,-1085.9738946100078,0.38716,917.3326050763183,0.24076121139569517,135.4719635851962,0.2596708126232771,134.96300879245456,135.98091837793783,0.90862,0.8799076303649036,0.3739,0.0008345714138451039,5.975087264523593,9.0,0.90862,0.6261,0.77312,0.5129,0.0216
E4_interaction,Parallel PIAP,same_asset,0.0,15.0,0.0,0.3,0.0,0.1,100000,312.6751437251428,2.857347615218781,364.36902164048536,903.5726530941746,-852.9686445717239,-713.9730533344037,-985.4080026398096,0.38277,825.5155706021187,0.3787634720167449,227.28899805939577,0.2889089004084373,226.72273661459522,227.8552595041963,0.90862,0.8799076303649036,0.3739,0.0008345714138451039,5.975087264523593,9.0,0.90862,0.6261,0.77312,0.45431,0.01476
E4_interaction,Parallel PIAP,same_asset,0.0,15.0,0.0,0.0,0.0,0.25,100000,-35.019117742260455,2.365668822530718,127.09499006028994,748.0901668845725,-1148.2457813904614,-884.1468803601001,-1230.880019991988,0.44861,1100.9666740247173,-0.031807609229663435,-120.40526340800751,0.7728684692620963,-121.92008560776122,-118.8904412082538,0.90862,0.8799076303649036,0.3739,0.0008345714138451039,5.975087264523593,9.0,0.90862,0.6261,0.79529,0.60888,0.09533
E4_interaction,Parallel PIAP,same_asset,0.0,15.0,0.0,0.1,0.0,0.25,100000,56.79791673193911,2.405549855744134,206.18633392035508,760.7016569240943,-1070.035845375231,-807.2064950938525,-1186.539786580206,0.44861,1009.1496395505178,0.05628294804449149,-28.58822893380793,0.7224947660324392,-30.00431867523151,-27.17213919238435,0.90862,0.8799076303649036,0.3739,0.0008345714138451039,5.975087264523593,9.0,0.90862,0.6261,0.77552,0.60888,0.05673
E4_interaction,Parallel PIAP,same_asset,0.0,15.0,0.0,0.2,0.0,0.25,100000,148.6149512061387,2.448882448325629,285.2776777804203,774.4046258718582,-961.5022449734774,-760.589774214128,-1085.9738946100078,0.38716,917.3326050763183,0.1620077062384309,63.228805540391676,0.6831879022486809,61.889757251984264,64.56785382879909,0.90862,0.8799076303649036,0.3739,0.0008345714138451039,5.975087264523593,9.0,0.90862,0.6261,0.77385,0.5129,0.0216
E4_interaction,Parallel PIAP,same_asset,0.0,15.0,0.0,0.3,0.0,0.25,100000,240.4319856803383,2.49548680413942,364.36902164048536,789.1422171975073,-852.9686445717239,-713.9730533344037,-985.4080026398096,0.38277,825.5155706021187,0.29125069743381193,155.04584001459125,0.6569373937321481,153.75824272287625,156.33343730630625,0.90862,0.8799076303649036,0.3739,0.0008345714138451039,5.975087264523593,9.0,0.90862,0.6261,0.77327,0.45431,0.01476
E4_interaction,Parallel PIAP,same_asset,0.0,15.0,0.0,0.0,0.0,0.5,100000,-155.42438115026798,1.892062456258001,127.09499006028994,598.3226837067989,-1148.2457813904614,-884.1468803601001,-1230.880019991988,0.47077,1100.9666740247173,-0.1411708317946585,-240.81052681601503,1.5457369385241926,-243.84017121552245,-237.7808824165076,0.90862,0.8799076303649036,0.3739,0.0008345714138451039,5.975087264523593,9.0,0.90862,0.6261,0.96897,0.61128,0.09533
E4_interaction,Parallel PIAP,same_asset,0.0,15.0,0.0,0.1,0.0,0.5,100000,-63.60734667606842,1.9195878416440264,205.91522825000288,607.0269748361742,-1070.035845375231,-807.2064950938525,-1186.539786580206,0.451,1009.1496395505178,-0.06303063904813914,-148.99349234181545,1.4928535467729696,-151.91948529349048,-146.06749939014043,0.90862,0.8799076303649036,0.3739,0.0008345714138451039,5.975087264523593,9.0,0.90862,0.6261,0.95452,0.61105,0.05673
E4_interaction,Parallel PIAP,same_asset,0.0,15.0,0.0,0.2,0.0,0.5,100000,28.20968779813118,1.9518731085457455,285.2776777804203,617.2364726637621,-961.5022449734774,-760.589774214128,-1085.9738946100078,0.38789,917.3326050763183,0.030751864309657078,-57.17645786761586,1.4449895320648787,-60.00863735046302,-54.3442783847687,0.90862,0.8799076303649036,0.3739,0.0008345714138451039,5.975087264523593,9.0,0.90862,0.6261,0.95423,0.51305,0.0216
E4_interaction,Parallel PIAP,same_asset,0.0,15.0,0.0,0.3,0.0,0.5,100000,120.02672227233076,1.9886864480381121,364.36902164048536,628.8778727710527,-852.9686445717239,-713.9730533344037,-985.4080026398096,0.38292,825.5155706021187,0.1453960731289236,34.64057660658372,1.4026588288359612,31.89136530206524,37.389787911102204,0.90862,0.8799076303649036,0.3739,0.0008345714138451039,5.975087264523593,9.0,0.90862,0.6261,0.95132,0.45431,0.01476
E4_interaction,Parallel PIAP,same_asset,0.0,18.0,0.0,0.0,0.0,0.0,100000,503.83485950905936,4.2175395702764,587.6271309369075,1333.7031163961205,-1148.2457813904614,-884.1468803601001,-1230.880019991988,0.38669,1100.9666740247173,0.45762952811934793,0.0,0.0,0.0,0.0,0.90862,0.8799076303649036,0.3739,0.0008345714138451039,5.975087264523593,12.0,0.90862,0.6261,0.39981,0.3739,0.09533
E4_interaction,Parallel PIAP,same_asset,0.0,18.0,0.0,0.1,0.0,0.0,100000,595.6518939832589,4.269394158383839,666.7184747969727,1350.1009769510595,-1070.035845375231,-807.2064950938525,-1186.539786580206,0.37502,1009.1496395505178,0.5902513072774483,91.8170344741996,0.1001848458349625,91.62067217636307,92.01339677203613,0.90862,0.8799076303649036,0.3739,0.0008345714138451039,5.975087264523593,12.0,0.90862,0.6261,0.38669,0.3739,0.05673
E4_interaction,Parallel PIAP,same_asset,0.0,18.0,0.0,0.2,0.0,0.0,100000,687.4689284574586,4.3229488707486246,745.8098186570378,1367.03646400185,-961.5022449734774,-760.589774214128,-1085.9738946100078,0.37398,917.3326050763183,0.7494216652206143,183.6340689483992,0.20036969166992485,183.24134435272614,184.02679354407226,0.90862,0.8799076303649036,0.3739,0.0008345714138451039,5.975087264523593,12.0,0.90862,0.6261,0.38387,0.3739,0.0216
E4_interaction,Parallel PIAP,same_asset,0.0,18.0,0.0,0.3,0.0,0.0,100000,779.285962931658,4.378141318555344,824.901162517103,1384.4898484727698,-852.9686445717239,-713.9730533344037,-985.4080026398096,0.37393,825.5155706021187,0.9439991087790851,275.45110342259875,0.30055453750488736,274.86201652908915,276.04019031610835,0.90862,0.8799076303649036,0.3739,0.0008345714138451039,5.975087264523593,12.0,0.90862,0.6261,0.37502,0.3739,0.01476
E4_interaction,Parallel PIAP,same_asset,0.0,18.0,0.0,0.0,0.0,0.1,100000,442.6618001018101,3.891060319993085,587.6271309369075,1230.461312428176,-1148.2457813904614,-884.1468803601001,-1230.880019991988,0.38669,1100.9666740247173,0.4020664844319094,-61.173059407249234,0.39266330595491006,-61.94267948692086,-60.40343932757761,0.90862,0.8799076303649036,0.3739,0.0008345714138451039,5.975087264523593,12.0,0.90862,0.6261,0.39981,0.3739,0.09533
E4_interaction,Parallel PIAP,same_asset,0.0,18.0,0.0,0.1,0.0,0.1,100000,534.4788345760097,3.9417086227610834,666.7184747969727,1246.4777120650444,-1070.035845375231,-807.2064950938525,-1186.539786580206,0.37502,1009.1496395505178,0.5296328845879291,30.643975066950365,0.34763698783066865,29.962606570802254,31.325343563098475,0.90862,0.8799076303649036,0.3739,0.0008345714138451039,5.975087264523593,12.0,0.90862,0.6261,0.38669,0.3739,0.05673
E4_interaction,Parallel PIAP,same_asset,0.0,18.0,0.0,0.2,0.0,0.1,100000,626.2958690502093,3.994228001296797,745.8098186570378,1263.085797811986,-961.5022449734774,-760.589774214128,-1085.9738946100078,0.37398,917.3326050763183,0.6827358643794244,122.46100954114998,0.3280129348706725,121.81810418880346,123.1039148934965,0.90862,0.8799076303649036,0.3739,0.0008345714138451039,5.975087264523593,12.0,0.90862,0.6261,0.38387,0.3739,0.0216
E4_interaction,Parallel PIAP,same_asset,0.0,18.0,0.0,0.3,0.0,0.1,100000,718.1129035244089,4.048545639190411,824.901162517103,1280.2625430983949,-852.9686445717239,-713.9730533344037,-985.4080026398096,0.37393,825.5155706021187,0.8698962552585509,214.27804401534954,0.33824178075293126,213.61509012507378,214.9409979056253,0.90862,0.8799076303649036,0.3739,0.0008345714138451039,5.975087264523593,12.0,0.90862,0.6261,0.37502,0.3739,0.01476
E4_interaction,Parallel PIAP,same_asset,0.0,18.0,0.0,0.0,0.0,0.25,100000,350.9022109909363,3.4274783389109524,587.6271309369075,1083.863818184913,-1148.2457813904614,-884.1468803601001,-1230.880019991988,0.38669,1100.9666740247173,0.3187219189007517,-152.932648518123,0.9816582648872746,-154.85669871730204,-151.00859831894394,0.90862,0.8799076303649036,0.3739,0.0008345714138451039,5.975087264523593,12.0,0.90862,0.6261,0.39981,0.3739,0.09533
E4_interaction,Parallel PIAP,same_asset,0.0,18.0,0.0,0.1,0.0,0.25,100000,442.7192454651359,3.4755243081904217,666.7184747969727,1099.0572877162733,-1070.035845375231,-807.2064950938525,-1186.539786580206,0.37502,1009.1496395505178,0.4387052505536504,-61.11561404392343,0.930196190424571,-62.93879857715559,-59.29242951069127,0.90862,0.8799076303649036,0.3739,0.0008345714138451039,5.975087264523593,12.0,0.90862,0.6261,0.38669,0.3739,0.05673
E4_interaction,Parallel PIAP,same_asset,0.0,18.0,0.0,0.2,0.0,0.25,100000,534.5362799393356,3.5257629921211655,745.8098186570378,1114.9441545033185,-961.5022449734774,-760.589774214128,-1085.9738946100078,0.37398,917.3326050763183,0.5827071631176398,30.70142043027619,0.8871025662285199,28.962699400468292,32.44014146008409,0.90862,0.8799076303649036,0.3739,0.0008345714138451039,5.975087264523593,12.0,0.90862,0.6261,0.38387,0.3739,0.0216
E4_interaction,Parallel PIAP,same_asset,0.0,18.0,0.0,0.3,0.0,0.25,100000,626.353314413535,3.578102030835598,824.901162517103,1131.4952117914522,-852.9686445717239,-713.9730533344037,-985.4080026398096,0.37393,825.5155706021187,0.7587419749777491,122.51845490447577,0.8536456993437129,120.8453093337621,124.19160047518945,0.90862,0.8799076303649036,0.3739,0.0008345714138451039,5.975087264523593,12.0,0.90862,0.6261,0.37502,0.3739,0.01476
E4_interaction,Parallel PIAP,same_asset,0.0,18.0,0.0,0.0,0.0,0.5,100000,197.96956247281327,2.7631289145827633,587.6271309369075,873.7780838750375,-1148.2457813904614,-884.1468803601001,-1230.880019991988,0.3867,1100.9666740247173,0.1798143096821555,-305.865297036246,1.9633165297745492,-309.7133974346041,-302.0171966378879,0.90862,0.8799076303649036,0.3739,0.0008345714138451039,5.975087264523593,12.0,0.90862,0.6261,0.39981,0.3739,0.09533
E4_interaction,Parallel PIAP,same_asset,0.0,18.0,0.0,0.1,0.0,0.5,100000,289.7865969470129,2.8032334637068614,666.7184747969727,886.4602558516636,-1070.035845375231,-807.2064950938525,-1186.539786580206,0.37502,1009.1496395505178,0.2871591938298525,-214.04826256204643,1.9099211502229048,-217.7917080164833,-210.30481710760955,0.90862,0.8799076303649036,0.3739,0.0008345714138451039,5.975087264523593,12.0,0.90862,0.6261,0.38669,0.3739,0.05673
E4_interaction,Parallel PIAP,same_asset,0.0,18.0,0.0,0.2,0.0,0.5,100000,381.60363142121247,2.846300811959018,745.8098186570378,900.0793471777123,-961.5022449734774,-760.589774214128,-1085.9738946100078,0.37398,917.3326050763183,0.41599266101466503,-122.23122808784683,1.860392380849142,-125.87759715431115,-118.58485902138251,0.90862,0.8799076303649036,0.3739,0.0008345714138451039,5.975087264523593,12.0,0.90862,0.6261,0.38387,0.3739,0.0216
E4_interaction,Parallel PIAP,same_asset,0.0,18.0,0.0,0.3,0.0,0.5,100000,473.4206658954121,2.8921986064136593,824.901162517103,914.5935041832034,-852.9686445717239,-713.9730533344037,-985.4080026398096,0.37393,825.5155706021187,0.5734848411764132,-30.41419361364725,1.8150467839822326,-33.971685310252425,-26.856701917042074,0.90862,0.8799076303649036,0.3739,0.0008345714138451039,5.975087264523593,12.0,0.90862,0.6261,0.37502,0.3739,0.01476
E4_interaction,Parallel PIAP,same_asset,0.0,12.0,0.5,0.0,0.0,0.0,100000,-367.01674164125495,1.700072472445408,-348.29685355023906,537.6101200281337,-1161.8183631345016,-975.7320027735561,-1267.5652073202373,0.79775,1112.0384833445644,-0.3300396048681843,104.55235081844671,0.3692689922242287,103.82858359368723,105.2761180432062,0.90862,0.8799076303649036,0.3739,0.0008345714138451039,5.975087264523593,6.416868437850806,0.90862,0.6261,0.98172,0.95121,0.09535
E4_interaction,Parallel PIAP,same_asset,0.0,12.0,0.5,0.1,0.0,0.0,100000,-274.0925262350707,1.7319577307627054,-261.5925834178513,547.6931240346825,-1078.2944657538667,-837.5301594803758,-1197.906698421788,0.64675,1019.1142679383801,-0.26895171116537,197.476566224631,0.44452098075631846,196.6053051023486,198.3478273469134,0.90862,0.8799076303649036,0.3739,0.0008345714138451039,5.975087264523593,6.416868437850806,0.90862,0.6261,0.98172,0.89248,0.05673
E4_interaction,Parallel PIAP,same_asset,0.0,12.0,0.5,0.2,0.0,0.0,100000,-181.1683108288864,1.769231941500512,-181.67460415748366,559.4802644263399,-973.5443608735134,-790.9134386006514,-1096.1277071082875,0.64525,926.1900525321959,-0.1956059777726761,290.4007816308153,0.5290662795356884,289.36381172292533,291.43775153870524,0.90862,0.8799076303649036,0.3739,0.0008345714138451039,5.975087264523593,6.416868437850806,0.90862,0.6261,0.96172,0.89248,0.0216
E4_interaction,Parallel PIAP,same_asset,0.0,12.0,0.5,0.3,0.0,0.0,100000,-88.24409542270213,1.8115624903926333,-101.75662489711607,572.8663593367619,-863.5054959842553,-713.9730533344037,-993.9525989316109,0.63714,833.2658371260115,-0.10590149204611796,383.3249970369996,0.6191092521080794,382.11154290286777,384.53845117113144,0.90862,0.8799076303649036,0.3739,0.0008345714138451039,5.975087264523593,6.416868437850806,0.90862,0.6261,0.96132,0.85789,0.01476
E4_interaction,Parallel PIAP,same_asset,0.0,12.0,0.5,0.0,0.0,0.1,100000,-401.4080664288874,1.5388637027718262,-348.29685355023906,486.63143093193395,-1161.8183631345016,-975.7320027735561,-1267.5652073202373,0.81985,1112.0384833445644,-0.36096598493751175,70.16102603081421,0.2337681416352757,69.70284047320908,70.61921158841935,0.90862,0.8799076303649036,0.3739,0.0008345714138451039,5.975087264523593,6.416868437850806,0.90862,0.6261,0.9951,0.953,0.09535
E4_interaction,Parallel PIAP,same_asset,0.0,12.0,0.5,0.1,0.0,0.1,100000,-308.4838510227032,1.5658670441513958,-261.5925834178513,495.17063725138524,-1078.2944657538667,-837.5301594803758,-1197.906698421788,0.66091,1019.1142679383801,-0.3026980003397965,163.0852414369985,0.30048925509346924,162.4962824970153,163.6742003769817,0.90862,0.8799076303649036,0.3739,0.0008345714138451039,5.975087264523593,6.416868437850806,0.90862,0.6261,0.99395,0.95174,0.05673
E4_interaction,Parallel PIAP,same_asset,0.0,12.0,0.5,0.2,0.0,0.1,100000,-215.55963561651885,1.599015514716839,-181.67460415748366,505.65310404517027,-973.5443608735134,-790.9134386006514,-1096.1277071082875,0.6461,926.1900525321959,-0.2327380163792308,256.0094568431828,0.3834226817815554,255.25794838689097,256.76096529947466,0.90862,0.8799076303649036,0.3739,0.0008345714138451039,5.975087264523593,6.416868437850806,0.90862,0.6261,0.99377,0.95125,0.0216
E4_interaction,Parallel PIAP,same_asset,0.0,12.0,0.5,0.3,0.0,0.1,100000,-122.63542021033462,1.6379360624718535,-101.75662489711607,517.9608619138902,-863.5054959842553,-713.9730533344037,-993.9525989316109,0.63837,833.2658371260115,-0.14717442471098086,348.9336722493671,0.4741360832898147,348.00436552611905,349.8629789726151,0.90862,0.8799076303649036,0.3739,0.0008345714138451039,5.975087264523593,6.416868437850806,0.90862,0.6261,0.99377,0.89248,0.01476
E4_interaction,Parallel PIAP,same_asset,0.0,12.0,0.5,0.0,0.0,0.25,100000,-452.9950536103362,1.3301891089388587,-380.1005810677669,420.6427302996636,-1161.8183631345016,-982.5182936455763,-1267.538566203096,0.87447,1112.0384833445644,-0.40735555504150295,18.57403884936551,0.3414651091979371,17.904767235337555,19.243310463393467,0.90862,0.8799076303649036,0.3739,0.0008345714138451039,5.975087264523593,6.416868437850806,0.90862,0.6261,0.99997,0.9951,0.09535
E4_interaction,Parallel PIAP,same_asset,0.0,12.0,0.5,0.1,0.0,0.25,100000,-360.0708382041519,1.347164270530325,-266.881343426756,426.01074772750786,-1078.2944657538667,-837.5301594803758,-1197.906698421788,0.73022,1019.1142679383801,-0.3533174341014361,111.4982542555498,0.337424171015816,110.83690288035879,112.1596056307408,0.90862,0.8799076303649036,0.3739,0.0008345714138451039,5.975087264523593,6.416868437850806,0.90862,0.6261,0.99989,0.9819,0.05673
E4_interaction,Parallel PIAP,same_asset,0.0,12.0,0.5,0.2,0.0,0.25,100000,-267.14662279796755,1.371631506689156,-181.67460415748366,433.74796715862135,-973.5443608735134,-790.9134386006514,-1096.1277071082875,0.683,926.1900525321959,-0.2884360742890629,204.4224696617341,0.36357204742220833,203.70986844878658,205.13507087468165,0.90862,0.8799076303649036,0.3739,0.0008345714138451039,5.975087264523593,6.416868437850806,0.90862,0.6261,0.99952,0.98172,0.0216
E4_interaction,Parallel PIAP,same_asset,0.0,12.0,0.5,0.3,0.0,0.25,100000,-174.22240739178332,1.4031989597295675,-101.75662489711607,443.73047231243214,-863.5054959842553,-713.9730533344037,-993.9525989316109,0.65193,833.2658371260115,-0.20908382370827516,297.3466850679184,0.4142307427542729,296.53479281212,298.15857732371677,0.90862,0.8799076303649036,0.3739,0.0008345714138451039,5.975087264523593,6.416868437850806,0.90862,0.6261,0.99946,0.96197,0.01476
E4_interaction,Parallel PIAP,same_asset,0.0,12.0,0.5,0.0,0.0,0.5,100000,-538.9733655794173,1.1241098099855424,-526.229086349526,355.4747339693403,-1161.8183631345016,-1095.0772928963174,-1267.8232867827887,1.0,1112.0384833445644,-0.48467150521482155,-67.4042731197157,0.8437419027013447,-69.05800724901033,-65.75053899042106,0.90862,0.8799076303649036,0.3739,0.0008345714138451039,5.975087264523593,6.416868437850806,0.90862,0.6261,1.0,1.0,0.09535
E4_interaction,Parallel PIAP,same_asset,0.0,12.0,0.5,0.1,0.0,0.5,100000,-446.0491501732331,1.1158354304428453,-416.19022146026794,352.85814541137773,-1078.2944657538667,-896.2891447488242,-1197.9234217207702,0.86315,1019.1142679383801,-0.4376831570375022,25.51994228646858,0.8032274805010888,23.945616424686445,27.094268148250716,0.90862,0.8799076303649036,0.3739,0.0008345714138451039,5.975087264523593,6.416868437850806,0.90862,0.6261,1.0,1.0,0.05673
E4_interaction,Parallel PIAP,same_asset,0.0,12.0,0.5,0.2,0.0,0.5,100000,-353.1249347670488,1.1169724539362291,-339.1843673012786,353.2177038105992,-973.5443608735134,-790.9134386006514,-1096.0039446232438,0.80445,926.1900525321959,-0.3812661708054499,118.44415769265291,0.7742875981087923,116.92655400035967,119.96176138494614,0.90862,0.8799076303649036,0.3739,0.0008345714138451039,5.975087264523593,6.416868437850806,0.90862,0.6261,1.0,1.0,0.0216
E4_interaction,Parallel PIAP,same_asset,0.0,12.0,0.5,0.3,0.0,0.5,100000,-260.2007193608645,1.1274924079425048,-229.02645828469815,356.5444053646036,-863.5054959842553,-713.9730533344037,-993.9314212548585,0.76245,833.2658371260115,-0.3122661553704324,211.36837309883717,0.7582487031528327,209.88220564065762,212.85454055701672,0.90862,0.8799076303649036,0.3739,0.0008345714138451039,5.975087264523593,6.416868437850806,0.90862,0.6261,1.0,1.0,0.01476
E4_interaction,Parallel PIAP,same_asset,0.0,15.0,0.5,0.0,0.0,0.0,100000,189.9384964841938,3.3011407352375723,264.67142595653905,1043.9123600113594,-1161.8183631345016,-892.4132343631248,-1266.9964479395333,0.44846,1112.0384833445644,0.17080208943213476,104.55235081844674,0.3692689922242287,103.82858359368726,105.27611804320622,0.90862,0.8799076303649036,0.3739,0.0008345714138451039,5.975087264523593,9.416868437850807,0.90862,0.6261,0.77312,0.47481,0.09533
E4_interaction,Parallel PIAP,same_asset,0.0,15.0,0.5,0.1,0.0,0.0,100000,282.8627118903781,3.3513405256020015,351.3756960889268,1059.7869275728165,-1078.2944657538667,-812.4952551027573,-1197.9816172472445,0.3967,1019.1142679383801,0.27755740527762013,197.476566224631,0.44452098075631846,196.6053051023486,198.3478273469134,0.90862,0.8799076303649036,0.3739,0.0008345714138451039,5.975087264523593,9.416868437850807,0.90862,0.6261,0.77312,0.47481,0.05673
E4_interaction,Parallel PIAP,same_asset,0.0,15.0,0.5,0.2,0.0,0.0,100000,375.78692729656234,3.403896208073133,431.2936753492944,1076.4064936321527,-973.5443608735134,-760.589774214128,-1096.1444107584866,0.38405,926.1900525321959,0.405734143083446,290.4007816308153,0.5290662795356884,289.36381172292533,291.43775153870524,0.90862,0.8799076303649036,0.3739,0.0008345714138451039,5.975087264523593,9.416868437850807,0.90862,0.6261,0.77312,0.44392,0.0216
E4_interaction,Parallel PIAP,same_asset,0.0,15.0,0.5,0.3,0.0,0.0,100000,468.7111427027467,3.4587003894847443,511.211654609662,1093.7370974883281,-863.5054959842553,-713.9730533344037,-994.3072042697283,0.37709,833.2658371260115,0.5624989310966619,383.3249970369996,0.6191092521080795,382.11154290286777,384.53845117113144,0.90862,0.8799076303649036,0.3739,0.0008345714138451039,5.975087264523593,9.416868437850807,0.90862,0.6261,0.77312,0.39972,0.01476
E4_interaction,Parallel PIAP,same_asset,0.0,15.0,0.5,0.0,0.0,0.1,100000,138.2295918639358,3.0289987802126226,264.67142595653905,957.8535175343648,-1161.8183631345016,-892.4132343631248,-1266.9964479395333,0.44846,1112.0384833445644,0.12430288513774884,52.84344619818877,0.22762604567882952,52.39729914865826,53.28959324771928,0.90862,0.8799076303649036,0.3739,0.0008345714138451039,5.975087264523593,9.416868437850807,0.90862,0.6261,0.77312,0.47481,0.09533
E4_interaction,Parallel PIAP,same_asset,0.0,15.0,0.5,0.1,0.0,0.1,100000,231.1538072701201,3.077433845600021,351.3756960889268,973.1700300587014,-1078.2944657538667,-812.4952551027573,-1197.9816172472445,0.3967,1019.1142679383801,0.2268183407320293,145.76766160437305,0.27361511143059886,145.23137598596907,146.30394722277703,0.90862,0.8799076303649036,0.3739,0.0008345714138451039,5.975087264523593,9.416868437850807,0.90862,0.6261,0.77312,0.47481,0.05673
E4_interaction,Parallel PIAP,same_asset,0.0,15.0,0.5,0.2,0.0,0.1,100000,324.07802267630433,3.1284880453110935,431.2936753492944,989.3147855791112,-973.5443608735134,-760.589774214128,-1096.1444107584866,0.38405,926.1900525321959,0.3499044518889808,238.69187701055736,0.3449489148118772,238.01577713752607,239.36797688358865,0.90862,0.8799076303649036,0.3739,0.0008345714138451039,5.975087264523593,9.416868437850807,0.90862,0.6261,0.77312,0.44392,0.0216
E4_interaction,Parallel PIAP,same_asset,0.0,15.0,0.5,0.3,0.0,0.1,100000,417.00223808248865,3.182035313656848,511.211654609662,1006.2479186243933,-863.5054959842553,-713.9730533344037,-994.3072042697283,0.37709,833.2658371260115,0.5004432193221273,331.61609241674165,0.4291703514357891,330.7749185279275,332.4572663055558,0.90862,0.8799076303649036,0.3739,0.0008345714138451039,5.975087264523593,9.416868437850807,0.90862,0.6261,0.77312,0.39972,0.01476
E4_interaction,Parallel PIAP,same_asset,0.0,15.0,0.5,0.0,0.0,0.25,100000,60.66623493354884,2.646934372843835,264.67142595653905,837.0341435175859,-1161.8183631345016,-892.4132343631248,-1266.9964479395333,0.44857,1112.0384833445644,0.054554078696169954,-24.719910732198198,0.5834958760236354,-25.863562649204525,-23.57625881519187,0.90862,0.8799076303649036,0.3739,0.0008345714138451039,5.975087264523593,9.416868437850807,0.90862,0.6261,0.77399,0.47481,0.09533
E4_interaction,Parallel PIAP,same_asset,0.0,15.0,0.5,0.1,0.0,0.25,100000,153.5904503397331,2.6916064879330834,351.3756960889268,851.1607066755062,-1078.2944657538667,-812.4952551027573,-1197.9816172472445,0.3967,1019.1142679383801,0.15070974391364308,68.20430467398609,0.5533872948439394,67.11966557609196,69.28894377188021,0.90862,0.8799076303649036,0.3739,0.0008345714138451039,5.975087264523593,9.416868437850807,0.90862,0.6261,0.77323,0.47481,0.05673
E4_interaction,Parallel PIAP,same_asset,0.0,15.0,0.5,0.2,0.0,0.25,100000,246.5146657459174,2.7393981656049324,431.2936753492944,866.2737621398717,-973.5443608735134,-760.589774214128,-1096.1444107584866,0.38405,926.1900525321959,0.2661599150972831,161.12852008017038,0.5413690709190089,160.06743670116913,162.18960345917162,0.90862,0.8799076303649036,0.3739,0.0008345714138451039,5.975087264523593,9.416868437850807,0.90862,0.6261,0.77315,0.44392,0.0216
E4_interaction,Parallel PIAP,same_asset,0.0,15.0,0.5,0.3,0.0,0.25,100000,339.43888115210177,2.790149108139345,511.211654609662,882.3226193207779,-863.5054959842553,-713.9730533344037,-994.3072042697283,0.37709,833.2658371260115,0.40735965166032573,254.0527354863547,0.5486313478973316,252.9774180444759,255.12805292823347,0.90862,0.8799076303649036,0.3739,0.0008345714138451039,5.975087264523593,9.416868437850807,0.90862,0.6261,0.77312,0.39972,0.01476
E4_interaction,Parallel PIAP,same_asset,0.0,15.0,0.5,0.0,0.0,0.5,100000,-68.60602661709609,2.121297305045067,232.86769843901118,670.8131078319404,-1161.8183631345016,-892.4132343631248,-1266.9964479395333,0.45094,1112.0384833445644,-0.06169393203979485,-153.99217228284311,1.3890588713250531,-156.71472767064023,-151.269616895046,0.90862,0.8799076303649036,0.3739,0.0008345714138451039,5.975087264523593,9.416868437850807,0.90862,0.6261,0.95299,0.47496,0.09533
E4_interaction,Parallel PIAP,same_asset,0.0,15.0,0.5,0.1,0.0,0.5,100000,24.318188789088175,2.1547428884153654,346.08693608002204,681.3895299442597,-1078.2944657538667,-812.4952551027573,-1197.9816172472445,0.39795,1019.1142679383801,0.023862082549666114,-61.067956876658855,1.3415607909479075,-63.697416026916756,-58.43849772640095,0.90862,0.8799076303649036,0.3739,0.0008345714138451039,5.975087264523593,9.416868437850807,0.90862,0.6261,0.89262,0.4749,0.05673
E4_interaction,Parallel PIAP,same_asset,0.0,15.0,0.5,0.2,0.0,0.5,100000,117.24240419527247,2.1924881951920816,431.2936753492944,693.3256439838809,-973.5443608735134,-760.589774214128,-1096.1444107584866,0.3842,926.1900525321959,0.12658568711112014,31.85625852952545,1.3004457219375343,29.307384914527884,34.405132144523016,0.90862,0.8799076303649036,0.3739,0.0008345714138451039,5.975087264523593,9.416868437850807,0.90862,0.6261,0.86373,0.44392,0.0216
E4_interaction,Parallel PIAP,same_asset,0.0,15.0,0.5,0.3,0.0,0.5,100000,210.16661960145674,2.2343153244409315,511.211654609662,706.5525436251422,-863.5054959842553,-713.9730533344037,-994.3072042697283,0.37709,833.2658371260115,0.2522203722239894,124.78047393570975,1.266335543091723,122.29845627124998,127.26249160016953,0.90862,0.8799076303649036,0.3739,0.0008345714138451039,5.975087264523593,9.416868437850807,0.90862,0.6261,0.82914,0.39972,0.01476
E4_interaction,Parallel PIAP,same_asset,0.0,18.0,0.5,0.0,0.0,0.0,100000,608.3872103275061,4.554251551265359,725.2035668331566,1440.1807939353635,-1161.8183631345016,-892.4132343631248,-1266.9964479395333,0.37709,1112.0384833445644,0.5470918672685877,104.55235081844671,0.3692689922242287,103.82858359368723,105.2761180432062,0.90862,0.8799076303649036,0.3739,0.0008345714138451039,5.975087264523593,12.416868437850807,0.90862,0.6261,0.38888,0.3739,0.09533
E4_interaction,Parallel PIAP,same_asset,0.0,18.0,0.5,0.1,0.0,0.0,100000,701.3114257336903,4.609104799736986,811.9078369655444,1457.5269141583124,-1078.2944657538667,-812.4952551027573,-1197.9816172472445,0.37485,1019.1142679383801,0.6881577932888822,197.47656622463097,0.4445209807563184,196.60530510234858,198.34782734691336,0.90862,0.8799076303649036,0.3739,0.0008345714138451039,5.975087264523593,12.416868437850807,0.90862,0.6261,0.3771,0.3739,0.05673
E4_interaction,Parallel PIAP,same_asset,0.0,18.0,0.5,0.2,0.0,0.0,100000,794.2356411398746,4.665571758081641,891.8258162259121,1475.3833342494086,-973.5443608735134,-760.589774214128,-1096.1444107584866,0.37406,926.1900525321959,0.857529876258594,290.4007816308153,0.5290662795356885,289.36381172292533,291.43775153870524,0.90862,0.8799076303649036,0.3739,0.0008345714138451039,5.975087264523593,12.416868437850807,0.90862,0.6261,0.37688,0.3739,0.0216
E4_interaction,Parallel PIAP,same_asset,0.0,18.0,0.5,0.3,0.0,0.0,100000,887.1598565460589,4.723594554653736,971.7437954862796,1493.7317535874515,-863.5054959842553,-713.9730533344037,-994.3072042697283,0.37392,833.2658371260115,1.0646780619327096,383.3249970369996,0.6191092521080795,382.11154290286777,384.53845117113144,0.90862,0.8799076303649036,0.3739,0.0008345714138451039,5.975087264523593,12.416868437850807,0.90862,0.6261,0.37419,0.3739,0.01476
E4_interaction,Parallel PIAP,same_asset,0.0,18.0,0.5,0.0,0.0,0.1,100000,543.6673516632019,4.2075121467996395,725.2035668331566,1330.53216667116,-1161.8183631345016,-892.4132343631248,-1266.9964479395333,0.37709,1112.0384833445644,0.4888925696420768,39.83249215414252,0.25679360786676714,39.329176682723656,40.33580762556139,0.90862,0.8799076303649036,0.3739,0.0008345714138451039,5.975087264523593,12.416868437850807,0.90862,0.6261,0.38888,0.3739,0.09533
E4_interaction,Parallel PIAP,same_asset,0.0,18.0,0.5,0.1,0.0,0.1,100000,636.5915670693861,4.261237858969228,811.9078369655444,1347.5217286082125,-1078.2944657538667,-812.4952551027573,-1197.9816172472445,0.37485,1019.1142679383801,0.6246518050985398,132.7567075603268,0.28201424298436195,132.20395964407743,133.30945547657615,0.90862,0.8799076303649036,0.3739,0.0008345714138451039,5.975087264523593,12.416868437850807,0.90862,0.6261,0.3771,0.3739,0.05673
E4_interaction,Parallel PIAP,same_asset,0.0,18.0,0.5,0.2,0.0,0.1,100000,729.5157824755704,4.31673610822502,891.8258162259121,1365.0718159882172,-973.5443608735134,-760.589774214128,-1096.1444107584866,0.37406,926.1900525321959,0.787652361932716,225.6809229665111,0.33792605928778074,225.01858789030706,226.34325804271515,0.90862,0.8799076303649036,0.3739,0.0008345714138451039,5.975087264523593,12.416868437850807,0.90862,0.6261,0.37688,0.3739,0.0216
E4_interaction,Parallel PIAP,same_asset,0.0,18.0,0.5,0.3,0.0,0.1,100000,822.4399978817546,4.373939423161877,971.7437954862796,1383.1610924794572,-863.5054959842553,-713.9730533344037,-994.3072042697283,0.37392,833.2658371260115,0.9870079406092107,318.60513837269536,0.4122243587421891,317.7971786295607,319.41309811583005,0.90862,0.8799076303649036,0.3739,0.0008345714138451039,5.975087264523593,12.416868437850807,0.90862,0.6261,0.37419,0.3739,0.01476
E4_interaction,Parallel PIAP,same_asset,0.0,18.0,0.5,0.0,0.0,0.25,100000,446.58756366674567,3.7143029774499317,725.2035668331566,1174.5657328686816,-1161.8183631345016,-892.4132343631248,-1266.9964479395333,0.37709,1112.0384833445644,0.40159362320231035,-57.24729584231369,0.7812037138974588,-58.77845512155271,-55.71613656307467,0.90862,0.8799076303649036,0.3739,0.0008345714138451039,5.975087264523593,12.416868437850807,0.90862,0.6261,0.38888,0.3739,0.09533
E4_interaction,Parallel PIAP,same_asset,0.0,18.0,0.5,0.1,0.0,0.25,100000,539.5117790729299,3.7655757696898604,811.9078369655444,1190.7796134161597,-1078.2944657538667,-812.4952551027573,-1197.9816172472445,0.37485,1019.1142679383801,0.5293928228130264,35.67691956387059,0.7432314326963166,34.22018595578581,37.13365317195537,0.90862,0.8799076303649036,0.3739,0.0008345714138451039,5.975087264523593,12.416868437850807,0.90862,0.6261,0.3771,0.3739,0.05673
E4_interaction,Parallel PIAP,same_asset,0.0,18.0,0.5,0.2,0.0,0.25,100000,632.4359944791142,3.818919750184894,891.8258162259121,1207.64846119855,-973.5443608735134,-760.589774214128,-1096.1444107584866,0.37406,926.1900525321959,0.6828360904438991,128.60113497005491,0.7180387138472202,127.19377909091436,130.00849084919545,0.90862,0.8799076303649036,0.3739,0.0008345714138451039,5.975087264523593,12.416868437850807,0.90862,0.6261,0.37688,0.3739,0.0216
E4_interaction,Parallel PIAP,same_asset,0.0,18.0,0.5,0.3,0.0,0.25,100000,725.3602098852984,3.8742493662029607,971.7437954862796,1225.1452220665126,-863.5054959842553,-713.9730533344037,-994.3072042697283,0.37392,833.2658371260115,0.8705027586239624,221.52535037623912,0.7069930259301261,220.13964404541608,222.91105670706216,0.90862,0.8799076303649036,0.3739,0.0008345714138451039,5.975087264523593,12.416868437850807,0.90862,0.6261,0.37419,0.3739,0.01476
E4_interaction,Parallel PIAP,same_asset,0.0,18.0,0.5,0.0,0.0,0.5,100000,284.7879170059852,3.0029025071568807,725.2035668331566,949.6011514045822,-1161.8183631345016,-892.4132343631248,-1266.9964479395333,0.37709,1112.0384833445644,0.25609537913603286,-219.04694250307412,1.8029798500541374,-222.58078300918024,-215.513101996968,0.90862,0.8799076303649036,0.3739,0.0008345714138451039,5.975087264523593,12.416868437850807,0.90862,0.6261,0.38888,0.3739,0.09533
E4_interaction,Parallel PIAP,same_asset,0.0,18.0,0.5,0.1,0.0,0.5,100000,377.7121324121694,3.046606660318561,811.9078369655444,963.421618124558,-1078.2944657538667,-812.4952551027573,-1197.9816172472445,0.37485,1019.1142679383801,0.3706278523371704,-126.12272709688982,1.7532040571103673,-129.55900704882615,-122.6864471449535,0.90862,0.8799076303649036,0.3739,0.0008345714138451039,5.975087264523593,12.416868437850807,0.90862,0.6261,0.3771,0.3739,0.05673
E4_interaction,Parallel PIAP,same_asset,0.0,18.0,0.5,0.2,0.0,0.5,100000,470.63634781835384,3.0931009892987107,891.8258162259121,978.1244159104027,-973.5443608735134,-760.589774214128,-1096.1444107584866,0.37406,926.1900525321959,0.5081423046292043,-33.1985116907055,1.7081526583213156,-36.54649090101528,-29.850532480395724,0.90862,0.8799076303649036,0.3739,0.0008345714138451039,5.975087264523593,12.416868437850807,0.90862,0.6261,0.37688,0.3739,0.0216
E4_interaction,Parallel PIAP,same_asset,0.0,18.0,0.5,0.3,0.0,0.5,100000,563.5605632245381,3.142261642415988,971.7437954862796,993.670379421608,-863.5054959842553,-713.9730533344037,-994.3072042697283,0.37392,833.2658371260115,0.6763274553152153,59.72570371547876,1.6682084565446302,56.45601514065128,62.995392290306235,0.90862,0.8799076303649036,0.3739,0.0008345714138451039,5.975087264523593,12.416868437850807,0.90862,0.6261,0.37419,0.3739,0.01476
E4_interaction,Parallel PIAP,same_asset,0.0,12.0,1.0,0.0,0.0,0.0,100000,-257.1922720967066,2.042117719546468,-203.7721635283155,645.7743243955791,-1175.82010020594,-900.9664062064918,-1282.698583158747,0.64525,1123.481656015301,-0.2289243181850437,214.37682036299512,0.756797072816997,212.8934981002738,215.86014262571643,0.90862,0.8799076303649036,0.3739,0.0008345714138451039,5.975087264523593,6.8337368757016135,0.90862,0.6261,0.95368,0.84679,0.09535
E4_interaction,Parallel PIAP,same_asset,0.0,12.0,1.0,0.1,0.0,0.0,100000,-163.12373942344865,2.08271293435667,-144.83400314987927,658.6116584859831,-1084.5952474360138,-837.5301594803758,-1210.200798339788,0.6438,1029.413123342043,-0.15846285201208526,308.445353036253,0.8309541876602861,306.81668282843884,310.0740232440671,0.90862,0.8799076303649036,0.3739,0.0008345714138451039,5.975087264523593,6.8337368757016135,0.90862,0.6261,0.95292,0.80635,0.05673
E4_interaction,Parallel PIAP,same_asset,0.0,12.0,1.0,0.2,0.0,0.0,100000,-69.0552067501907,2.127738835683523,-98.21728227015491,672.8500986754684,-985.9875931767822,-790.9134386006514,-1106.6855215352398,0.54116,935.3445906687851,-0.07382862683881586,402.51388570951104,0.9112403162966155,400.72785468956965,404.29991672945243,0.90862,0.8799076303649036,0.3739,0.0008345714138451039,5.975087264523593,6.8337368757016135,0.90862,0.6261,0.95125,0.80485,0.0216
E4_interaction,Parallel PIAP,same_asset,0.0,12.0,1.0,0.3,0.0,0.0,100000,25.0133259230672,2.176920517222339,-51.600561390430556,688.4027119574397,-874.3933242496155,-713.9730533344037,-1003.1945992324407,0.50228,841.2760579955273,0.02973260166545734,496.58241838276894,0.9961746662041472,494.6299160370088,498.5349207285291,0.90862,0.8799076303649036,0.3739,0.0008345714138451039,5.975087264523593,6.8337368757016135,0.90862,0.6261,0.95121,0.80332,0.01476
E4_interaction,Parallel PIAP,same_asset,0.0,12.0,1.0,0.0,0.0,0.1,100000,-295.30351132782164,1.854548744164178,-203.7721635283155,586.4598063363703,-1175.82010020594,-900.9664062064918,-1282.698583158747,0.64818,1123.481656015301,-0.26284675833087195,176.26558113188,0.575241675240825,175.138107448408,177.393054815352,0.90862,0.8799076303649036,0.3739,0.0008345714138451039,5.975087264523593,6.8337368757016135,0.90862,0.6261,0.98172,0.89251,0.09535
E4_interaction,Parallel PIAP,same_asset,0.0,12.0,1.0,0.1,0.0,0.1,100000,-201.23497865456372,1.8913324451216844,-144.83400314987927,598.091833915994,-1084.5952474360138,-837.5301594803758,-1210.200798339788,0.64525,1029.413123342043,-0.19548514983104542,270.334113805138,0.6472905256048441,269.0654243749525,271.60280323532345,0.90862,0.8799076303649036,0.3739,0.0008345714138451039,5.975087264523593,6.8337368757016135,0.90862,0.6261,0.97447,0.84797,0.05673
E4_interaction,Parallel PIAP,same_asset,0.0,12.0,1.0,0.2,0.0,0.1,100000,-107.16644598130574,1.9331468622294077,-98.21728227015491,611.3147136252657,-985.9875931767822,-790.9134386006514,-1106.6855215352398,0.5412,935.3445906687851,-0.11457429384894412,364.4026464783959,0.7274600082685775,362.9768248621895,365.82846809460233,0.90862,0.8799076303649036,0.3739,0.0008345714138451039,5.975087264523593,6.8337368757016135,0.90862,0.6261,0.96039,0.84679,0.0216
E4_interaction,Parallel PIAP,same_asset,0.0,12.0,1.0,0.3,0.0,0.1,100000,-13.097913308047849,1.979673246627645,-51.600561390430556,626.0276482243609,-874.3933242496155,-713.9730533344037,-1003.1945992324407,0.50301,841.2760579955273,-0.015569102654906988,458.47117915165387,0.8133523850157696,456.87700847702297,460.0653498262848,0.90862,0.8799076303649036,0.3739,0.0008345714138451039,5.975087264523593,6.8337368757016135,0.90862,0.6261,0.96019,0.83505,0.01476
E4_interaction,Parallel PIAP,same_asset,0.0,12.0,1.0,0.0,0.0,0.25,100000,-352.47037017449424,1.6039539342918596,-220.30866850709953,507.2147694350329,-1175.82010020594,-900.9664062064918,-1282.698583158747,0.683,1123.481656015301,-0.3137304185496143,119.09872228520746,0.44474996464825567,118.22701235449688,119.97043221591804,0.90862,0.8799076303649036,0.3739,0.0008345714138451039,5.975087264523593,6.8337368757016135,0.90862,0.6261,0.99832,0.96172,0.09535
E4_interaction,Parallel PIAP,same_asset,0.0,12.0,1.0,0.1,0.0,0.25,100000,-258.4018375012363,1.6327780245264734,-144.83400314987927,516.3297470973926,-1084.5952474360138,-837.5301594803758,-1210.200798339788,0.66099,1029.413123342043,-0.2510185965594856,213.1672549584654,0.4913176683325662,212.20427232853356,214.13023758839725,0.90862,0.8799076303649036,0.3739,0.0008345714138451039,5.975087264523593,6.8337368757016135,0.90862,0.6261,0.99777,0.96019,0.05673
E4_interaction,Parallel PIAP,same_asset,0.0,12.0,1.0,0.2,0.0,0.25,100000,-164.33330482797834,1.6677502603541128,-98.21728227015491,527.388939105781,-985.9875931767822,-790.9134386006514,-1106.6855215352398,0.54934,935.3445906687851,-0.17569279436413654,307.2357876317234,0.5541791866041823,306.1495964259792,308.32197883746755,0.90862,0.8799076303649036,0.3739,0.0008345714138451039,5.975087264523593,6.8337368757016135,0.90862,0.6261,0.9951,0.95297,0.0216
E4_interaction,Parallel PIAP,same_asset,0.0,12.0,1.0,0.3,0.0,0.25,100000,-70.26477215472042,1.708493132539387,-51.600561390430556,540.2729665580398,-874.3933242496155,-713.9730533344037,-1003.1945992324407,0.50482,841.2760579955273,-0.08352165913545348,401.30432030498116,0.6284640721657805,400.0725307235362,402.5361098864261,0.90862,0.8799076303649036,0.3739,0.0008345714138451039,5.975087264523593,6.8337368757016135,0.90862,0.6261,0.99508,0.89259,0.01476
E4_interaction,Parallel PIAP,same_asset,0.0,12.0,1.0,0.0,0.0,0.5,100000,-447.74846825228184,1.3193246791559834,-498.1947289452,417.2070959403781,-1175.82010020594,-902.692938839986,-1282.6686086930988,0.80445,1123.481656015301,-0.39853651891418496,23.82062420741983,0.7670653137379552,22.317176192493438,25.32407222234622,0.90862,0.8799076303649036,0.3739,0.0008345714138451039,5.975087264523593,6.8337368757016135,0.90862,0.6261,1.0,1.0,0.09535
E4_interaction,Parallel PIAP,same_asset,0.0,12.0,1.0,0.1,0.0,0.5,100000,-353.67993557902395,1.3265598104388698,-369.5666469433102,419.49504534280385,-1084.5952474360138,-837.5301594803758,-1210.070620826595,0.76245,1029.413123342043,-0.34357434110688595,117.88915688067777,0.7468782921576758,116.42527542804874,119.35303833330681,0.90862,0.8799076303649036,0.3739,0.0008345714138451039,5.975087264523593,6.8337368757016135,0.90862,0.6261,1.0,1.0,0.05673
E4_interaction,Parallel PIAP,same_asset,0.0,12.0,1.0,0.2,0.0,0.5,100000,-259.61140290576594,1.3420265466083678,-224.80307508736,424.386056769256,-985.9875931767822,-790.9134386006514,-1106.6855215352398,0.61561,935.3445906687851,-0.2775569618894572,211.95768955393575,0.7412126351737564,210.5049127889952,213.4104663188763,0.90862,0.8799076303649036,0.3739,0.0008345714138451039,5.975087264523593,6.8337368757016135,0.90862,0.6261,1.0,1.0,0.0216
E4_interaction,Parallel PIAP,same_asset,0.0,12.0,1.0,0.3,0.0,0.5,100000,-165.54287023250802,1.365445192023448,-51.600561390430556,431.7916826920073,-874.3933242496155,-713.9730533344037,-1003.1945992324407,0.55786,841.2760579955273,-0.19677591993636429,306.0262222271936,0.750397332934013,304.55544345464295,307.4970009997443,0.90862,0.8799076303649036,0.3739,0.0008345714138451039,5.975087264523593,6.8337368757016135,0.90862,0.6261,1.0,1.0,0.01476
E4_interaction,Parallel PIAP,same_asset,0.0,15.0,1.0,0.0,0.0,0.0,100000,299.76296602874214,3.6583889971947654,409.1961159784626,1156.8841798034807,-1175.82010020594,-900.9664062064918,-1282.1559592493027,0.3967,1123.481656015301,0.26681607521027434,214.37682036299512,0.756797072816997,212.8934981002738,215.86014262571643,0.90862,0.8799076303649036,0.3739,0.0008345714138451039,5.975087264523593,9.833736875701613,0.90862,0.6261,0.77312,0.43398,0.09533
E4_interaction,Parallel PIAP,same_asset,0.0,15.0,1.0,0.1,0.0,0.0,100000,393.8314987020001,3.712361702474421,468.13427635689885,1173.9518478199514,-1084.5952474360138,-820.1931097617875,-1209.793383580637,0.3967,1029.413123342043,0.3825786652334543,308.445353036253,0.8309541876602863,306.81668282843884,310.0740232440671,0.90862,0.8799076303649036,0.3739,0.0008345714138451039,5.975087264523593,9.833736875701613,0.90862,0.6261,0.77312,0.42305,0.05673
E4_interaction,Parallel PIAP,same_asset,0.0,15.0,1.0,0.2,0.0,0.0,100000,487.90003137525804,3.7684983434639108,514.7509972366232,1191.703812391747,-985.9875931767822,-760.589774214128,-1106.643758610391,0.37928,935.3445906687851,0.521625972120502,402.51388570951104,0.9112403162966155,400.72785468956965,404.29991672945243,0.90862,0.8799076303649036,0.3739,0.0008345714138451039,5.975087264523593,9.833736875701613,0.90862,0.6261,0.77312,0.41913,0.0216
E4_interaction,Parallel PIAP,same_asset,0.0,15.0,1.0,0.3,0.0,0.0,100000,581.968564048516,3.826703688407309,561.3677181163475,1210.1099585934373,-874.3933242496155,-713.9730533344037,-1003.494133640145,0.37649,841.2760579955273,0.691768841532407,496.58241838276894,0.9961746662041472,494.6299160370088,498.5349207285291,0.90862,0.8799076303649036,0.3739,0.0008345714138451039,5.975087264523593,9.833736875701613,0.90862,0.6261,0.77312,0.38995,0.01476
E4_interaction,Parallel PIAP,same_asset,0.0,15.0,1.0,0.0,0.0,0.1,100000,244.3341469650016,3.364294986897953,409.1961159784626,1063.8834879283868,-1175.82010020594,-900.9664062064918,-1282.1559592493027,0.3967,1123.481656015301,0.21747942715112203,158.94800129925457,0.5156829542503218,157.93726270892395,159.9587398895852,0.90862,0.8799076303649036,0.3739,0.0008345714138451039,5.975087264523593,9.833736875701613,0.90862,0.6261,0.77312,0.43398,0.09533
E4_interaction,Parallel PIAP,same_asset,0.0,15.0,1.0,0.1,0.0,0.1,100000,338.40267963825954,3.4166820725068865,468.13427635689885,1080.4497389786327,-1084.5952474360138,-820.1931097617875,-1209.793383580637,0.3967,1029.413123342043,0.3287335977800805,253.0165339725125,0.5840275955726119,251.87183988519018,254.1612280598348,0.90862,0.8799076303649036,0.3739,0.0008345714138451039,5.975087264523593,9.833736875701613,0.90862,0.6261,0.77312,0.42305,0.05673
E4_interaction,Parallel PIAP,same_asset,0.0,15.0,1.0,0.2,0.0,0.1,100000,432.47121231151743,3.4714669823867847,514.7509972366232,1097.7742486413867,-985.9875931767822,-760.589774214128,-1106.643758610391,0.37928,935.3445906687851,0.46236565285772824,347.0850666457705,0.6621016198173146,345.7873474709286,348.3827858206124,0.90862,0.8799076303649036,0.3739,0.0008345714138451039,5.975087264523593,9.833736875701613,0.90862,0.6261,0.77312,0.41913,0.0216
E4_interaction,Parallel PIAP,same_asset,0.0,15.0,1.0,0.3,0.0,0.1,100000,526.5397449847753,3.52853803075745,561.3677181163475,1115.821698771881,-874.3933242496155,-713.9730533344037,-1003.494133640145,0.37649,841.2760579955273,0.6258822416025237,441.1535993190284,0.7468600116671771,439.6897536961607,442.61744494189605,0.90862,0.8799076303649036,0.3739,0.0008345714138451039,5.975087264523593,9.833736875701613,0.90862,0.6261,0.77312,0.38995,0.01476
E4_interaction,Parallel PIAP,same_asset,0.0,15.0,1.0,0.0,0.0,0.25,100000,161.19091836939083,2.9498488209346787,409.1961159784626,932.8241027315769,-1175.82010020594,-900.9664062064918,-1282.1559592493027,0.39671,1123.481656015301,0.1434744550623936,75.80477270364375,0.5355658787869497,74.75506358122132,76.85448182606618,0.90862,0.8799076303649036,0.3739,0.0008345714138451039,5.975087264523593,9.833736875701613,0.90862,0.6261,0.7732,0.43398,0.09533
E4_interaction,Parallel PIAP,same_asset,0.0,15.0,1.0,0.1,0.0,0.25,100000,255.25945104264875,2.9988277872984415,468.13427635689885,948.3126118466034,-1084.5952474360138,-820.1931097617875,-1209.793383580637,0.3967,1029.413123342043,0.24796599660001975,169.8733053769017,0.5459986624407778,168.80314799851777,170.94346275528562,0.90862,0.8799076303649036,0.3739,0.0008345714138451039,5.975087264523593,9.833736875701613,0.90862,0.6261,0.77312,0.42305,0.05673
E4_interaction,Parallel PIAP,same_asset,0.0,15.0,1.0,0.2,0.0,0.25,100000,349.32798371590667,3.0506489684762514,514.7509972366232,964.6999082028161,-985.9875931767822,-760.589774214128,-1106.643758610391,0.37928,935.3445906687851,0.37347517396356783,263.9418380501597,0.5757857828583455,262.8132979157573,265.07037818456206,0.90862,0.8799076303649036,0.3739,0.0008345714138451039,5.975087264523593,9.833736875701613,0.90862,0.6261,0.77312,0.41913,0.0216
E4_interaction,Parallel PIAP,same_asset,0.0,15.0,1.0,0.3,0.0,0.25,100000,443.39651638916456,3.1051700693111104,561.3677181163475,981.9409941206023,-874.3933242496155,-713.9730533344037,-1003.494133640145,0.37649,841.2760579955273,0.5270523417076989,358.01037072341757,0.6221535144840666,356.7909498350288,359.2297916118063,0.90862,0.8799076303649036,0.3739,0.0008345714138451039,5.975087264523593,9.833736875701613,0.90862,0.6261,0.77312,0.38995,0.01476
E4_interaction,Parallel PIAP,same_asset,0.0,15.0,1.0,0.0,0.0,0.5,100000,22.61887071003946,2.3713168456785523,375.8400851532869,749.8762286270235,-1175.82010020594,-900.9664062064918,-1282.1559592493027,0.39774,1123.481656015301,0.020132834914512752,-62.767274955707585,1.266750692232877,-65.25010631248402,-60.28444359893115,0.90862,0.8799076303649036,0.3739,0.0008345714138451039,5.975087264523593,9.833736875701613,0.90862,0.6261,0.81806,0.43399,0.09533
E4_interaction,Parallel PIAP,same_asset,0.0,15.0,1.0,0.1,0.0,0.5,100000,116.6874033832974,2.4099884419645923,468.13427635689885,762.1052611288629,-1084.5952474360138,-820.1931097617875,-1209.793383580637,0.39685,1029.413123342043,0.11335332796658516,31.301257717550357,1.2286096700902378,28.893182764173492,33.709332670927225,0.90862,0.8799076303649036,0.3739,0.0008345714138451039,5.975087264523593,9.833736875701613,0.90862,0.6261,0.81804,0.42305,0.05673
E4_interaction,Parallel PIAP,same_asset,0.0,15.0,1.0,0.2,0.0,0.5,100000,210.75593605655536,2.4525651872468877,514.7509972366232,775.5692101737512,-985.9875931767822,-760.589774214128,-1106.643758610391,0.37931,935.3445906687851,0.22532437580663375,125.3697903908083,1.1985145498050545,123.0207018731904,127.7188789084262,0.90862,0.8799076303649036,0.3739,0.0008345714138451039,5.975087264523593,9.833736875701613,0.90862,0.6261,0.78594,0.41913,0.0216
E4_interaction,Parallel PIAP,same_asset,0.0,15.0,1.0,0.3,0.0,0.5,100000,304.82446872981325,2.4988474752325724,561.3677181163475,790.2049547096123,-874.3933242496155,-713.9730533344037,-1003.494133640145,0.37649,841.2760579955273,0.3623358418829909,219.4383230640662,1.1770826352631238,217.13124109895048,221.7454050291819,0.90862,0.8799076303649036,0.3739,0.0008345714138451039,5.975087264523593,9.833736875701613,0.90862,0.6261,0.78178,0.38995,0.01476
E4_interaction,Parallel PIAP,same_asset,0.0,18.0,1.0,0.0,0.0,0.0,100000,718.2116798720544,4.912614809062842,869.7282568550802,1553.5052063711776,-1175.82010020594,-900.9664062064918,-1282.1559592493027,0.37709,1123.481656015301,0.6392731701729475,214.37682036299512,0.7567970728169968,212.8934981002738,215.86014262571643,0.90862,0.8799076303649036,0.3739,0.0008345714138451039,5.975087264523593,12.833736875701613,0.90862,0.6261,0.37928,0.3739,0.09533
E4_interaction,Parallel PIAP,same_asset,0.0,18.0,1.0,0.1,0.0,0.0,100000,812.2802125453123,4.970380743559606,928.6664172335164,1571.7723987889642,-1084.5952474360138,-820.1931097617875,-1209.793383580637,0.37419,1029.413123342043,0.7890711650422744,308.445353036253,0.830954187660286,306.81668282843884,310.0740232440671,0.90862,0.8799076303649036,0.3739,0.0008345714138451039,5.975087264523593,12.833736875701613,0.90862,0.6261,0.37627,0.3739,0.05673
E4_interaction,Parallel PIAP,same_asset,0.0,18.0,1.0,0.2,0.0,0.0,100000,906.3487452185702,5.029683509840469,975.2831381132409,1590.52558008858,-985.9875931767822,-760.589774214128,-1106.643758610391,0.37418,935.3445906687851,0.9689998255835505,402.513885709511,0.9112403162966152,400.7278546895696,404.2999167294524,0.90862,0.8799076303649036,0.3739,0.0008345714138451039,5.975087264523593,12.833736875701613,0.90862,0.6261,0.37626,0.3739,0.0216
E4_interaction,Parallel PIAP,same_asset,0.0,18.0,1.0,0.3,0.0,0.0,100000,1000.4172778918281,5.090469397006776,1021.8998589929652,1609.747765392533,-874.3933242496155,-713.9730533344037,-1003.494133640145,0.37392,841.2760579955273,1.1891664672776732,496.58241838276894,0.9961746662041471,494.6299160370088,498.5349207285291,0.90862,0.8799076303649036,0.3739,0.0008345714138451039,5.975087264523593,12.833736875701613,0.90862,0.6261,0.37418,0.3739,0.01476
E4_interaction,Parallel PIAP,same_asset,0.0,18.0,1.0,0.0,0.0,0.1,100000,649.7719067642676,4.544503691582617,869.7282568550802,1437.098250044444,-1175.82010020594,-900.9664062064918,-1282.1559592493027,0.37709,1123.481656015301,0.5783555995643405,145.9370472552083,0.48308533051445546,144.99020000739998,146.88389450301665,0.90862,0.8799076303649036,0.3739,0.0008345714138451039,5.975087264523593,12.833736875701613,0.90862,0.6261,0.37928,0.3739,0.09533
E4_interaction,Parallel PIAP,same_asset,0.0,18.0,1.0,0.1,0.0,0.1,100000,743.8404394375256,4.601208701946157,928.6664172335164,1455.029948793668,-1084.5952474360138,-820.1931097617875,-1209.793383580637,0.37419,1029.413123342043,0.7225869017704079,240.00557992846623,0.5466458921975592,238.934153979759,241.07700587717346,0.90862,0.8799076303649036,0.3739,0.0008345714138451039,5.975087264523593,12.833736875701613,0.90862,0.6261,0.37627,0.3739,0.05673
E4_interaction,Parallel PIAP,same_asset,0.0,18.0,1.0,0.2,0.0,0.1,100000,837.9089721107835,4.659598720320285,975.2831381132409,1473.4944938618007,-985.9875931767822,-760.589774214128,-1106.643758610391,0.37418,935.3445906687851,0.8958291740498185,334.0741126017242,0.6216132445846606,332.85575064233825,335.29247456111017,0.90862,0.8799076303649036,0.3739,0.0008345714138451039,5.975087264523593,12.833736875701613,0.90862,0.6261,0.37626,0.3739,0.0216
E4_interaction,Parallel PIAP,same_asset,0.0,18.0,1.0,0.3,0.0,0.1,100000,931.9775047840415,4.719611207445403,1021.8998589929652,1492.4721085984909,-874.3933242496155,-713.9730533344037,-1003.494133640145,0.37392,841.2760579955273,1.1078141306013447,428.14264527498216,0.7043545412063952,426.7621103742176,429.5231801757467,0.90862,0.8799076303649036,0.3739,0.0008345714138451039,5.975087264523593,12.833736875701613,0.90862,0.6261,0.37418,0.3739,0.01476
E4_interaction,Parallel PIAP,same_asset,0.0,18.0,1.0,0.0,0.0,0.25,100000,547.1122471025875,4.020152610373306,869.7282568550802,1271.2838790251103,-1175.82010020594,-900.9664062064918,-1282.1559592493027,0.37709,1123.481656015301,0.48697924365143014,43.277387593528246,0.6747849837286302,41.95480902542013,44.59996616163636,0.90862,0.8799076303649036,0.3739,0.0008345714138451039,5.975087264523593,12.833736875701613,0.90862,0.6261,0.37928,0.3739,0.09533
E4_interaction,Parallel PIAP,same_asset,0.0,18.0,1.0,0.1,0.0,0.25,100000,641.1807797758455,4.074530106680639,928.6664172335164,1288.4795532039668,-1084.5952474360138,-820.1931097617875,-1209.793383580637,0.37419,1029.413123342043,0.6228605068626082,137.34592026678618,0.665090920598435,136.04234206241324,138.64949847115912,0.90862,0.8799076303649036,0.3739,0.0008345714138451039,5.975087264523593,12.833736875701613,0.90862,0.6261,0.37627,0.3739,0.05673
E4_interaction,Parallel PIAP,same_asset,0.0,18.0,1.0,0.2,0.0,0.25,100000,735.2493124491034,4.1308709940266795,975.2831381132409,1306.2961061448116,-985.9875931767822,-760.589774214128,-1106.643758610391,0.37418,935.3445906687851,0.7860731967492208,231.4144529400441,0.6719286350109649,230.0974728154226,232.7314330646656,0.90862,0.8799076303649036,0.3739,0.0008345714138451039,5.975087264523593,12.833736875701613,0.90862,0.6261,0.37626,0.3739,0.0216
E4_interaction,Parallel PIAP,same_asset,0.0,18.0,1.0,0.3,0.0,0.25,100000,829.3178451223612,4.189096053783368,1021.8998589929652,1324.7084867178662,-874.3933242496155,-713.9730533344037,-1003.494133640145,0.37392,841.2760579955273,0.9857856255868515,325.48298561330205,0.6948102243931948,324.12115757349136,326.84481365311274,0.90862,0.8799076303649036,0.3739,0.0008345714138451039,5.975087264523593,12.833736875701613,0.90862,0.6261,0.37418,0.3739,0.01476
E4_interaction,Parallel PIAP,same_asset,0.0,18.0,1.0,0.0,0.0,0.5,100000,376.01281433312073,3.2597851794017947,869.7282568550802,1030.834584977027,-1175.82010020594,-900.9664062064918,-1282.1559592493027,0.37709,1123.481656015301,0.3346853171299129,-127.82204517593858,1.6657302890310453,-131.08687654243943,-124.55721380943774,0.90862,0.8799076303649036,0.3739,0.0008345714138451039,5.975087264523593,12.833736875701613,0.90862,0.6261,0.37928,0.3739,0.09533
E4_interaction,Parallel PIAP,same_asset,0.0,18.0,1.0,0.1,0.0,0.5,100000,470.0813470063788,3.306907331818395,928.6664172335164,1045.7359179656332,-1084.5952474360138,-820.1931097617875,-1209.793383580637,0.37419,1029.413123342043,0.4566498486829421,-33.75351250268064,1.6220162329715788,-36.93266431930493,-30.574360686056348,0.90862,0.8799076303649036,0.3739,0.0008345714138451039,5.975087264523593,12.833736875701613,0.90862,0.6261,0.37627,0.3739,0.05673
E4_interaction,Parallel PIAP,same_asset,0.0,18.0,1.0,0.2,0.0,0.5,100000,564.1498796796367,3.356665575554007,975.2831381132409,1061.4708562230674,-985.9875931767822,-760.589774214128,-1106.643758610391,0.37418,935.3445906687851,0.6031465679148914,60.31502017057732,1.584091829326687,57.210200185097015,63.419840156057624,0.90862,0.8799076303649036,0.3739,0.0008345714138451039,5.975087264523593,12.833736875701613,0.90862,0.6261,0.37626,0.3739,0.0216
E4_interaction,Parallel PIAP,same_asset,0.0,18.0,1.0,0.3,0.0,0.5,100000,658.2184123528946,3.4089444804033953,1021.8998589929652,1078.0028975133962,-874.3933242496155,-713.9730533344037,-1003.494133640145,0.37392,841.2760579955273,0.7824047838960301,154.38355284383522,1.5523814566478913,151.34088518880534,157.4262204988651,0.90862,0.8799076303649036,0.3739,0.0008345714138451039,5.975087264523593,12.833736875701613,0.90862,0.6261,0.37418,0.3739,0.01476
E4_interaction,Parallel PIAP,same_asset,0.0,12.0,1.5,0.0,0.0,0.0,100000,-141.83437003865808,2.415804946556637,-191.45072402960363,763.944601382032,-1190.266435314048,-909.8176432046507,-1298.4409032712322,0.63853,1135.3103301093756,-0.12493004447955104,329.7347224210436,1.1634811734716513,327.4542993210392,332.01514552104805,0.90862,0.8799076303649036,0.3739,0.0008345714138451039,5.975087264523593,7.25060531355242,0.90862,0.6261,0.95125,0.80332,0.09535
E4_interaction,Parallel PIAP,same_asset,0.0,12.0,1.5,0.1,0.0,0.0,100000,-46.582969955992674,2.46321423884628,-144.83400314987927,778.936735971225,-1091.0960982346623,-837.5301594803758,-1222.4446804958563,0.50301,1040.0589300267102,-0.04478877937694969,424.9861225037089,1.2384343379290002,422.558791201368,427.41345380604974,0.90862,0.8799076303649036,0.3739,0.0008345714138451039,5.975087264523593,7.25060531355242,0.90862,0.6261,0.89248,0.78053,0.05673
E4_interaction,Parallel PIAP,same_asset,0.0,12.0,1.5,0.2,0.0,0.0,100000,48.66843012667274,2.5143562620684983,-77.89747437027125,795.1092637243684,-998.8471168185526,-790.9134386006514,-1117.5976674282886,0.50228,944.807529944045,0.05151147570717929,520.2375225863744,1.3179540800804803,517.6543325894168,522.8207125833321,0.90862,0.8799076303649036,0.3739,0.0008345714138451039,5.975087264523593,7.25060531355242,0.90862,0.6261,0.89248,0.7805,0.0216
E4_interaction,Parallel PIAP,same_asset,0.0,12.0,1.5,0.3,0.0,0.0,100000,143.9198302093381,2.5690081000751164,66.84752424998447,812.3916923659153,-885.6454074361648,-714.0096353856541,-1012.7373600121538,0.47097,849.5561298613794,0.16940591109950703,615.4889226690398,1.4012631746179605,612.7424468467885,618.235398491291,0.90862,0.8799076303649036,0.3739,0.0008345714138451039,5.975087264523593,7.25060531355242,0.90862,0.6261,0.86199,0.77396,0.01476
E4_interaction,Parallel PIAP,same_asset,0.0,12.0,1.5,0.0,0.0,0.1,100000,-183.8470884525336,2.202182442610151,-191.45072402960363,696.3912341881114,-1190.266435314048,-909.8176432046507,-1298.4409032712322,0.64525,1135.3103301093756,-0.1619355374268653,287.72200400716804,0.95248755859609,285.8551283923197,289.58887962201635,0.90862,0.8799076303649036,0.3739,0.0008345714138451039,5.975087264523593,7.25060531355242,0.90862,0.6261,0.95361,0.80485,0.09535
E4_interaction,Parallel PIAP,same_asset,0.0,12.0,1.5,0.1,0.0,0.1,100000,-88.59568836986817,2.2465121175565583,-144.83400314987927,710.4095082646664,-1091.0960982346623,-837.5301594803758,-1222.4446804958563,0.50311,1040.0589300267102,-0.08518333510928358,382.9734040898335,1.026236841454989,380.9619798805817,384.9848282990853,0.90862,0.8799076303649036,0.3739,0.0008345714138451039,5.975087264523593,7.25060531355242,0.90862,0.6261,0.95292,0.80485,0.05673
E4_interaction,Parallel PIAP,same_asset,0.0,12.0,1.5,0.2,0.0,0.1,100000,6.655711712797215,2.2950551317162224,-77.89747437027125,725.7601571881008,-998.8471168185526,-790.9134386006514,-1117.5976674282886,0.503,944.807529944045,0.007044515948334357,478.22480417249886,1.1055965537840458,476.0578349270821,480.3917734179156,0.90862,0.8799076303649036,0.3739,0.0008345714138451039,5.975087264523593,7.25060531355242,0.90862,0.6261,0.95129,0.80332,0.0216
E4_interaction,Parallel PIAP,same_asset,0.0,12.0,1.5,0.3,0.0,0.1,100000,101.9071117954626,2.347550127346796,66.84752424998447,742.3605323834207,-885.6454074361648,-714.0096353856541,-1012.7373600121538,0.47097,849.5561298613794,0.11995335942322093,573.4762042551642,1.1894442417445552,571.1448935413449,575.8075149689836,0.90862,0.8799076303649036,0.3739,0.0008345714138451039,5.975087264523593,7.25060531355242,0.90862,0.6261,0.95125,0.7829,0.01476
E4_interaction,Parallel PIAP,same_asset,0.0,12.0,1.5,0.0,0.0,0.25,100000,-246.86616607334682,1.9113377516192152,-191.45072402960363,604.4180672981903,-1190.266435314048,-909.8176432046507,-1298.4409032712322,0.64545,1135.3103301093756,-0.21744377684783664,224.70292638635482,0.721742506571037,223.2883110734756,226.11754169923404,0.90862,0.8799076303649036,0.3739,0.0008345714138451039,5.975087264523593,7.25060531355242,0.90862,0.6261,0.9819,0.89297,0.09535
E4_interaction,Parallel PIAP,same_asset,0.0,12.0,1.5,0.1,0.0,0.25,100000,-151.61476599068146,1.9491712829465733,-144.83400314987927,616.3820803903689,-1091.0960982346623,-837.5301594803758,-1222.4446804958563,0.5112,1040.0589300267102,-0.14577516870778445,319.9543264690202,0.7846586882086812,318.41639544013117,321.49225749790924,0.90862,0.8799076303649036,0.3739,0.0008345714138451039,5.975087264523593,7.25060531355242,0.90862,0.6261,0.98175,0.84804,0.05673
E4_interaction,Parallel PIAP,same_asset,0.0,12.0,1.5,0.2,0.0,0.25,100000,-56.36336590801604,1.9921289012668983,-77.89747437027125,629.9664720652092,-998.8471168185526,-790.9134386006514,-1117.5976674282886,0.50446,944.807529944045,-0.059655923689933006,415.20572655168564,0.8565736673933935,413.5268421635946,416.8846109397767,0.90862,0.8799076303649036,0.3739,0.0008345714138451039,5.975087264523593,7.25060531355242,0.90862,0.6261,0.97472,0.84679,0.0216
E4_interaction,Parallel PIAP,same_asset,0.0,12.0,1.5,0.3,0.0,0.25,100000,38.888034174649334,2.0398869105326902,66.84752424998447,645.0688806447421,-885.6454074361648,-714.0096353856541,-1012.7373600121538,0.4717,849.5561298613794,0.045774531908791743,510.457126634351,0.9354142493369674,508.62371470565057,512.2905385630514,0.90862,0.8799076303649036,0.3739,0.0008345714138451039,5.975087264523593,7.25060531355242,0.90862,0.6261,0.97407,0.83505,0.01476
E4_interaction,Parallel PIAP,same_asset,0.0,12.0,1.5,0.0,0.0,0.5,100000,-351.89796210803553,1.5539805582671367,-346.3771446489895,491.4118003744153,-1190.266435314048,-909.8176432046507,-1298.4110964589806,0.74669,1135.3103301093756,-0.3099575092161222,119.67113035166606,0.7954125749006494,118.1121217048608,121.23013899847133,0.90862,0.8799076303649036,0.3739,0.0008345714138451039,5.975087264523593,7.25060531355242,0.90862,0.6261,1.0,1.0,0.09535
E4_interaction,Parallel PIAP,same_asset,0.0,12.0,1.5,0.1,0.0,0.5,100000,-256.6465620253702,1.5734224187491075,-174.43342587227107,497.55985648184,-1091.0960982346623,-837.5301594803758,-1222.4446804958563,0.55907,1040.0589300267102,-0.24676155803861918,214.92253043433143,0.801376327546092,213.3518328323411,216.49322803632177,0.90862,0.8799076303649036,0.3739,0.0008345714138451039,5.975087264523593,7.25060531355242,0.90862,0.6261,1.0,0.99992,0.05673
E4_interaction,Parallel PIAP,same_asset,0.0,12.0,1.5,0.2,0.0,0.5,100000,-161.39516194270482,1.5999102536307515,-77.89747437027125,505.93604533308513,-998.8471168185526,-790.9134386006514,-1117.5976674282886,0.54931,944.807529944045,-0.1708233230870453,310.1739305169969,0.8215710875468512,308.5636511854051,311.7842098485887,0.90862,0.8799076303649036,0.3739,0.0008345714138451039,5.975087264523593,7.25060531355242,0.90862,0.6261,1.0,0.99877,0.0216
E4_interaction,Parallel PIAP,same_asset,0.0,12.0,1.5,0.3,0.0,0.5,100000,-66.14376186003943,1.6331012555943418,66.84752424998447,516.4319617358918,-885.6454074361648,-714.0096353856541,-1012.7373600121538,0.48168,849.5561298613794,-0.07785684728192356,405.42533059966223,0.8549890437514652,403.74955207390934,407.1011091254151,0.90862,0.8799076303649036,0.3739,0.0008345714138451039,5.975087264523593,7.25060531355242,0.90862,0.6261,1.0,0.99806,0.01476
E4_interaction,Parallel PIAP,same_asset,0.0,15.0,1.5,0.0,0.0,0.0,100000,415.1208680867907,4.039261051919953,421.5175554771745,1277.3264988074698,-1190.266435314048,-909.8176432046507,-1297.7897406264478,0.3967,1135.3103301093756,0.36564528400512136,329.73472242104367,1.1634811734716513,327.45429932103923,332.0151455210481,0.90862,0.8799076303649036,0.3739,0.0008345714138451039,5.975087264523593,10.25060531355242,0.90862,0.6261,0.77312,0.42305,0.09533
E4_interaction,Parallel PIAP,same_asset,0.0,15.0,1.5,0.1,0.0,0.0,100000,510.3722681694561,4.096750771957464,468.13427635689885,1295.5063445438652,-1091.0960982346623,-828.1592230601304,-1221.988694233769,0.3871,1040.0589300267102,0.4907147599380249,424.98612250370905,1.2384343379290002,422.5587912013682,427.4134538060499,0.90862,0.8799076303649036,0.3739,0.0008345714138451039,5.975087264523593,10.25060531355242,0.90862,0.6261,0.77312,0.41345,0.05673
E4_interaction,Parallel PIAP,same_asset,0.0,15.0,1.5,0.2,0.0,0.0,100000,605.6236682521215,4.1562430281458695,535.0708051365068,1314.319447813626,-998.8471168185526,-760.589774214128,-1117.4840347465083,0.37907,944.807529944045,0.6410021608189224,520.2375225863744,1.3179540800804803,517.6543325894168,522.8207125833321,0.90862,0.8799076303649036,0.3739,0.0008345714138451039,5.975087264523593,10.25060531355242,0.90862,0.6261,0.77312,0.41285,0.0216
E4_interaction,Parallel PIAP,same_asset,0.0,15.0,1.5,0.3,0.0,0.0,100000,700.8750683347869,4.217653080800824,679.8158037567625,1333.739011575679,-885.6454074361648,-713.9730533344037,-1012.9793752592475,0.37626,849.5561298613794,0.8249897136863075,615.4889226690398,1.4012631746179605,612.7424468467885,618.235398491291,0.90862,0.8799076303649036,0.3739,0.0008345714138451039,5.975087264523593,10.25060531355242,0.90862,0.6261,0.77312,0.38929,0.01476
E4_interaction,Parallel PIAP,same_asset,0.0,15.0,1.5,0.0,0.0,0.1,100000,355.79056984028966,3.7221264294397565,421.5175554771745,1177.0397256139638,-1190.266435314048,-909.8176432046507,-1297.7897406264478,0.3967,1135.3103301093756,0.31338618208997787,270.4044241745426,0.8814992284165798,268.6766856868461,272.1321626622391,0.90862,0.8799076303649036,0.3739,0.0008345714138451039,5.975087264523593,10.25060531355242,0.90862,0.6261,0.77312,0.42305,0.09533
E4_interaction,Parallel PIAP,same_asset,0.0,15.0,1.5,0.1,0.0,0.1,100000,451.04196992295505,3.778173920042622,468.13427635689885,1194.7634983581577,-1091.0960982346623,-828.1592230601304,-1221.988694233769,0.3871,1040.0589300267102,0.4336696286155359,365.65582425720794,0.9537861549725828,363.7864033934617,367.5252451209542,0.90862,0.8799076303649036,0.3739,0.0008345714138451039,5.975087264523593,10.25060531355242,0.90862,0.6261,0.77312,0.41345,0.05673
E4_interaction,Parallel PIAP,same_asset,0.0,15.0,1.5,0.2,0.0,0.1,100000,546.2933700056204,3.836433677642165,535.0708051365068,1213.1868513525437,-998.8471168185526,-760.589774214128,-1117.4840347465083,0.37907,944.807529944045,0.5782059866076363,460.90722433987344,1.0322922786867181,458.88393147364746,462.9305172060994,0.90862,0.8799076303649036,0.3739,0.0008345714138451039,5.975087264523593,10.25060531355242,0.90862,0.6261,0.77312,0.41285,0.0216
E4_interaction,Parallel PIAP,same_asset,0.0,15.0,1.5,0.3,0.0,0.1,100000,641.5447700882858,3.8968064790677275,679.8158037567625,1232.2784074755275,-885.6454074361648,-713.9730533344037,-1012.9793752592475,0.37626,849.5561298613794,0.7551528940094464,556.1586244225389,1.1157055379245564,553.9718415682067,558.345407276871,0.90862,0.8799076303649036,0.3739,0.0008345714138451039,5.975087264523593,10.25060531355242,0.90862,0.6261,0.77312,0.38929,0.01476
E4_interaction,Parallel PIAP,same_asset,0.0,15.0,1.5,0.0,0.0,0.25,100000,266.7951224705382,3.2739052844160357,421.5175554771745,1035.2997542416035,-1190.266435314048,-909.8176432046507,-1297.7897406264478,0.3967,1135.3103301093756,0.23499752921726275,181.40897680479117,0.684402842295163,180.06754723389264,182.7504063756897,0.90862,0.8799076303649036,0.3739,0.0008345714138451039,5.975087264523593,10.25060531355242,0.90862,0.6261,0.77312,0.42305,0.09533
E4_interaction,Parallel PIAP,same_asset,0.0,15.0,1.5,0.1,0.0,0.25,100000,362.04652255320354,3.326827735509169,468.13427635689885,1052.0353027229203,-1091.0960982346623,-828.1592230601304,-1221.988694233769,0.3871,1040.0589300267102,0.34810193163180253,276.6603768874565,0.728030457693625,275.233437190377,278.087316584536,0.90862,0.8799076303649036,0.3739,0.0008345714138451039,5.975087264523593,10.25060531355242,0.90862,0.6261,0.77312,0.41345,0.05673
E4_interaction,Parallel PIAP,same_asset,0.0,15.0,1.5,0.2,0.0,0.25,100000,457.29792263586893,3.382360408306505,535.0708051365068,1069.596275782566,-998.8471168185526,-760.589774214128,-1117.4840347465083,0.37907,944.807529944045,0.4840117252907074,371.91177697012193,0.7841566320691004,370.3748299712665,373.4487239689774,0.90862,0.8799076303649036,0.3739,0.0008345714138451039,5.975087264523593,10.25060531355242,0.90862,0.6261,0.77312,0.41285,0.0216
E4_interaction,Parallel PIAP,same_asset,0.0,15.0,1.5,0.3,0.0,0.25,100000,552.5493227185343,3.4403769068382766,679.8158037567625,1087.9427035053873,-885.6454074361648,-713.9730533344037,-1012.9793752592475,0.37626,849.5561298613794,0.6503976644941551,467.16317705278726,0.8503099901840475,465.4965694720265,468.829784633548,0.90862,0.8799076303649036,0.3739,0.0008345714138451039,5.975087264523593,10.25060531355242,0.90862,0.6261,0.77312,0.38929,0.01476
E4_interaction,Parallel PIAP,same_asset,0.0,15.0,1.5,0.0,0.0,0.5,100000,118.46937685428571,2.6411627622177405,421.5175554771745,835.208999982977,-1190.266435314048,-909.8176432046507,-1297.7897406264478,0.39685,1135.3103301093756,0.10434977442940416,33.08323118853864,1.198993335881839,30.733204250210235,35.433258126867045,0.90862,0.8799076303649036,0.3739,0.0008345714138451039,5.975087264523593,10.25060531355242,0.90862,0.6261,0.7821,0.42305,0.09533
E4_interaction,Parallel PIAP,same_asset,0.0,15.0,1.5,0.1,0.0,0.5,100000,213.7207769369511,2.684521863461104,468.13427635689885,848.9203517056638,-1091.0960982346623,-828.1592230601304,-1221.988694233769,0.38718,1040.0589300267102,0.20548910332558026,128.33463127120402,1.1750727827356793,126.03148861704209,130.63777392536596,0.90862,0.8799076303649036,0.3739,0.0008345714138451039,5.975087264523593,10.25060531355242,0.90862,0.6261,0.78187,0.41345,0.05673
E4_interaction,Parallel PIAP,same_asset,0.0,15.0,1.5,0.2,0.0,0.5,100000,308.97217701961654,2.7314513932662585,535.0708051365068,863.7607720761685,-998.8471168185526,-760.589774214128,-1117.4840347465083,0.37907,944.807529944045,0.32702128976249273,223.5860313538695,1.160714973395174,221.31103000601496,225.861032701724,0.90862,0.8799076303649036,0.3739,0.0008345714138451039,5.975087264523593,10.25060531355242,0.90862,0.6261,0.77403,0.41285,0.0216
E4_interaction,Parallel PIAP,same_asset,0.0,15.0,1.5,0.3,0.0,0.5,100000,404.2235771022819,2.7817706540353337,679.8158037567625,879.6731194967919,-885.6454074361648,-713.9730533344037,-1012.9793752592475,0.37626,849.5561298613794,0.47580561530200294,318.8374314365348,1.156276192655466,316.5711300989301,321.10373277413953,0.90862,0.8799076303649036,0.3739,0.0008345714138451039,5.975087264523593,10.25060531355242,0.90862,0.6261,0.77392,0.38929,0.01476
E4_interaction,Parallel PIAP,same_asset,0.0,18.0,1.5,0.0,0.0,0.0,100000,833.569581930103,5.293083392515439,882.0496963537921,1673.819936555983,-1190.266435314048,-909.8176432046507,-1297.8038963376684,0.37627,1135.3103301093756,0.734221789252809,329.7347224210436,1.1634811734716513,327.4542993210392,332.01514552104805,0.90862,0.8799076303649036,0.3739,0.0008345714138451039,5.975087264523593,13.25060531355242,0.90862,0.6261,0.37845,0.3739,0.09533
E4_interaction,Parallel PIAP,same_asset,0.0,18.0,1.5,0.1,0.0,0.0,100000,928.8209820127682,5.353699593922964,928.6664172335164,1692.9884625115114,-1091.0960982346623,-828.1592230601304,-1221.988694233769,0.37419,1040.0589300267102,0.893046494960545,424.9861225037089,1.2384343379290002,422.558791201368,427.41345380604974,0.90862,0.8799076303649036,0.3739,0.0008345714138451039,5.975087264523593,13.25060531355242,0.90862,0.6261,0.37625,0.3739,0.05673
E4_interaction,Parallel PIAP,same_asset,0.0,18.0,1.5,0.2,0.0,0.0,100000,1024.0723820954338,5.415784251917679,995.6029460131244,1712.6213552130996,-998.8471168185526,-760.589774214128,-1117.4840347465083,0.37418,944.807529944045,1.0838952375369861,520.2375225863744,1.3179540800804803,517.6543325894168,522.8207125833321,0.90862,0.8799076303649036,0.3739,0.0008345714138451039,5.975087264523593,13.25060531355242,0.90862,0.6261,0.37625,0.3739,0.0216
E4_interaction,Parallel PIAP,same_asset,0.0,18.0,1.5,0.3,0.0,0.0,100000,1119.3237821780992,5.479287450405265,1140.3479446333802,1732.7028298057528,-885.6454074361648,-713.9730533344037,-1012.9793752592475,0.37392,849.5561298613794,1.3175395278011086,615.4889226690398,1.4012631746179602,612.7424468467885,618.235398491291,0.90862,0.8799076303649036,0.3739,0.0008345714138451039,5.975087264523593,13.25060531355242,0.90862,0.6261,0.37418,0.3739,0.01476
E4_interaction,Parallel PIAP,same_asset,0.0,18.0,1.5,0.0,0.0,0.1,100000,761.2283296395556,4.902433471458698,882.0496963537921,1550.2855847255557,-1190.266435314048,-909.8176432046507,-1297.8038963376684,0.37627,1135.3103301093756,0.6705024251529702,257.3934701304963,0.8339571217100615,255.7589141719446,259.02802608904807,0.90862,0.8799076303649036,0.3739,0.0008345714138451039,5.975087264523593,13.25060531355242,0.90862,0.6261,0.37845,0.3739,0.09533
E4_interaction,Parallel PIAP,same_asset,0.0,18.0,1.5,0.1,0.0,0.1,100000,856.479729722221,4.962045268194895,928.6664172335164,1569.1364900356934,-1091.0960982346623,-828.1592230601304,-1221.988694233769,0.37419,1040.0589300267102,0.8234915397536421,352.6448702131617,0.9045371241017249,350.8719774499223,354.4177629764011,0.90862,0.8799076303649036,0.3739,0.0008345714138451039,5.975087264523593,13.25060531355242,0.90862,0.6261,0.37625,0.3739,0.05673
E4_interaction,Parallel PIAP,same_asset,0.0,18.0,1.5,0.2,0.0,0.1,100000,951.7311298048866,5.023264349469636,995.6029460131244,1588.4956633448076,-998.8471168185526,-760.589774214128,-1117.4840347465083,0.37418,944.807529944045,1.0073280532186821,447.89627029582726,0.9819075905633804,445.97173141832303,449.8208091733315,0.90862,0.8799076303649036,0.3739,0.0008345714138451039,5.975087264523593,13.25060531355242,0.90862,0.6261,0.37625,0.3739,0.0216
E4_interaction,Parallel PIAP,same_asset,0.0,18.0,1.5,0.3,0.0,0.1,100000,1046.982529887552,5.086032676378546,1140.3479446333802,1608.3447511398272,-885.6454074361648,-713.9730533344037,-1012.9793752592475,0.37392,849.5561298613794,1.2323877058698713,543.1476703784926,1.0645890302995895,541.0610758791055,545.2342648778798,0.90862,0.8799076303649036,0.3739,0.0008345714138451039,5.975087264523593,13.25060531355242,0.90862,0.6261,0.37418,0.3739,0.01476
E4_interaction,Parallel PIAP,same_asset,0.0,18.0,1.5,0.0,0.0,0.25,100000,652.716451203735,4.345334714908829,882.0496963537921,1374.1154894910326,-1190.266435314048,-909.8176432046507,-1297.8038963376684,0.37627,1135.3103301093756,0.5749233790032127,148.8815916946756,0.7284059103084891,147.45391611047094,150.30926727888024,0.90862,0.8799076303649036,0.3739,0.0008345714138451039,5.975087264523593,13.25060531355242,0.90862,0.6261,0.37845,0.3739,0.09533
E4_interaction,Parallel PIAP,same_asset,0.0,18.0,1.5,0.1,0.0,0.25,100000,747.9678512864002,4.402724239111678,928.6664172335164,1392.2636505224687,-1091.0960982346623,-828.1592230601304,-1221.988694233769,0.37419,1040.0589300267102,0.7191591069432877,244.132991777341,0.7531837343786416,242.65675165795886,245.60923189672314,0.90862,0.8799076303649036,0.3739,0.0008345714138451039,5.975087264523593,13.25060531355242,0.90862,0.6261,0.37625,0.3739,0.05673
E4_interaction,Parallel PIAP,same_asset,0.0,18.0,1.5,0.2,0.0,0.25,100000,843.2192513690658,4.461981605321976,995.6029460131244,1411.0024750591929,-998.8471168185526,-760.589774214128,-1117.4840347465083,0.37418,944.807529944045,0.8924772767412262,339.3843918600065,0.7919902049856727,337.83209105823454,340.9366926617784,0.90862,0.8799076303649036,0.3739,0.0008345714138451039,5.975087264523593,13.25060531355242,0.90862,0.6261,0.37625,0.3739,0.0216
E4_interaction,Parallel PIAP,same_asset,0.0,18.0,1.5,0.3,0.0,0.25,100000,938.470651451731,4.523033400971336,1140.3479446333802,1430.3087480087065,-885.6454074361648,-713.9730533344037,-1012.9793752592475,0.37392,849.5561298613794,1.1046599729730155,434.63579194267186,0.8428899165101065,432.98372770631204,436.2878561790317,0.90862,0.8799076303649036,0.3739,0.0008345714138451039,5.975087264523593,13.25060531355242,0.90862,0.6261,0.37418,0.3739,0.01476
E4_interaction,Parallel PIAP,same_asset,0.0,18.0,1.5,0.0,0.0,0.5,100000,471.86332047736687,3.53390122494377,882.0496963537921,1117.5176896881355,-1190.266435314048,-909.8176432046507,-1297.8038963376684,0.37627,1135.3103301093756,0.41562496875361615,-31.971539031692377,1.5648590984238597,-35.03866286460314,-28.904415198781614,0.90862,0.8799076303649036,0.3739,0.0008345714138451039,5.975087264523593,13.25060531355242,0.90862,0.6261,0.37845,0.3739,0.09533
E4_interaction,Parallel PIAP,same_asset,0.0,18.0,1.5,0.1,0.0,0.5,100000,567.1147205600323,3.5842968917139557,928.6664172335164,1133.4541988078004,-1091.0960982346623,-828.1592230601304,-1221.988694233769,0.37419,1040.0589300267102,0.5452717189260304,63.27986105097301,1.5304162717057408,60.28024515842976,66.27947694351626,0.90862,0.8799076303649036,0.3739,0.0008345714138451039,5.975087264523593,13.25060531355242,0.90862,0.6261,0.37625,0.3739,0.05673
E4_interaction,Parallel PIAP,same_asset,0.0,18.0,1.5,0.2,0.0,0.5,100000,662.3661206426978,3.6371915989870605,995.6029460131244,1150.1809739228888,-998.8471168185526,-760.589774214128,-1117.4840347465083,0.37418,944.807529944045,0.7010593159454662,158.53126113363848,1.5029358306274887,155.5855069056086,161.47701536166835,0.90862,0.8799076303649036,0.3739,0.0008345714138451039,5.975087264523593,13.25060531355242,0.90862,0.6261,0.37625,0.3739,0.0216
E4_interaction,Parallel PIAP,same_asset,0.0,18.0,1.5,0.3,0.0,0.5,100000,757.6175207253632,3.69247795213922,1140.3479446333802,1167.6640538714144,-885.6454074361648,-713.9730533344037,-1012.9793752592475,0.37392,849.5561298613794,0.8917804181449227,253.7826612163038,1.482804922019971,250.87636356914467,256.688958863463,0.90862,0.8799076303649036,0.3739,0.0008345714138451039,5.975087264523593,13.25060531355242,0.90862,0.6261,0.37418,0.3739,0.01476
E4_interaction,Parallel PIAP,same_asset,0.2,12.0,0.0,0.0,0.0,0.0,100000,-474.11394443710134,1.538200336244944,-559.4006505566923,486.42165601708757,-1148.2457813904614,-1135.3657490533037,-1306.0413967282373,0.8596,1099.743258911679,-0.4311132990315312,-2.5448519773996883,1.4998577386181156,-5.484573145091195,0.3948691902918182,0.90318,1.026935457350819,0.44149,0.0749037366494361,4.365023822645301,6.0,0.90318,0.55851,0.98579,0.92913,0.0944
E4_interaction,Parallel PIAP,same_asset,0.2,12.0,0.0,0.1,0.0,0.0,100000,-382.43470214941004,1.5644384210085052,-512.783929676968,494.718866946429,-1072.1868039690485,-967.0662277233382,-1291.9278966643303,0.82769,1008.0640166239879,-0.3793754125161476,89.13439031029161,1.516446543639203,86.16215508475877,92.10662553582445,0.90318,1.026935457350819,0.44149,0.0749037366494361,4.365023822645301,6.0,0.90318,0.55851,0.98007,0.92813,0.06044
E4_interaction,Parallel PIAP,same_asset,0.2,12.0,0.0,0.2,0.0,0.0,100000,-290.7554598617187,1.5994802780077895,-466.1672087972436,505.8000751023942,-996.1278265476358,-829.0903707798961,-1180.9000609836148,0.79685,916.3847743362965,-0.3172853456369374,180.813632597983,1.542436154673083,177.79045773482375,183.83680746114226,0.90318,1.026935457350819,0.44149,0.0749037366494361,4.365023822645301,6.0,0.90318,0.55851,0.9784,0.92067,0.03329
E4_interaction,Parallel PIAP,same_asset,0.2,12.0,0.0,0.3,0.0,0.0,100000,-199.07621757402737,1.642762622611353,-366.36828403304645,519.48715424435,-920.068849126223,-744.2967177209271,-1080.3318520808045,0.65526,824.705532048605,-0.24139066592594963,272.4928748856743,1.577361959308913,269.40124544542886,275.5845043259198,0.90318,1.026935457350819,0.44149,0.0749037366494361,4.365023822645301,6.0,0.90318,0.55851,0.97834,0.91909,0.02413
E4_interaction,Parallel PIAP,same_asset,0.2,12.0,0.0,0.0,0.0,0.1,100000,-511.7437852081057,1.3693048865543633,-559.4006505566923,433.01222527102607,-1148.2457813904614,-1135.3657490533037,-1305.8726410538434,0.86133,1099.743258911679,-0.4653302314528705,-40.17469274840406,1.4071263887081358,-42.93266047027201,-37.41672502653611,0.90318,1.026935457350819,0.44149,0.0749037366494361,4.365023822645301,6.0,0.90318,0.55851,0.99673,0.9784,0.0944
E4_interaction,Parallel PIAP,same_asset,0.2,12.0,0.0,0.1,0.0,0.1,100000,-420.06454292041445,1.385473975258734,-512.783929676968,438.1253400705373,-1072.1868039690485,-967.0662277233382,-1291.9278966643303,0.8596,1008.0640166239879,-0.4167042330577506,51.50454953928727,1.4117990375742198,48.7374234256418,54.271675652932736,0.90318,1.026935457350819,0.44149,0.0749037366494361,4.365023822645301,6.0,0.90318,0.55851,0.99571,0.94966,0.06044
E4_interaction,Parallel PIAP,same_asset,0.2,12.0,0.0,0.2,0.0,0.1,100000,-328.3853006327231,1.4119287120111923,-466.1672087972436,446.49106237433074,-996.1278265476358,-829.0903707798961,-1180.9000609836148,0.82406,916.3847743362965,-0.3583487087839935,143.18379182697862,1.426818369343817,140.38722782306473,145.9803558308925,0.90318,1.026935457350819,0.44149,0.0749037366494361,4.365023822645301,6.0,0.90318,0.55851,0.99571,0.94966,0.03329
E4_interaction,Parallel PIAP,same_asset,0.2,12.0,0.0,0.3,0.0,0.1,100000,-236.7060583450317,1.4481054959458906,-366.36828403304645,457.9311659396742,-920.068849126223,-744.2967177209271,-1080.3318520808045,0.67639,824.705532048605,-0.2870188802505585,234.86303411466994,1.4518633143664628,232.01738201851168,237.7086862108282,0.90318,1.026935457350819,0.44149,0.0749037366494361,4.365023822645301,6.0,0.90318,0.55851,0.9923,0.92913,0.02413
E4_interaction,Parallel PIAP,same_asset,0.2,12.0,0.0,0.0,0.0,0.25,100000,-568.1885463646123,1.167704413753274,-559.4006505566923,369.26055812919924,-1178.5694457769846,-1148.2457813904614,-1459.9885293962402,0.98681,1099.743258911679,-0.5166556300848795,-96.61945390491061,1.3419337386916126,-99.24964403274618,-93.98926377707505,0.90318,1.026935457350819,0.44149,0.0749037366494361,4.365023822645301,6.0,0.90318,0.55851,1.0,0.99673,0.0944
E4_interaction,Parallel PIAP,same_asset,0.2,12.0,0.0,0.1,0.0,0.25,100000,-476.5093040769209,1.1630899833149368,-512.783929676968,367.80134710024385,-1072.1868039690485,-1042.7445474273602,-1286.474640802124,0.90976,1008.0640166239879,-0.47269746387015504,-4.940211617219279,1.3261449601557982,-7.5394557391246435,-2.3409674953139143,0.90318,1.026935457350819,0.44149,0.0749037366494361,4.365023822645301,6.0,0.90318,0.55851,1.0,0.99673,0.06044
E4_interaction,Parallel PIAP,same_asset,0.2,12.0,0.0,0.2,0.0,0.25,100000,-384.8300617892296,1.1711043115713338,-466.1672087972436,370.3357002208898,-996.1278265476358,-877.6082337983337,-1180.9000609836148,0.87487,916.3847743362965,-0.4199437535045776,86.73903067047209,1.3213618125097915,84.1491615179529,89.32889982299127,0.90318,1.026935457350819,0.44149,0.0749037366494361,4.365023822645301,6.0,0.90318,0.55851,1.0,0.99571,0.03329
E4_interaction,Parallel PIAP,same_asset,0.2,12.0,0.0,0.3,0.0,0.25,100000,-293.15081950153825,1.1914925915754402,-387.5948491036129,376.78304045951415,-920.068849126223,-744.2967177209271,-1080.3318520808045,0.71106,824.705532048605,-0.35546120173747187,178.41827295816339,1.3277032468426309,175.81597459435181,181.02057132197496,0.90318,1.026935457350819,0.44149,0.0749037366494361,4.365023822645301,6.0,0.90318,0.55851,1.0,0.98579,0.02413
E4_interaction,Parallel PIAP,same_asset,0.2,12.0,0.0,0.0,0.0,0.5,100000,-662.2631482921232,1.0542555115545245,-559.4006505566923,333.384865229826,-1252.650653079544,-1148.2457813904614,-1492.952035451713,1.0,1099.743258911679,-0.6021979611382278,-190.69405583242147,1.4499816703167137,-193.53601990624222,-187.85209175860072,0.90318,1.026935457350819,0.44149,0.0749037366494361,4.365023822645301,6.0,0.90318,0.55851,1.0,1.0,0.09447
E4_interaction,Parallel PIAP,same_asset,0.2,12.0,0.0,0.1,0.0,0.5,100000,-570.5839060044318,1.0042593329000693,-512.783929676968,317.57468534454887,-1085.2325395944135,-1042.7445474273602,-1344.3143200475859,1.0,1008.0640166239879,-0.5660195152241626,-99.0148135447302,1.402910743150596,-101.76451860130537,-96.26510848815504,0.90318,1.026935457350819,0.44149,0.0749037366494361,4.365023822645301,6.0,0.90318,0.55851,1.0,1.0,0.06044
E4_interaction,Parallel PIAP,same_asset,0.2,12.0,0.0,0.2,0.0,0.5,100000,-478.90466371674046,0.9669959770833876,-466.1672087972436,305.7909775803491,-996.1278265476358,-937.2433134642589,-1176.6194166700618,1.0,916.3847743362965,-0.5226021613722176,-7.335571257038834,1.3650393950890327,-10.011048471413337,-4.66009404266433,0.90318,1.026935457350819,0.44149,0.0749037366494361,4.365023822645301,6.0,0.90318,0.55851,1.0,1.0,0.03329
E4_interaction,Parallel PIAP,same_asset,0.2,12.0,0.0,0.3,0.0,0.5,100000,-387.2254214290492,0.9439745333316906,-419.55048791751926,298.51095785226767,-920.068849126223,-831.7420795011576,-1076.7967501512278,0.87954,824.705532048605,-0.4695317375489942,84.34367103065249,1.3371495185458773,81.72285797430257,86.9644840870024,0.90318,1.026935457350819,0.44149,0.0749037366494361,4.365023822645301,6.0,0.90318,0.55851,1.0,1.0,0.02413
E4_interaction,Parallel PIAP,same_asset,0.2,15.0,0.0,0.0,0.0,0.0,100000,79.5067462478305,3.349207081407625,-167.32757535659454,1059.1122732813071,-1148.2457813904614,-884.1468803601001,-1299.1393545426606,0.51465,1099.743258911679,0.07229573412117249,-5.879399417916558,3.1859117772108902,-12.123786501249903,0.36498766541678673,0.90318,1.026935457350819,0.44149,0.0749037366494361,4.365023822645301,9.0,0.90318,0.55851,0.76264,0.6179,0.09357
E4_interaction,Parallel PIAP,same_asset,0.2,15.0,0.0,0.1,0.0,0.0,100000,171.1859885355218,3.4115318221804585,-29.351718413152497,1078.821086823479,-1072.1868039690485,-807.2064950938525,-1296.424847294522,0.51465,1008.0640166239879,0.16981658477288442,85.79984286977475,3.2233575528894445,79.48206206611144,92.11762367343806,0.90318,1.026935457350819,0.44149,0.0749037366494361,4.365023822645301,9.0,0.90318,0.55851,0.76264,0.6179,0.06044
E4_interaction,Parallel PIAP,same_asset,0.2,15.0,0.0,0.2,0.0,0.0,100000,262.86523082321315,3.4769775612237734,108.62413853028954,1099.5168466764674,-996.1278265476358,-760.589774214128,-1190.1616157263993,0.46557,916.3847743362965,0.2868502818737868,177.47908515746607,3.264888399818984,171.07990389382087,183.87826642111128,0.90318,1.026935457350819,0.44149,0.0749037366494361,4.365023822645301,9.0,0.90318,0.55851,0.76264,0.55779,0.03329
E4_interaction,Parallel PIAP,same_asset,0.2,15.0,0.0,0.3,0.0,0.0,100000,354.54447311090456,3.5453714666677856,246.5999954737316,1121.1448986041942,-920.068849126223,-713.9730533344037,-1080.3303249473197,0.45955,824.705532048605,0.42990432261343076,269.15832744515745,3.3103505706617344,262.67004032666046,275.64661456365445,0.90318,1.026935457350819,0.44149,0.0749037366494361,4.365023822645301,9.0,0.90318,0.55851,0.76264,0.51874,0.02413
E4_interaction,Parallel PIAP,same_asset,0.2,15.0,0.0,0.0,0.0,0.1,100000,20.749727787066007,3.0219855530663384,-167.32757535659454,955.6357403813267,-1148.2457813904614,-884.1468803601001,-1299.1393545426606,0.51479,1099.743258911679,0.018867792658806767,-64.63641787868104,2.9957971972371906,-70.50818038526594,-58.76465537209615,0.90318,1.026935457350819,0.44149,0.0749037366494361,4.365023822645301,9.0,0.90318,0.55851,0.76426,0.6179,0.09357
E4_interaction,Parallel PIAP,same_asset,0.2,15.0,0.0,0.1,0.0,0.1,100000,112.42897007475733,3.081589714450498,-29.351718413152497,974.4842311811466,-1072.1868039690485,-807.2064950938525,-1296.424847294522,0.51465,1008.0640166239879,0.11152959357807711,27.042824409010283,3.026092876010101,21.111682372030486,32.97396644599008,0.90318,1.026935457350819,0.44149,0.0749037366494361,4.365023822645301,9.0,0.90318,0.55851,0.76264,0.6179,0.06044
E4_interaction,Parallel PIAP,same_asset,0.2,15.0,0.0,0.2,0.0,0.1,100000,204.10821236244868,3.14475053722506,108.62413853028954,994.4574370669318,-996.1278265476358,-760.589774214128,-1190.1616157263993,0.46557,916.3847743362965,0.22273199869593718,118.72206669670165,3.0609047076654843,112.7226934696773,124.721439923726,0.90318,1.026935457350819,0.44149,0.0749037366494361,4.365023822645301,9.0,0.90318,0.55851,0.76264,0.55779,0.03329
E4_interaction,Parallel PIAP,same_asset,0.2,15.0,0.0,0.3,0.0,0.1,100000,295.78745465014003,3.2112581650269525,246.5999954737316,1015.4889956298035,-920.068849126223,-713.9730533344037,-1080.3303249473197,0.45955,824.705532048605,0.35865826425996067,210.40130898439298,3.1000805558054663,204.32515109501426,216.4774668737717,0.90318,1.026935457350819,0.44149,0.0749037366494361,4.365023822645301,9.0,0.90318,0.55851,0.76264,0.51874,0.02413
E4_interaction,Parallel PIAP,same_asset,0.2,15.0,0.0,0.0,0.0,0.25,100000,-67.3857999040807,2.5601003257918307,-167.32757535659454,809.5748068041296,-1148.2457813904614,-884.1468803601001,-1299.1393545426606,0.51627,1099.743258911679,-0.06127411953474178,-152.77194556982775,2.7858311903578588,-158.23217470292914,-147.31171643672636,0.90318,1.026935457350819,0.44149,0.0749037366494361,4.365023822645301,9.0,0.90318,0.55851,0.79682,0.6179,0.09357
E4_interaction,Parallel PIAP,same_asset,0.2,15.0,0.0,0.1,0.0,0.25,100000,24.29344238361062,2.613726830004357,-29.351718413152497,826.5329964305494,-1072.1868039690485,-807.2064950938525,-1296.424847294522,0.51627,1008.0640166239879,0.024099106785866138,-61.09270328213643,2.8030248744767343,-66.58663203611083,-55.59877452816203,0.90318,1.026935457350819,0.44149,0.0749037366494361,4.365023822645301,9.0,0.90318,0.55851,0.77208,0.6179,0.06044
E4_interaction,Parallel PIAP,same_asset,0.2,15.0,0.0,0.2,0.0,0.25,100000,115.97268467130195,2.6717942461115105,108.62413853028954,844.8955257044847,-996.1278265476358,-760.589774214128,-1190.1616157263993,0.46557,916.3847743362965,0.12655457392916275,30.586539005554926,2.8253325044328323,25.048887296866575,36.12419071424328,0.90318,1.026935457350819,0.44149,0.0749037366494361,4.365023822645301,9.0,0.90318,0.55851,0.76603,0.55779,0.03329
E4_interaction,Parallel PIAP,same_asset,0.2,15.0,0.0,0.3,0.0,0.25,100000,207.6519269589933,2.734019629250911,246.5999954737316,864.5729196041991,-920.068849126223,-713.9730533344037,-1080.3303249473197,0.45955,824.705532048605,0.25178917672975554,122.26578129324626,2.85263410941166,116.67461843879941,127.85694414769311,0.90318,1.026935457350819,0.44149,0.0749037366494361,4.365023822645301,9.0,0.90318,0.55851,0.76426,0.51874,0.02413
E4_interaction,Parallel PIAP,same_asset,0.2,15.0,0.0,0.0,0.0,0.5,100000,-214.2783460559919,1.9289166792253392,-167.32757535659454,609.9770123040466,-1148.2457813904614,-884.1468803601001,-1299.1393545426606,0.55041,1099.743258911679,-0.19484397319065605,-299.66449172173895,2.683534472198212,-304.92421928724747,-294.40476415623044,0.90318,1.026935457350819,0.44149,0.0749037366494361,4.365023822645301,9.0,0.90318,0.55851,0.94966,0.62734,0.09357
E4_interaction,Parallel PIAP,same_asset,0.2,15.0,0.0,0.1,0.0,0.5,100000,-122.59910376830058,1.9632286630255646,-58.793974954840934,620.8274142887979,-1072.1868039690485,-807.2064950938525,-1296.424847294522,0.52567,1008.0640166239879,-0.12161837120115217,-207.98524943404763,2.674610860182657,-213.22748672000563,-202.74301214808963,0.90318,1.026935457350819,0.44149,0.0749037366494361,4.365023822645301,9.0,0.90318,0.55851,0.92913,0.62631,0.06044
E4_interaction,Parallel PIAP,same_asset,0.2,15.0,0.0,0.2,0.0,0.5,100000,-30.919861480609253,2.004314421232693,84.36520702107083,633.8198718217461,-996.1278265476358,-760.589774214128,-1190.1616157263993,0.46896,916.3847743362965,-0.03374113401546131,-116.3060071463563,2.671177929536453,-121.54151588824774,-111.07049840446484,0.90318,1.026935457350819,0.44149,0.0749037366494361,4.365023822645301,9.0,0.90318,0.55851,0.92813,0.55941,0.03329
E4_interaction,Parallel PIAP,same_asset,0.2,15.0,0.0,0.3,0.0,0.5,100000,60.75938080708209,2.051767068383327,225.37343040316517,648.8257164217763,-920.068849126223,-713.9730533344037,-1080.3303249473197,0.46117,824.705532048605,0.07367403084608042,-24.626764858664956,2.6732568333370166,-29.86634825200551,-19.387181465324403,0.90318,1.026935457350819,0.44149,0.0749037366494361,4.365023822645301,9.0,0.90318,0.55851,0.92067,0.51874,0.02413
E4_interaction,Parallel PIAP,same_asset,0.2,18.0,0.0,0.0,0.0,0.0,100000,495.4501652447739,4.804258579764616,293.20456552002304,1519.239958046191,-1148.2457813904614,-884.1468803601001,-1299.152953925517,0.46493,1099.743258911679,0.4505143916363517,-8.384694264285363,4.530901294723661,-17.26526080194374,0.49587227337301165,0.90318,1.026935457350819,0.44149,0.0749037366494361,4.365023822645301,12.0,0.90318,0.55851,0.47477,0.44149,0.09357
E4_interaction,Parallel PIAP,same_asset,0.2,18.0,0.0,0.1,0.0,0.0,100000,587.1294075324653,4.874184472641479,431.1804224634651,1541.3524669373744,-1072.1868039690485,-807.2064950938525,-1296.424847294522,0.44707,1008.0640166239879,0.5824326608728333,83.29454802340595,4.572940930229298,74.33158380015652,92.25751224665538,0.90318,1.026935457350819,0.44149,0.0749037366494361,4.365023822645301,12.0,0.90318,0.55851,0.46493,0.44149,0.06044
E4_interaction,Parallel PIAP,same_asset,0.2,18.0,0.0,0.2,0.0,0.0,100000,678.8086498201567,4.946100517917264,569.1562794069071,1564.0943172757015,-996.1278265476358,-760.589774214128,-1190.1616157263993,0.44256,916.3847743362965,0.7407463205745562,174.9737903110973,4.617788783401533,165.9229242956303,184.0246563265643,0.90318,1.026935457350819,0.44149,0.0749037366494361,4.365023822645301,12.0,0.90318,0.55851,0.46062,0.44149,0.03329
E4_interaction,Parallel PIAP,same_asset,0.2,18.0,0.0,0.3,0.0,0.0,100000,770.4878921078481,5.019921182772527,707.1321363503491,1587.438461208759,-920.068849126223,-713.9730533344037,-1080.3303249473197,0.44186,824.705532048605,0.9342581832741221,266.6530325987886,4.665363869277121,257.5089194150055,275.79714578257176,0.90318,1.026935457350819,0.44149,0.0749037366494361,4.365023822645301,12.0,0.90318,0.55851,0.44707,0.44149,0.02413
E4_interaction,Parallel PIAP,same_asset,0.2,18.0,0.0,0.0,0.0,0.1,100000,420.81998548441504,4.378942982302706,293.20456552002304,1384.7433568086947,-1148.2457813904614,-884.1468803601001,-1299.152953925517,0.46493,1099.743258911679,0.3826529347412088,-83.01487402464424,4.279779821081508,-91.403242473964,-74.62650557532449,0.90318,1.026935457350819,0.44149,0.0749037366494361,4.365023822645301,12.0,0.90318,0.55851,0.47477,0.44149,0.09357
E4_interaction,Parallel PIAP,same_asset,0.2,18.0,0.0,0.1,0.0,0.1,100000,512.4992277721063,4.447336512116808,431.1804224634651,1406.371289951814,-1072.1868039690485,-807.2064950938525,-1296.424847294522,0.44707,1008.0640166239879,0.5083994858664523,8.66436826304707,4.315799365520381,0.20540150662712264,17.123335019467017,0.90318,1.026935457350819,0.44149,0.0749037366494361,4.365023822645301,12.0,0.90318,0.55851,0.46493,0.44149,0.06044
E4_interaction,Parallel PIAP,same_asset,0.2,18.0,0.0,0.2,0.0,0.1,100000,604.1784700597977,4.5179558153728365,569.1562794069071,1428.7030744581336,-996.1278265476358,-760.589774214128,-1190.1616157263993,0.44256,916.3847743362965,0.6593065347439692,100.34361055073842,4.354904740384173,91.80799725958543,108.8792238418914,0.90318,1.026935457350819,0.44149,0.0749037366494361,4.365023822645301,12.0,0.90318,0.55851,0.46062,0.44149,0.03329
E4_interaction,Parallel PIAP,same_asset,0.2,18.0,0.0,0.3,0.0,0.1,100000,695.857712347489,4.590698175138498,707.1321363503491,1451.706228381622,-920.068849126223,-713.9730533344037,-1080.3303249473197,0.44186,824.705532048605,0.8437650595345804,192.02285283842977,4.39701361382015,183.40470615534227,200.64099952151727,0.90318,1.026935457350819,0.44149,0.0749037366494361,4.365023822645301,12.0,0.90318,0.55851,0.44707,0.44149,0.02413
E4_interaction,Parallel PIAP,same_asset,0.2,18.0,0.0,0.0,0.0,0.25,100000,308.8747158438768,3.768559243454073,293.20456552002304,1191.7230706595865,-1148.2457813904614,-884.1468803601001,-1299.152953925517,0.46493,1099.743258911679,0.28086074939849454,-194.96014366518247,3.985376255284947,-202.77148112554096,-187.14880620482398,0.90318,1.026935457350819,0.44149,0.0749037366494361,4.365023822645301,12.0,0.90318,0.55851,0.47477,0.44149,0.09357
E4_interaction,Parallel PIAP,same_asset,0.2,18.0,0.0,0.1,0.0,0.25,100000,400.5539581315682,3.8335400268746405,431.1804224634651,1212.2717986346966,-1072.1868039690485,-807.2064950938525,-1296.424847294522,0.44707,1008.0640166239879,0.39734972335688135,-103.28090137749116,4.010381864505728,-111.1412498319224,-95.42055292305993,0.90318,1.026935457350819,0.44149,0.0749037366494361,4.365023822645301,12.0,0.90318,0.55851,0.46493,0.44149,0.06044
E4_interaction,Parallel PIAP,same_asset,0.2,18.0,0.0,0.2,0.0,0.25,100000,492.2332004192595,3.90121542493896,569.1562794069071,1233.6726385788766,-996.1278265476358,-760.589774214128,-1190.1616157263993,0.44256,916.3847743362965,0.5371468559980885,-11.601659089799803,4.038881502350443,-19.51786683440667,-3.685451345192935,0.90318,1.026935457350819,0.44149,0.0749037366494361,4.365023822645301,12.0,0.90318,0.55851,0.46062,0.44149,0.03329
E4_interaction,Parallel PIAP,same_asset,0.2,18.0,0.0,0.3,0.0,0.25,100000,583.9124427069509,3.971447687407967,707.1321363503491,1255.8820300417588,-920.068849126223,-713.9730533344037,-1080.3303249473197,0.44186,824.705532048605,0.7080253739252682,80.07758319789153,4.070801784514381,72.09881170024335,88.05635469553971,0.90318,1.026935457350819,0.44149,0.0749037366494361,4.365023822645301,12.0,0.90318,0.55851,0.44707,0.44149,0.02413
E4_interaction,Parallel PIAP,same_asset,0.2,18.0,0.0,0.0,0.0,0.5,100000,122.29926644297973,2.8766233272838178,293.20456552002304,909.668168458885,-1148.2457813904614,-884.1468803601001,-1299.152953925517,0.465,1099.743258911679,0.11120710716063743,-381.5355930660796,3.7668509361691864,-388.91862090097123,-374.152565231188,0.90318,1.026935457350819,0.44149,0.0749037366494361,4.365023822645301,12.0,0.90318,0.55851,0.47477,0.44149,0.09357
E4_interaction,Parallel PIAP,same_asset,0.2,18.0,0.0,0.1,0.0,0.5,100000,213.97850873067102,2.930216498388785,431.1804224634651,926.615817231167,-1072.1868039690485,-807.2064950938525,-1296.424847294522,0.44707,1008.0640166239879,0.21226678584092928,-289.85635077838833,3.7691274019878342,-297.2438404862845,-282.46886107049215,0.90318,1.026935457350819,0.44149,0.0749037366494361,4.365023822645301,12.0,0.90318,0.55851,0.46493,0.44149,0.06044
E4_interaction,Parallel PIAP,same_asset,0.2,18.0,0.0,0.2,0.0,0.5,100000,305.65775101836243,2.987781447109377,569.1562794069071,944.8194523659536,-996.1278265476358,-760.589774214128,-1190.1616157263993,0.44256,916.3847743362965,0.33354739142162093,-198.17710849069692,3.7753064852296716,-205.5767092017471,-190.77750777964675,0.90318,1.026935457350819,0.44149,0.0749037366494361,4.365023822645301,12.0,0.90318,0.55851,0.46062,0.44149,0.03329
E4_interaction,Parallel PIAP,same_asset,0.2,18.0,0.0,0.3,0.0,0.5,100000,397.3369933060537,3.0490932278067424,707.1321363503491,964.2079398063958,-920.068849126223,-713.9730533344037,-1080.3303249473197,0.44186,824.705532048605,0.4817925645764144,-106.49786620300561,3.7853690745188415,-113.91718958906254,-99.07854281694868,0.90318,1.026935457350819,0.44149,0.0749037366494361,4.365023822645301,12.0,0.90318,0.55851,0.44707,0.44149,0.02413
E4_interaction,Parallel PIAP,same_asset,0.2,12.0,0.5,0.0,0.0,0.0,100000,-370.1277783106224,1.8804520224084709,-559.4006505566923,594.6511421480757,-1161.8183631345016,-1095.0772928963174,-1346.3557092142914,0.80023,1110.7798943452551,-0.3332143300350181,101.44131414907926,1.7263402450692638,98.0576872687435,104.82494102941502,0.90318,1.026935457350819,0.44149,0.0749037366494361,4.365023822645301,6.417198122190483,0.90318,0.55851,0.96413,0.91937,0.09371
E4_interaction,Parallel PIAP,same_asset,0.2,12.0,0.5,0.1,0.0,0.0,100000,-277.3448724795735,1.9218582061592413,-509.3459593209952,607.7449271348645,-1078.2944657538667,-958.0979151299216,-1282.5419642437203,0.66182,1017.9969885142061,-0.27244174158546947,194.2242199801282,1.762208718061485,190.7702908927277,197.6781490675287,0.90318,1.026935457350819,0.44149,0.0749037366494361,4.365023822645301,6.417198122190483,0.90318,0.55851,0.96413,0.87266,0.06044
E4_interaction,Parallel PIAP,same_asset,0.2,12.0,0.5,0.2,0.0,0.0,100000,-184.56196664852456,1.9702551131184822,-369.18620880284664,623.04937290471,-1001.5568592452519,-821.1185373635259,-1200.041760048856,0.65981,925.2140826831571,-0.19948028256691427,287.0071258111771,1.8059445120114832,283.4674745676346,290.5467770547196,0.90318,1.026935457350819,0.44149,0.0749037366494361,4.365023822645301,6.417198122190483,0.90318,0.55851,0.93929,0.87266,0.03329
E4_interaction,Parallel PIAP,same_asset,0.2,12.0,0.5,0.3,0.0,0.0,100000,-91.7790608174757,2.025141611627154,-262.4467607926638,640.4060077125938,-924.819252736637,-734.2952231038157,-1088.9398771986296,0.64637,832.4311768521084,-0.11025423286588577,379.790031642226,1.8569918376512276,376.15032764042957,383.4297356440224,0.90318,1.026935457350819,0.44149,0.0749037366494361,4.365023822645301,6.417198122190483,0.90318,0.55851,0.93807,0.84558,0.02413
E4_interaction,Parallel PIAP,same_asset,0.2,12.0,0.5,0.0,0.0,0.1,100000,-412.21683716046624,1.6722834852619572,-559.4006505566923,528.8224706912405,-1161.8183631345016,-1095.0772928963174,-1346.3557092142914,0.82008,1110.7798943452551,-0.3711057782545172,59.3522552992354,1.577597994689242,56.26016322964449,62.444347368826314,0.90318,1.026935457350819,0.44149,0.0749037366494361,4.365023822645301,6.417198122190483,0.90318,0.55851,0.98376,0.92545,0.09371
E4_interaction,Parallel PIAP,same_asset,0.2,12.0,0.5,0.1,0.0,0.1,100000,-319.43393132941736,1.7061796725140348,-509.3459593209952,539.5413862624534,-1078.2944657538667,-958.0979151299216,-1282.5419642437203,0.67983,1017.9969885142061,-0.3137867154161622,152.1351611302843,1.603440744440631,148.99241727118067,155.27790498938793,0.90318,1.026935457350819,0.44149,0.0749037366494361,4.365023822645301,6.417198122190483,0.90318,0.55851,0.97933,0.92179,0.06044
E4_interaction,Parallel PIAP,same_asset,0.2,12.0,0.5,0.2,0.0,0.1,100000,-226.65102549836845,1.7482829247312108,-369.18620880284664,552.8556036531345,-1001.5568592452519,-821.1185373635259,-1200.041760048856,0.66077,925.2140826831571,-0.2449714393030763,244.91806696133327,1.6383394334519106,241.70692167176753,248.129212250899,0.90318,1.026935457350819,0.44149,0.0749037366494361,4.365023822645301,6.417198122190483,0.90318,0.55851,0.97834,0.91996,0.03329
E4_interaction,Parallel PIAP,same_asset,0.2,12.0,0.5,0.3,0.0,0.1,100000,-133.86811966731952,1.798016792218507,-262.4467607926638,568.5828334640196,-924.819252736637,-734.2952231038157,-1088.9398771986296,0.65047,832.4311768521084,-0.1608158408645269,337.7009727923822,1.6817303790028677,334.40478124953654,340.9971643352278,0.90318,1.026935457350819,0.44149,0.0749037366494361,4.365023822645301,6.417198122190483,0.90318,0.55851,0.97834,0.87266,0.02413
E4_interaction,Parallel PIAP,same_asset,0.2,12.0,0.5,0.0,0.0,0.25,100000,-475.350425435232,1.4042085700608589,-559.4006505566923,444.0497391320439,-1161.8183631345016,-1126.8810204138454,-1346.1269463385463,0.87149,1110.7798943452551,-0.4279429505837657,-3.781332975530374,1.4269841985470304,-6.578222004682553,-0.9844439463781947,0.90318,1.026935457350819,0.44149,0.0749037366494361,4.365023822645301,6.417198122190483,0.90318,0.55851,0.99955,0.98376,0.09371
E4_interaction,Parallel PIAP,same_asset,0.2,12.0,0.5,0.1,0.0,0.25,100000,-382.56751960418313,1.42194779221343,-512.783929676968,449.65937372422786,-1078.2944657538667,-958.0979151299216,-1282.5419642437203,0.73918,1017.9969885142061,-0.3758041761622013,89.00157285551853,1.4332157851195275,86.19246991668426,91.8106757943528,0.90318,1.026935457350819,0.44149,0.0749037366494361,4.365023822645301,6.417198122190483,0.90318,0.55851,0.99892,0.96514,0.06044
E4_interaction,Parallel PIAP,same_asset,0.2,12.0,0.5,0.2,0.0,0.25,100000,-289.7846137731342,1.450171172488038,-394.62919081686886,458.5843902179108,-1001.5568592452519,-821.1185373635259,-1200.041760048856,0.69962,925.2140826831571,-0.3132081744073193,181.78447868656747,1.4501234984355826,178.94223662963373,184.6267207435012,0.90318,1.026935457350819,0.44149,0.0749037366494361,4.365023822645301,6.417198122190483,0.90318,0.55851,0.99665,0.96413,0.03329
E4_interaction,Parallel PIAP,same_asset,0.2,12.0,0.5,0.3,0.0,0.25,100000,-197.0017079420853,1.4882823742275557,-262.4467607926638,470.63621040421555,-924.819252736637,-734.2952231038157,-1088.9398771986296,0.66871,832.4311768521084,-0.23665825286248868,274.56738451761635,1.4773408289561076,271.67179649286237,277.4629725423703,0.90318,1.026935457350819,0.44149,0.0749037366494361,4.365023822645301,6.417198122190483,0.90318,0.55851,0.99588,0.93978,0.02413
E4_interaction,Parallel PIAP,same_asset,0.2,12.0,0.5,0.0,0.0,0.5,100000,-580.5730725598418,1.1645776999528057,-559.4006505566923,368.27180440910314,-1186.8357997800094,-1155.0320722624815,-1467.1376692276572,1.0,1110.7798943452551,-0.5226715711325134,-109.00398010014001,1.4286548832390444,-111.80414367128854,-106.20381652899148,0.90318,1.026935457350819,0.44149,0.0749037366494361,4.365023822645301,6.417198122190483,0.90318,0.55851,1.0,1.0,0.09371
E4_interaction,Parallel PIAP,same_asset,0.2,12.0,0.5,0.1,0.0,0.5,100000,-487.79016672879277,1.139767386058414,-512.783929676968,360.4260942721032,-1078.2944657538667,-1054.9598709969964,-1280.2312724602266,0.87954,1017.9969885142061,-0.47916661073893313,-16.2210742690911,1.3969871219028531,-18.959169028020693,-13.48297951016151,0.90318,1.026935457350819,0.44149,0.0749037366494361,4.365023822645301,6.417198122190483,0.90318,0.55851,1.0,1.0,0.06044
E4_interaction,Parallel PIAP,same_asset,0.2,12.0,0.5,0.2,0.0,0.5,100000,-395.00726089774383,1.1281955768411298,-466.1672087972436,356.7667668945483,-1001.5568592452519,-897.9033693543408,-1198.265117212056,0.83311,925.2140826831571,-0.4269360662477243,76.56183156195786,1.3758700346720485,73.86512629400065,79.25853682991507,0.90318,1.026935457350819,0.44149,0.0749037366494361,4.365023822645301,6.417198122190483,0.90318,0.55851,1.0,1.0,0.03329
E4_interaction,Parallel PIAP,same_asset,0.2,12.0,0.5,0.3,0.0,0.5,100000,-302.2243550666949,1.130268956961902,-366.3618793333752,357.42242725824383,-924.819252736637,-744.2967177209271,-1088.9398771986296,0.79176,832.4311768521084,-0.3630622728590916,169.3447373930067,1.365793094154787,166.66778292846334,172.02169185755008,0.90318,1.026935457350819,0.44149,0.0749037366494361,4.365023822645301,6.417198122190483,0.90318,0.55851,1.0,1.0,0.02413
E4_interaction,Parallel PIAP,same_asset,0.2,15.0,0.5,0.0,0.0,0.0,100000,183.49291237430944,3.7346096668039057,-36.53743033236563,1180.9872718782867,-1161.8183631345016,-892.4132343631248,-1347.8679170479008,0.51465,1110.7798943452551,0.16519286431851435,98.10676670856242,3.42832004089932,91.38725942839974,104.82627398872509,0.90318,1.026935457350819,0.44149,0.0749037366494361,4.365023822645301,9.417198122190483,0.90318,0.55851,0.76264,0.53173,0.09357
E4_interaction,Parallel PIAP,same_asset,0.2,15.0,0.5,0.1,0.0,0.0,100000,276.2758182053584,3.801760756042046,103.62232018578291,1202.2223108136611,-1078.2944657538667,-812.4952551027573,-1285.46559196379,0.47314,1017.9969885142061,0.27139158693248233,190.8896725396113,3.474668141489251,184.07932298229235,197.70002209693024,0.90318,1.026935457350819,0.44149,0.0749037366494361,4.365023822645301,9.417198122190483,0.90318,0.55851,0.76264,0.53173,0.06044
E4_interaction,Parallel PIAP,same_asset,0.2,15.0,0.5,0.2,0.0,0.0,100000,369.0587240364072,3.8717421684771316,243.78207070393145,1224.3523765307111,-1001.5568592452519,-760.589774214128,-1201.9447317001761,0.46086,925.2140826831571,0.3988900849478236,283.67257837066023,3.524795905341925,276.76397839619005,290.5811783451304,0.90318,1.026935457350819,0.44149,0.0749037366494361,4.365023822645301,9.417198122190483,0.90318,0.55851,0.76264,0.50757,0.03329
E4_interaction,Parallel PIAP,same_asset,0.2,15.0,0.5,0.3,0.0,0.0,100000,461.8416298674563,3.9444032606128157,350.5215187141142,1247.3298313731223,-924.819252736637,-713.9730533344037,-1090.6405514243743,0.44995,832.4311768521084,0.554810587001246,376.45548420170917,3.578544500957958,369.4415369798316,383.46943142358674,0.90318,1.026935457350819,0.44149,0.0749037366494361,4.365023822645301,9.417198122190483,0.90318,0.55851,0.76264,0.47522,0.02413
E4_interaction,Parallel PIAP,same_asset,0.2,15.0,0.5,0.0,0.0,0.1,100000,120.2766758347055,3.3790642188371502,-36.53743033236563,1068.5539291503037,-1161.8183631345016,-892.4132343631248,-1347.8679170479008,0.51465,1110.7798943452551,0.10828128637096202,34.89053016895845,3.194341543814273,28.629620743082477,41.15143959483442,0.90318,1.026935457350819,0.44149,0.0749037366494361,4.365023822645301,9.417198122190483,0.90318,0.55851,0.76264,0.53173,0.09357
E4_interaction,Parallel PIAP,same_asset,0.2,15.0,0.5,0.1,0.0,0.1,100000,213.0595816657544,3.4438352154339835,103.62232018578291,1089.0363167068044,-1078.2944657538667,-812.4952551027573,-1285.46559196379,0.47314,1017.9969885142061,0.20929293904564547,127.67343600000733,3.2341318467909876,121.334537580297,134.01233441971766,0.90318,1.026935457350819,0.44149,0.0749037366494361,4.365023822645301,9.417198122190483,0.90318,0.55851,0.76264,0.53173,0.06044
E4_interaction,Parallel PIAP,same_asset,0.2,15.0,0.5,0.2,0.0,0.1,100000,305.8424874968033,3.5118163501651574,243.78207070393145,1110.5338390741333,-1001.5568592452519,-760.589774214128,-1201.9447317001761,0.46086,925.2140826831571,0.3305640210424036,220.45634183105628,3.2781590560105554,214.0311500812756,226.88153358083696,0.90318,1.026935457350819,0.44149,0.0749037366494361,4.365023822645301,9.417198122190483,0.90318,0.55851,0.76264,0.50757,0.03329
E4_interaction,Parallel PIAP,same_asset,0.2,15.0,0.5,0.3,0.0,0.1,100000,398.6253933278522,3.582824898553909,350.5215187141142,1132.9887136992068,-924.819252736637,-713.9730533344037,-1090.6405514243743,0.44995,832.4311768521084,0.47886888960031454,313.2392476621052,3.326254933219452,306.71978799299507,319.7587073312153,0.90318,1.026935457350819,0.44149,0.0749037366494361,4.365023822645301,9.417198122190483,0.90318,0.55851,0.76264,0.47522,0.02413
E4_interaction,Parallel PIAP,same_asset,0.2,15.0,0.5,0.0,0.0,0.25,100000,25.45232102529953,2.8746695279011414,-36.53743033236563,909.0503228448562,-1161.8183631345016,-892.4132343631248,-1347.8679170479008,0.51544,1110.7798943452551,0.02291391944963345,-59.93382464044752,2.9187289603959163,-65.65453340282352,-54.21311587807152,0.90318,1.026935457350819,0.44149,0.0749037366494361,4.365023822645301,9.417198122190483,0.90318,0.55851,0.76683,0.53173,0.09357
E4_interaction,Parallel PIAP,same_asset,0.2,15.0,0.5,0.1,0.0,0.25,100000,118.23522685634843,2.9341824518157202,103.62232018578291,927.8699618234934,-1078.2944657538667,-812.4952551027573,-1285.46559196379,0.47314,1017.9969885142061,0.11614496721539021,32.84908119060137,2.9459371035387014,27.075044467665514,38.62311791353722,0.90318,1.026935457350819,0.44149,0.0749037366494361,4.365023822645301,9.417198122190483,0.90318,0.55851,0.76343,0.53173,0.06044
E4_interaction,Parallel PIAP,same_asset,0.2,15.0,0.5,0.2,0.0,0.25,100000,211.01813268739738,2.9976750185151233,243.78207070393145,947.9480743495209,-1001.5568592452519,-760.589774214128,-1201.9447317001761,0.46086,925.2140826831571,0.22807492518427358,125.6319870216503,2.9780932124338477,119.79492432527996,131.46904971802064,0.90318,1.026935457350819,0.44149,0.0749037366494361,4.365023822645301,9.417198122190483,0.90318,0.55851,0.76277,0.50757,0.03329
E4_interaction,Parallel PIAP,same_asset,0.2,15.0,0.5,0.3,0.0,0.25,100000,303.8010385184463,3.064899910747883,350.5215187141142,969.2064518410091,-924.819252736637,-713.9730533344037,-1090.6405514243743,0.44995,832.4311768521084,0.36495634349891765,218.41489285269924,3.0150389775373583,212.505416456726,224.32436924867247,0.90318,1.026935457350819,0.44149,0.0749037366494361,4.365023822645301,9.417198122190483,0.90318,0.55851,0.76264,0.47522,0.02413
E4_interaction,Parallel PIAP,same_asset,0.2,15.0,0.5,0.0,0.0,0.5,100000,-132.58827032371042,2.17067084863013,-36.53743033236563,686.4263932201799,-1161.8183631345016,-892.4132343631248,-1347.8679170479008,0.52503,1110.7798943452551,-0.11936502541924748,-217.97441598945744,2.723279400441096,-223.312043614322,-212.6367883645929,0.90318,1.026935457350819,0.44149,0.0749037366494361,4.365023822645301,9.417198122190483,0.90318,0.55851,0.92528,0.53337,0.09357
E4_interaction,Parallel PIAP,same_asset,0.2,15.0,0.5,0.1,0.0,0.5,100000,-39.805364492661504,2.212948255630103,80.28772542891255,699.7956831887659,-1078.2944657538667,-812.4952551027573,-1285.46559196379,0.47841,1017.9969885142061,-0.039101652501701896,-125.19151015840856,2.7231312215394077,-130.5288473526258,-119.85417296419132,0.90318,1.026935457350819,0.44149,0.0749037366494361,4.365023822645301,9.417198122190483,0.90318,0.55851,0.87424,0.53229,0.06044
E4_interaction,Parallel PIAP,same_asset,0.2,15.0,0.5,0.2,0.0,0.5,100000,52.97754133838743,2.2612817430135452,218.33908868990918,715.0800739278349,-1001.5568592452519,-760.589774214128,-1201.9447317001761,0.46248,925.2140826831571,0.057259765420723474,-32.4086043273596,2.7286560238998603,-37.75677013420332,-27.060438520515874,0.90318,1.026935457350819,0.44149,0.0749037366494361,4.365023822645301,9.417198122190483,0.90318,0.55851,0.84958,0.50757,0.03329
E4_interaction,Parallel PIAP,same_asset,0.2,15.0,0.5,0.3,0.0,0.5,100000,145.76044716943633,2.3152920659525513,350.5215187141142,732.1596376926848,-924.819252736637,-713.9730533344037,-1090.6405514243743,0.44995,832.4311768521084,0.17510209999658924,60.37430150368931,2.739819489308316,55.004255304645014,65.7443477027336,0.90318,1.026935457350819,0.44149,0.0749037366494361,4.365023822645301,9.417198122190483,0.90318,0.55851,0.82248,0.47522,0.02413
E4_interaction,Parallel PIAP,same_asset,0.2,18.0,0.5,0.0,0.0,0.0,100000,599.4363313712529,5.194529266803955,423.994710544252,1642.654385550498,-1161.8183631345016,-892.4132343631248,-1347.8679170479008,0.44995,1110.7798943452551,0.5396535663121526,95.60147186219356,4.773683971563551,86.24505127792901,104.95789244645812,0.90318,1.026935457350819,0.44149,0.0749037366494361,4.365023822645301,12.417198122190483,0.90318,0.55851,0.46674,0.44149,0.09357
E4_interaction,Parallel PIAP,same_asset,0.2,18.0,0.5,0.1,0.0,0.0,100000,692.2192372023019,5.267935593658286,564.1544610624005,1665.8675043031446,-1078.2944657538667,-812.4952551027573,-1285.46559196379,0.44649,1017.9969885142061,0.6799816158715896,188.3843776932425,4.822277863115064,178.93271308153697,197.83604230494802,0.90318,1.026935457350819,0.44149,0.0749037366494361,4.365023822645301,12.417198122190483,0.90318,0.55851,0.45002,0.44149,0.06044
E4_interaction,Parallel PIAP,same_asset,0.2,18.0,0.5,0.2,0.0,0.0,100000,785.0021430333508,5.343227828229609,704.314211580549,1689.67699944005,-1001.5568592452519,-760.589774214128,-1201.9447317001761,0.44251,925.2140826831571,0.8484545984825628,281.16728352429146,4.873560916619677,271.6151041277169,290.719462920866,0.90318,1.026935457350819,0.44149,0.0749037366494361,4.365023822645301,12.417198122190483,0.90318,0.55851,0.44916,0.44149,0.03329
E4_interaction,Parallel PIAP,same_asset,0.2,18.0,0.5,0.3,0.0,0.0,100000,877.7850488643998,5.420327381255595,811.0536595907317,1714.0580188543545,-924.819252736637,-713.9730533344037,-1090.6405514243743,0.44163,832.4311768521084,1.0544836297263636,373.9501893553404,4.927449169408291,364.29238898330016,383.60798972738064,0.90318,1.026935457350819,0.44149,0.0749037366494361,4.365023822645301,12.417198122190483,0.90318,0.55851,0.443,0.44149,0.02413
E4_interaction,Parallel PIAP,same_asset,0.2,18.0,0.5,0.0,0.0,0.1,100000,520.3469335320545,4.7419110205330455,423.994710544252,1499.5239286737892,-1161.8183631345016,-892.4132343631248,-1347.8679170479008,0.44995,1110.7798943452551,0.46845188338484556,16.512074022995215,4.481811465888414,7.727723549853923,25.296424496136506,0.90318,1.026935457350819,0.44149,0.0749037366494361,4.365023822645301,12.417198122190483,0.90318,0.55851,0.46674,0.44149,0.09357
E4_interaction,Parallel PIAP,same_asset,0.2,18.0,0.5,0.1,0.0,0.1,100000,613.1298393631034,4.813900012720526,564.1544610624005,1522.2888468510398,-1078.2944657538667,-812.4952551027573,-1285.46559196379,0.44649,1017.9969885142061,0.6022904254932845,109.29497985404412,4.524692391208998,100.42658276727448,118.16337694081375,0.90318,1.026935457350819,0.44149,0.0749037366494361,4.365023822645301,12.417198122190483,0.90318,0.55851,0.45002,0.44149,0.06044
E4_interaction,Parallel PIAP,same_asset,0.2,18.0,0.5,0.2,0.0,0.1,100000,705.9127451941523,4.887992801598117,704.314211580549,1545.7190439557578,-1001.5568592452519,-760.589774214128,-1201.9447317001761,0.44251,925.2140826831571,0.7629723308436656,202.0778856850931,4.570555277485081,193.11959734122235,211.03617402896384,0.90318,1.026935457350819,0.44149,0.0749037366494361,4.365023822645301,12.417198122190483,0.90318,0.55851,0.44916,0.44149,0.03329
E4_interaction,Parallel PIAP,same_asset,0.2,18.0,0.5,0.3,0.0,0.1,100000,798.6956510252014,4.964095185899012,811.0536595907317,1569.7847309317845,-924.819252736637,-713.9730533344037,-1090.6405514243743,0.44163,832.4311768521084,0.9594734955092864,294.86079151614194,4.619311306267987,285.8069413558567,303.9146416764272,0.90318,1.026935457350819,0.44149,0.0749037366494361,4.365023822645301,12.417198122190483,0.90318,0.55851,0.443,0.44149,0.02413
E4_interaction,Parallel PIAP,same_asset,0.2,18.0,0.5,0.0,0.0,0.25,100000,401.7128367732571,4.091345177872294,423.994710544252,1293.7969456023181,-1161.8183631345016,-892.4132343631248,-1347.8679170479008,0.44995,1110.7798943452551,0.36164935899388523,-102.12202273580225,4.127227102095215,-110.21138785590887,-94.03265761569563,0.90318,1.026935457350819,0.44149,0.0749037366494361,4.365023822645301,12.417198122190483,0.90318,0.55851,0.46674,0.44149,0.09357
E4_interaction,Parallel PIAP,same_asset,0.2,18.0,0.5,0.1,0.0,0.25,100000,494.495742604306,4.160152846491359,564.1544610624005,1315.5558409345517,-1078.2944657538667,-812.4952551027573,-1285.46559196379,0.44649,1017.9969885142061,0.48575363992582704,-9.339116904753354,4.159334551033175,-17.491412624778377,-1.1868211847283305,0.90318,1.026935457350819,0.44149,0.0749037366494361,4.365023822645301,12.417198122190483,0.90318,0.55851,0.45002,0.44149,0.06044
E4_interaction,Parallel PIAP,same_asset,0.2,18.0,0.5,0.2,0.0,0.25,100000,587.278648435355,4.231496796409969,704.314211580549,1338.116778836131,-1001.5568592452519,-760.589774214128,-1201.9447317001761,0.44251,925.2140826831571,0.63474892938532,83.4437889262956,4.194883949855327,75.22181638457916,91.66576146801204,0.90318,1.026935457350819,0.44149,0.0749037366494361,4.365023822645301,12.417198122190483,0.90318,0.55851,0.44916,0.44149,0.03329
E4_interaction,Parallel PIAP,same_asset,0.2,18.0,0.5,0.3,0.0,0.25,100000,680.061554266404,4.305250940429826,811.0536595907317,1361.4398870340144,-924.819252736637,-713.9730533344037,-1090.6405514243743,0.44163,832.4311768521084,0.8169582941836707,176.2266947573445,4.233788597494648,167.92846910625497,184.524920408434,0.90318,1.026935457350819,0.44149,0.0749037366494361,4.365023822645301,12.417198122190483,0.90318,0.55851,0.443,0.44149,0.02413
E4_interaction,Parallel PIAP,same_asset,0.2,18.0,0.5,0.0,0.0,0.5,100000,203.98934217526124,3.134767099794246,423.994710544252,991.3003969510165,-1161.8183631345016,-892.4132343631248,-1347.8679170479008,0.44995,1110.7798943452551,0.18364515167561793,-299.8455173337981,3.822517075019195,-307.3376508008357,-292.3533838667605,0.90318,1.026935457350819,0.44149,0.0749037366494361,4.365023822645301,12.417198122190483,0.90318,0.55851,0.46674,0.44149,0.09357
E4_interaction,Parallel PIAP,same_asset,0.2,18.0,0.5,0.1,0.0,0.5,100000,296.7722480063101,3.1928492507548727,564.1544610624005,1009.6675857947482,-1078.2944657538667,-812.4952551027573,-1285.46559196379,0.44649,1017.9969885142061,0.2915256639800646,-207.06261150274926,3.831116334749524,-214.57159951885833,-199.5536234866402,0.90318,1.026935457350819,0.44149,0.0749037366494361,4.365023822645301,12.417198122190483,0.90318,0.55851,0.45002,0.44149,0.06044
E4_interaction,Parallel PIAP,same_asset,0.2,18.0,0.5,0.2,0.0,0.5,100000,389.5551538373591,3.254648213912814,704.314211580549,1029.210133856341,-1001.5568592452519,-760.589774214128,-1201.9447317001761,0.44251,925.2140826831571,0.4210432602880772,-114.27970567170026,3.8437215094413837,-121.81339983020537,-106.74601151319514,0.90318,1.026935457350819,0.44149,0.0749037366494361,4.365023822645301,12.417198122190483,0.90318,0.55851,0.44916,0.44149,0.03329
E4_interaction,Parallel PIAP,same_asset,0.2,18.0,0.5,0.3,0.0,0.5,100000,482.33805966840794,3.319956437182902,811.0536595907317,1049.8624074035697,-924.819252736637,-713.9730533344037,-1090.6405514243743,0.44163,832.4311768521084,0.5794329586409775,-21.496799840651356,3.860293357257511,-29.06297482087608,-13.930624860426633,0.90318,1.026935457350819,0.44149,0.0749037366494361,4.365023822645301,12.417198122190483,0.90318,0.55851,0.443,0.44149,0.02413
E4_interaction,Parallel PIAP,same_asset,0.2,12.0,1.0,0.0,0.0,0.0,100000,-260.8976217244935,2.2670637990246982,-511.9818883529393,716.908520583226,-1175.82010020594,-1114.6141785944476,-1365.3655821478806,0.65981,1122.186669776631,-0.23249039464746504,210.67147073520817,2.0304756238682145,206.69173851242647,214.65120295798988,0.90318,1.026935457350819,0.44149,0.0749037366494361,4.365023822645301,6.834396244380965,0.90318,0.55851,0.92676,0.83699,0.09371
E4_interaction,Parallel PIAP,same_asset,0.2,12.0,1.0,0.1,0.0,0.0,100000,-166.97403835030698,2.31964514174992,-386.6004600180333,733.5362011273887,-1084.5952474360138,-941.3779647023562,-1298.6450278437503,0.65487,1028.2630864024445,-0.16238454978919298,304.5950541093947,2.081038142287886,300.5162193505104,308.673888868279,0.90318,1.026935457350819,0.44149,0.0749037366494361,4.365023822645301,6.834396244380965,0.90318,0.55851,0.92457,0.79935,0.06044
E4_interaction,Parallel PIAP,same_asset,0.2,12.0,1.0,0.2,0.0,0.0,100000,-73.05045497612048,2.377899804706035,-275.0061910908666,751.9579430540647,-1007.1575540738271,-790.9134386006514,-1207.183515293556,0.58626,934.339503028258,-0.0781840591555414,398.5186374835813,2.1380100147034624,394.32813785476253,402.7091371124001,0.90318,1.026935457350819,0.44149,0.0749037366494361,4.365023822645301,6.834396244380965,0.90318,0.55851,0.91996,0.79734,0.03329
E4_interaction,Parallel PIAP,same_asset,0.2,12.0,1.0,0.3,0.0,0.0,100000,20.873128398066036,2.441421709082491,-163.4119221636999,772.0453329681666,-929.7198607116404,-713.9730533344037,-1100.8054498270603,0.55653,840.4159196540717,0.024836664691760886,492.4422208577678,2.2008935637756,488.1284694727676,496.75597224276794,0.90318,1.026935457350819,0.44149,0.0749037366494361,4.365023822645301,6.834396244380965,0.90318,0.55851,0.91937,0.79209,0.02413
E4_interaction,Parallel PIAP,same_asset,0.2,12.0,1.0,0.0,0.0,0.1,100000,-307.6635479513445,2.0224020511469982,-511.9818883529393,639.539682622086,-1175.82010020594,-1114.6141785944476,-1365.3655821478806,0.66418,1122.186669776631,-0.2741643224229212,163.90554450835714,1.8301454595344653,160.3184594076696,167.49262960904468,0.90318,1.026935457350819,0.44149,0.0749037366494361,4.365023822645301,6.834396244380965,0.90318,0.55851,0.96413,0.87294,0.09371
E4_interaction,Parallel PIAP,same_asset,0.2,12.0,1.0,0.1,0.0,0.1,100000,-213.73996457715802,2.069239646978175,-389.3437837917035,654.3510309173787,-1084.5952474360138,-941.3779647023562,-1298.6450278437503,0.65981,1028.2630864024445,-0.2078650565245555,257.8291278825437,1.872909031142647,254.1582261815041,261.5000295835833,0.90318,1.026935457350819,0.44149,0.0749037366494361,4.365023822645301,6.834396244380965,0.90318,0.55851,0.95376,0.83818,0.06044
E4_interaction,Parallel PIAP,same_asset,0.2,12.0,1.0,0.2,0.0,0.1,100000,-119.81638120297148,2.122704397590588,-275.0061910908666,671.2580695641896,-1007.1575540738271,-790.9134386006514,-1207.183515293556,0.58652,934.339503028258,-0.1282364502567198,351.75271125673027,1.9231803497327133,347.98327777125417,355.52214474220636,0.90318,1.026935457350819,0.44149,0.0749037366494361,4.365023822645301,6.834396244380965,0.90318,0.55851,0.93604,0.83699,0.03329
E4_interaction,Parallel PIAP,same_asset,0.2,12.0,1.0,0.3,0.0,0.1,100000,-25.892797828784985,2.1823092780941393,-163.4119221636999,690.1067877695281,-929.7198607116404,-713.9730533344037,-1100.8054498270603,0.55927,840.4159196540717,-0.030809504226720106,445.6762946309167,1.9803877547191795,441.7947346316671,449.5578546301663,0.90318,1.026935457350819,0.44149,0.0749037366494361,4.365023822645301,6.834396244380965,0.90318,0.55851,0.93544,0.82218,0.02413
E4_interaction,Parallel PIAP,same_asset,0.2,12.0,1.0,0.0,0.0,0.25,100000,-377.812437291621,1.69460252461053,-511.9818883529393,535.8803706440816,-1175.82010020594,-1114.6141785944476,-1365.3655821478806,0.69962,1122.186669776631,-0.33667521408610546,93.75665516808063,1.5953382391931479,90.62979221926206,96.8835181168992,0.90318,1.026935457350819,0.44149,0.0749037366494361,4.365023822645301,6.834396244380965,0.90318,0.55851,0.9923,0.93929,0.09371
E4_interaction,Parallel PIAP,same_asset,0.2,12.0,1.0,0.1,0.0,0.25,100000,-283.8888539174345,1.7288786523581592,-399.5870746859683,546.7194339494221,-1084.5952474360138,-941.3779647023562,-1298.6450278437503,0.68003,1028.2630864024445,-0.27608581662759923,187.68023854226712,1.6214687636009417,184.50215976560926,190.85831731892497,0.90318,1.026935457350819,0.44149,0.0749037366494361,4.365023822645301,6.834396244380965,0.90318,0.55851,0.99049,0.93544,0.06044
E4_interaction,Parallel PIAP,same_asset,0.2,12.0,1.0,0.2,0.0,0.25,100000,-189.96527054324798,1.7716782031521487,-275.0061910908666,560.2538402835296,-1007.1575540738271,-790.9134386006514,-1207.183515293556,0.60057,934.339503028258,-0.20331503690848732,281.6038219164537,1.6570142992794366,278.35607388986597,284.8515699430414,0.90318,1.026935457350819,0.44149,0.0749037366494361,4.365023822645301,6.834396244380965,0.90318,0.55851,0.98376,0.92472,0.03329
E4_interaction,Parallel PIAP,same_asset,0.2,12.0,1.0,0.3,0.0,0.25,100000,-96.0416871690615,1.8224007515501006,-163.4119221636999,576.2937184500948,-929.7198607116404,-713.9730533344037,-1100.8054498270603,0.5631,840.4159196540717,-0.11427875760444157,375.52740529064016,1.701384849903383,372.19269098482954,378.8621195964508,0.90318,1.026935457350819,0.44149,0.0749037366494361,4.365023822645301,6.834396244380965,0.90318,0.55851,0.98302,0.87365,0.02413
E4_interaction,Parallel PIAP,same_asset,0.2,12.0,1.0,0.0,0.0,0.5,100000,-494.72725285874856,1.3377881342913347,-559.4006505566923,423.0457531107824,-1175.82010020594,-1116.0798985034749,-1362.6824201994725,0.83311,1122.186669776631,-0.4408600335247459,-23.15816039904692,1.4674048057734432,-26.03427381836287,-20.28204697973097,0.90318,1.026935457350819,0.44149,0.0749037366494361,4.365023822645301,6.834396244380965,0.90318,0.55851,1.0,1.0,0.09371
E4_interaction,Parallel PIAP,same_asset,0.2,12.0,1.0,0.1,0.0,0.5,100000,-400.80366948456214,1.3353610499717834,-452.2431832346988,422.2782416584762,-1084.5952474360138,-971.7016290888796,-1297.1593489852276,0.79176,1028.2630864024445,-0.38978708346600555,70.7654229751396,1.453788870942525,67.91599678809226,73.61484916218694,0.90318,1.026935457350819,0.44149,0.0749037366494361,4.365023822645301,6.834396244380965,0.90318,0.55851,1.0,1.0,0.06044
E4_interaction,Parallel PIAP,same_asset,0.2,12.0,1.0,0.2,0.0,0.5,100000,-306.88008611037554,1.3450575296596345,-371.46988678999446,425.344537768393,-1007.1575540738271,-790.9134386006514,-1207.183515293556,0.67761,934.339503028258,-0.3284460146614333,164.68900634932615,1.4512773275039366,161.84450278741843,167.53350991123386,0.90318,1.026935457350819,0.44149,0.0749037366494361,4.365023822645301,6.834396244380965,0.90318,0.55851,1.0,1.0,0.03329
E4_interaction,Parallel PIAP,same_asset,0.2,12.0,1.0,0.3,0.0,0.5,100000,-212.95650273618904,1.3666195392967624,-267.34736876766726,432.1630439067755,-929.7198607116404,-713.9730533344037,-1100.8054498270603,0.62919,840.4159196540717,-0.25339417990064406,258.6125897235126,1.459927485924858,255.75113185109987,261.4740475959253,0.90318,1.026935457350819,0.44149,0.0749037366494361,4.365023822645301,6.834396244380965,0.90318,0.55851,1.0,1.0,0.02413
E4_interaction,Parallel PIAP,same_asset,0.2,15.0,1.0,0.0,0.0,0.0,100000,292.72306896043835,4.145869281017407,100.98639115383882,1311.0389809339688,-1175.82010020594,-900.9664062064918,-1364.382272171831,0.47314,1122.186669776631,0.26085060252828013,207.3369232946913,3.7164364978008217,200.0527077590017,214.62113883038091,0.90318,1.026935457350819,0.44149,0.0749037366494361,4.365023822645301,9.834396244380965,0.90318,0.55851,0.76264,0.49825,0.09357
E4_interaction,Parallel PIAP,same_asset,0.2,15.0,1.0,0.1,0.0,0.0,100000,386.6466523346249,4.217467031856505,226.36781948874477,1333.680177733647,-1084.5952474360138,-820.1931097617875,-1299.206537604252,0.47314,1028.2630864024445,0.3760191894930069,301.26050666887784,3.7708907550491415,293.8695607889815,308.65145254877416,0.90318,1.026935457350819,0.44149,0.0749037366494361,4.365023822645301,9.834396244380965,0.90318,0.55851,0.76264,0.49022,0.06044
E4_interaction,Parallel PIAP,same_asset,0.2,15.0,1.0,0.2,0.0,0.0,100000,480.5702357088114,4.291655020745555,337.96208841591147,1357.1404797253133,-1007.1575540738271,-760.589774214128,-1210.5582047538815,0.45176,934.339503028258,0.5143422001866029,395.1840900430644,3.8288134602805357,387.6796156609145,402.6885644252142,0.90318,1.026935457350819,0.44149,0.0749037366494361,4.365023822645301,9.834396244380965,0.90318,0.55851,0.76264,0.48484,0.03329
E4_interaction,Parallel PIAP,same_asset,0.2,15.0,1.0,0.3,0.0,0.0,100000,574.4938190829979,4.36830127763251,449.55635734307816,1381.3781543142277,-929.7198607116404,-713.9730533344037,-1101.2803880802794,0.44692,840.4159196540717,0.6835827423634104,489.1076734172509,3.8900496813687377,481.48317604176816,496.73217079273365,0.90318,1.026935457350819,0.44149,0.0749037366494361,4.365023822645301,9.834396244380965,0.90318,0.55851,0.76264,0.45966,0.02413
E4_interaction,Parallel PIAP,same_asset,0.2,15.0,1.0,0.0,0.0,0.1,100000,224.82996504382723,3.760787167985037,100.98639115383882,1189.265324596699,-1175.82010020594,-900.9664062064918,-1364.382272171831,0.47314,1122.186669776631,0.20034988037113216,139.44381937808018,3.438080870559214,132.7051808717841,146.18245788437625,0.90318,1.026935457350819,0.44149,0.0749037366494361,4.365023822645301,9.834396244380965,0.90318,0.55851,0.76264,0.49825,0.09357
E4_interaction,Parallel PIAP,same_asset,0.2,15.0,1.0,0.1,0.0,0.1,100000,318.75354841801374,3.8302752070099797,226.36781948874477,1211.2393719424474,-1084.5952474360138,-820.1931097617875,-1299.206537604252,0.47314,1028.2630864024445,0.3099922117531496,233.36740275226668,3.4866615674418346,226.5335460800807,240.20125942445267,0.90318,1.026935457350819,0.44149,0.0749037366494361,4.365023822645301,9.834396244380965,0.90318,0.55851,0.76264,0.49022,0.06044
E4_interaction,Parallel PIAP,same_asset,0.2,15.0,1.0,0.2,0.0,0.1,100000,412.6771317922002,3.902688148285877,337.96208841591147,1234.138354592833,-1007.1575540738271,-760.589774214128,-1210.5582047538815,0.45176,934.339503028258,0.44167792376827214,327.2909861264532,3.539166043297203,320.3542206815907,334.22775157131576,0.90318,1.026935457350819,0.44149,0.0749037366494361,4.365023822645301,9.834396244380965,0.90318,0.55851,0.76264,0.48484,0.03329
E4_interaction,Parallel PIAP,same_asset,0.2,15.0,1.0,0.3,0.0,0.1,100000,506.6007151663868,3.9778662605582955,449.55635734307816,1257.9117610901028,-929.7198607116404,-713.9730533344037,-1101.2803880802794,0.44692,840.4159196540717,0.6027976187967876,421.21456950063975,3.5954224036907383,414.1675415894059,428.2615974118736,0.90318,1.026935457350819,0.44149,0.0749037366494361,4.365023822645301,9.834396244380965,0.90318,0.55851,0.76264,0.45966,0.02413
E4_interaction,Parallel PIAP,same_asset,0.2,15.0,1.0,0.0,0.0,0.25,100000,122.99030916891053,3.2124338421979095,100.98639115383882,1015.8607773951323,-1175.82010020594,-900.9664062064918,-1364.382272171831,0.47318,1122.186669776631,0.10959879713541018,37.60416350316348,3.09458056030309,31.53878560496942,43.669541401357534,0.90318,1.026935457350819,0.44149,0.0749037366494361,4.365023822645301,9.834396244380965,0.90318,0.55851,0.76314,0.49825,0.09357
E4_interaction,Parallel PIAP,same_asset,0.2,15.0,1.0,0.1,0.0,0.25,100000,216.91389254309706,3.2772331596356405,226.36781948874477,1036.3521207878819,-1084.5952474360138,-820.1931097617875,-1299.206537604252,0.47314,1028.2630864024445,0.2109517451433637,131.52774687734998,3.1314334754452453,125.3901372654773,137.66535648922266,0.90318,1.026935457350819,0.44149,0.0749037366494361,4.365023822645301,9.834396244380965,0.90318,0.55851,0.76265,0.49022,0.06044
E4_interaction,Parallel PIAP,same_asset,0.2,15.0,1.0,0.2,0.0,0.25,100000,310.8374759172836,3.3456332371486366,337.96208841591147,1057.9821244951952,-1007.1575540738271,-760.589774214128,-1210.5582047538815,0.45176,934.339503028258,0.33268150914077604,225.45133025153655,3.172979823581245,219.2322897973173,231.6703707057558,0.90318,1.026935457350819,0.44149,0.0749037366494361,4.365023822645301,9.834396244380965,0.90318,0.55851,0.76264,0.48484,0.03329
E4_interaction,Parallel PIAP,same_asset,0.2,15.0,1.0,0.3,0.0,0.25,100000,404.7610592914701,3.4174178724869466,449.55635734307816,1080.6824193625623,-929.7198607116404,-713.9730533344037,-1101.2803880802794,0.44692,840.4159196540717,0.4816199334468534,319.374913625723,3.2190378831802415,313.0655993746897,325.6842278767563,0.90318,1.026935457350819,0.44149,0.0749037366494361,4.365023822645301,9.834396244380965,0.90318,0.55851,0.76264,0.45966,0.02413
E4_interaction,Parallel PIAP,same_asset,0.2,15.0,1.0,0.0,0.0,0.5,100000,-46.7424506226173,2.4349182819523616,100.98639115383882,769.9887687353526,-1175.82010020594,-900.9664062064918,-1364.382272171831,0.4779,1122.186669776631,-0.041653008257459774,-132.12859628836435,2.7961677704133434,-137.6090851183745,-126.64810745835419,0.90318,1.026935457350819,0.44149,0.0749037366494361,4.365023822645301,9.834396244380965,0.90318,0.55851,0.81395,0.49829,0.09357
E4_interaction,Parallel PIAP,same_asset,0.2,15.0,1.0,0.1,0.0,0.5,100000,47.18113275156923,2.484166450644375,213.38120482080973,785.5624071012483,-1084.5952474360138,-820.1931097617875,-1299.206537604252,0.47476,1028.2630864024445,0.04588430079372055,-38.20501291417784,2.805304063704303,-43.70340887903828,-32.70661694931741,0.90318,1.026935457350819,0.44149,0.0749037366494361,4.365023822645301,9.834396244380965,0.90318,0.55851,0.81389,0.49022,0.06044
E4_interaction,Parallel PIAP,same_asset,0.2,15.0,1.0,0.2,0.0,0.5,100000,141.10471612575574,2.5388614479741873,337.96208841591147,802.8584839191517,-1007.1575540738271,-760.589774214128,-1210.5582047538815,0.45189,934.339503028258,0.15102081809494913,55.71857046000872,2.8201748460254574,50.19102776179882,61.24611315821862,0.90318,1.026935457350819,0.44149,0.0749037366494361,4.365023822645301,9.834396244380965,0.90318,0.55851,0.78454,0.48484,0.03329
E4_interaction,Parallel PIAP,same_asset,0.2,15.0,1.0,0.3,0.0,0.5,100000,235.02829949994225,2.5986593721173574,449.55635734307816,821.7682478833908,-929.7198607116404,-713.9730533344037,-1101.2803880802794,0.44692,840.4159196540717,0.27965712453029634,149.6421538341952,2.840690060047879,144.07440131650137,155.20990635188903,0.90318,1.026935457350819,0.44149,0.0749037366494361,4.365023822645301,9.834396244380965,0.90318,0.55851,0.77898,0.45966,0.02413
E4_interaction,Parallel PIAP,same_asset,0.2,18.0,1.0,0.0,0.0,0.0,100000,708.6664879573817,5.608412712390993,561.5185320304564,1773.5358229398385,-1175.82010020594,-900.9664062064918,-1364.382272171831,0.44995,1122.186669776631,0.6315049955979608,204.83162844832245,5.053191157246624,194.92737378011907,214.73588311652583,0.90318,1.026935457350819,0.44149,0.0749037366494361,4.365023822645301,12.834396244380965,0.90318,0.55851,0.45176,0.44149,0.09357
E4_interaction,Parallel PIAP,same_asset,0.2,18.0,1.0,0.1,0.0,0.0,100000,802.5900713315683,5.685224268940506,686.8999603653624,1797.825769871767,-1084.5952474360138,-820.1931097617875,-1299.206537604252,0.443,1028.2630864024445,0.7805298876764777,298.75521182250895,5.1080908092799735,288.7433538363202,308.7670698086977,0.90318,1.026935457350819,0.44149,0.0749037366494361,4.365023822645301,12.834396244380965,0.90318,0.55851,0.44591,0.44149,0.06044
E4_interaction,Parallel PIAP,same_asset,0.2,18.0,1.0,0.2,0.0,0.0,100000,896.5136547057548,5.763829925194932,798.4942292925291,1822.6830609453914,-1007.1575540738271,-760.589774214128,-1210.5582047538815,0.44235,934.339503028258,0.9595159487532026,392.6787951966955,5.165551388071449,382.55431447607543,402.80327591731555,0.90318,1.026935457350819,0.44149,0.0749037366494361,4.365023822645301,12.834396244380965,0.90318,0.55851,0.44542,0.44149,0.03329
E4_interaction,Parallel PIAP,same_asset,0.2,18.0,1.0,0.3,0.0,0.0,100000,990.4372380799413,5.84415728807639,910.0884982196958,1848.084803459419,-929.7198607116404,-713.9730533344037,-1101.2803880802794,0.44163,840.4159196540717,1.1785084205539809,486.602378570882,5.225488412822719,476.3604212817495,496.84433586001455,0.90318,1.026935457350819,0.44149,0.0749037366494361,4.365023822645301,12.834396244380965,0.90318,0.55851,0.44231,0.44149,0.02413
E4_interaction,Parallel PIAP,same_asset,0.2,18.0,1.0,0.0,0.0,0.1,100000,624.9002227411763,5.127079892057046,561.5185320304564,1621.3250204550504,-1175.82010020594,-900.9664062064918,-1364.382272171831,0.44995,1122.186669776631,0.5568594241683172,121.06536323211694,4.719235535156942,111.81566158320933,130.31506488102454,0.90318,1.026935457350819,0.44149,0.0749037366494361,4.365023822645301,12.834396244380965,0.90318,0.55851,0.45176,0.44149,0.09357
E4_interaction,Parallel PIAP,same_asset,0.2,18.0,1.0,0.1,0.0,0.1,100000,718.8238061153628,5.20257261955133,686.8999603653624,1645.1979170210857,-1084.5952474360138,-820.1931097617875,-1299.206537604252,0.443,1028.2630864024445,0.6990660421646484,214.98894660630344,4.768790904096274,205.64211643427475,224.33577677833213,0.90318,1.026935457350819,0.44149,0.0749037366494361,4.365023822645301,12.834396244380965,0.90318,0.55851,0.44591,0.44149,0.06044
E4_interaction,Parallel PIAP,same_asset,0.2,18.0,1.0,0.2,0.0,0.1,100000,812.7473894895494,5.280061939660931,798.4942292925291,1669.7021916095086,-1007.1575540738271,-760.589774214128,-1210.5582047538815,0.44235,934.339503028258,0.8698630282198063,308.91252998049004,4.821206064925661,299.46296609323576,318.3620938677443,0.90318,1.026935457350819,0.44149,0.0749037366494361,4.365023822645301,12.834396244380965,0.90318,0.55851,0.44542,0.44149,0.03329
E4_interaction,Parallel PIAP,same_asset,0.2,18.0,1.0,0.3,0.0,0.1,100000,906.6709728637359,5.359461250385902,910.0884982196958,1694.8104582633428,-929.7198607116404,-713.9730533344037,-1101.2803880802794,0.44163,840.4159196540717,1.0788360282810157,402.8361133546765,4.876388800817864,393.2783913050735,412.3938354042795,0.90318,1.026935457350819,0.44149,0.0749037366494361,4.365023822645301,12.834396244380965,0.90318,0.55851,0.44231,0.44149,0.02413
E4_interaction,Parallel PIAP,same_asset,0.2,18.0,1.0,0.0,0.0,0.25,100000,499.25082491686805,4.434380391582545,561.5185320304564,1402.2742048990194,-1175.82010020594,-900.9664062064918,-1364.382272171831,0.44995,1122.186669776631,0.4448910670238516,-4.584034592191288,4.301586616631443,-13.015144360788916,3.8470751764063413,0.90318,1.026935457350819,0.44149,0.0749037366494361,4.365023822645301,12.834396244380965,0.90318,0.55851,0.45176,0.44149,0.09357
E4_interaction,Parallel PIAP,same_asset,0.2,18.0,1.0,0.1,0.0,0.25,100000,593.1744082910546,4.506888151398221,686.8999603653624,1425.2031718044161,-1084.5952474360138,-820.1931097617875,-1299.206537604252,0.443,1028.2630864024445,0.5768702738969046,89.33954878199522,4.340775020762824,80.83162974130008,97.84746782269036,0.90318,1.026935457350819,0.44149,0.0749037366494361,4.365023822645301,12.834396244380965,0.90318,0.55851,0.44591,0.44149,0.06044
E4_interaction,Parallel PIAP,same_asset,0.2,18.0,1.0,0.2,0.0,0.25,100000,687.097991665241,4.581793398218308,798.4942292925291,1448.890290669272,-1007.1575540738271,-760.589774214128,-1210.5582047538815,0.44235,934.339503028258,0.7353836474197115,183.26313215618177,4.383319144684258,174.6718266326006,191.85443767976292,0.90318,1.026935457350819,0.44149,0.0749037366494361,4.365023822645301,12.834396244380965,0.90318,0.55851,0.44542,0.44149,0.03329
E4_interaction,Parallel PIAP,same_asset,0.2,18.0,1.0,0.3,0.0,0.25,100000,781.0215750394276,4.658980495932703,910.0884982196958,1473.2989941448184,-929.7198607116404,-713.9730533344037,-1101.2803880802794,0.44163,840.4159196540717,0.9293274398715677,277.18671553036825,4.4291222889206665,268.5056358440837,285.8677952166528,0.90318,1.026935457350819,0.44149,0.0749037366494361,4.365023822645301,12.834396244380965,0.90318,0.55851,0.44231,0.44149,0.02413
E4_interaction,Parallel PIAP,same_asset,0.2,18.0,1.0,0.0,0.0,0.5,100000,289.8351618763543,3.410644301679802,561.5185320304564,1078.5404281982621,-1175.82010020594,-900.9664062064918,-1364.382272171831,0.44995,1122.186669776631,0.25827713844974237,-213.99969763270505,3.902804473667145,-221.64919440109264,-206.35020086431746,0.90318,1.026935457350819,0.44149,0.0749037366494361,4.365023822645301,12.834396244380965,0.90318,0.55851,0.45176,0.44149,0.09357
E4_interaction,Parallel PIAP,same_asset,0.2,18.0,1.0,0.1,0.0,0.5,100000,383.7587452505408,3.472986527596026,686.8999603653624,1098.2547710282668,-1084.5952474360138,-820.1931097617875,-1299.206537604252,0.443,1028.2630864024445,0.37321066011733134,-120.07611425851853,3.9180853278728787,-127.75556150114937,-112.39666701588769,0.90318,1.026935457350819,0.44149,0.0749037366494361,4.365023822645301,12.834396244380965,0.90318,0.55851,0.44591,0.44149,0.06044
E4_interaction,Parallel PIAP,same_asset,0.2,18.0,1.0,0.2,0.0,0.5,100000,477.6823286247273,3.538821113298521,798.4942292925291,1119.0734949916107,-1007.1575540738271,-760.589774214128,-1210.5582047538815,0.44235,934.339503028258,0.5112513460862206,-26.15253088433198,3.937433313224549,-33.869900178252095,-18.435161590411866,0.90318,1.026935457350819,0.44149,0.0749037366494361,4.365023822645301,12.834396244380965,0.90318,0.55851,0.44542,0.44149,0.03329
E4_interaction,Parallel PIAP,same_asset,0.2,18.0,1.0,0.3,0.0,0.5,100000,571.6059119989138,3.6079568880146753,910.0884982196958,1140.9361465819436,-929.7198607116404,-713.9730533344037,-1101.2803880802794,0.44163,840.4159196540717,0.6801464591891545,67.77105248985453,3.960788827805574,60.007906387355604,75.53419859235345,0.90318,1.026935457350819,0.44149,0.0749037366494361,4.365023822645301,12.834396244380965,0.90318,0.55851,0.44231,0.44149,0.02413
E4_interaction,Parallel PIAP,same_asset,0.2,12.0,1.5,0.0,0.0,0.0,100000,-146.16354544028337,2.689998260761384,-367.38747161078277,850.6521405897521,-1190.266435314048,-977.2429294063452,-1381.930518678949,0.64827,1133.9776752084815,-0.1288945528962122,325.40554701941824,2.394964884249967,320.7114158462883,330.0996781925482,0.90318,1.026935457350819,0.44149,0.0749037366494361,4.365023822645301,7.251594366571448,0.90318,0.55851,0.91996,0.79209,0.09371
E4_interaction,Parallel PIAP,same_asset,0.2,12.0,1.5,0.1,0.0,0.0,100000,-51.060861522911864,2.751254494038077,-233.17543526660148,870.0230623934469,-1091.0960982346623,-837.5301594803758,-1313.0589165054812,0.55918,1038.8749912911098,-0.049150149874580794,420.5082309367898,2.4565963591476003,415.6933020728605,425.3231598007191,0.90318,1.026935457350819,0.44149,0.0749037366494361,4.365023822645301,7.251594366571448,0.90318,0.55851,0.87266,0.77419,0.06044
E4_interaction,Parallel PIAP,same_asset,0.2,12.0,1.5,0.2,0.0,0.0,100000,44.04182239445971,2.817238794568396,-119.97372588421351,890.8891303423334,-1012.9360881170703,-790.9134386006514,-1222.1851188627227,0.55674,943.7723073737383,0.04666572864064652,515.6109148541614,2.523489059487889,510.6648762975651,520.5569534107576,0.90318,1.026935457350819,0.44149,0.0749037366494361,4.365023822645301,7.251594366571448,0.90318,0.55851,0.87266,0.7739,0.03329
E4_interaction,Parallel PIAP,same_asset,0.2,12.0,1.5,0.3,0.0,0.0,100000,139.1445063118312,2.8876270615972373,-51.600561390430556,913.1478547786605,-934.7760779994783,-713.9730533344037,-1110.251260629246,0.53169,848.6696234563667,0.16395603479377407,610.7135987715329,2.595236189930298,605.6269358392695,615.8002617037963,0.90318,1.026935457350819,0.44149,0.0749037366494361,4.365023822645301,7.251594366571448,0.90318,0.55851,0.84921,0.76591,0.02413
E4_interaction,Parallel PIAP,same_asset,0.2,12.0,1.5,0.0,0.0,0.1,100000,-197.83461155385785,2.409845246197717,-376.7008090355129,762.0599786514009,-1190.266435314048,-977.2429294063452,-1381.930518678949,0.65981,1133.9776752084815,-0.17446076398063656,273.73448090584384,2.1476708304821677,269.5250460780988,277.9439157335889,0.90318,1.026935457350819,0.44149,0.0749037366494361,4.365023822645301,7.251594366571448,0.90318,0.55851,0.92606,0.79734,0.09371
E4_interaction,Parallel PIAP,same_asset,0.2,12.0,1.5,0.1,0.0,0.1,100000,-102.73192763648633,2.4665603788841235,-247.75858146952356,779.9948783601718,-1091.0960982346623,-837.5301594803758,-1313.0589165054812,0.5604,1038.8749912911098,-0.09888767031422278,368.8371648232153,2.20335067909867,364.51859749218187,373.1557321542487,0.90318,1.026935457350819,0.44149,0.0749037366494361,4.365023822645301,7.251594366571448,0.90318,0.55851,0.92457,0.79734,0.06044
E4_interaction,Parallel PIAP,same_asset,0.2,12.0,1.5,0.2,0.0,0.1,100000,-7.629243719114773,2.5287563309522887,-119.97372588421351,799.662965337978,-1012.9360881170703,-790.9134386006514,-1222.1851188627227,0.55908,943.7723073737383,-0.008083775778868617,463.9398487405869,2.265202180966681,459.5000524658922,468.3796450152816,0.90318,1.026935457350819,0.44149,0.0749037366494361,4.365023822645301,7.251594366571448,0.90318,0.55851,0.92008,0.79209,0.03329
E4_interaction,Parallel PIAP,same_asset,0.2,12.0,1.5,0.3,0.0,0.1,100000,87.47344019825674,2.596039203589307,-51.600561390430556,820.9396778431777,-934.7760779994783,-713.9730533344037,-1110.251260629246,0.53169,848.6696234563667,0.10307125149832122,559.0425326579584,2.3327344711344415,554.4703730945349,563.6146922213819,0.90318,1.026935457350819,0.44149,0.0749037366494361,4.365023822645301,7.251594366571448,0.90318,0.55851,0.91996,0.77648,0.02413
E4_interaction,Parallel PIAP,same_asset,0.2,12.0,1.5,0.0,0.0,0.25,100000,-275.34121072421954,2.0259009717390315,-381.3612449182702,640.6461384643751,-1190.266435314048,-977.2429294063452,-1381.930518678949,0.66116,1133.9776752084815,-0.24281008060727308,196.22788173548213,1.8350654566423366,192.63115344046315,199.8246100305011,0.90318,1.026935457350819,0.44149,0.0749037366494361,4.365023822645301,7.251594366571448,0.90318,0.55851,0.96512,0.87465,0.09371
E4_interaction,Parallel PIAP,same_asset,0.2,12.0,1.5,0.1,0.0,0.25,100000,-180.238526806848,2.0726127847099494,-254.12816323287961,655.4177107267648,-1091.0960982346623,-837.5301594803758,-1313.0589165054812,0.5737,1038.8749912911098,-0.17349395097368572,291.33056565285364,1.8773951275992153,287.65087120275916,295.0102601029481,0.90318,1.026935457350819,0.44149,0.0749037366494361,4.365023822645301,7.251594366571448,0.90318,0.55851,0.96436,0.83905,0.06044
E4_interaction,Parallel PIAP,same_asset,0.2,12.0,1.5,0.2,0.0,0.25,100000,-85.13584288947645,2.126333757899766,-119.97372588421351,672.405774066831,-1012.9360881170703,-790.9134386006514,-1222.1851188627227,0.5621,943.7723073737383,-0.09020803240814128,386.4332495702252,1.9276623632513123,382.6550313382526,390.2114678021978,0.90318,1.026935457350819,0.44149,0.0749037366494361,4.365023822645301,7.251594366571448,0.90318,0.55851,0.95425,0.83699,0.03329
E4_interaction,Parallel PIAP,same_asset,0.2,12.0,1.5,0.3,0.0,0.25,100000,9.966841027895063,2.1865473311173,-51.600561390430556,691.446977809303,-934.7760779994783,-713.9730533344037,-1110.251260629246,0.53432,848.6696234563667,0.011744076555141949,481.5359334875967,1.9852643135988293,477.644815432943,485.4270515422504,0.90318,1.026935457350819,0.44149,0.0749037366494361,4.365023822645301,7.251594366571448,0.90318,0.55851,0.95257,0.82218,0.02413
E4_interaction,Parallel PIAP,same_asset,0.2,12.0,1.5,0.0,0.0,0.5,100000,-404.51887600815564,1.5617971385488714,-541.8677166775619,493.88362009479954,-1190.266435314048,-1007.5665937928686,-1381.6706087172302,0.76814,1133.9776752084815,-0.3567256083183339,67.05021645154599,1.5702945945986846,63.97243904613257,70.12799385695942,0.90318,1.026935457350819,0.44149,0.0749037366494361,4.365023822645301,7.251594366571448,0.90318,0.55851,1.0,1.0,0.09371
E4_interaction,Parallel PIAP,same_asset,0.2,12.0,1.5,0.1,0.0,0.5,100000,-309.41619209078414,1.5775923649707349,-428.72360629068925,498.8785092599156,-1091.0960982346623,-837.5301594803758,-1313.0589165054812,0.63381,1038.8749912911098,-0.2978377520727907,162.15290036891753,1.5751541857169764,159.06559816491225,165.2402025729228,0.90318,1.026935457350819,0.44149,0.0749037366494361,4.365023822645301,7.251594366571448,0.90318,0.55851,1.0,0.99937,0.06044
E4_interaction,Parallel PIAP,same_asset,0.2,12.0,1.5,0.2,0.0,0.5,100000,-214.31350817341257,1.6039038389627678,-283.81698738498284,507.19892790102625,-1012.9360881170703,-790.9134386006514,-1222.1851188627227,0.61507,943.7723073737383,-0.22708179345692903,257.2555842862891,1.5907604440419707,254.13769381596683,260.37347475661136,0.90318,1.026935457350819,0.44149,0.0749037366494361,4.365023822645301,7.251594366571448,0.90318,0.55851,1.0,0.99551,0.03329
E4_interaction,Parallel PIAP,same_asset,0.2,12.0,1.5,0.3,0.0,0.5,100000,-119.21082425604106,1.6402255533481014,-128.12063794014318,518.684862499002,-934.7760779994783,-713.9730533344037,-1110.251260629246,0.55501,848.6696234563667,-0.14046788168349017,352.35826820366054,1.6168022014045313,349.18933588890764,355.52720051841345,0.90318,1.026935457350819,0.44149,0.0749037366494361,4.365023822645301,7.251594366571448,0.90318,0.55851,1.0,0.99231,0.02413
E4_interaction,Parallel PIAP,same_asset,0.2,15.0,1.5,0.0,0.0,0.0,100000,407.4571452446485,4.5829418429848285,245.58080789599532,1449.2534607921825,-1190.266435314048,-909.8176432046507,-1381.328399037285,0.47314,1133.9776752084815,0.35931672567516604,322.0709995789015,4.047995750690414,314.1369279075483,330.0050712502547,0.90318,1.026935457350819,0.44149,0.0749037366494361,4.365023822645301,10.251594366571448,0.90318,0.55851,0.76264,0.49022,0.09357
E4_interaction,Parallel PIAP,same_asset,0.2,15.0,1.5,0.1,0.0,0.0,100000,502.55982916202004,4.658710738372454,379.7928442401766,1473.2136893141749,-1091.0960982346623,-828.1592230601304,-1313.3913383219515,0.45816,1038.8749912911098,0.48375390049330247,417.173683496273,4.109780886715518,409.1185129583106,425.2288540342354,0.90318,1.026935457350819,0.44149,0.0749037366494361,4.365023822645301,10.251594366571448,0.90318,0.55851,0.76264,0.47524,0.06044
E4_interaction,Parallel PIAP,same_asset,0.2,15.0,1.5,0.2,0.0,0.0,100000,597.6625130793916,4.73687006767797,492.9945536225646,1497.9298394138323,-1012.9360881170703,-760.589774214128,-1223.1367967649062,0.45097,943.7723073737383,0.6332698135025002,512.2763674136445,4.1747396041678755,504.09387778947547,520.4588570378136,0.90318,1.026935457350819,0.44149,0.0749037366494361,4.365023822645301,10.251594366571448,0.90318,0.55851,0.76264,0.47223,0.03329
E4_interaction,Parallel PIAP,same_asset,0.2,15.0,1.5,0.3,0.0,0.0,100000,692.765196996763,4.817303480048896,561.3677181163475,1523.3651177210013,-934.7760779994783,-713.9730533344037,-1112.2618269897866,0.44588,848.6696234563667,0.8162955028074959,607.3790513310161,4.242726137166334,599.06330810217,615.6947945598621,0.90318,1.026935457350819,0.44149,0.0749037366494361,4.365023822645301,10.251594366571448,0.90318,0.55851,0.76264,0.45617,0.02413
E4_interaction,Parallel PIAP,same_asset,0.2,15.0,1.5,0.0,0.0,0.1,100000,334.6589014413139,4.166975982521369,245.58080789599532,1317.713505998551,-1190.266435314048,-909.8176432046507,-1381.328399037285,0.47314,1133.9776752084815,0.29511947964918,249.27275577556685,3.725176699019358,241.97140944548892,256.5741021056448,0.90318,1.026935457350819,0.44149,0.0749037366494361,4.365023822645301,10.251594366571448,0.90318,0.55851,0.76264,0.49022,0.09357
E4_interaction,Parallel PIAP,same_asset,0.2,15.0,1.5,0.1,0.0,0.1,100000,429.7615853586854,4.240852674595329,379.7928442401766,1341.0753672938133,-1091.0960982346623,-828.1592230601304,-1313.3913383219515,0.45816,1038.8749912911098,0.4136797872327058,344.3754396929384,3.7817831163603346,336.96314478487216,351.7877346010047,0.90318,1.026935457350819,0.44149,0.0749037366494361,4.365023822645301,10.251594366571448,0.90318,0.55851,0.76264,0.47524,0.06044
E4_interaction,Parallel PIAP,same_asset,0.2,15.0,1.5,0.2,0.0,0.1,100000,524.864269276057,4.317417800367,492.9945536225646,1365.2873859713868,-1012.9360881170703,-760.589774214128,-1223.1367967649062,0.45097,943.7723073737383,0.5561344247709615,439.47812361031,3.8419979341548913,431.9478076593664,447.00843956125357,0.90318,1.026935457350819,0.44149,0.0749037366494361,4.365023822645301,10.251594366571448,0.90318,0.55851,0.76264,0.47223,0.03329
E4_interaction,Parallel PIAP,same_asset,0.2,15.0,1.5,0.3,0.0,0.1,100000,619.9669531934285,4.396530905705124,561.3677181163475,1390.3051465351166,-934.7760779994783,-713.9730533344037,-1112.2618269897866,0.44588,848.6696234563667,0.7305162528010564,534.5808075276815,3.905654260108522,526.9257251778688,542.2358898774942,0.90318,1.026935457350819,0.44149,0.0749037366494361,4.365023822645301,10.251594366571448,0.90318,0.55851,0.76264,0.45617,0.02413
E4_interaction,Parallel PIAP,same_asset,0.2,15.0,1.5,0.0,0.0,0.25,100000,225.46153573631204,3.572946141886367,245.58080789599532,1129.864776547206,-1190.266435314048,-909.8176432046507,-1381.328399037285,0.47314,1133.9776752084815,0.19882361061020093,140.075390070565,3.3128092520847097,133.58228393647897,146.568496204651,0.90318,1.026935457350819,0.44149,0.0749037366494361,4.365023822645301,10.251594366571448,0.90318,0.55851,0.76264,0.49022,0.09357
E4_interaction,Parallel PIAP,same_asset,0.2,15.0,1.5,0.1,0.0,0.25,100000,320.56421965368355,3.6425891674924435,379.7928442401766,1151.887834953269,-1091.0960982346623,-828.1592230601304,-1313.3913383219515,0.45816,1038.8749912911098,0.30856861734181085,235.17807398793653,3.358722433094103,228.59497801907207,241.76116995680098,0.90318,1.026935457350819,0.44149,0.0749037366494361,4.365023822645301,10.251594366571448,0.90318,0.55851,0.76264,0.47524,0.06044
E4_interaction,Parallel PIAP,same_asset,0.2,15.0,1.5,0.2,0.0,0.25,100000,415.6669035710552,3.7155201573988195,492.9945536225646,1174.9506389647588,-1012.9360881170703,-760.589774214128,-1223.1367967649062,0.45097,943.7723073737383,0.4404313416736534,330.28075790530806,3.4090248035225734,323.5990692904038,336.9624465202123,0.90318,1.026935457350819,0.44149,0.0749037366494361,4.365023822645301,10.251594366571448,0.90318,0.55851,0.76264,0.47223,0.03329
E4_interaction,Parallel PIAP,same_asset,0.2,15.0,1.5,0.3,0.0,0.25,100000,510.7695874884266,3.791549382974147,561.3677181163475,1198.9931911204349,-934.7760779994783,-713.9730533344037,-1112.2618269897866,0.44588,848.6696234563667,0.6018473777913971,425.38344182267963,3.4635251299919423,418.5949325678954,432.17195107746386,0.90318,1.026935457350819,0.44149,0.0749037366494361,4.365023822645301,10.251594366571448,0.90318,0.55851,0.76264,0.45617,0.02413
E4_interaction,Parallel PIAP,same_asset,0.2,15.0,1.5,0.0,0.0,0.5,100000,43.465926227975615,2.720487480002848,210.59670762671468,860.2936782780778,-1190.266435314048,-909.8176432046507,-1381.328399037285,0.47499,1133.9776752084815,0.038330495545235856,-41.920219437771436,2.9044208515951215,-47.612884306897875,-36.227554568645,0.90318,1.026935457350819,0.44149,0.0749037366494361,4.365023822645301,10.251594366571448,0.90318,0.55851,0.78027,0.49022,0.09357
E4_interaction,Parallel PIAP,same_asset,0.2,15.0,1.5,0.1,0.0,0.5,100000,138.56861014534715,2.7759405148222918,358.8401162738985,877.8294675978843,-1091.0960982346623,-828.1592230601304,-1313.3913383219515,0.45866,1038.8749912911098,0.1333833341903193,53.18246447960008,2.92305552935948,47.453275642055495,58.91165331714466,0.90318,1.026935457350819,0.44149,0.0749037366494361,4.365023822645301,10.251594366571448,0.90318,0.55851,0.77924,0.47524,0.06044
E4_interaction,Parallel PIAP,same_asset,0.2,15.0,1.5,0.2,0.0,0.5,100000,233.6712940627187,2.8363289374475738,492.9945536225646,896.925963577958,-1012.9360881170703,-760.589774214128,-1223.1367967649062,0.45097,943.7723073737383,0.2475928698448065,148.28514839697166,2.947366495508925,142.50831006577417,154.06198672816916,0.90318,1.026935457350819,0.44149,0.0749037366494361,4.365023822645301,10.251594366571448,0.90318,0.55851,0.76703,0.47223,0.03329
E4_interaction,Parallel PIAP,same_asset,0.2,15.0,1.5,0.3,0.0,0.5,100000,328.77397798009025,2.9013445895936165,561.3677181163475,917.485718012229,-934.7760779994783,-713.9730533344037,-1112.2618269897866,0.44588,848.6696234563667,0.3873992527752983,243.38783231434314,2.977214701120685,237.5524915001466,249.22317312853968,0.90318,1.026935457350819,0.44149,0.0749037366494361,4.365023822645301,10.251594366571448,0.90318,0.55851,0.76571,0.45617,0.02413
E4_interaction,Parallel PIAP,same_asset,0.2,18.0,1.5,0.0,0.0,0.0,100000,823.400564241592,6.046539111379927,706.112948772613,1912.0835553251109,-1190.266435314048,-909.8176432046507,-1381.4275914390284,0.44592,1133.9776752084815,0.7261170852329257,319.5657047325326,5.369486201316754,309.04151177795177,330.0898976871134,0.90318,1.026935457350819,0.44149,0.0749037366494361,4.365023822645301,13.251594366571448,0.90318,0.55851,0.44769,0.44149,0.09357
E4_interaction,Parallel PIAP,same_asset,0.2,18.0,1.5,0.1,0.0,0.0,100000,918.5032481589635,6.126706850210786,840.3249851167942,1937.4348202822148,-1091.0960982346623,-828.1592230601304,-1313.3913383219515,0.44302,1038.8749912911098,0.8841326009950929,414.66838864990416,5.430418613200096,404.024768168032,425.31200913177634,0.90318,1.026935457350819,0.44149,0.0749037366494361,4.365023822645301,13.251594366571448,0.90318,0.55851,0.44523,0.44149,0.06044
E4_interaction,Parallel PIAP,same_asset,0.2,18.0,1.5,0.2,0.0,0.0,100000,1013.605932076335,6.208587674985625,953.5266944991822,1963.3278105803784,-1012.9360881170703,-760.589774214128,-1223.1367967649062,0.44231,943.7723073737383,1.073994144728536,509.77107256727567,5.493781307045278,499.0032612054669,520.5388839290844,0.90318,1.026935457350819,0.44149,0.0749037366494361,4.365023822645301,13.251594366571448,0.90318,0.55851,0.44519,0.44149,0.03329
E4_interaction,Parallel PIAP,same_asset,0.2,18.0,1.5,0.3,0.0,0.0,100000,1108.7086159937066,6.292114707643058,1021.8998589929652,1989.7413775196537,-934.7760779994783,-713.9730533344037,-1112.2618269897866,0.44163,848.6696234563667,1.3064078003384665,604.8737564846473,5.559491188164726,593.9771537558444,615.7703592134502,0.90318,1.026935457350819,0.44149,0.0749037366494361,4.365023822645301,13.251594366571448,0.90318,0.55851,0.44231,0.44149,0.02413
E4_interaction,Parallel PIAP,same_asset,0.2,18.0,1.5,0.0,0.0,0.1,100000,734.7291591386629,5.535005553627142,706.112948772613,1750.3224411143026,-1190.266435314048,-909.8176432046507,-1381.4275914390284,0.44592,1133.9776752084815,0.6479220668992298,230.89429962960355,4.992382347727571,221.10923022805753,240.67936903114958,0.90318,1.026935457350819,0.44149,0.0749037366494361,4.365023822645301,13.251594366571448,0.90318,0.55851,0.44769,0.44149,0.09357
E4_interaction,Parallel PIAP,same_asset,0.2,18.0,1.5,0.1,0.0,0.1,100000,829.8318430560345,5.6139393058243225,840.3249851167942,1775.2834852349436,-1091.0960982346623,-828.1592230601304,-1313.3913383219515,0.44302,1038.8749912911098,0.7987793045482042,325.9969835469751,5.048373223344749,316.1021720292194,335.89179506473084,0.90318,1.026935457350819,0.44149,0.0749037366494361,4.365023822645301,13.251594366571448,0.90318,0.55851,0.44523,0.44149,0.06044
E4_interaction,Parallel PIAP,same_asset,0.2,18.0,1.5,0.2,0.0,0.1,100000,924.9345269734059,5.694775242875374,953.5266944991822,1800.8460530224752,-1012.9360881170703,-760.589774214128,-1223.1367967649062,0.44231,943.7723073737383,0.9800399097821033,421.09966746434674,5.107091675803134,411.0897677797726,431.10956714892086,0.90318,1.026935457350819,0.44149,0.0749037366494361,4.365023822645301,13.251594366571448,0.90318,0.55851,0.44519,0.44149,0.03329
E4_interaction,Parallel PIAP,same_asset,0.2,18.0,1.5,0.3,0.0,0.1,100000,1020.0372108907774,5.777433521109896,1021.8998589929652,1826.9848956913766,-934.7760779994783,-713.9730533344037,-1112.2618269897866,0.44163,848.6696234563667,1.2019249690315106,516.2023513817182,5.168444742330339,506.07219968675076,526.3325030766857,0.90318,1.026935457350819,0.44149,0.0749037366494361,4.365023822645301,13.251594366571448,0.90318,0.55851,0.44231,0.44149,0.02413
E4_interaction,Parallel PIAP,same_asset,0.2,18.0,1.5,0.0,0.0,0.25,100000,601.7220514842696,4.7980985813603985,706.112948772613,1517.2919955121583,-1190.266435314048,-909.8176432046507,-1381.4275914390284,0.44592,1133.9776752084815,0.5306295393986863,97.8871919752102,4.509392121281229,89.048783417499,106.7256005329214,0.90318,1.026935457350819,0.44149,0.0749037366494361,4.365023822645301,13.251594366571448,0.90318,0.55851,0.44769,0.44149,0.09357
E4_interaction,Parallel PIAP,same_asset,0.2,18.0,1.5,0.1,0.0,0.25,100000,696.8247354016411,4.874214574573391,840.3249851167942,1541.3619860040556,-1091.0960982346623,-828.1592230601304,-1313.3913383219515,0.44302,1038.8749912911098,0.6707493598778713,192.98987589258178,4.55554581488219,184.0610060954127,201.91874568975086,0.90318,1.026935457350819,0.44149,0.0749037366494361,4.365023822645301,13.251594366571448,0.90318,0.55851,0.44523,0.44149,0.06044
E4_interaction,Parallel PIAP,same_asset,0.2,18.0,1.5,0.2,0.0,0.25,100000,791.9274193190128,4.952606175349063,953.5266944991822,1566.1515867918301,-1012.9360881170703,-760.589774214128,-1223.1367967649062,0.44231,943.7723073737383,0.8391085573624548,288.09255980995334,4.604943053513158,279.0668714250676,297.1182481948391,0.90318,1.026935457350819,0.44149,0.0749037366494361,4.365023822645301,13.251594366571448,0.90318,0.55851,0.44519,0.44149,0.03329
E4_interaction,Parallel PIAP,same_asset,0.2,18.0,1.5,0.3,0.0,0.25,100000,887.0301032363841,5.0331670570147695,1021.8998589929652,1591.6271744293235,-934.7760779994783,-713.9730533344037,-1112.2618269897866,0.44163,848.6696234563667,1.0452007220710777,383.19524372732485,4.657480635203818,374.06658168232536,392.32390577232434,0.90318,1.026935457350819,0.44149,0.0749037366494361,4.365023822645301,13.251594366571448,0.90318,0.55851,0.44231,0.44149,0.02413
E4_interaction,Parallel PIAP,same_asset,0.2,18.0,1.5,0.0,0.0,0.5,100000,380.04353872694713,3.704432510813934,696.7996113478828,1171.4444172548363,-1190.266435314048,-909.8176432046507,-1381.4275914390284,0.44592,1133.9776752084815,0.3351419935644467,-123.79132078211214,4.009714204345798,-131.6503606226299,-115.93228094159437,0.90318,1.026935457350819,0.44149,0.0749037366494361,4.365023822645301,13.251594366571448,0.90318,0.55851,0.44769,0.44149,0.09357
E4_interaction,Parallel PIAP,same_asset,0.2,18.0,1.5,0.1,0.0,0.5,100000,475.1462226443187,3.770855880203403,840.3249851167942,1192.4493309681793,-1091.0960982346623,-828.1592230601304,-1313.3913383219515,0.44302,1038.8749912911098,0.45736611876064975,-28.688636864740634,4.031935575887622,-36.591230593480375,-20.786043136000895,0.90318,1.026935457350819,0.44149,0.0749037366494361,4.365023822645301,13.251594366571448,0.90318,0.55851,0.44523,0.44149,0.06044
E4_interaction,Parallel PIAP,same_asset,0.2,18.0,1.5,0.2,0.0,0.5,100000,570.2489065616903,3.8405742276311985,953.5266944991822,1214.4962082256568,-1012.9360881170703,-760.589774214128,-1223.1367967649062,0.44231,943.7723073737383,0.6042229699963734,66.41404705263096,4.0582414248384815,58.45989385994754,74.36820024531438,0.90318,1.026935457350819,0.44149,0.0749037366494361,4.365023822645301,13.251594366571448,0.90318,0.55851,0.44519,0.44149,0.03329
E4_interaction,Parallel PIAP,same_asset,0.2,18.0,1.5,0.3,0.0,0.5,100000,665.3515904790618,3.913411454628353,1021.8998589929652,1237.5293618018284,-934.7760779994783,-713.9730533344037,-1112.2618269897866,0.44163,848.6696234563667,0.7839936438036892,161.51673097000244,4.088552913077306,153.50316726037093,169.53029467963395,0.90318,1.026935457350819,0.44149,0.0749037366494361,4.365023822645301,13.251594366571448,0.90318,0.55851,0.44231,0.44149,0.02413
E4_interaction,Parallel PIAP,same_asset,0.415,12.0,0.0,0.0,0.0,0.0,250000,-471.76015457980884,1.1104005637818792,-559.4006505566923,555.2002818909397,-1429.7883144701884,-1148.2457813904614,-1661.186216550458,0.846624,1100.4234782191143,-0.4287078237764324,0.29904239361850843,1.2116547994336135,-2.075801013271374,2.673885800508391,0.90756,1.202861851546775,0.510932,0.17567247502487995,3.1942657363558955,6.0,0.90756,0.489068,0.969016,0.903848,0.098452
E4_interaction,Parallel PIAP,same_asset,0.415,12.0,0.0,0.1,0.0,0.0,250000,-380.0720299975537,1.1307407743270441,-512.783929676968,565.3703871635221,-1259.3378345464057,-1042.7445474273602,-1519.3137306315868,0.820336,1008.735353636859,-0.37678071718935535,91.98716697587358,1.2264672044076872,89.58329125523451,94.39104269651264,0.90756,1.202861851546775,0.510932,0.17567247502487995,3.1942657363558955,6.0,0.90756,0.489068,0.95864,0.902424,0.067216
E4_interaction,Parallel PIAP,same_asset,0.415,12.0,0.0,0.2,0.0,0.0,250000,-288.3839054152986,1.1577472297152476,-466.1672087972436,578.8736148576238,-1088.8873546226228,-937.2433134642589,-1376.1193889654985,0.79446,917.047229054604,-0.3144700690198883,183.6752915581287,1.247619700266754,181.22995694560586,186.12062617065152,0.90756,1.202861851546775,0.510932,0.17567247502487995,3.1942657363558955,6.0,0.90756,0.489068,0.954352,0.892564,0.046552
E4_interaction,Parallel PIAP,same_asset,0.415,12.0,0.0,0.3,0.0,0.0,250000,-196.69578083304359,1.1909665232952338,-419.55048791751926,595.4832616476169,-971.6190785833126,-831.7420795011576,-1232.3397456653042,0.678072,825.3591044723489,-0.2383153947987173,275.3634161403838,1.2747967257601507,272.8648145578939,277.86201772287365,0.90756,1.202861851546775,0.510932,0.17567247502487995,3.1942657363558955,6.0,0.90756,0.489068,0.953924,0.887988,0.035728
E4_interaction,Parallel PIAP,same_asset,0.415,12.0,0.0,0.0,0.0,0.1,250000,-517.4496179039716,0.9732025081372156,-559.4006505566923,486.60125406860783,-1429.7883144701884,-1148.2457813904614,-1661.186216550458,0.85134,1100.4234782191143,-0.47022771518960443,-45.390420930544195,1.1155957577641191,-47.57698861576187,-43.20385324532652,0.90756,1.202861851546775,0.510932,0.17567247502487995,3.1942657363558955,6.0,0.90756,0.489068,0.989072,0.954352,0.098452
E4_interaction,Parallel PIAP,same_asset,0.415,12.0,0.0,0.1,0.0,0.1,250000,-425.7614933217165,0.9848852020286639,-512.783929676968,492.44260101433196,-1259.3378345464057,-1042.7445474273602,-1519.3137306315868,0.846624,1008.735353636859,-0.4220745231013179,46.29770365171087,1.1215876238128983,44.099391909037585,48.49601539438415,0.90756,1.202861851546775,0.510932,0.17567247502487995,3.1942657363558955,6.0,0.90756,0.489068,0.984576,0.924228,0.067216
E4_interaction,Parallel PIAP,same_asset,0.415,12.0,0.0,0.2,0.0,0.1,250000,-334.07336873946133,1.0045363423064972,-466.1672087972436,502.2681711532486,-1088.8873546226228,-937.2433134642589,-1376.1193889654985,0.817084,917.047229054604,-0.3642924357166009,137.985828233966,1.1347168649263246,135.7617831787104,140.2098732892216,0.90756,1.202861851546775,0.510932,0.17567247502487995,3.1942657363558955,6.0,0.90756,0.489068,0.984576,0.924228,0.046552
E4_interaction,Parallel PIAP,same_asset,0.415,12.0,0.0,0.3,0.0,0.1,250000,-242.38524415720627,1.0317006965990618,-419.55048791751926,515.8503482995309,-971.6190785833126,-831.7420795011576,-1232.3397456653042,0.695736,825.3591044723489,-0.29367246674059877,229.67395281622106,1.154740053741616,227.4106623108875,231.93724332155463,0.90756,1.202861851546775,0.510932,0.17567247502487995,3.1942657363558955,6.0,0.90756,0.489068,0.979276,0.903848,0.035728
E4_interaction,Parallel PIAP,same_asset,0.415,12.0,0.0,0.0,0.0,0.25,250000,-585.9838128902155,0.8098628841770842,-559.4006505566923,404.9314420885421,-1429.7883144701884,-1148.2457813904614,-1661.186216550458,0.973512,1100.4234782191143,-0.5325075523093624,-113.92461591678826,1.02312165063318,-115.92993435202929,-111.91929748154722,0.90756,1.202861851546775,0.510932,0.17567247502487995,3.1942657363558955,6.0,0.90756,0.489068,1.0,0.989072,0.098452
E4_interaction,Parallel PIAP,same_asset,0.415,12.0,0.0,0.1,0.0,0.25,250000,-494.2956883079605,0.8029254694402838,-512.783929676968,401.4627347201419,-1259.3378345464057,-1042.7445474273602,-1519.3137306315868,0.89964,1008.735353636859,-0.4900152319692615,-22.236491334533174,1.0129750708290541,-24.22192247335812,-20.251060195708227,0.90756,1.202861851546775,0.510932,0.17567247502487995,3.1942657363558955,6.0,0.90756,0.489068,1.0,0.989072,0.067216
E4_interaction,Parallel PIAP,same_asset,0.415,12.0,0.0,0.2,0.0,0.25,250000,-402.6075637257054,0.8060517292911008,-466.1672087972436,403.0258646455504,-1088.8873546226228,-937.2433134642589,-1376.1193889654985,0.864832,917.047229054604,-0.4390259857616699,69.45163324772194,1.0107807570175102,67.47050296396762,71.43276353147627,0.90756,1.202861851546775,0.510932,0.17567247502487995,3.1942657363558955,6.0,0.90756,0.489068,1.0,0.984576,0.046552
E4_interaction,Parallel PIAP,same_asset,0.415,12.0,0.0,0.3,0.0,0.25,250000,-310.91943914345035,0.8191264454401699,-419.55048791751926,409.5632227200849,-971.6190785833126,-831.7420795011576,-1232.3397456653042,0.72822,825.3591044723489,-0.37670807465342104,161.13975782997701,1.0165902054916987,159.14724102721328,163.13227463274075,0.90756,1.202861851546775,0.510932,0.17567247502487995,3.1942657363558955,6.0,0.90756,0.489068,1.0,0.969016,0.035728
E4_interaction,Parallel PIAP,same_asset,0.415,12.0,0.0,0.0,0.0,0.5,250000,-700.2074712006223,0.7329941239266978,-559.4006505566923,366.4970619633489,-1442.6683468073456,-1148.2457813904614,-1651.010603965361,1.0,1100.4234782191143,-0.6363072808422925,-228.14827422719503,1.0411351912317381,-230.18889920200922,-226.10764925238084,0.90756,1.202861851546775,0.510932,0.17567247502487995,3.1942657363558955,6.0,0.90756,0.489068,1.0,1.0,0.098716
E4_interaction,Parallel PIAP,same_asset,0.415,12.0,0.0,0.1,0.0,0.5,250000,-608.5193466183673,0.6850678328815395,-512.783929676968,342.53391644076976,-1307.724856302556,-1070.035845375231,-1507.8895835275296,1.0,1008.735353636859,-0.6032497467491676,-136.46014964493992,1.0032592886076754,-138.42653785061097,-134.49376143926887,0.90756,1.202861851546775,0.510932,0.17567247502487995,3.1942657363558955,6.0,0.90756,0.489068,1.0,1.0,0.067216
E4_interaction,Parallel PIAP,same_asset,0.415,12.0,0.0,0.2,0.0,0.5,250000,-516.8312220361122,0.6461997741379597,-466.1672087972436,323.09988706897985,-1172.7813657977663,-937.2433134642589,-1375.9273001800766,1.0,917.047229054604,-0.5635819025034515,-44.772025062684804,0.9722728919614132,-46.67767993092917,-42.866370194440435,0.90756,1.202861851546775,0.510932,0.17567247502487995,3.1942657363558955,6.0,0.90756,0.489068,1.0,1.0,0.046552
E4_interaction,Parallel PIAP,same_asset,0.415,12.0,0.0,0.3,0.0,0.5,250000,-425.14309745385714,0.6181011430598476,-419.55048791751926,309.05057152992384,-998.9452385571045,-831.7420795011576,-1233.7006018684926,0.901276,825.3591044723489,-0.5151007545081248,46.91609951957026,0.9488512081551247,45.05635115158621,48.775847887554306,0.90756,1.202861851546775,0.510932,0.17567247502487995,3.1942657363558955,6.0,0.90756,0.489068,1.0,1.0,0.035728
E4_interaction,Parallel PIAP,same_asset,0.415,15.0,0.0,0.0,0.0,0.0,250000,84.54533716936272,2.4467014469603563,-559.4006505566923,1223.3507234801782,-1178.5694457769846,-884.1468803601001,-1596.5720446909634,0.5761,1100.4234782191143,0.07682981946749069,0.38485795274946233,2.6065934572858205,-4.724065223530745,5.493781129029671,0.90756,1.202861851546775,0.510932,0.17567247502487995,3.1942657363558955,9.0,0.90756,0.489068,0.75816,0.639492,0.094716
E4_interaction,Parallel PIAP,same_asset,0.415,15.0,0.0,0.1,0.0,0.0,250000,176.2334617516178,2.4953380372440046,-512.783929676968,1247.6690186220023,-1072.1868039690485,-837.5301594803758,-1402.7453802225693,0.5761,1008.735353636859,0.17470733142863673,92.07298253500453,2.6417844849832846,86.89508494443729,97.25088012557177,0.90756,1.202861851546775,0.510932,0.17567247502487995,3.1942657363558955,9.0,0.90756,0.489068,0.75816,0.639492,0.067216
E4_interaction,Parallel PIAP,same_asset,0.415,15.0,0.0,0.2,0.0,0.0,250000,267.9215863338729,2.546231437278359,-466.1672087972436,1273.1157186391795,-996.1278265476358,-760.589774214128,-1285.938519142219,0.542636,917.047229054604,0.29215680266552546,183.76110711725963,2.679540957167952,178.50920684121044,189.0130073933088,0.90756,1.202861851546775,0.510932,0.17567247502487995,3.1942657363558955,9.0,0.90756,0.489068,0.75816,0.603224,0.046552
E4_interaction,Parallel PIAP,same_asset,0.415,15.0,0.0,0.3,0.0,0.0,250000,359.609710916128,2.5992490851708445,-419.55048791751926,1299.6245425854222,-920.068849126223,-713.9730533344037,-1163.60861767518,0.536212,825.3591044723489,0.4357009076019414,275.44923169951477,2.719756033119826,270.1185098745999,280.77995352442963,0.90756,1.202861851546775,0.510932,0.17567247502487995,3.1942657363558955,9.0,0.90756,0.489068,0.75816,0.5792,0.035728
E4_interaction,Parallel PIAP,same_asset,0.415,15.0,0.0,0.0,0.0,0.1,250000,13.203641722464967,2.1795065544692958,-559.4006505566923,1089.7532772346478,-1178.5694457769846,-884.1468803601001,-1596.5720446909634,0.57664,1100.4234782191143,0.011998691398181785,-70.95683749414829,2.4133619099474326,-75.68702683764526,-66.22664815065131,0.90756,1.202861851546775,0.510932,0.17567247502487995,3.1942657363558955,9.0,0.90756,0.489068,0.76244,0.639492,0.094716
E4_interaction,Parallel PIAP,same_asset,0.415,15.0,0.0,0.1,0.0,0.1,250000,104.89176630472005,2.226017296880393,-512.783929676968,1113.0086484401963,-1072.1868039690485,-837.5301594803758,-1402.7453802225693,0.5761,1008.735353636859,0.1039834342343083,20.73128708810678,2.444085055270271,15.940880379777049,25.52169379643651,0.90756,1.202861851546775,0.510932,0.17567247502487995,3.1942657363558955,9.0,0.90756,0.489068,0.75816,0.639492,0.067216
E4_interaction,Parallel PIAP,same_asset,0.415,15.0,0.0,0.2,0.0,0.1,250000,196.57989088697514,2.2751430402407133,-466.1672087972436,1137.5715201203566,-996.1278265476358,-760.589774214128,-1285.938519142219,0.542636,917.047229054604,0.214361795836439,112.4194116703619,2.477701852304841,107.5631160398444,117.27570730087939,0.90756,1.202861851546775,0.510932,0.17567247502487995,3.1942657363558955,9.0,0.90756,0.489068,0.75816,0.603224,0.046552
E4_interaction,Parallel PIAP,same_asset,0.415,15.0,0.0,0.3,0.0,0.1,250000,288.2680154692303,2.3267181530236583,-419.55048791751926,1163.359076511829,-920.068849126223,-713.9730533344037,-1163.60861767518,0.536212,825.3591044723489,0.34926374944821104,204.107536252617,2.51409622786066,199.1799076460101,209.0351648592239,0.90756,1.202861851546775,0.510932,0.17567247502487995,3.1942657363558955,9.0,0.90756,0.489068,0.75816,0.5792,0.035728
E4_interaction,Parallel PIAP,same_asset,0.415,15.0,0.0,0.0,0.0,0.25,250000,-93.80890144788164,1.797629965487099,-559.4006505566923,898.8149827435495,-1178.5694457769846,-884.1468803601001,-1596.5720446909634,0.58038,1100.4234782191143,-0.08524800070578155,-177.9693806644949,2.169024778519689,-182.2206692303935,-173.71809209859632,0.90756,1.202861851546775,0.510932,0.17567247502487995,3.1942657363558955,9.0,0.90756,0.489068,0.794256,0.639492,0.094716
E4_interaction,Parallel PIAP,same_asset,0.415,15.0,0.0,0.1,0.0,0.25,250000,-2.120776865626578,1.8393444568837651,-512.783929676968,919.6722284418826,-1072.1868039690485,-837.5301594803758,-1402.7453802225693,0.58038,1008.735353636859,-0.0021024115571843536,-86.28125608223986,2.191053374990797,-90.57572069722183,-81.9867914672579,0.90756,1.202861851546775,0.510932,0.17567247502487995,3.1942657363558955,9.0,0.90756,0.489068,0.773556,0.639492,0.067216
E4_interaction,Parallel PIAP,same_asset,0.415,15.0,0.0,0.2,0.0,0.25,250000,89.5673477166285,1.8844418886847947,-466.1672087972436,942.2209443423974,-996.1278265476358,-760.589774214128,-1285.938519142219,0.542636,917.047229054604,0.09766928559280927,5.406868500015262,2.2165242964591516,1.0624808789553253,9.7512561210752,0.90756,1.202861851546775,0.510932,0.17567247502487995,3.1942657363558955,9.0,0.90756,0.489068,0.764988,0.603224,0.046552
E4_interaction,Parallel PIAP,same_asset,0.415,15.0,0.0,0.3,0.0,0.25,250000,181.2554722988836,1.9326854620190528,-419.55048791751926,966.3427310095263,-920.068849126223,-713.9730533344037,-1163.60861767518,0.536212,825.3591044723489,0.21960801221761528,97.09499308227035,2.24532039674473,92.69416510465068,101.49582105989002,0.90756,1.202861851546775,0.510932,0.17567247502487995,3.1942657363558955,9.0,0.90756,0.489068,0.76244,0.5792,0.035728
E4_interaction,Parallel PIAP,same_asset,0.415,15.0,0.0,0.0,0.0,0.5,250000,-272.1631400651261,1.2627392192377775,-559.4006505566923,631.3696096188887,-1178.5694457769846,-884.1468803601001,-1596.5720446909634,0.616772,1100.4234782191143,-0.24732582087905386,-356.3236192817393,1.932076305124712,-360.1104888397837,-352.53674972369487,0.90756,1.202861851546775,0.510932,0.17567247502487995,3.1942657363558955,9.0,0.90756,0.489068,0.924228,0.654888,0.094716
E4_interaction,Parallel PIAP,same_asset,0.415,15.0,0.0,0.1,0.0,0.5,250000,-180.475015482871,1.2874686259269166,-512.783929676968,643.7343129634583,-1072.1868039690485,-837.5301594803758,-1402.7453802225693,0.596072,1008.735353636859,-0.17891215454300546,-264.63549469948424,1.9339896172791524,-268.4261143493514,-260.8448750496171,0.90756,1.202861851546775,0.510932,0.17567247502487995,3.1942657363558955,9.0,0.90756,0.489068,0.903848,0.653588,0.067216
E4_interaction,Parallel PIAP,same_asset,0.415,15.0,0.0,0.2,0.0,0.5,250000,-88.78689090061589,1.3178995607405186,-466.1672087972436,658.9497803702593,-996.1278265476358,-760.589774214128,-1285.938519142219,0.549464,917.047229054604,-0.09681823147990694,-172.94737011722913,1.940085434503276,-176.74993756885556,-169.1448026656027,0.90756,1.202861851546775,0.510932,0.17567247502487995,3.1942657363558955,9.0,0.90756,0.489068,0.902424,0.607504,0.046552
E4_interaction,Parallel PIAP,same_asset,0.415,15.0,0.0,0.3,0.0,0.5,250000,2.9012336816392073,1.3536475553713978,-419.55048791751926,676.8237776856989,-920.068849126223,-713.9730533344037,-1163.60861767518,0.540492,825.3591044723489,0.0035151168332891443,-81.25924553497404,1.9503245394315705,-85.08188163225992,-77.43660943768816,0.90756,1.202861851546775,0.510932,0.17567247502487995,3.1942657363558955,9.0,0.90756,0.489068,0.892564,0.579296,0.035728
E4_interaction,Parallel PIAP,same_asset,0.415,18.0,0.0,0.0,0.0,0.0,250000,502.5058869433458,3.5240392256878503,-559.4006505566923,1762.0196128439252,-1178.5694457769846,-884.1468803601001,-1596.8379242370238,0.541844,1100.4234782191143,0.45664773324955155,0.44933245247218084,3.7236304706291445,-6.848983269960942,7.747648174905303,0.90756,1.202861851546775,0.510932,0.17567247502487995,3.1942657363558955,12.0,0.90756,0.489068,0.548588,0.510932,0.094716
E4_interaction,Parallel PIAP,same_asset,0.415,18.0,0.0,0.1,0.0,0.0,250000,594.1940115256009,3.578485225073206,-512.783929676968,1789.242612536603,-1072.1868039690485,-807.2064950938525,-1402.7453802225693,0.523688,1008.735353636859,0.5890484648756631,92.13745703472725,3.763210208388324,84.76156502628614,99.51334904316836,0.90756,1.202861851546775,0.510932,0.17567247502487995,3.1942657363558955,12.0,0.90756,0.489068,0.541844,0.510932,0.067216
E4_interaction,Parallel PIAP,same_asset,0.415,18.0,0.0,0.2,0.0,0.0,250000,685.882136107856,3.634347150515047,-466.1672087972436,1817.1735752575235,-996.1278265476358,-760.589774214128,-1285.938519142219,0.515372,917.047229054604,0.7479245499873991,183.8255816169824,3.8045100769675138,176.36874186612607,191.2824213678387,0.90756,1.202861851546775,0.510932,0.17567247502487995,3.1942657363558955,12.0,0.90756,0.489068,0.537068,0.510932,0.046552
E4_interaction,Parallel PIAP,same_asset,0.415,18.0,0.0,0.3,0.0,0.0,250000,777.5702606901109,3.6915607237800447,-419.55048791751926,1845.7803618900223,-920.068849126223,-713.9730533344037,-1163.60861767518,0.512224,825.3591044723489,0.9420993316445097,275.51370619923745,3.847474683670526,267.97265581924324,283.05475657923165,0.90756,1.202861851546775,0.510932,0.17567247502487995,3.1942657363558955,12.0,0.90756,0.489068,0.523688,0.510932,0.035728
E4_interaction,Parallel PIAP,same_asset,0.415,18.0,0.0,0.0,0.0,0.1,250000,411.89128982647424,3.1772933927896605,-559.4006505566923,1588.6466963948303,-1178.5694457769846,-884.1468803601001,-1596.8379242370238,0.541844,1100.4234782191143,0.37430252805316755,-90.16526466439936,3.469986087815091,-96.96643739651694,-83.36409193228178,0.90756,1.202861851546775,0.510932,0.17567247502487995,3.1942657363558955,12.0,0.90756,0.489068,0.548588,0.510932,0.094716
E4_interaction,Parallel PIAP,same_asset,0.415,18.0,0.0,0.1,0.0,0.1,250000,503.5794144087293,3.2306126592868765,-512.783929676968,1615.3063296434382,-1072.1868039690485,-807.2064950938525,-1402.7453802225693,0.523688,1008.735353636859,0.49921856371261475,1.5228599178557147,3.5060079077135198,-5.348915581262784,8.394635416974214,0.90756,1.202861851546775,0.510932,0.17567247502487995,3.1942657363558955,12.0,0.90756,0.489068,0.541844,0.510932,0.067216
E4_interaction,Parallel PIAP,same_asset,0.415,18.0,0.0,0.2,0.0,0.1,250000,595.2675389909845,3.2855352177892434,-466.1672087972436,1642.7676088946216,-996.1278265476358,-760.589774214128,-1285.938519142219,0.515372,917.047229054604,0.6491132846065666,93.21098450011084,3.5439523290781123,86.26483793511774,100.15713106510394,0.90756,1.202861851546775,0.510932,0.17567247502487995,3.1942657363558955,12.0,0.90756,0.489068,0.537068,0.510932,0.046552
E4_interaction,Parallel PIAP,same_asset,0.415,18.0,0.0,0.3,0.0,0.1,250000,686.9556635732395,3.3419820231161026,-419.55048791751926,1670.9910115580512,-920.068849126223,-713.9730533344037,-1163.60861767518,0.512224,825.3591044723489,0.8323112447065201,184.89910908236592,3.5837582835782364,177.87494284655259,191.92327531817926,0.90756,1.202861851546775,0.510932,0.17567247502487995,3.1942657363558955,12.0,0.90756,0.489068,0.523688,0.510932,0.035728
E4_interaction,Parallel PIAP,same_asset,0.415,18.0,0.0,0.0,0.0,0.25,250000,275.969394151167,2.6740896421078926,-559.4006505566923,1337.0448210539462,-1178.5694457769846,-884.1468803601001,-1596.8379242370238,0.541844,1100.4234782191143,0.25078472025859166,-226.08716033970654,3.137662131591855,-232.2369781176266,-219.9373425617865,0.90756,1.202861851546775,0.510932,0.17567247502487995,3.1942657363558955,12.0,0.90756,0.489068,0.548588,0.510932,0.094716
E4_interaction,Parallel PIAP,same_asset,0.415,18.0,0.0,0.1,0.0,0.25,250000,367.6575187334221,2.724859900509984,-512.783929676968,1362.4299502549918,-1072.1868039690485,-807.2064950938525,-1402.7453802225693,0.523688,1008.735353636859,0.3644737119680425,-134.3990357574515,3.1668048351996316,-140.60597323444276,-128.19209828046021,0.90756,1.202861851546775,0.510932,0.17567247502487995,3.1942657363558955,12.0,0.90756,0.489068,0.541844,0.510932,0.067216
E4_interaction,Parallel PIAP,same_asset,0.415,18.0,0.0,0.2,0.0,0.25,250000,459.3456433156772,2.777622401136418,-466.1672087972436,1388.811200568209,-996.1278265476358,-760.589774214128,-1285.938519142219,0.515372,917.047229054604,0.500896386535318,-42.71091117519635,3.1982183694943327,-48.97941917940524,-36.44240317098746,0.90756,1.202861851546775,0.510932,0.17567247502487995,3.1942657363558955,12.0,0.90756,0.489068,0.537068,0.510932,0.046552
E4_interaction,Parallel PIAP,same_asset,0.415,18.0,0.0,0.3,0.0,0.25,250000,551.0337678979323,2.832265805268178,-419.55048791751926,1416.132902634089,-920.068849126223,-713.9730533344037,-1163.60861767518,0.512224,825.3591044723489,0.6676291142995358,48.97721340705871,3.2318365175558013,42.642813832649345,55.31161298146808,0.90756,1.202861851546775,0.510932,0.17567247502487995,3.1942657363558955,12.0,0.90756,0.489068,0.523688,0.510932,0.035728
E4_interaction,Parallel PIAP,same_asset,0.415,18.0,0.0,0.0,0.0,0.5,250000,49.43290135898832,1.919937811326026,-559.4006505566923,959.968905663013,-1178.5694457769846,-884.1468803601001,-1596.8379242370238,0.542108,1100.4234782191143,0.04492170726763186,-452.6236531318853,2.761870065325636,-458.0369184599235,-447.2103878038471,0.90756,1.202861851546775,0.510932,0.17567247502487995,3.1942657363558955,12.0,0.90756,0.489068,0.548588,0.510932,0.094716
E4_interaction,Parallel PIAP,same_asset,0.415,18.0,0.0,0.1,0.0,0.5,250000,141.12102594124337,1.9615476757488943,-512.783929676968,980.7738378744472,-1072.1868039690485,-807.2064950938525,-1402.7453802225693,0.523688,1008.735353636859,0.13989895906042213,-360.93552854963025,2.774717551654224,-366.37397495087254,-355.49708214838796,0.90756,1.202861851546775,0.510932,0.17567247502487995,3.1942657363558955,12.0,0.90756,0.489068,0.541844,0.510932,0.067216
E4_interaction,Parallel PIAP,same_asset,0.415,18.0,0.0,0.2,0.0,0.5,250000,232.80915052349852,2.0063389622946084,-466.1672087972436,1003.1694811473042,-996.1278265476358,-760.589774214128,-1285.938519142219,0.515372,917.047229054604,0.253868223083237,-269.247403967375,2.7904134796985174,-274.7166143875841,-263.7781935471659,0.90756,1.202861851546775,0.510932,0.17567247502487995,3.1942657363558955,12.0,0.90756,0.489068,0.537068,0.510932,0.046552
E4_interaction,Parallel PIAP,same_asset,0.415,18.0,0.0,0.3,0.0,0.5,250000,324.4972751057536,2.054103561536254,-419.55048791751926,1027.051780768127,-920.068849126223,-713.9730533344037,-1163.60861767518,0.512224,825.3591044723489,0.39315889695456174,-177.55927938512002,2.8089100993832754,-183.06474317991123,-172.0538155903288,0.90756,1.202861851546775,0.510932,0.17567247502487995,3.1942657363558955,12.0,0.90756,0.489068,0.523688,0.510932,0.035728
E4_interaction,Parallel PIAP,same_asset,0.415,12.0,0.5,0.0,0.0,0.0,250000,-367.4288335405729,1.3596235849693488,-559.4006505566923,679.8117924846744,-1428.0898767027502,-1155.0320722624815,-1676.0682123897952,0.798576,1111.4644793348994,-0.3305808151066082,104.63036343285438,1.4018615915445118,101.88271471342713,107.37801215228163,0.90756,1.202861851546775,0.510932,0.17567247502487995,3.1942657363558955,6.416446295561726,0.90756,0.489068,0.939324,0.888712,0.095348
E4_interaction,Parallel PIAP,same_asset,0.415,12.0,0.5,0.1,0.0,0.0,250000,-274.63660884673936,1.3913361626613203,-512.783929676968,695.6680813306601,-1257.809240555711,-1054.9598709969964,-1530.5918969103413,0.684184,1018.6722546410658,-0.26960252190584,197.422588126688,1.429233139513938,194.62129117324068,200.22388508013532,0.90756,1.202861851546775,0.510932,0.17567247502487995,3.1942657363558955,6.416446295561726,0.90756,0.489068,0.939324,0.849752,0.067216
E4_interaction,Parallel PIAP,same_asset,0.415,12.0,0.5,0.2,0.0,0.0,250000,-181.84438415290575,1.4283141313047867,-466.1672087972436,714.1570656523934,-1087.5286044086722,-948.101378859491,-1385.1155814308875,0.68218,925.8800299472323,-0.19640167005575163,290.2148128205217,1.461924665553468,287.3494404760369,293.08018516500647,0.90756,1.202861851546775,0.510932,0.17567247502487995,3.1942657363558955,6.416446295561726,0.90756,0.489068,0.913984,0.849752,0.046552
E4_interaction,Parallel PIAP,same_asset,0.415,12.0,0.5,0.3,0.0,0.0,250000,-89.05215945907214,1.4701602338766904,-419.55048791751926,735.0801169383452,-945.1414225060493,-841.2428867219858,-1228.302405441107,0.667484,833.0878052533986,-0.10689408595050233,383.0070375143552,1.4995882781130185,380.0678444892537,385.94623053945674,0.90756,1.202861851546775,0.510932,0.17567247502487995,3.1942657363558955,6.416446295561726,0.90756,0.489068,0.91212,0.831496,0.035728
E4_interaction,Parallel PIAP,same_asset,0.415,12.0,0.5,0.0,0.0,0.1,250000,-418.65069327205504,1.1894023569190708,-559.4006505566923,594.7011784595354,-1428.0898767027502,-1155.0320722624815,-1676.0682123897952,0.816552,1111.4644793348994,-0.37666583238231394,53.408503701372304,1.2653998336584729,50.928320027401696,55.88868737534291,0.90756,1.202861851546775,0.510932,0.17567247502487995,3.1942657363558955,6.416446295561726,0.90756,0.489068,0.965548,0.898608,0.095348
E4_interaction,Parallel PIAP,same_asset,0.415,12.0,0.5,0.1,0.0,0.1,250000,-325.85846857822145,1.214720074293566,-512.783929676968,607.360037146783,-1257.809240555711,-1054.9598709969964,-1530.5918969103413,0.700032,1018.6722546410658,-0.3198854853399726,146.20072839520589,1.285439633659609,143.68126671323304,148.72019007717873,0.90756,1.202861851546775,0.510932,0.17567247502487995,3.1942657363558955,6.416446295561726,0.90756,0.489068,0.95718,0.893948,0.067216
E4_interaction,Parallel PIAP,same_asset,0.415,12.0,0.5,0.2,0.0,0.1,250000,-233.0662438843878,1.24636939410854,-466.1672087972436,623.18469705427,-1087.5286044086722,-948.101378859491,-1385.1155814308875,0.683188,925.8800299472323,-0.251724020765056,238.99295308903953,1.3116776585634917,236.4220648782551,241.56384129982396,0.90756,1.202861851546775,0.510932,0.17567247502487995,3.1942657363558955,6.416446295561726,0.90756,0.489068,0.953924,0.8903,0.046552
E4_interaction,Parallel PIAP,same_asset,0.415,12.0,0.5,0.3,0.0,0.1,250000,-140.2740191905542,1.2838821556828373,-419.55048791751926,641.9410778414186,-945.1414225060493,-841.2428867219858,-1228.302405441107,0.673528,833.0878052533986,-0.16837843298869,331.7851777828731,1.343750878547752,329.1514260609195,334.41892950482674,0.90756,1.202861851546775,0.510932,0.17567247502487995,3.1942657363558955,6.416446295561726,0.90756,0.489068,0.953924,0.849752,0.035728
E4_interaction,Parallel PIAP,same_asset,0.415,12.0,0.5,0.0,0.0,0.25,250000,-495.48348286927813,0.968725034733067,-559.4006505566923,484.3625173665335,-1428.0898767027502,-1155.0320722624815,-1676.0682123897952,0.861476,1111.4644793348994,-0.44579335829587247,-23.424285895850822,1.1089930929902123,-25.59791235811164,-21.250659433590005,0.90756,1.202861851546775,0.510932,0.17567247502487995,3.1942657363558955,6.416446295561726,0.90756,0.489068,0.99686,0.965548,0.095348
E4_interaction,Parallel PIAP,same_asset,0.415,12.0,0.5,0.1,0.0,0.25,250000,-402.69125817544455,0.9796608527700094,-512.783929676968,489.83042638500467,-1257.809240555711,-1054.9598709969964,-1530.5918969103413,0.748172,1018.6722546410658,-0.39530993049117136,69.36793879798277,1.1141922160670523,67.18412205449135,71.5517555414742,0.90756,1.202861851546775,0.510932,0.17567247502487995,3.1942657363558955,6.416446295561726,0.90756,0.489068,0.995408,0.942736,0.067216
E4_interaction,Parallel PIAP,same_asset,0.415,12.0,0.5,0.2,0.0,0.25,250000,-309.8990334816109,0.999033280433209,-466.1672087972436,499.5166402166045,-1087.5286044086722,-948.101378859491,-1385.1155814308875,0.717828,925.8800299472323,-0.33470754682901266,162.1601634918164,1.1269462382121065,159.95134886492067,164.36897811871214,0.90756,1.202861851546775,0.510932,0.17567247502487995,3.1942657363558955,6.416446295561726,0.90756,0.489068,0.988452,0.939324,0.046552
E4_interaction,Parallel PIAP,same_asset,0.415,12.0,0.5,0.3,0.0,0.25,250000,-217.10680878777737,1.0263647109131395,-419.55048791751926,513.1823554565698,-945.1414225060493,-841.2428867219858,-1228.302405441107,0.691344,833.0878052533986,-0.2606049535459716,254.95238818565,1.1470031685780224,252.70426197523707,257.20051439606294,0.90756,1.202861851546775,0.510932,0.17567247502487995,3.1942657363558955,6.416446295561726,0.90756,0.489068,0.985328,0.914532,0.035728
E4_interaction,Parallel PIAP,same_asset,0.415,12.0,0.5,0.0,0.0,0.5,250000,-623.5381321979834,0.7811993843315855,-559.4006505566923,390.59969216579276,-1456.2409285513863,-1161.8183631345016,-1675.135633001344,1.0,1111.4644793348994,-0.5610059014851367,-151.47893522455604,1.0375489500741988,-153.51253116670148,-149.4453392824106,0.90756,1.202861851546775,0.510932,0.17567247502487995,3.1942657363558955,6.416446295561726,0.90756,0.489068,1.0,1.0,0.095348
E4_interaction,Parallel PIAP,same_asset,0.415,12.0,0.5,0.1,0.0,0.5,250000,-530.7459075041498,0.7520949676861195,-512.783929676968,376.04748384305975,-1281.0881314905314,-1054.9598709969964,-1530.5971579142144,0.901276,1018.6722546410658,-0.5210173390765028,-58.686710530722436,1.0110062347244655,-60.66828275078239,-56.705138310662484,0.90756,1.202861851546775,0.510932,0.17567247502487995,3.1942657363558955,6.416446295561726,0.90756,0.489068,1.0,1.0,0.067216
E4_interaction,Parallel PIAP,same_asset,0.415,12.0,0.5,0.2,0.0,0.5,250000,-437.95368281031614,0.7335162698871232,-466.1672087972436,366.7581349435616,-1087.5286044086722,-948.101378859491,-1384.6586815980893,0.86304,925.8800299472323,-0.4730134236022738,34.1055141631112,0.992362990510532,32.160482701710556,36.05054562451185,0.90756,1.202861851546775,0.510932,0.17567247502487995,3.1942657363558955,6.416446295561726,0.90756,0.489068,1.0,1.0,0.046552
E4_interaction,Parallel PIAP,same_asset,0.415,12.0,0.5,0.3,0.0,0.5,250000,-345.16145811648255,0.7262715135478256,-419.55048791751926,363.1357567739128,-945.1414225060493,-841.2428867219858,-1228.302405441107,0.8227,833.0878052533986,-0.4143158211414408,126.89773885694477,0.9820692025768186,124.9728832198942,128.82259449399533,0.90756,1.202861851546775,0.510932,0.17567247502487995,3.1942657363558955,6.416446295561726,0.90756,0.489068,1.0,1.0,0.035728
E4_interaction,Parallel PIAP,same_asset,0.415,15.0,0.5,0.0,0.0,0.0,250000,188.87665820859863,2.730338083383719,-559.4006505566923,1365.1690416918595,-1193.6220906520296,-892.4132343631248,-1631.8883711438768,0.5761,1111.4644793348994,0.16993494773816117,104.71617899198539,2.819201027629572,99.19054497783142,110.24181300613935,0.90756,1.202861851546775,0.510932,0.17567247502487995,3.1942657363558955,9.416446295561727,0.90756,0.489068,0.75816,0.586388,0.094716
E4_interaction,Parallel PIAP,same_asset,0.415,15.0,0.5,0.1,0.0,0.0,250000,281.6688829024322,2.7823955086060956,-512.783929676968,1391.1977543030478,-1083.5832257627715,-812.4952551027573,-1481.943144484946,0.547688,1018.6722546410658,0.2765058944318451,197.50840368581893,2.8596771061249098,191.9034365578141,203.11337081382376,0.90756,1.202861851546775,0.510932,0.17567247502487995,3.1942657363558955,9.416446295561727,0.90756,0.489068,0.75816,0.586388,0.067216
E4_interaction,Parallel PIAP,same_asset,0.415,15.0,0.5,0.2,0.0,0.0,250000,374.4611075962658,2.836499321078513,-466.1672087972436,1418.2496605392564,-1001.5568592452519,-760.589774214128,-1300.016787229415,0.537312,925.8800299472323,0.40443804325016824,290.30062837965255,2.9025224863614465,284.6116843063841,295.989572452921,0.90756,1.202861851546775,0.510932,0.17567247502487995,3.1942657363558955,9.416446295561727,0.90756,0.489068,0.75816,0.570268,0.046552
E4_interaction,Parallel PIAP,same_asset,0.415,15.0,0.5,0.3,0.0,0.0,250000,467.2533322900994,2.8925346922859805,-419.55048791751926,1446.2673461429902,-924.819252736637,-713.9730533344037,-1175.9271022514763,0.52674,833.0878052533986,0.5608692497280955,383.0928530734862,2.947633853076791,377.31549072145566,388.87021542551673,0.90756,1.202861851546775,0.510932,0.17567247502487995,3.1942657363558955,9.416446295561727,0.90756,0.489068,0.75816,0.549288,0.035728
E4_interaction,Parallel PIAP,same_asset,0.415,15.0,0.5,0.0,0.0,0.1,250000,112.0025663543815,2.4396832189808473,-559.4006505566923,1219.8416094904237,-1193.6220906520296,-892.4132343631248,-1631.8883711438768,0.5761,1111.4644793348994,0.10077026161142268,27.84208713776824,2.5946285030715464,22.756615271748007,32.92755900378847,0.90756,1.202861851546775,0.510932,0.17567247502487995,3.1942657363558955,9.416446295561727,0.90756,0.489068,0.75816,0.586388,0.094716
E4_interaction,Parallel PIAP,same_asset,0.415,15.0,0.5,0.1,0.0,0.1,250000,204.7947910482151,2.4898963647858467,-512.783929676968,1244.9481823929234,-1083.5832257627715,-812.4952551027573,-1481.943144484946,0.547688,1018.6722546410658,0.2010409040937073,120.63431183160179,2.6310657095024683,115.47742304097696,125.79120062222663,0.90756,1.202861851546775,0.510932,0.17567247502487995,3.1942657363558955,9.416446295561727,0.90756,0.489068,0.75816,0.586388,0.067216
E4_interaction,Parallel PIAP,same_asset,0.415,15.0,0.5,0.2,0.0,0.1,250000,297.5870157420486,2.5424670147717547,-466.1672087972436,1271.2335073858774,-1001.5568592452519,-760.589774214128,-1300.016787229415,0.537312,925.8800299472323,0.3214099085375118,213.4265365254354,2.6701950082193915,208.19295430932542,218.6601187415454,0.90756,1.202861851546775,0.510932,0.17567247502487995,3.1942657363558955,9.416446295561727,0.90756,0.489068,0.75816,0.570268,0.046552
E4_interaction,Parallel PIAP,same_asset,0.415,15.0,0.5,0.3,0.0,0.1,250000,390.37924043588225,2.597252019050638,-419.55048791751926,1298.626009525319,-924.819252736637,-713.9730533344037,-1175.9271022514763,0.52674,833.0878052533986,0.4685931518552734,306.218761219269,2.711899871225224,300.9034374716676,311.53408496687047,0.90756,1.202861851546775,0.510932,0.17567247502487995,3.1942657363558955,9.416446295561727,0.90756,0.489068,0.75816,0.549288,0.035728
E4_interaction,Parallel PIAP,same_asset,0.415,15.0,0.5,0.0,0.0,0.25,250000,-3.3085714269442255,2.022339951109487,-559.4006505566923,1011.1699755547435,-1193.6220906520296,-892.4132343631248,-1631.8883711438768,0.578252,1111.4644793348994,-0.0029767675786850837,-87.4690506435575,2.302225760187659,-91.98141313352531,-82.95668815358968,0.90756,1.202861851546775,0.510932,0.17567247502487995,3.1942657363558955,9.416446295561727,0.90756,0.489068,0.766208,0.586388,0.094716
E4_interaction,Parallel PIAP,same_asset,0.415,15.0,0.5,0.1,0.0,0.25,250000,89.48365326688933,2.0683846471926457,-512.783929676968,1034.192323596323,-1083.5832257627715,-812.4952551027573,-1481.943144484946,0.547688,1018.6722546410658,0.08784341858650047,5.323174050276077,2.3305535012378025,0.7552891878499848,9.89105891270217,0.90756,1.202861851546775,0.510932,0.17567247502487995,3.1942657363558955,9.416446295561727,0.90756,0.489068,0.760312,0.586388,0.067216
E4_interaction,Parallel PIAP,same_asset,0.415,15.0,0.5,0.2,0.0,0.25,250000,182.27587796072297,2.1174503855019995,-466.1672087972436,1058.7251927509997,-1001.5568592452519,-760.589774214128,-1300.016787229415,0.537312,925.8800299472323,0.19686770646852728,98.11539874410971,2.362147478212041,93.48558968681411,102.74520780140531,0.90756,1.202861851546775,0.510932,0.17567247502487995,3.1942657363558955,9.416446295561727,0.90756,0.489068,0.758508,0.570268,0.046552
E4_interaction,Parallel PIAP,same_asset,0.415,15.0,0.5,0.3,0.0,0.25,250000,275.06810265455664,2.169332186829505,-419.55048791751926,1084.6660934147526,-924.819252736637,-713.9730533344037,-1175.9271022514763,0.52674,833.0878052533986,0.3301790050460404,190.90762343794333,2.396878534875481,186.2097415095874,195.60550536629927,0.90756,1.202861851546775,0.510932,0.17567247502487995,3.1942657363558955,9.416446295561727,0.90756,0.489068,0.75816,0.549288,0.035728
E4_interaction,Parallel PIAP,same_asset,0.415,15.0,0.5,0.0,0.0,0.5,250000,-195.49380106248708,1.4251712664499157,-559.4006505566923,712.5856332249579,-1193.6220906520296,-892.4132343631248,-1631.8883711438768,0.594076,1111.4644793348994,-0.17588848289553133,-279.6542802791003,1.9896567292220404,-283.5540074683755,-275.7545530898251,0.90756,1.202861851546775,0.510932,0.17567247502487995,3.1942657363558955,9.416446295561727,0.90756,0.489068,0.898252,0.590772,0.094716
E4_interaction,Parallel PIAP,same_asset,0.415,15.0,0.5,0.1,0.0,0.5,250000,-102.7015763686535,1.4563127286939472,-512.783929676968,728.1563643469736,-1083.5832257627715,-812.4952551027573,-1481.943144484946,0.557348,1018.6722546410658,-0.10081905725884417,-186.86205558526677,1.9978357103504558,-190.77781357755367,-182.94629759297987,0.90756,1.202861851546775,0.510932,0.17567247502487995,3.1942657363558955,9.416446295561727,0.90756,0.489068,0.854328,0.587928,0.067216
E4_interaction,Parallel PIAP,same_asset,0.415,15.0,0.5,0.2,0.0,0.5,250000,-9.909351674819877,1.4925164334871364,-466.1672087972436,746.2582167435681,-1001.5568592452519,-760.589774214128,-1300.016787229415,0.541592,925.8800299472323,-0.01070263031311371,-94.06983089143311,2.0102204024424957,-98.00986288022041,-90.12979890264582,0.90756,1.202861851546775,0.510932,0.17567247502487995,3.1942657363558955,9.416446295561727,0.90756,0.489068,0.83088,0.570268,0.046552
E4_interaction,Parallel PIAP,same_asset,0.415,15.0,0.5,0.3,0.0,0.5,250000,82.88287301901372,1.5334238683853558,-419.55048791751926,766.7119341926779,-924.819252736637,-713.9730533344037,-1175.9271022514763,0.52674,833.0878052533986,0.09948876036398516,-1.277606197599526,2.026733707883753,-5.2500042650516825,2.69479186985263,0.90756,1.202861851546775,0.510932,0.17567247502487995,3.1942657363558955,9.416446295561727,0.90756,0.489068,0.812508,0.549288,0.035728
E4_interaction,Parallel PIAP,same_asset,0.415,18.0,0.5,0.0,0.0,0.0,250000,606.8372079825816,3.811558764971543,-559.4006505566923,1905.7793824857713,-1193.6220906520296,-892.4132343631248,-1631.918468253664,0.52674,1111.4644793348994,0.5459798484479802,104.78065349170805,3.938552308174765,97.06109096768552,112.50021601573059,0.90756,1.202861851546775,0.510932,0.17567247502487995,3.1942657363558955,12.416446295561727,0.90756,0.489068,0.542932,0.510932,0.094716
E4_interaction,Parallel PIAP,same_asset,0.415,18.0,0.5,0.1,0.0,0.0,250000,699.6294326764154,3.868465531859936,-512.783929676968,1934.232765929968,-1083.5832257627715,-812.4952551027573,-1481.943144484946,0.522504,1018.6722546410658,0.686805230523269,197.57287818554164,3.9820257141139987,189.76810778587821,205.37764858520507,0.90756,1.202861851546775,0.510932,0.17567247502487995,3.1942657363558955,12.416446295561727,0.90756,0.489068,0.526948,0.510932,0.067216
E4_interaction,Parallel PIAP,same_asset,0.415,18.0,0.5,0.2,0.0,0.0,250000,792.4216573702488,3.926715655478119,-466.1672087972436,1963.3578277390595,-1001.5568592452519,-760.589774214128,-1300.016787229415,0.515036,925.8800299472323,0.8558578128263663,290.3651028793753,4.027143926771557,282.47190078290305,298.2583049758475,0.90756,1.202861851546775,0.510932,0.17567247502487995,3.1942657363558955,12.416446295561727,0.90756,0.489068,0.525388,0.510932,0.046552
E4_interaction,Parallel PIAP,same_asset,0.415,18.0,0.5,0.3,0.0,0.0,250000,885.2138820640824,3.986250245807095,-419.55048791751926,1993.1251229035477,-924.819252736637,-713.9730533344037,-1175.9271022514763,0.511564,833.0878052533986,1.0625697273228345,383.1573275732089,4.073852297449254,375.1725770702083,391.14207807620943,0.90756,1.202861851546775,0.510932,0.17567247502487995,3.1942657363558955,12.416446295561727,0.90756,0.489068,0.51622,0.510932,0.035728
E4_interaction,Parallel PIAP,same_asset,0.415,18.0,0.5,0.0,0.0,0.1,250000,510.6902144583907,3.442187094355083,-559.4006505566923,1721.0935471775415,-1193.6220906520296,-892.4132343631248,-1631.918468253664,0.52674,1111.4644793348994,0.45947506551355366,8.63365996751716,3.655493575734467,1.468892559077604,15.798427375956715,0.90756,1.202861851546775,0.510932,0.17567247502487995,3.1942657363558955,12.416446295561727,0.90756,0.489068,0.542932,0.510932,0.094716
E4_interaction,Parallel PIAP,same_asset,0.415,18.0,0.5,0.1,0.0,0.1,250000,603.4824391522243,3.498060065233294,-512.783929676968,1749.030032616647,-1083.5832257627715,-812.4952551027573,-1481.943144484946,0.522504,1018.6722546410658,0.59242061065545,101.42588466135072,3.69563183514681,94.18244626446297,108.66932305823848,0.90756,1.202861851546775,0.510932,0.17567247502487995,3.1942657363558955,12.416446295561727,0.90756,0.489068,0.526948,0.510932,0.067216
E4_interaction,Parallel PIAP,same_asset,0.415,18.0,0.5,0.2,0.0,0.1,250000,696.2746638460579,3.555449530347298,-466.1672087972436,1777.724765173649,-1001.5568592452519,-760.589774214128,-1300.016787229415,0.515036,925.8800299472323,0.7520139125214095,194.21810935518437,3.7376170155724617,186.89238000466236,201.54383870570638,0.90756,1.202861851546775,0.510932,0.17567247502487995,3.1942657363558955,12.416446295561727,0.90756,0.489068,0.525388,0.510932,0.046552
E4_interaction,Parallel PIAP,same_asset,0.415,18.0,0.5,0.3,0.0,0.1,250000,789.0668885398915,3.614283251371602,-419.55048791751926,1807.141625685801,-924.819252736637,-713.9730533344037,-1175.9271022514763,0.511564,833.0878052533986,0.947159331302278,287.01033404901796,3.781387597783995,279.59881435736133,294.4218537406746,0.90756,1.202861851546775,0.510932,0.17567247502487995,3.1942657363558955,12.416446295561727,0.90756,0.489068,0.51622,0.510932,0.035728
E4_interaction,Parallel PIAP,same_asset,0.415,18.0,0.5,0.0,0.0,0.25,250000,366.46972417210446,2.905473149078445,-559.4006505566923,1452.7365745392224,-1193.6220906520296,-892.4132343631248,-1631.918468253664,0.52674,1111.4644793348994,0.32971789111191396,-135.58683031876913,3.278781228772045,-142.01324152716234,-129.16041911037593,0.90756,1.202861851546775,0.510932,0.17567247502487995,3.1942657363558955,12.416446295561727,0.90756,0.489068,0.542932,0.510932,0.094716
E4_interaction,Parallel PIAP,same_asset,0.415,18.0,0.5,0.1,0.0,0.25,250000,459.26194886593805,2.958992524503654,-512.783929676968,1479.4962622518271,-1083.5832257627715,-812.4952551027573,-1481.943144484946,0.522504,1018.6722546410658,0.45084368085372195,-42.79460562493554,3.312334227924466,-49.2867807116675,-36.30243053820359,0.90756,1.202861851546775,0.510932,0.17567247502487995,3.1942657363558955,12.416446295561727,0.90756,0.489068,0.526948,0.510932,0.067216
E4_interaction,Parallel PIAP,same_asset,0.415,18.0,0.5,0.2,0.0,0.25,250000,552.0541735597717,3.0143862087583932,-466.1672087972436,1507.1931043791967,-1001.5568592452519,-760.589774214128,-1300.016787229415,0.515036,925.8800299472323,0.5962480620639743,49.997619068898096,3.3480941809100315,43.43535447431444,56.559883663481756,0.90756,1.202861851546775,0.510932,0.17567247502487995,3.1942657363558955,12.416446295561727,0.90756,0.489068,0.525388,0.510932,0.046552
E4_interaction,Parallel PIAP,same_asset,0.415,18.0,0.5,0.3,0.0,0.25,250000,644.8463982536053,3.071552797278387,-419.55048791751926,1535.7763986391935,-924.819252736637,-713.9730533344037,-1175.9271022514763,0.511564,833.0878052533986,0.7740437372714437,142.78984376273166,3.3859911645541625,136.1533010802055,149.42638644525783,0.90756,1.202861851546775,0.510932,0.17567247502487995,3.1942657363558955,12.416446295561727,0.90756,0.489068,0.51622,0.510932,0.035728
E4_interaction,Parallel PIAP,same_asset,0.415,18.0,0.5,0.0,0.0,0.5,250000,126.1022403616273,2.0966521196590593,-559.4006505566923,1048.3260598295296,-1193.6220906520296,-892.4132343631248,-1631.918468253664,0.52674,1111.4644793348994,0.11345593377584762,-375.95431412924637,2.8335490639368968,-381.5080702945627,-370.40055796393005,0.90756,1.202861851546775,0.510932,0.17567247502487995,3.1942657363558955,12.416446295561727,0.90756,0.489068,0.542932,0.510932,0.094716
E4_interaction,Parallel PIAP,same_asset,0.415,18.0,0.5,0.1,0.0,0.5,250000,218.89446505546087,2.1416418558244583,-512.783929676968,1070.820927912229,-1083.5832257627715,-812.4952551027573,-1481.943144484946,0.522504,1018.6722546410658,0.21488213118417504,-283.1620894354128,2.850783958276288,-288.7496259936343,-277.57455287719125,0.90756,1.202861851546775,0.510932,0.17567247502487995,3.1942657363558955,12.416446295561727,0.90756,0.489068,0.526948,0.510932,0.067216
E4_interaction,Parallel PIAP,same_asset,0.415,18.0,0.5,0.2,0.0,0.5,250000,311.68668974929454,2.1895968765503917,-466.1672087972436,1094.7984382751958,-1001.5568592452519,-760.589774214128,-1300.016787229415,0.515036,925.8800299472323,0.3366383113015821,-190.36986474157908,2.870881915235243,-195.99679329544014,-184.74293618771802,0.90756,1.202861851546775,0.510932,0.17567247502487995,3.1942657363558955,12.416446295561727,0.90756,0.489068,0.525388,0.510932,0.046552
E4_interaction,Parallel PIAP,same_asset,0.415,18.0,0.5,0.3,0.0,0.5,250000,404.47891444312813,2.2403267708999124,-419.55048791751926,1120.1633854499562,-924.819252736637,-713.9730533344037,-1175.9271022514763,0.511564,833.0878052533986,0.48551774722005275,-97.57764004774549,2.8937832816428615,-103.2494552797655,-91.90582481572548,0.90756,1.202861851546775,0.510932,0.17567247502487995,3.1942657363558955,12.416446295561727,0.90756,0.489068,0.51622,0.510932,0.035728
E4_interaction,Parallel PIAP,same_asset,0.415,12.0,1.0,0.0,0.0,0.0,250000,-257.83667589456866,1.6404031085916435,-559.4006505566923,820.2015542958218,-1422.8239034190715,-1162.0329407982006,-1683.2240384841389,0.68218,1122.8758339990186,-0.22962171603275774,214.22252107885865,1.6380697496873966,211.01190436947135,217.43313778824594,0.90756,1.202861851546775,0.510932,0.17567247502487995,3.1942657363558955,6.832892591123452,0.90756,0.489068,0.89994,0.825276,0.095348
E4_interaction,Parallel PIAP,same_asset,0.415,12.0,1.0,0.1,0.0,0.0,250000,-163.9033157343232,1.6804851427156737,-512.783929676968,840.2425713578368,-1218.7667170445177,-1067.5614343612908,-1534.9142823601624,0.675488,1028.9424738387727,-0.1592929827484268,308.15588123910413,1.6752144400143536,304.872460936676,311.43930154153225,0.90756,1.202861851546775,0.510932,0.17567247502487995,3.1942657363558955,6.832892591123452,0.90756,0.489068,0.895988,0.79494,0.067216
E4_interaction,Parallel PIAP,same_asset,0.415,12.0,1.0,0.2,0.0,0.0,250000,-69.96995557407769,1.724823801325232,-466.1672087972436,862.411900662616,-1037.4812184603502,-959.3027685166418,-1394.52988823751,0.631216,935.0091136785275,-0.07483344766427014,402.0892413993497,1.7167682457871805,398.72437563760684,405.45410716109257,0.90756,1.202861851546775,0.510932,0.17567247502487995,3.1942657363558955,6.832892591123452,0.90756,0.489068,0.8903,0.792936,0.046552
E4_interaction,Parallel PIAP,same_asset,0.415,12.0,1.0,0.3,0.0,0.0,250000,23.96340458616782,1.7730997859305162,-419.55048791751926,886.5498929652581,-929.7198607116404,-810.65234429541,-1186.6526897118838,0.607796,841.0757535182819,0.02849137486834822,496.02260155959516,1.7624193241032895,492.5682596843527,499.4769434348376,0.90756,1.202861851546775,0.510932,0.17567247502487995,3.1942657363558955,6.832892591123452,0.90756,0.489068,0.888712,0.785588,0.035728
E4_interaction,Parallel PIAP,same_asset,0.415,12.0,1.0,0.0,0.0,0.1,250000,-314.8609619296321,1.4397518381939214,-559.4006505566923,719.8759190969607,-1422.8239034190715,-1162.0329407982006,-1683.2240384841389,0.687576,1122.8758339990186,-0.2804058582401616,157.19823504379522,1.4639440603252272,154.32890468555777,160.06756540203267,0.90756,1.202861851546775,0.510932,0.17567247502487995,3.1942657363558955,6.832892591123452,0.90756,0.489068,0.939324,0.850476,0.095348
E4_interaction,Parallel PIAP,same_asset,0.415,12.0,1.0,0.1,0.0,0.1,250000,-220.9276017693866,1.4749992488438544,-512.783929676968,737.4996244219271,-1218.7667170445177,-1067.5614343612908,-1534.9142823601624,0.68218,1028.9424738387727,-0.2147132686098098,251.1315952040407,1.4952700756884538,248.20086585569135,254.06232455239007,0.90756,1.202861851546775,0.510932,0.17567247502487995,3.1942657363558955,6.832892591123452,0.90756,0.489068,0.92908,0.826248,0.067216
E4_interaction,Parallel PIAP,same_asset,0.415,12.0,1.0,0.2,0.0,0.1,250000,-126.99424160914108,1.51533464525695,-466.1672087972436,757.6673226284751,-1037.4812184603502,-959.3027685166418,-1394.52988823751,0.631844,935.0091136785275,-0.13582139441349225,345.0649553642863,1.531800202786287,342.0626269668252,348.0672837617474,0.90756,1.202861851546775,0.510932,0.17567247502487995,3.1942657363558955,6.832892591123452,0.90756,0.489068,0.909376,0.825276,0.046552
E4_interaction,Parallel PIAP,same_asset,0.415,12.0,1.0,0.3,0.0,0.1,250000,-33.0608814488956,1.5603635040146873,-419.55048791751926,780.1817520073437,-929.7198607116404,-810.65234429541,-1186.6526897118838,0.611932,841.0757535182819,-0.03930785224826598,438.99831552453173,1.5731719542954543,435.91489849411266,442.0817325549508,0.90756,1.202861851546775,0.510932,0.17567247502487995,3.1942657363558955,6.832892591123452,0.90756,0.489068,0.908388,0.813496,0.035728
E4_interaction,Parallel PIAP,same_asset,0.415,12.0,1.0,0.0,0.0,0.25,250000,-400.3973909822272,1.1681318009885067,-559.4006505566923,584.0659004942534,-1422.8239034190715,-1162.0329407982006,-1683.2240384841389,0.717828,1122.8758339990186,-0.3565820715512675,71.66180599120013,1.245641933174132,69.22034780217882,74.10326418022143,0.90756,1.202861851546775,0.510932,0.17567247502487995,3.1942657363558955,6.832892591123452,0.90756,0.489068,0.979276,0.913984,0.095348
E4_interaction,Parallel PIAP,same_asset,0.415,12.0,1.0,0.1,0.0,0.25,250000,-306.46403082198174,1.1923562980217202,-512.783929676968,596.1781490108601,-1218.7667170445177,-1067.5614343612908,-1534.9142823601624,0.700848,1028.9424738387727,-0.2978436974018844,165.5951661514456,1.2644241462475638,163.11689482480037,168.07343747809082,0.90756,1.202861851546775,0.510932,0.17567247502487995,3.1942657363558955,6.832892591123452,0.90756,0.489068,0.976108,0.908388,0.067216
E4_interaction,Parallel PIAP,same_asset,0.415,12.0,1.0,0.2,0.0,0.25,250000,-212.53067066173622,1.22342717515281,-466.1672087972436,611.7135875764051,-1037.4812184603502,-959.3027685166418,-1394.52988823751,0.648224,935.0091136785275,-0.22730331453732547,259.52852631169117,1.2898805727914844,257.0003603890199,262.05669223436246,0.90756,1.202861851546775,0.510932,0.17567247502487995,3.1942657363558955,6.832892591123452,0.90756,0.489068,0.965548,0.896664,0.046552
E4_interaction,Parallel PIAP,same_asset,0.415,12.0,1.0,0.3,0.0,0.25,250000,-118.59731050149071,1.260838387300935,-419.55048791751926,630.4191936504675,-929.7198607116404,-810.65234429541,-1186.6526897118838,0.6175,841.0757535182819,-0.14100669292318727,353.46188647193657,1.3216256039570393,350.87150028818075,356.0522726556924,0.90756,1.202861851546775,0.510932,0.17567247502487995,3.1942657363558955,6.832892591123452,0.90756,0.489068,0.964088,0.852472,0.035728
E4_interaction,Parallel PIAP,same_asset,0.415,12.0,1.0,0.0,0.0,0.5,250000,-542.9581060698857,0.8758700219870056,-559.4006505566923,437.9350109935028,-1422.8239034190715,-1162.0329407982006,-1683.1099492880833,0.86304,1122.8758339990186,-0.48354242706977724,-70.89890909645844,1.0719057755483863,-72.99984441653328,-68.7979737763836,0.90756,1.202861851546775,0.510932,0.17567247502487995,3.1942657363558955,6.832892591123452,0.90756,0.489068,1.0,1.0,0.095348
E4_interaction,Parallel PIAP,same_asset,0.415,12.0,1.0,0.1,0.0,0.5,250000,-449.0247459096403,0.8651032384099285,-512.783929676968,432.55161920496425,-1218.7667170445177,-1067.5614343612908,-1534.7678174178182,0.8227,1028.9424738387727,-0.43639441205534196,23.034451063787056,1.0583951380871413,20.95999659313626,25.108905534437852,0.90756,1.202861851546775,0.510932,0.17567247502487995,3.1942657363558955,6.832892591123452,0.90756,0.489068,1.0,1.0,0.067216
E4_interaction,Parallel PIAP,same_asset,0.415,12.0,1.0,0.2,0.0,0.5,250000,-355.09138574939476,0.8646026863930553,-466.1672087972436,432.3013431965276,-1037.4812184603502,-959.3027685166418,-1394.52988823751,0.72944,935.0091136785275,-0.3797731814103808,116.96781122403262,1.053231892565889,114.90347671460347,119.03214573346176,0.90756,1.202861851546775,0.510932,0.17567247502487995,3.1942657363558955,6.832892591123452,0.90756,0.489068,1.0,1.0,0.046552
E4_interaction,Parallel PIAP,same_asset,0.415,12.0,1.0,0.3,0.0,0.5,250000,-261.15802558914925,0.8743859971704397,-419.55048791751926,437.19299858521987,-929.7198607116404,-810.65234429541,-1186.6526897118838,0.685172,841.0757535182819,-0.31050476071472277,210.90117138427806,1.056538425817189,208.83035606967636,212.97198669887976,0.90756,1.202861851546775,0.510932,0.17567247502487995,3.1942657363558955,6.832892591123452,0.90756,0.489068,1.0,1.0,0.035728
E4_interaction,Parallel PIAP,same_asset,0.415,15.0,1.0,0.0,0.0,0.0,250000,298.4688158546029,3.0318686340859466,-559.4006505566923,1515.9343170429734,-1209.1761310311156,-900.9664062064918,-1652.9717849350975,0.547688,1122.8758339990186,0.2658074978705649,214.30833663798964,3.0585914165090387,208.31349746163193,220.30317581434736,0.90756,1.202861851546775,0.510932,0.17567247502487995,3.1942657363558955,9.832892591123452,0.90756,0.489068,0.75816,0.563632,0.094716
E4_interaction,Parallel PIAP,same_asset,0.415,15.0,1.0,0.1,0.0,0.0,250000,392.4021760148484,3.087103213075611,-512.783929676968,1543.5516065378054,-1097.5818621039489,-820.1931097617875,-1500.6926787358964,0.547688,1028.9424738387727,0.38136454271430414,308.2416967982351,3.103922843888272,302.1580080242141,314.32538557225615,0.90756,1.202861851546775,0.510932,0.17567247502487995,3.1942657363558955,9.832892591123452,0.90756,0.489068,0.75816,0.557976,0.067216
E4_interaction,Parallel PIAP,same_asset,0.415,15.0,1.0,0.2,0.0,0.0,250000,486.33553617509386,3.1442111819227803,-466.1672087972436,1572.1055909613901,-1007.1575540738271,-760.589774214128,-1309.1820712398355,0.527828,935.0091136785275,0.5201398885426314,402.1750569584807,3.1514395858082165,395.9982353702966,408.3518785466648,0.90756,1.202861851546775,0.510932,0.17567247502487995,3.1942657363558955,9.832892591123452,0.90756,0.489068,0.75816,0.552344,0.046552
E4_interaction,Parallel PIAP,same_asset,0.415,15.0,1.0,0.3,0.0,0.0,250000,580.2688963353393,3.203092340129089,-419.55048791751926,1601.5461700645446,-929.7198607116404,-713.9730533344037,-1188.6384247779345,0.520756,841.0757535182819,0.6899127622072467,496.10841711872615,3.2010443264199857,489.834370238943,502.3824639985093,0.90756,1.202861851546775,0.510932,0.17567247502487995,3.1942657363558955,9.832892591123452,0.90756,0.489068,0.75816,0.533,0.035728
E4_interaction,Parallel PIAP,same_asset,0.415,15.0,1.0,0.0,0.0,0.1,250000,215.7922976968044,2.7168002877628217,-559.4006505566923,1358.400143881411,-1209.1761310311156,-900.9664062064918,-1652.9717849350975,0.547688,1122.8758339990186,0.19217823659832456,131.63181848019116,2.80222715949042,126.13945324758993,137.1241837127924,0.90756,1.202861851546775,0.510932,0.17567247502487995,3.1942657363558955,9.832892591123452,0.90756,0.489068,0.75816,0.563632,0.094716
E4_interaction,Parallel PIAP,same_asset,0.415,15.0,1.0,0.1,0.0,0.1,250000,309.72565785704995,2.770414991037604,-512.783929676968,1385.207495518802,-1097.5818621039489,-820.1931097617875,-1500.6926787358964,0.547688,1028.9424738387727,0.3010135801873619,225.56517864043664,2.8439495787029343,219.99103746617888,231.1393198146944,0.90756,1.202861851546775,0.510932,0.17567247502487995,3.1942657363558955,9.832892591123452,0.90756,0.489068,0.75816,0.557976,0.067216
E4_interaction,Parallel PIAP,same_asset,0.415,15.0,1.0,0.2,0.0,0.1,250000,403.6590180172954,2.826176483530803,-466.1672087972436,1413.0882417654016,-1007.1575540738271,-760.589774214128,-1309.1820712398355,0.527828,935.0091136785275,0.4317166668346299,319.4985388006822,2.888165548153769,313.8377343263008,325.1593432750636,0.90756,1.202861851546775,0.510932,0.17567247502487995,3.1942657363558955,9.832892591123452,0.90756,0.489068,0.75816,0.552344,0.046552
E4_interaction,Parallel PIAP,same_asset,0.415,15.0,1.0,0.3,0.0,0.1,250000,497.5923781775409,2.8839602431514377,-419.55048791751926,1441.9801215757188,-929.7198607116404,-713.9730533344037,-1188.6384247779345,0.520756,841.0757535182819,0.5916142227332976,413.43189896092764,2.9347623643830243,407.6797647267369,419.1840331951184,0.90756,1.202861851546775,0.510932,0.17567247502487995,3.1942657363558955,9.832892591123452,0.90756,0.489068,0.75816,0.533,0.035728
E4_interaction,Parallel PIAP,same_asset,0.415,15.0,1.0,0.0,0.0,0.25,250000,91.77752046010673,2.262849711159719,-559.4006505566923,1131.4248555798595,-1209.1761310311156,-900.9664062064918,-1652.9717849350975,0.547872,1122.8758339990186,0.08173434468996413,7.617041243493448,2.4606992667952605,2.7940706805747375,12.440011806412159,0.90756,1.202861851546775,0.510932,0.17567247502487995,3.1942657363558955,9.832892591123452,0.90756,0.489068,0.75952,0.563632,0.094716
E4_interaction,Parallel PIAP,same_asset,0.415,15.0,1.0,0.1,0.0,0.25,250000,185.7108806203522,2.312792492204737,-512.783929676968,1156.3962461023684,-1097.5818621039489,-820.1931097617875,-1500.6926787358964,0.547688,1028.9424738387727,0.18048713639694852,101.55040140373893,2.494982547464175,96.66023561070915,106.44056719676871,0.90756,1.202861851546775,0.510932,0.17567247502487995,3.1942657363558955,9.832892591123452,0.90756,0.489068,0.758244,0.557976,0.067216
E4_interaction,Parallel PIAP,same_asset,0.415,15.0,1.0,0.2,0.0,0.25,250000,279.64424078059767,2.3654615370410252,-466.1672087972436,1182.7307685205126,-1007.1575540738271,-760.589774214128,-1309.1820712398355,0.527828,935.0091136785275,0.29908183427262747,195.48376156398447,2.5323336701970836,190.52038757039819,200.44713555757076,0.90756,1.202861851546775,0.510932,0.17567247502487995,3.1942657363558955,9.832892591123452,0.90756,0.489068,0.75816,0.552344,0.046552
E4_interaction,Parallel PIAP,same_asset,0.415,15.0,1.0,0.3,0.0,0.25,250000,373.57760094084324,2.420678898359155,-419.55048791751926,1210.3394491795775,-929.7198607116404,-713.9730533344037,-1188.6384247779345,0.520756,841.0757535182819,0.4441664135223737,289.41712172423,2.572619015088661,284.37478845465625,294.4594549938038,0.90756,1.202861851546775,0.510932,0.17567247502487995,3.1942657363558955,9.832892591123452,0.90756,0.489068,0.75816,0.533,0.035728
E4_interaction,Parallel PIAP,same_asset,0.415,15.0,1.0,0.0,0.0,0.5,250000,-114.91377493438944,1.6030652853493272,-559.4006505566923,801.5326426746636,-1209.1761310311156,-900.9664062064918,-1652.9717849350975,0.556704,1122.8758339990186,-0.10233880849063662,-199.0742541510027,2.0678898430346226,-203.12731824335054,-195.02119005865484,0.90756,1.202861851546775,0.510932,0.17567247502487995,3.1942657363558955,9.832892591123452,0.90756,0.489068,0.806604,0.563816,0.094716
E4_interaction,Parallel PIAP,same_asset,0.415,15.0,1.0,0.1,0.0,0.5,250000,-20.98041477414396,1.6397804940511085,-512.783929676968,819.8902470255542,-1097.5818621039489,-820.1931097617875,-1500.6926787358964,0.551968,1028.9424738387727,-0.020390269920407066,-105.14089399075725,2.0824521354271863,-109.22250017619453,-101.05928780531997,0.90756,1.202861851546775,0.510932,0.17567247502487995,3.1942657363558955,9.832892591123452,0.90756,0.489068,0.806288,0.557976,0.067216
E4_interaction,Parallel PIAP,same_asset,0.415,15.0,1.0,0.2,0.0,0.5,250000,72.95294538610156,1.681017758016788,-466.1672087972436,840.508879008394,-1007.1575540738271,-760.589774214128,-1309.1820712398355,0.528176,935.0091136785275,0.07802378000262365,-11.20753383051169,2.1011721167680806,-15.325831179377127,-7.089236481646251,0.90756,1.202861851546775,0.510932,0.17567247502487995,3.1942657363558955,9.832892591123452,0.90756,0.489068,0.784396,0.552344,0.046552
E4_interaction,Parallel PIAP,same_asset,0.415,15.0,1.0,0.3,0.0,0.5,250000,166.88630554634705,1.7264530724534606,-419.55048791751926,863.2265362267303,-929.7198607116404,-713.9730533344037,-1188.6384247779345,0.520756,841.0757535182819,0.19842006483750046,82.72582632973378,2.1239398547842594,78.56290421435664,86.88874844511092,0.90756,1.202861851546775,0.510932,0.17567247502487995,3.1942657363558955,9.832892591123452,0.90756,0.489068,0.779292,0.533,0.035728
E4_interaction,Parallel PIAP,same_asset,0.415,18.0,1.0,0.0,0.0,0.0,250000,716.4293656285859,4.115578936490952,-559.4006505566923,2057.7894682454757,-1209.1761310311156,-900.9664062064918,-1653.2017234226623,0.52674,1122.8758339990186,0.6380307990751647,214.3728111377123,4.175758621854686,206.1883242388771,222.55729803654748,0.90756,1.202861851546775,0.510932,0.17567247502487995,3.1942657363558955,12.832892591123452,0.90756,0.489068,0.527828,0.510932,0.094716
E4_interaction,Parallel PIAP,same_asset,0.415,18.0,1.0,0.1,0.0,0.0,250000,810.3627257888314,4.174912135475739,-512.783929676968,2087.4560677378695,-1097.5818621039489,-820.1931097617875,-1500.6926787358964,0.51622,1028.9424738387727,0.7875685438132755,308.3061712979578,4.223000664009203,300.02908999649975,316.58325259941586,0.90756,1.202861851546775,0.510932,0.17567247502487995,3.1942657363558955,12.832892591123452,0.90756,0.489068,0.519508,0.510932,0.067216
E4_interaction,Parallel PIAP,same_asset,0.415,18.0,1.0,0.2,0.0,0.0,250000,904.2960859490769,4.2355249462039675,-466.1672087972436,2117.7624731019837,-1007.1575540738271,-760.589774214128,-1309.1820712398355,0.513292,935.0091136785275,0.967152162176667,402.2395314582033,4.271813200851545,393.8667775845343,410.61228533187233,0.90756,1.202861851546775,0.510932,0.17567247502487995,3.1942657363558955,12.832892591123452,0.90756,0.489068,0.516828,0.510932,0.046552
E4_interaction,Parallel PIAP,same_asset,0.415,18.0,1.0,0.3,0.0,0.0,250000,998.2294461093223,4.297363223583568,-419.55048791751926,2148.6816117917842,-929.7198607116404,-713.9730533344037,-1188.6384247779345,0.511564,841.0757535182819,1.1868484401478165,496.1728916184488,4.322143023112004,487.7014912931492,504.6442919437483,0.90756,1.202861851546775,0.510932,0.17567247502487995,3.1942657363558955,12.832892591123452,0.90756,0.489068,0.513116,0.510932,0.035728
E4_interaction,Parallel PIAP,same_asset,0.415,18.0,1.0,0.0,0.0,0.1,250000,614.4799458008137,3.7224550519728163,-559.4006505566923,1861.2275259864082,-1209.1761310311156,-900.9664062064918,-1653.2017234226623,0.52674,1122.8758339990186,0.5472376617211541,112.42339130994007,3.8623357236780707,104.85321329153105,119.9935693283491,0.90756,1.202861851546775,0.510932,0.17567247502487995,3.1942657363558955,12.832892591123452,0.90756,0.489068,0.527828,0.510932,0.094716
E4_interaction,Parallel PIAP,same_asset,0.415,18.0,1.0,0.1,0.0,0.1,250000,708.4133059610592,3.7808348621603534,-512.783929676968,1890.4174310801766,-1097.5818621039489,-820.1931097617875,-1500.6926787358964,0.51622,1028.9424738387727,0.688486794911007,206.35675147018554,3.906475530083708,198.70005943122146,214.01344350914962,0.90756,1.202861851546775,0.510932,0.17567247502487995,3.1942657363558955,12.832892591123452,0.90756,0.489068,0.519508,0.510932,0.067216
E4_interaction,Parallel PIAP,same_asset,0.415,18.0,1.0,0.2,0.0,0.1,250000,802.3466661213048,3.8406551225559378,-466.1672087972436,1920.327561277969,-1007.1575540738271,-760.589774214128,-1309.1820712398355,0.513292,935.0091136785275,0.8581164123253302,300.2901116304311,3.952384567119535,292.54343787887683,308.0367853819854,0.90756,1.202861851546775,0.510932,0.17567247502487995,3.1942657363558955,12.832892591123452,0.90756,0.489068,0.516828,0.510932,0.046552
E4_interaction,Parallel PIAP,same_asset,0.415,18.0,1.0,0.3,0.0,0.1,250000,896.2800262815501,3.901849581983158,-419.55048791751926,1950.924790991579,-929.7198607116404,-713.9730533344037,-1188.6384247779345,0.511564,841.0757535182819,1.0656353158824812,394.22347179067657,4.000001917522725,386.383468032332,402.0634755490211,0.90756,1.202861851546775,0.510932,0.17567247502487995,3.1942657363558955,12.832892591123452,0.90756,0.489068,0.513116,0.510932,0.035728
E4_interaction,Parallel PIAP,same_asset,0.415,18.0,1.0,0.0,0.0,0.25,250000,461.5558160591554,3.150649720056921,-559.4006505566923,1575.3248600284603,-1209.1761310311156,-900.9664062064918,-1653.2017234226623,0.52674,1122.8758339990186,0.411047955690138,-40.500738431718226,3.439557035628393,-47.24227022154987,-33.75920664188658,0.90756,1.202861851546775,0.510932,0.17567247502487995,3.1942657363558955,12.832892591123452,0.90756,0.489068,0.527828,0.510932,0.094716
E4_interaction,Parallel PIAP,same_asset,0.415,18.0,1.0,0.1,0.0,0.25,250000,555.4891762194009,3.2068431870354557,-512.783929676968,1603.4215935177278,-1097.5818621039489,-820.1931097617875,-1500.6926787358964,0.51622,1028.9424738387727,0.5398641715576042,53.432621728527245,3.477452422802585,46.61681497983418,60.24842847722031,0.90756,1.202861851546775,0.510932,0.17567247502487995,3.1942657363558955,12.832892591123452,0.90756,0.489068,0.519508,0.510932,0.067216
E4_interaction,Parallel PIAP,same_asset,0.415,18.0,1.0,0.2,0.0,0.25,250000,649.4225363796463,3.2648080599777374,-466.1672087972436,1632.4040299888686,-1007.1575540738271,-760.589774214128,-1309.1820712398355,0.513292,935.0091136785275,0.6945627875483246,147.36598188877278,3.5174816245275924,140.4717179046987,154.26024587284687,0.90756,1.202861851546775,0.510932,0.17567247502487995,3.1942657363558955,12.832892591123452,0.90756,0.489068,0.516828,0.510932,0.046552
E4_interaction,Parallel PIAP,same_asset,0.415,18.0,1.0,0.3,0.0,0.25,250000,743.355896539892,3.324451681897993,-419.55048791751926,1662.2258409489964,-929.7198607116404,-713.9730533344037,-1188.6384247779345,0.511564,841.0757535182819,0.883815629484478,241.29934204901826,3.5595726540473773,234.3225796470854,248.27610445095112,0.90756,1.202861851546775,0.510932,0.17567247502487995,3.1942657363558955,12.832892591123452,0.90756,0.489068,0.513116,0.510932,0.035728
E4_interaction,Parallel PIAP,same_asset,0.415,18.0,1.0,0.0,0.0,0.5,250000,206.68226648972487,2.285066591066388,-559.4006505566923,1142.533295533194,-1209.1761310311156,-900.9664062064918,-1653.2017234226623,0.52674,1122.8758339990186,0.1840651123051113,-295.3742880011487,2.920698054540055,-301.09885618804725,-289.6497198142502,0.90756,1.202861851546775,0.510932,0.17567247502487995,3.1942657363558955,12.832892591123452,0.90756,0.489068,0.527828,0.510932,0.094716
E4_interaction,Parallel PIAP,same_asset,0.415,18.0,1.0,0.1,0.0,0.5,250000,300.61562664997035,2.333265330954687,-512.783929676968,1166.6326654773436,-1097.5818621039489,-820.1931097617875,-1500.6926787358964,0.51622,1028.9424738387727,0.2921597993019331,-201.44092784090327,2.9424391393188083,-207.20810855396815,-195.6737471278384,0.90756,1.202861851546775,0.510932,0.17567247502487995,3.1942657363558955,12.832892591123452,0.90756,0.489068,0.519508,0.510932,0.067216
E4_interaction,Parallel PIAP,same_asset,0.415,18.0,1.0,0.2,0.0,0.5,250000,394.5489868102158,2.3842407089430644,-466.1672087972436,1192.1203544715322,-1007.1575540738271,-760.589774214128,-1309.1820712398355,0.513292,935.0091136785275,0.42197341291998214,-107.50756768065771,2.967035208068026,-113.32295668847105,-101.69217867284438,0.90756,1.202861851546775,0.510932,0.17567247502487995,3.1942657363558955,12.832892591123452,0.90756,0.489068,0.516828,0.510932,0.046552
E4_interaction,Parallel PIAP,same_asset,0.415,18.0,1.0,0.3,0.0,0.5,250000,488.4823469704614,2.437818550722444,-419.55048791751926,1218.9092753612222,-929.7198607116404,-713.9730533344037,-1188.6384247779345,0.511564,841.0757535182819,0.5807828188211391,-13.574207520412225,2.9944159092808484,-19.443262702602688,-7.705152338221762,0.90756,1.202861851546775,0.510932,0.17567247502487995,3.1942657363558955,12.832892591123452,0.90756,0.489068,0.513116,0.510932,0.035728
E4_interaction,Parallel PIAP,same_asset,0.415,12.0,1.5,0.0,0.0,0.0,250000,-142.72293017333556,1.9471028497869531,-559.4006505566923,973.5514248934766,-1292.6758217850233,-1169.2561083522546,-1697.1257729889483,0.669152,1134.6716426483085,-0.12578346440404745,329.3362668000917,1.911327992225419,325.5900639353299,333.08246966485353,0.90756,1.202861851546775,0.510932,0.17567247502487995,3.1942657363558955,7.249338886685178,0.90756,0.489068,0.8903,0.785588,0.095348
E4_interaction,Parallel PIAP,same_asset,0.415,12.0,1.5,0.1,0.0,0.0,250000,-47.60998914816107,1.9936845382720871,-512.783929676968,996.8422691360436,-1143.5345164432931,-1080.5631359585882,-1557.7686188941918,0.611816,1039.558701623134,-0.045798269086511745,424.4492078252662,1.956120279377383,420.6152120776866,428.2832035728459,0.90756,1.202861851546775,0.510932,0.17567247502487995,3.1942657363558955,7.249338886685178,0.90756,0.489068,0.849752,0.771428,0.067216
E4_interaction,Parallel PIAP,same_asset,0.415,12.0,1.5,0.2,0.0,0.0,250000,47.502951877013466,2.043802890640552,-466.1672087972436,1021.901445320276,-1040.9233683324946,-877.0126675930408,-1410.1897285669963,0.608056,944.4457605979596,0.05029717307104834,519.5621488504408,2.0046002314843796,515.6331323967314,523.4911653041503,0.90756,1.202861851546775,0.510932,0.17567247502487995,3.1942657363558955,7.249338886685178,0.90756,0.489068,0.849752,0.770636,0.046552
E4_interaction,Parallel PIAP,same_asset,0.415,12.0,1.5,0.3,0.0,0.0,250000,142.61589290218794,2.0972043678633105,-419.55048791751926,1048.6021839316552,-934.8126600507287,-714.0096353856541,-1266.4355813035547,0.590624,849.3328195727852,0.16791520310486036,614.6750898756154,2.05650706682272,610.6443360246428,618.705843726588,0.90756,1.202861851546775,0.510932,0.17567247502487995,3.1942657363558955,7.249338886685178,0.90756,0.489068,0.834748,0.763716,0.035728
E4_interaction,Parallel PIAP,same_asset,0.415,12.0,1.5,0.0,0.0,0.1,250000,-205.8328522564503,1.7170463962060842,-559.4006505566923,858.5231981030421,-1292.6758217850233,-1169.2561083522546,-1697.1257729889483,0.68218,1134.6716426483085,-0.1814030108093996,266.226344716977,1.7019039824489306,262.8906129113771,269.5620765225769,0.90756,1.202861851546775,0.510932,0.17567247502487995,3.1942657363558955,7.249338886685178,0.90756,0.489068,0.897764,0.792936,0.095348
E4_interaction,Parallel PIAP,same_asset,0.415,12.0,1.5,0.1,0.0,0.1,250000,-110.71991123127582,1.759854020023155,-512.783929676968,879.9270100115775,-1143.5345164432931,-1080.5631359585882,-1557.7686188941918,0.614808,1039.558701623134,-0.10650664657840028,361.3392857421515,1.7421189206174115,357.9247326577414,364.7538388265616,0.90756,1.202861851546775,0.510932,0.17567247502487995,3.1942657363558955,7.249338886685178,0.90756,0.489068,0.895988,0.792936,0.067216
E4_interaction,Parallel PIAP,same_asset,0.415,12.0,1.5,0.2,0.0,0.1,250000,-15.606970206101293,1.8068502162624878,-466.1672087972436,903.4251081312439,-1040.9233683324946,-877.0126675930408,-1410.1897285669963,0.611532,944.4457605979596,-0.016525004248227032,456.452226767326,1.7866905688505779,452.95031325237886,459.95414028227316,0.90756,1.202861851546775,0.510932,0.17567247502487995,3.1942657363558955,7.249338886685178,0.90756,0.489068,0.890708,0.785588,0.046552
E4_interaction,Parallel PIAP,same_asset,0.415,12.0,1.5,0.3,0.0,0.1,250000,79.5059708190732,1.8577171268448587,-419.55048791751926,928.8585634224294,-934.8126600507287,-714.0096353856541,-1266.4355813035547,0.590624,849.3328195727852,0.09360991237694634,551.5651677925005,1.8353015368638492,547.9679767802473,555.1623588047536,0.90756,1.202861851546775,0.510932,0.17567247502487995,3.1942657363558955,7.249338886685178,0.90756,0.489068,0.8903,0.772724,0.035728
E4_interaction,Parallel PIAP,same_asset,0.415,12.0,1.5,0.0,0.0,0.25,250000,-300.4977353811224,1.3980499570772629,-559.4006505566923,699.0249785386314,-1292.6758217850233,-1169.2561083522546,-1697.1257729889483,0.685412,1134.6716426483085,-0.2648323304174278,171.56146159230488,1.4255413007127642,168.76740064290786,174.3555225417019,0.90756,1.202861851546775,0.510932,0.17567247502487995,3.1942657363558955,7.249338886685178,0.90756,0.489068,0.94258,0.853448,0.095348
E4_interaction,Parallel PIAP,same_asset,0.415,12.0,1.5,0.1,0.0,0.25,250000,-205.38479435594792,1.432230951839495,-512.783929676968,716.1154759197475,-1143.5345164432931,-1080.5631359585882,-1557.7686188941918,0.629392,1039.558701623134,-0.19756921281623308,266.67440261747936,1.4555319096438446,263.8215600745774,269.5272451603813,0.90756,1.202861851546775,0.510932,0.17567247502487995,3.1942657363558955,7.249338886685178,0.90756,0.489068,0.94026,0.82856,0.067216
E4_interaction,Parallel PIAP,same_asset,0.415,12.0,1.5,0.2,0.0,0.25,250000,-110.27185333077338,1.47200917234886,-466.1672087972436,736.00458617443,-1040.9233683324946,-877.0126675930408,-1410.1897285669963,0.616048,944.4457605979596,-0.11675827022714004,361.7873436426539,1.491228341701516,358.86453609291897,364.7101511923889,0.90756,1.202861851546775,0.510932,0.17567247502487995,3.1942657363558955,7.249338886685178,0.90756,0.489068,0.929628,0.825276,0.046552
E4_interaction,Parallel PIAP,same_asset,0.415,12.0,1.5,0.3,0.0,0.25,250000,-15.158912305598907,1.5169443611088922,-419.55048791751926,758.4721805544461,-934.8126600507287,-714.0096353856541,-1266.4355813035547,0.594572,849.3328195727852,-0.017848023714924673,456.90028466782843,1.5322318627887328,453.89711021676254,459.9034591188943,0.90756,1.202861851546775,0.510932,0.17567247502487995,3.1942657363558955,7.249338886685178,0.90756,0.489068,0.927328,0.813496,0.035728
E4_interaction,Parallel PIAP,same_asset,0.415,12.0,1.5,0.0,0.0,0.5,250000,-458.2725405889093,1.0101163040980192,-559.4006505566923,505.05815204900966,-1292.6758217850233,-1169.2561083522546,-1696.9472332125922,0.787868,1134.6716426483085,-0.40388119643080816,13.786656384518041,1.1461319281377997,11.540237805367955,16.033074963668128,0.90756,1.202861851546775,0.510932,0.17567247502487995,3.1942657363558955,7.249338886685178,0.90756,0.489068,1.0,1.0,0.095348
E4_interaction,Parallel PIAP,same_asset,0.415,12.0,1.5,0.1,0.0,0.5,250000,-363.1595995637348,1.015012340395224,-512.783929676968,507.50617019761205,-1143.5345164432931,-1080.5631359585882,-1557.7686188941918,0.6958,1039.558701623134,-0.3493401565459544,108.89959740969255,1.1459480019080737,106.65353932595272,111.14565549343237,0.90756,1.202861851546775,0.510932,0.17567247502487995,3.1942657363558955,7.249338886685178,0.90756,0.489068,1.0,0.998548,0.067216
E4_interaction,Parallel PIAP,same_asset,0.415,12.0,1.5,0.2,0.0,0.5,250000,-268.0466585385602,1.0290523998579069,-466.1672087972436,514.5261999289535,-1040.9233683324946,-877.0126675930408,-1410.1897285669963,0.66908,944.4457605979596,-0.2838137135253284,204.0125384348671,1.153931946262916,201.7508318201918,206.27424504954243,0.90756,1.202861851546775,0.510932,0.17567247502487995,3.1942657363558955,7.249338886685178,0.90756,0.489068,1.0,0.990108,0.046552
E4_interaction,Parallel PIAP,same_asset,0.415,12.0,1.5,0.3,0.0,0.5,250000,-172.93371751338577,1.0518703909231526,-419.55048791751926,525.9351954615763,-934.8126600507287,-714.0096353856541,-1266.4355813035547,0.622272,849.3328195727852,-0.20361125053470971,299.1254794600415,1.1699165514189105,296.83244301926044,301.41851590082257,0.90756,1.202861851546775,0.510932,0.17567247502487995,3.1942657363558955,7.249338886685178,0.90756,0.489068,1.0,0.981552,0.035728
E4_interaction,Parallel PIAP,same_asset,0.415,15.0,1.5,0.0,0.0,0.0,250000,413.58256157583605,3.351426002773298,-559.4006505566923,1675.713001386649,-1225.2505355833287,-909.8176432046507,-1674.6370654039565,0.547688,1134.6716426483085,0.36449537119879005,329.42208235922277,3.323866811108504,322.9073034094501,335.93686130899545,0.90756,1.202861851546775,0.510932,0.17567247502487995,3.1942657363558955,10.249338886685178,0.90756,0.489068,0.75816,0.557976,0.094716
E4_interaction,Parallel PIAP,same_asset,0.415,15.0,1.5,0.1,0.0,0.0,250000,508.6955026010105,3.4096637305103115,-512.783929676968,1704.8318652551557,-1112.0488262009408,-828.1592230601304,-1520.0455239412897,0.532584,1039.558701623134,0.48933792945674875,424.5350233843972,3.373671752800214,417.9226267489088,431.14742001988566,0.90756,1.202861851546775,0.510932,0.17567247502487995,3.1942657363558955,10.249338886685178,0.90756,0.489068,0.75816,0.542872,0.067216
E4_interaction,Parallel PIAP,same_asset,0.415,15.0,1.5,0.2,0.0,0.0,250000,603.808443626185,3.4696312405497443,-466.1672087972436,1734.8156202748721,-1012.9360881170703,-760.589774214128,-1324.15979718363,0.526476,944.4457605979596,0.6393256964210353,519.6479644095717,3.4254948986160096,512.9339944082843,526.3619344108591,0.90756,1.202861851546775,0.510932,0.17567247502487995,3.1942657363558955,10.249338886685178,0.90756,0.489068,0.75816,0.536952,0.046552
E4_interaction,Parallel PIAP,same_asset,0.415,15.0,1.5,0.3,0.0,0.0,250000,698.9213846513595,3.531240408523442,-419.55048791751926,1765.620204261721,-934.7760779994783,-713.9730533344037,-1201.7568426131813,0.519272,849.3328195727852,0.8229063666736879,614.7609054347463,3.4792460666637712,607.9415831440853,621.5802277254073,0.90756,1.202861851546775,0.510932,0.17567247502487995,3.1942657363558955,10.249338886685178,0.90756,0.489068,0.75816,0.526716,0.035728
E4_interaction,Parallel PIAP,same_asset,0.415,15.0,1.5,0.0,0.0,0.1,250000,324.8204073699862,3.0108798018266203,-559.4006505566923,1505.43990091331,-1225.2505355833287,-909.8176432046507,-1674.6370654039565,0.547688,1134.6716426483085,0.28626819879966303,240.6599281533729,3.0352991110984893,234.71074189561986,246.60911441112594,0.90756,1.202861851546775,0.510932,0.17567247502487995,3.1942657363558955,10.249338886685178,0.90756,0.489068,0.75816,0.557976,0.094716
E4_interaction,Parallel PIAP,same_asset,0.415,15.0,1.5,0.1,0.0,0.1,250000,419.9333483951607,3.067679144270897,-512.783929676968,1533.8395721354486,-1112.0488262009408,-828.1592230601304,-1520.0455239412897,0.532584,1039.558701623134,0.4039534734685882,335.7728691785474,3.081901825098159,329.732341601355,341.8133967557398,0.90756,1.202861851546775,0.510932,0.17567247502487995,3.1942657363558955,10.249338886685178,0.90756,0.489068,0.75816,0.542872,0.067216
E4_interaction,Parallel PIAP,same_asset,0.415,15.0,1.5,0.2,0.0,0.1,250000,515.0462894203351,3.1264512103166617,-466.1672087972436,1563.2256051583308,-1012.9360881170703,-760.589774214128,-1324.15979718363,0.526476,944.4457605979596,0.5453423699993554,430.8858102037219,3.130811510199908,424.7494196437301,437.0222007637137,0.90756,1.202861851546775,0.510932,0.17567247502487995,3.1942657363558955,10.249338886685178,0.90756,0.489068,0.75816,0.536952,0.046552
E4_interaction,Parallel PIAP,same_asset,0.415,15.0,1.5,0.3,0.0,0.1,250000,610.1592304455097,3.1870868667068355,-419.55048791751926,1593.5434333534176,-934.7760779994783,-713.9730533344037,-1201.7568426131813,0.519272,849.3328195727852,0.7183982726022763,525.9987512288965,3.1819217860289832,519.7621845282797,532.2353179295133,0.90756,1.202861851546775,0.510932,0.17567247502487995,3.1942657363558955,10.249338886685178,0.90756,0.489068,0.75816,0.526716,0.035728
E4_interaction,Parallel PIAP,same_asset,0.415,15.0,1.5,0.0,0.0,0.25,250000,191.67717606121153,2.518954575001508,-559.4006505566923,1259.477287500754,-1225.2505355833287,-909.8176432046507,-1674.6370654039565,0.547688,1134.6716426483085,0.16892744020097264,107.51669684459823,2.6438966401894466,102.33465942982691,112.69873425936954,0.90756,1.202861851546775,0.510932,0.17567247502487995,3.1942657363558955,10.249338886685178,0.90756,0.489068,0.75816,0.557976,0.094716
E4_interaction,Parallel PIAP,same_asset,0.415,15.0,1.5,0.1,0.0,0.25,250000,286.790117086386,2.5724796936322134,-512.783929676968,1286.2398468161066,-1112.0488262009408,-828.1592230601304,-1520.0455239412897,0.532584,1039.558701623134,0.27587678948634736,202.62963786977272,2.6837527981904503,197.36948238531943,207.88979335422601,0.90756,1.202861851546775,0.510932,0.17567247502487995,3.1942657363558955,10.249338886685178,0.90756,0.489068,0.75816,0.542872,0.067216
E4_interaction,Parallel PIAP,same_asset,0.415,15.0,1.5,0.2,0.0,0.25,250000,381.9030581115605,2.628489125815042,-466.1672087972436,1314.244562907521,-1012.9360881170703,-760.589774214128,-1324.15979718363,0.526476,944.4457605979596,0.40436738036683556,297.74257889494726,2.726472520810338,292.398692754159,303.0864650357355,0.90756,1.202861851546775,0.510932,0.17567247502487995,3.1942657363558955,10.249338886685178,0.90756,0.489068,0.75816,0.536952,0.046552
E4_interaction,Parallel PIAP,same_asset,0.415,15.0,1.5,0.3,0.0,0.25,250000,477.015999136735,2.686827512523746,-419.55048791751926,1343.413756261873,-934.7760779994783,-713.9730533344037,-1201.7568426131813,0.519272,849.3328195727852,0.5616361314951591,392.8555199201217,2.771923415035392,387.42255002665235,398.28848981359107,0.90756,1.202861851546775,0.510932,0.17567247502487995,3.1942657363558955,10.249338886685178,0.90756,0.489068,0.75816,0.526716,0.035728
E4_interaction,Parallel PIAP,same_asset,0.415,15.0,1.5,0.0,0.0,0.5,250000,-30.228209453412987,1.7955370518156764,-559.4006505566923,897.7685259078381,-1225.2505355833287,-909.8176432046507,-1674.6370654039565,0.552332,1134.6716426483085,-0.026640490796844756,-114.38868867002624,2.1674947669342495,-118.63697841321736,-110.14039892683512,0.90756,1.202861851546775,0.510932,0.17567247502487995,3.1942657363558955,10.249338886685178,0.90756,0.489068,0.780904,0.557976,0.094716
E4_interaction,Parallel PIAP,same_asset,0.415,15.0,1.5,0.1,0.0,0.5,250000,64.88473157176149,1.8371831829756546,-512.783929676968,918.5915914878274,-1112.0488262009408,-828.1592230601304,-1520.0455239412897,0.533944,1039.558701623134,0.06241564951594607,-19.275747644851773,2.188410912651908,-23.565033033649513,-14.986462256054033,0.90756,1.202861851546775,0.510932,0.17567247502487995,3.1942657363558955,10.249338886685178,0.90756,0.489068,0.779604,0.542872,0.067216
E4_interaction,Parallel PIAP,same_asset,0.415,15.0,1.5,0.2,0.0,0.5,250000,159.99767259693604,1.8829005492385853,-466.1672087972436,941.4502746192926,-1012.9360881170703,-760.589774214128,-1324.15979718363,0.526476,944.4457605979596,0.16940906431263586,75.83719338032279,2.2133763276246845,71.4989757781784,80.17541098246717,0.90756,1.202861851546775,0.510932,0.17567247502487995,3.1942657363558955,10.249338886685178,0.90756,0.489068,0.766636,0.536952,0.046552
E4_interaction,Parallel PIAP,same_asset,0.415,15.0,1.5,0.3,0.0,0.5,250000,255.11061362211052,1.9324002163077283,-419.55048791751926,966.2001081538641,-934.7760779994783,-713.9730533344037,-1201.7568426131813,0.519272,849.3328195727852,0.30036589631663035,170.95013440549727,2.242255761485182,166.5553131129863,175.34495569800822,0.90756,1.202861851546775,0.510932,0.17567247502487995,3.1942657363558955,10.249338886685178,0.90756,0.489068,0.76336,0.526716,0.035728
E4_interaction,Parallel PIAP,same_asset,0.415,18.0,1.5,0.0,0.0,0.0,250000,831.5431113498189,4.436632776894302,-559.4006505566923,2218.316388447151,-1225.2505355833287,-909.8176432046507,-1675.1694605394102,0.519544,1134.6716426483085,0.732849116955993,329.4865568589454,4.435473511118919,320.7930287771523,338.1800849407385,0.90756,1.202861851546775,0.510932,0.17567247502487995,3.1942657363558955,13.249338886685178,0.90756,0.489068,0.52036,0.510932,0.094716
E4_interaction,Parallel PIAP,same_asset,0.415,18.0,1.5,0.1,0.0,0.0,250000,926.6560523749936,4.498374564995586,-512.783929676968,2249.187282497793,-1112.0488262009408,-828.1592230601304,-1520.0455239412897,0.516304,1039.558701623134,0.8913936759205057,424.59949788411984,4.486363850269618,415.8062247375914,433.3927710306483,0.90756,1.202861851546775,0.510932,0.17567247502487995,3.1942657363558955,13.249338886685178,0.90756,0.489068,0.516344,0.510932,0.067216
E4_interaction,Parallel PIAP,same_asset,0.415,18.0,1.5,0.2,0.0,0.0,250000,1021.768993400168,4.5613397970480545,-466.1672087972436,2280.6698985240273,-1012.9360881170703,-760.589774214128,-1324.15979718363,0.513116,944.4457605979596,1.0818715441670812,519.7124389092944,4.538753090147477,510.81648285260536,528.6083949659835,0.90756,1.202861851546775,0.510932,0.17567247502487995,3.1942657363558955,13.249338886685178,0.90756,0.489068,0.516168,0.510932,0.046552
E4_interaction,Parallel PIAP,same_asset,0.415,18.0,1.5,0.3,0.0,0.0,250000,1116.8819344253423,4.625478510210412,-419.55048791751926,2312.7392551052058,-934.7760779994783,-713.9730533344037,-1201.7568426131813,0.511564,849.3328195727852,1.3150109223226938,614.8253799344689,4.592589935623393,605.823903660647,623.8268562082907,0.90756,1.202861851546775,0.510932,0.17567247502487995,3.1942657363558955,13.249338886685178,0.90756,0.489068,0.513116,0.510932,0.035728
E4_interaction,Parallel PIAP,same_asset,0.415,18.0,1.5,0.0,0.0,0.1,250000,723.5080554739955,4.018569585071696,-559.4006505566923,2009.2847925358483,-1225.2505355833287,-909.8176432046507,-1675.1694605394102,0.519544,1134.6716426483085,0.6376365005344958,221.4515009831218,4.090771720540974,213.4335884108615,229.46941355538212,0.90756,1.202861851546775,0.510932,0.17567247502487995,3.1942657363558955,13.249338886685178,0.90756,0.489068,0.52036,0.510932,0.094716
E4_interaction,Parallel PIAP,same_asset,0.415,18.0,1.5,0.1,0.0,0.1,250000,818.6209964991699,4.079428041327088,-512.783929676968,2039.7140206635438,-1112.0488262009408,-828.1592230601304,-1520.0455239412897,0.516304,1039.558701623134,0.7874697169298867,316.56444200829634,4.138794136347238,308.45240550105575,324.6764785155369,0.90756,1.202861851546775,0.510932,0.17567247502487995,3.1942657363558955,13.249338886685178,0.90756,0.489068,0.516344,0.510932,0.067216
E4_interaction,Parallel PIAP,same_asset,0.415,18.0,1.5,0.2,0.0,0.1,250000,913.7339375243445,4.141660109885527,-466.1672087972436,2070.8300549427636,-1012.9360881170703,-760.589774214128,-1324.15979718363,0.513116,944.4457605979596,0.9674816444152701,411.67738303347085,4.188508591813509,403.46790619351634,419.88685987342535,0.90756,1.202861851546775,0.510932,0.17567247502487995,3.1942657363558955,13.249338886685178,0.90756,0.489068,0.516168,0.510932,0.046552
E4_interaction,Parallel PIAP,same_asset,0.415,18.0,1.5,0.3,0.0,0.1,250000,1008.8468785495188,4.2052048076659725,-419.55048791751926,2102.602403832986,-934.7760779994783,-713.9730533344037,-1201.7568426131813,0.511564,849.3328195727852,1.187811015070593,506.79032405864535,4.239855567289724,498.4802071467575,515.1004409705332,0.90756,1.202861851546775,0.510932,0.17567247502487995,3.1942657363558955,13.249338886685178,0.90756,0.489068,0.513116,0.510932,0.035728
E4_interaction,Parallel PIAP,same_asset,0.415,18.0,1.5,0.0,0.0,0.25,250000,561.4554716602602,3.409991946688589,-559.4006505566923,1704.9959733442945,-1225.2505355833287,-909.8176432046507,-1675.1694605394102,0.519544,1134.6716426483085,0.49481757590225006,59.39891716938654,3.6203939245653984,52.30294507723836,66.49488926153472,0.90756,1.202861851546775,0.510932,0.17567247502487995,3.1942657363558955,13.249338886685178,0.90756,0.489068,0.52036,0.510932,0.094716
E4_interaction,Parallel PIAP,same_asset,0.415,18.0,1.5,0.1,0.0,0.25,250000,656.5684126854346,3.4688080326327646,-512.783929676968,1734.4040163163822,-1112.0488262009408,-828.1592230601304,-1520.0455239412897,0.516304,1039.558701623134,0.6315837784439584,154.51185819456106,3.6625412296639994,147.33327738441963,161.69043900470248,0.90756,1.202861851546775,0.510932,0.17567247502487995,3.1942657363558955,13.249338886685178,0.90756,0.489068,0.516344,0.510932,0.067216
E4_interaction,Parallel PIAP,same_asset,0.415,18.0,1.5,0.2,0.0,0.25,250000,751.6813537106092,3.529305447985897,-466.1672087972436,1764.6527239929485,-1012.9360881170703,-760.589774214128,-1324.15979718363,0.513116,944.4457605979596,0.7958967947875535,249.6247992197356,3.7067435892028047,242.3595817848981,256.8900166545731,0.90756,1.202861851546775,0.510932,0.17567247502487995,3.1942657363558955,13.249338886685178,0.90756,0.489068,0.516168,0.510932,0.046552
E4_interaction,Parallel PIAP,same_asset,0.415,18.0,1.5,0.3,0.0,0.25,250000,846.7942947357835,3.591399227356526,-419.55048791751926,1795.699613678263,-934.7760779994783,-713.9730533344037,-1201.7568426131813,0.511564,849.3328195727852,0.9970111541924419,344.73774024491007,3.7529283899845836,337.38200060054027,352.0934798892799,0.90756,1.202861851546775,0.510932,0.17567247502487995,3.1942657363558955,13.249338886685178,0.90756,0.489068,0.513116,0.510932,0.035728
E4_interaction,Parallel PIAP,same_asset,0.415,18.0,1.5,0.0,0.0,0.5,250000,291.3678319707013,2.4853375516059484,-559.4006505566923,1242.668775802974,-1225.2505355833287,-909.8176432046507,-1675.1694605394102,0.519544,1134.6716426483085,0.25678603484850704,-210.6887225201723,3.024169647968835,-216.61609503019122,-204.76135001015336,0.90756,1.202861851546775,0.510932,0.17567247502487995,3.1942657363558955,13.249338886685178,0.90756,0.489068,0.52036,0.510932,0.094716
E4_interaction,Parallel PIAP,same_asset,0.415,18.0,1.5,0.1,0.0,0.5,250000,386.48077299587584,2.5366134110245078,-512.783929676968,1268.306705512254,-1112.0488262009408,-828.1592230601304,-1520.0455239412897,0.516304,1039.558701623134,0.37177388096741143,-115.5757814949978,3.050488306885433,-121.55473857649325,-109.59682441350235,0.90756,1.202861851546775,0.510932,0.17567247502487995,3.1942657363558955,13.249338886685178,0.90756,0.489068,0.516344,0.510932,0.067216
E4_interaction,Parallel PIAP,same_asset,0.415,18.0,1.5,0.2,0.0,0.5,250000,481.59371402105035,2.590501136016912,-466.1672087972436,1295.250568008456,-1012.9360881170703,-760.589774214128,-1324.15979718363,0.513116,944.4457605979596,0.5099220454080259,-20.462840469823234,3.079633005463857,-26.498921160532394,-14.426759779114075,0.90756,1.202861851546775,0.510932,0.17567247502487995,3.1942657363558955,13.249338886685178,0.90756,0.489068,0.516168,0.510932,0.046552
E4_interaction,Parallel PIAP,same_asset,0.415,18.0,1.5,0.3,0.0,0.5,250000,576.7066550462248,2.6468412044490335,-419.55048791751926,1323.4206022245166,-934.7760779994783,-713.9730533344037,-1201.7568426131813,0.511564,849.3328195727852,0.67901138606219,74.65010055535124,3.1115243327650064,68.55151286313183,80.74868824757066,0.90756,1.202861851546775,0.510932,0.17567247502487995,3.1942657363558955,13.249338886685178,0.90756,0.489068,0.513116,0.510932,0.035728
E4_interaction,Parallel PIAP,same_asset,0.6,12.0,0.0,0.0,0.0,0.0,100000,-473.3145396708682,2.0021963243828385,-559.4006505566923,633.1500707867092,-1442.6683468073456,-1148.2457813904614,-1761.583256012105,0.83931,1099.809724340859,-0.43036038797941745,-1.7454472111665933,2.2435578512266767,-6.14282059957088,2.6519261772376934,0.90443,1.3661826523750022,0.57556,0.285990978090719,2.4691750669269785,6.0,0.90443,0.42444,0.94912,0.88555,0.1088
E4_interaction,Parallel PIAP,same_asset,0.6,12.0,0.0,0.1,0.0,0.0,100000,-381.6174715968515,2.037838331317281,-512.783929676968,644.4210630159446,-1337.1671128442445,-1042.7445474273602,-1668.8346164917339,0.81902,1008.1126562668425,-0.37854645433182543,89.95162086285013,2.2712746515274316,85.49992254585636,94.4033191798439,0.90443,1.3661826523750022,0.57556,0.285990978090719,2.4691750669269785,6.0,0.90443,0.42444,0.93751,0.88399,0.07723
E4_interaction,Parallel PIAP,same_asset,0.6,12.0,0.0,0.2,0.0,0.0,100000,-289.9204035228348,2.085189535014465,-466.1672087972436,659.3948283793134,-1231.665878881143,-937.2433134642589,-1512.878677789277,0.79773,916.4155881928258,-0.31636345699286794,181.6486889368669,2.3097750199262346,177.12152989781148,186.17584797592232,0.90443,1.3661826523750022,0.57556,0.285990978090719,2.4691750669269785,6.0,0.90443,0.42444,0.93018,0.87521,0.06055
E4_interaction,Parallel PIAP,same_asset,0.6,12.0,0.0,0.3,0.0,0.0,100000,-198.22333544881806,2.143474076917113,-419.55048791751926,677.8260188585026,-1094.2090061041358,-831.7420795011576,-1389.1712177469915,0.70525,824.718520118809,-0.2403527150333207,273.34575701088363,2.3585309266179673,268.72303639471244,277.9684776270548,0.90443,1.3661826523750022,0.57556,0.285990978090719,2.4691750669269785,6.0,0.90443,0.42444,0.92925,0.86773,0.04954
E4_interaction,Parallel PIAP,same_asset,0.6,12.0,0.0,0.0,0.0,0.1,100000,-525.7181352018816,1.7393983433524454,-559.4006505566923,550.0460523317327,-1442.6683468073456,-1148.2457813904614,-1761.583256012105,0.84757,1099.809724340859,-0.4780082623082429,-54.14904274217999,2.040661499118318,-58.14873928045189,-50.14934620390808,0.90443,1.3661826523750022,0.57556,0.285990978090719,2.4691750669269785,6.0,0.90443,0.42444,0.97687,0.93018,0.1088
E4_interaction,Parallel PIAP,same_asset,0.6,12.0,0.0,0.1,0.0,0.1,100000,-434.02106712786497,1.7584902644201517,-512.783929676968,556.0834478799433,-1337.1671128442445,-1042.7445474273602,-1668.8346164917339,0.83931,1008.1126562668425,-0.43052833870283413,37.548025331836726,2.052369980009303,33.52538017101849,41.57067049265496,0.90443,1.3661826523750022,0.57556,0.285990978090719,2.4691750669269785,6.0,0.90443,0.42444,0.96804,0.90086,0.07723
E4_interaction,Parallel PIAP,same_asset,0.6,12.0,0.0,0.2,0.0,0.1,100000,-342.32399905384824,1.7917323495426623,-466.1672087972436,566.5955181959763,-1231.665878881143,-937.2433134642589,-1512.878677789277,0.81681,916.4155881928258,-0.3735466784550361,129.24509340585348,2.0763865499557013,125.17537576794031,133.31481104376667,0.90443,1.3661826523750022,0.57556,0.285990978090719,2.4691750669269785,6.0,0.90443,0.42444,0.96804,0.90086,0.06055
E4_interaction,Parallel PIAP,same_asset,0.6,12.0,0.0,0.3,0.0,0.1,100000,-250.6269309798315,1.8383571480723953,-419.55048791751926,581.339574076019,-1094.2090061041358,-831.7420795011576,-1389.1712177469915,0.71787,824.718520118809,-0.3038939042422937,220.94216147987024,2.1122914249611684,216.80207028694633,225.08225267279414,0.90443,1.3661826523750022,0.57556,0.285990978090719,2.4691750669269785,6.0,0.90443,0.42444,0.96167,0.88555,0.04954
E4_interaction,Parallel PIAP,same_asset,0.6,12.0,0.0,0.0,0.0,0.25,100000,-604.3235284984017,1.4243193908549578,-559.4006505566923,450.40933906452676,-1442.6683468073456,-1148.2457813904614,-1761.583256012105,0.95795,1099.809724340859,-0.549480073801481,-132.75443603870008,1.8271631165111788,-136.335675747062,-129.17319633033816,0.90443,1.3661826523750022,0.57556,0.285990978090719,2.4691750669269785,6.0,0.90443,0.42444,1.0,0.97687,0.1088
E4_interaction,Parallel PIAP,same_asset,0.6,12.0,0.0,0.1,0.0,0.25,100000,-512.6264604243851,1.4069992343113484,-512.783929676968,444.93222465367927,-1337.1671128442445,-1070.035845375231,-1668.8346164917339,0.88835,1008.1126562668425,-0.5085011652593472,-41.05736796468335,1.8084877495251293,-44.60200395375261,-37.512731975614095,0.90443,1.3661826523750022,0.57556,0.285990978090719,2.4691750669269785,6.0,0.90443,0.42444,1.0,0.97687,0.07723
E4_interaction,Parallel PIAP,same_asset,0.6,12.0,0.0,0.2,0.0,0.25,100000,-420.9293923503683,1.407779582418353,-466.1672087972436,445.1789923922728,-1231.665878881143,-937.2433134642589,-1512.878677789277,0.85758,916.4155881928258,-0.45932151064828813,50.63970010933341,1.8038753324883843,47.10410445765618,54.175295761010645,0.90443,1.3661826523750022,0.57556,0.285990978090719,2.4691750669269785,6.0,0.90443,0.42444,1.0,0.96804,0.06055
E4_interaction,Parallel PIAP,same_asset,0.6,12.0,0.0,0.3,0.0,0.25,100000,-329.23232427635156,1.4266307332765729,-419.55048791751926,451.1402497150141,-1094.2090061041358,-831.7420795011576,-1389.1712177469915,0.74573,824.718520118809,-0.39920568805575307,142.3367681833501,1.8134331747466408,138.78243916084668,145.89109720585353,0.90443,1.3661826523750022,0.57556,0.285990978090719,2.4691750669269785,6.0,0.90443,0.42444,1.0,0.94912,0.04954
E4_interaction,Parallel PIAP,same_asset,0.6,12.0,0.0,0.0,0.0,0.5,100000,-735.3325173259352,1.2815079879686038,-559.4006505566923,405.2484081680444,-1547.0732184964286,-1314.092553261233,-1880.9317939479213,1.0,1099.809724340859,-0.6685997596235447,-263.76342486623355,1.799216403645052,-267.28988901737785,-260.23696071508925,0.90443,1.3661826523750022,0.57556,0.285990978090719,2.4691750669269785,6.0,0.90443,0.42444,1.0,1.0,0.10937
E4_interaction,Parallel PIAP,same_asset,0.6,12.0,0.0,0.1,0.0,0.5,100000,-643.6354492519185,1.1832962504749402,-512.783929676968,374.1911298237911,-1347.1804820309571,-1111.1674503571094,-1690.43058254262,1.0,1008.1126562668425,-0.6384558761868687,-172.06635679221682,1.725180781240763,-175.44771112344873,-168.68500246098492,0.90443,1.3661826523750022,0.57556,0.285990978090719,2.4691750669269785,6.0,0.90443,0.42444,1.0,1.0,0.07723
E4_interaction,Parallel PIAP,same_asset,0.6,12.0,0.0,0.2,0.0,0.5,100000,-551.9383811779018,1.0997057327679776,-466.1672087972436,347.75748714912737,-1231.665878881143,-996.1278265476358,-1511.535186132733,1.0,916.4155881928258,-0.6022795643037083,-80.36928871820007,1.6632958780426086,-83.62934863916358,-77.10922879723655,0.90443,1.3661826523750022,0.57556,0.285990978090719,2.4691750669269785,6.0,0.90443,0.42444,1.0,1.0,0.06055
E4_interaction,Parallel PIAP,same_asset,0.6,12.0,0.0,0.3,0.0,0.5,100000,-460.24131310388503,1.0342875664492182,-419.55048791751926,327.07044655722814,-1094.2090061041358,-852.9686445717239,-1389.1712177469915,0.92014,824.718520118809,-0.5580586610781854,11.327779355816645,1.6149591378727093,8.162459445586135,14.493099266047155,0.90443,1.3661826523750022,0.57556,0.285990978090719,2.4691750669269785,6.0,0.90443,0.42444,1.0,1.0,0.04954
E4_interaction,Parallel PIAP,same_asset,0.6,15.0,0.0,0.0,0.0,0.0,100000,81.07236136344707,4.40093917501269,-559.4006505566923,1391.6991636902487,-1442.6683468073456,-1148.2457813904614,-1775.176070314551,0.6302,1099.809724340859,0.07371489774018464,-4.313784302299988,4.837562375200623,-13.795406557693209,5.167837953093233,0.90443,1.3661826523750022,0.57556,0.285990978090719,2.4691750669269785,9.0,0.90443,0.42444,0.76508,0.66962,0.10094
E4_interaction,Parallel PIAP,same_asset,0.6,15.0,0.0,0.1,0.0,0.0,100000,172.76942943746377,4.487604823840569,-512.783929676968,1419.105248209489,-1307.724856302556,-1042.7445474273602,-1627.0811211227704,0.6302,1008.1126562668425,0.17137908979066777,87.38328377171673,4.905485768988183,77.76853166449989,96.99803587893358,0.90443,1.3661826523750022,0.57556,0.285990978090719,2.4691750669269785,9.0,0.90443,0.42444,0.76508,0.66962,0.07723
E4_interaction,Parallel PIAP,same_asset,0.6,15.0,0.0,0.2,0.0,0.0,100000,264.4664975114805,4.578227154356467,-466.1672087972436,1447.7625453397707,-1172.7813657977663,-937.2433134642589,-1478.9861719309895,0.60826,916.4155881928258,0.28858795170977963,179.08035184573345,4.97763065269697,169.3241957664474,188.8365079250195,0.90443,1.3661826523750022,0.57556,0.285990978090719,2.4691750669269785,9.0,0.90443,0.42444,0.76508,0.64737,0.06055
E4_interaction,Parallel PIAP,same_asset,0.6,15.0,0.0,0.3,0.0,0.0,100000,356.16356558549717,4.672575958499837,-419.55048791751926,1477.5982569003888,-1037.8378752929766,-831.7420795011576,-1330.8912227392088,0.60363,824.718520118809,0.4318607584248117,270.77741991975023,5.0538162401026545,260.871940089149,280.68289975035145,0.90443,1.3661826523750022,0.57556,0.285990978090719,2.4691750669269785,9.0,0.90443,0.42444,0.76508,0.63247,0.04954
E4_interaction,Parallel PIAP,same_asset,0.6,15.0,0.0,0.0,0.0,0.1,100000,-0.7530986156121726,3.8899756513656865,-559.4006505566923,1230.1183100912651,-1442.6683468073456,-1148.2457813904614,-1775.176070314551,0.63105,1099.809724340859,-0.0006847535523142621,-86.13924428135923,4.434699688564792,-94.83125567094622,-77.44723289177223,0.90443,1.3661826523750022,0.57556,0.285990978090719,2.4691750669269785,9.0,0.90443,0.42444,0.77228,0.66962,0.10094
E4_interaction,Parallel PIAP,same_asset,0.6,15.0,0.0,0.1,0.0,0.1,100000,90.94396945840454,3.972615905471704,-512.783929676968,1256.251453030275,-1307.724856302556,-1042.7445474273602,-1627.0811211227704,0.6302,1008.1126562668425,0.09021210962193507,5.557823792657483,4.495306146964703,-3.2529762553933343,14.368623840708299,0.90443,1.3661826523750022,0.57556,0.285990978090719,2.4691750669269785,9.0,0.90443,0.42444,0.76508,0.66962,0.07723
E4_interaction,Parallel PIAP,same_asset,0.6,15.0,0.0,0.2,0.0,0.1,100000,182.64103753242128,4.059886585328414,-466.1672087972436,1283.8488651601328,-1172.7813657977663,-937.2433134642589,-1478.9861719309895,0.60826,916.4155881928258,0.19929935706636107,97.25489186667424,4.56072678103552,88.31586737584462,106.19391635750387,0.90443,1.3661826523750022,0.57556,0.285990978090719,2.4691750669269785,9.0,0.90443,0.42444,0.76508,0.64737,0.06055
E4_interaction,Parallel PIAP,same_asset,0.6,15.0,0.0,0.3,0.0,0.1,100000,274.338105606438,4.151495685676002,-419.55048791751926,1312.818206309863,-1037.8378752929766,-831.7420795011576,-1330.8912227392088,0.60363,824.718520118809,0.3326445313328441,188.95195994069098,4.630757559698474,179.875675123682,198.02824475769998,0.90443,1.3661826523750022,0.57556,0.285990978090719,2.4691750669269785,9.0,0.90443,0.42444,0.76508,0.63247,0.04954
E4_interaction,Parallel PIAP,same_asset,0.6,15.0,0.0,0.0,0.0,0.25,100000,-123.49128858420099,3.1532606966316217,-559.4006505566923,997.1485857645159,-1442.6683468073456,-1148.2457813904614,-1775.176070314551,0.6374,1099.809724340859,-0.11228423049106255,-208.87743424994804,3.9024433054274708,-216.52622312858588,-201.2286453713102,0.90443,1.3661826523750022,0.57556,0.285990978090719,2.4691750669269785,9.0,0.90443,0.42444,0.79732,0.66962,0.10094
E4_interaction,Parallel PIAP,same_asset,0.6,15.0,0.0,0.1,0.0,0.25,100000,-31.79422051018429,3.226758788970789,-512.783929676968,1020.3907233114301,-1307.724856302556,-1042.7445474273602,-1627.0811211227704,0.6374,1008.1126562668425,-0.03153836063116394,-117.18036617593135,3.9483455365947,-124.91912342765697,-109.44160892420574,0.90443,1.3661826523750022,0.57556,0.285990978090719,2.4691750669269785,9.0,0.90443,0.42444,0.78276,0.66962,0.07723
E4_interaction,Parallel PIAP,same_asset,0.6,15.0,0.0,0.2,0.0,0.25,100000,59.90284756383244,3.3063767076079986,-466.1672087972436,1045.5681198569853,-1172.7813657977663,-937.2433134642589,-1478.9861719309895,0.60826,916.4155881928258,0.0653664651012332,-25.483298101914585,4.00012957162051,-33.32355206229079,-17.643044141538383,0.90443,1.3661826523750022,0.57556,0.285990978090719,2.4691750669269785,9.0,0.90443,0.42444,0.77447,0.64737,0.06055
E4_interaction,Parallel PIAP,same_asset,0.6,15.0,0.0,0.3,0.0,0.25,100000,151.5999156378492,3.3916835011774285,-419.55048791751926,1072.5444966135055,-1037.8378752929766,-831.7420795011576,-1330.8912227392088,0.60363,824.718520118809,0.18382019069489272,66.21376997210216,4.057570220254046,58.260932340404224,74.16660760380009,0.90443,1.3661826523750022,0.57556,0.285990978090719,2.4691750669269785,9.0,0.90443,0.42444,0.77228,0.63247,0.04954
E4_interaction,Parallel PIAP,same_asset,0.6,15.0,0.0,0.0,0.0,0.5,100000,-328.0549385318491,2.0984336694494172,-559.4006505566923,663.582991424505,-1442.6683468073456,-1148.2457813904614,-1775.176070314551,0.66992,1099.809724340859,-0.29828335872230977,-413.44108419759607,3.3078242419438664,-419.924419711806,-406.9577486833861,0.90443,1.3661826523750022,0.57556,0.285990978090719,2.4691750669269785,9.0,0.90443,0.42444,0.90086,0.6873,0.10094
E4_interaction,Parallel PIAP,same_asset,0.6,15.0,0.0,0.1,0.0,0.5,100000,-236.35787045783238,2.137973562708424,-512.783929676968,676.086603538345,-1307.724856302556,-1042.7445474273602,-1627.0811211227704,0.65536,1008.1126562668425,-0.23445581105299565,-321.74401612357946,3.316723951182226,-328.24479506789663,-315.2432371792623,0.90443,1.3661826523750022,0.57556,0.285990978090719,2.4691750669269785,9.0,0.90443,0.42444,0.88555,0.68589,0.07723
E4_interaction,Parallel PIAP,same_asset,0.6,15.0,0.0,0.2,0.0,0.5,100000,-144.66080238381562,2.1885322555848576,-466.1672087972436,692.074666039391,-1172.7813657977663,-937.2433134642589,-1478.9861719309895,0.61765,916.4155881928258,-0.15785502150731323,-230.04694804956267,3.3332941229711706,-236.58020453058617,-223.51369156853917,0.90443,1.3661826523750022,0.57556,0.285990978090719,2.4691750669269785,9.0,0.90443,0.42444,0.88399,0.65457,0.06055
E4_interaction,Parallel PIAP,same_asset,0.6,15.0,0.0,0.3,0.0,0.5,100000,-52.963734309798895,2.2493668668682143,-419.55048791751926,711.3122592620296,-1037.8378752929766,-831.7420795011576,-1330.8912227392088,0.61083,824.718520118809,-0.06422037703502637,-138.34987997554592,3.357421189135562,-144.93042550625162,-131.7693344448402,0.90443,1.3661826523750022,0.57556,0.285990978090719,2.4691750669269785,9.0,0.90443,0.42444,0.87521,0.63276,0.04954
E4_interaction,Parallel PIAP,same_asset,0.6,18.0,0.0,0.0,0.0,0.0,100000,497.5914455364862,6.33525645333047,-559.4006505566923,2003.3839953804506,-1442.6683468073456,-1148.2457813904614,-1775.176070314551,0.60756,1099.809724340859,0.45243412067001326,-6.243413972573031,6.917109794297136,-19.800949169395416,7.314121224249354,0.90443,1.3661826523750022,0.57556,0.285990978090719,2.4691750669269785,12.0,0.90443,0.42444,0.61169,0.57556,0.10094
E4_interaction,Parallel PIAP,same_asset,0.6,18.0,0.0,0.1,0.0,0.0,100000,589.2885136105031,6.4324475619494,-512.783929676968,2034.1185225357146,-1307.724856302556,-1042.7445474273602,-1627.0811211227704,0.59354,1008.1126562668425,0.5845462904837505,85.45365410144366,6.993666958119856,71.74606686352874,99.16124133935858,0.90443,1.3661826523750022,0.57556,0.285990978090719,2.4691750669269785,12.0,0.90443,0.42444,0.60756,0.57556,0.07723
E4_interaction,Parallel PIAP,same_asset,0.6,18.0,0.0,0.2,0.0,0.0,100000,680.9855816845198,6.53211484391741,-466.1672087972436,2065.6360844574288,-1172.7813657977663,-937.2433134642589,-1478.9861719309895,0.58427,916.4155881928258,0.7430968988943383,177.15072217546046,7.073017922002426,163.2876070483357,191.01383730258522,0.90443,1.3661826523750022,0.57556,0.285990978090719,2.4691750669269785,12.0,0.90443,0.42444,0.60408,0.57556,0.06055
E4_interaction,Parallel PIAP,same_asset,0.6,18.0,0.0,0.3,0.0,0.0,100000,772.6826497585365,6.634146698721514,-419.55048791751926,2097.9013899646848,-1037.8378752929766,-831.7420795011576,-1330.8912227392088,0.57839,824.718520118809,0.9369046903993665,268.84779024947716,7.155069735367471,254.82385356815692,282.8717269307974,0.90443,1.3661826523750022,0.57556,0.285990978090719,2.4691750669269785,12.0,0.90443,0.42444,0.59354,0.57556,0.04954
E4_interaction,Parallel PIAP,same_asset,0.6,18.0,0.0,0.0,0.0,0.1,100000,393.6609033274903,5.672490361277196,-559.4006505566923,1793.798954698734,-1442.6683468073456,-1148.2457813904614,-1775.176070314551,0.60756,1099.809724340859,0.3579354633942887,-110.17395618156907,6.390023441066443,-122.69840212605929,-97.64951023707884,0.90443,1.3661826523750022,0.57556,0.285990978090719,2.4691750669269785,12.0,0.90443,0.42444,0.61169,0.57556,0.10094
E4_interaction,Parallel PIAP,same_asset,0.6,18.0,0.0,0.1,0.0,0.1,100000,485.357971401507,5.767574779368961,-512.783929676968,1823.8672878149036,-1307.724856302556,-1042.7445474273602,-1627.0811211227704,0.59354,1008.1126562668425,0.48145211587645725,-18.47688810755237,6.460977775939297,-31.14040454839339,-5.8133716667113475,0.90443,1.3661826523750022,0.57556,0.285990978090719,2.4691750669269785,12.0,0.90443,0.42444,0.60756,0.57556,0.07723
E4_interaction,Parallel PIAP,same_asset,0.6,18.0,0.0,0.2,0.0,0.1,100000,577.0550394755237,5.865486012392931,-466.1672087972436,1854.8295383020277,-1172.7813657977663,-937.2433134642589,-1478.9861719309895,0.58427,916.4155881928258,0.6296870621913775,73.22017996646441,6.535082513183622,60.41141824062451,86.02894169230431,0.90443,1.3661826523750022,0.57556,0.285990978090719,2.4691750669269785,12.0,0.90443,0.42444,0.60408,0.57556,0.06055
E4_interaction,Parallel PIAP,same_asset,0.6,18.0,0.0,0.3,0.0,0.1,100000,668.7521075495404,5.966084886814409,-419.55048791751926,1886.64169562414,-1037.8378752929766,-831.7420795011576,-1330.8912227392088,0.57839,824.718520118809,0.8108852793231803,164.91724804048113,6.612231731888199,151.95727384598027,177.87722223498199,0.90443,1.3661826523750022,0.57556,0.285990978090719,2.4691750669269785,12.0,0.90443,0.42444,0.59354,0.57556,0.04954
E4_interaction,Parallel PIAP,same_asset,0.6,18.0,0.0,0.0,0.0,0.25,100000,237.76509001399637,4.703213240145226,-559.4006505566923,1487.286616031939,-1442.6683468073456,-1148.2457813904614,-1775.176070314551,0.60756,1099.809724340859,0.21618747748070186,-266.069769495063,5.673794683756468,-277.19040707522566,-254.9491319149003,0.90443,1.3661826523750022,0.57556,0.285990978090719,2.4691750669269785,12.0,0.90443,0.42444,0.61169,0.57556,0.10094
E4_interaction,Parallel PIAP,same_asset,0.6,18.0,0.0,0.1,0.0,0.25,100000,329.462158088013,4.79356690395657,-512.783929676968,1515.8589532904366,-1307.724856302556,-1042.7445474273602,-1627.0811211227704,0.59354,1008.1126562668425,0.3268108539655175,-174.37270142104634,5.733592006833608,-185.61054175444022,-163.13486108765247,0.90443,1.3661826523750022,0.57556,0.285990978090719,2.4691750669269785,12.0,0.90443,0.42444,0.60756,0.57556,0.07723
E4_interaction,Parallel PIAP,same_asset,0.6,18.0,0.0,0.2,0.0,0.25,100000,421.1592261620298,4.887493010969138,-466.1672087972436,1545.5609962816793,-1172.7813657977663,-937.2433134642589,-1478.9861719309895,0.58427,916.4155881928258,0.4595723071369367,-82.67563334702953,5.79719275834117,-94.03813115337823,-71.31313554068083,0.90443,1.3661826523750022,0.57556,0.285990978090719,2.4691750669269785,12.0,0.90443,0.42444,0.60408,0.57556,0.06055
E4_interaction,Parallel PIAP,same_asset,0.6,18.0,0.0,0.3,0.0,0.25,100000,512.8562942360466,4.9847896235418565,-419.55048791751926,1576.3288867165559,-1037.8378752929766,-831.7420795011576,-1330.8912227392088,0.57839,824.718520118809,0.6218561627089015,9.021434726987186,5.864473193990604,-2.4729327332343978,20.51580218720877,0.90443,1.3661826523750022,0.57556,0.285990978090719,2.4691750669269785,12.0,0.90443,0.42444,0.59354,0.57556,0.04954
E4_interaction,Parallel PIAP,same_asset,0.6,18.0,0.0,0.0,0.0,0.5,100000,-22.061265508493637,3.2207895512567704,-559.4006505566923,1018.5030846043026,-1442.6683468073456,-1148.2457813904614,-1775.176070314551,0.60813,1099.809724340859,-0.020059165708609692,-525.896125017553,4.775564303711176,-535.2562310528269,-516.5360189822791,0.90443,1.3661826523750022,0.57556,0.285990978090719,2.4691750669269785,12.0,0.90443,0.42444,0.61169,0.57556,0.10094
E4_interaction,Parallel PIAP,same_asset,0.6,18.0,0.0,0.1,0.0,0.5,100000,69.63580256552306,3.2937388765022346,-512.783929676968,1041.5716867591113,-1307.724856302556,-1042.7445474273602,-1627.0811211227704,0.59354,1008.1126562668425,0.0690754174472846,-434.1990569435363,4.80679801728245,-443.6203810574099,-424.7777328296627,0.90443,1.3661826523750022,0.57556,0.285990978090719,2.4691750669269785,12.0,0.90443,0.42444,0.60756,0.57556,0.07723
E4_interaction,Parallel PIAP,same_asset,0.6,18.0,0.0,0.2,0.0,0.5,100000,161.33287063953983,3.372711317147319,-466.1672087972436,1066.5449652412037,-1172.7813657977663,-937.2433134642589,-1478.9861719309895,0.58427,916.4155881928258,0.1760477153795351,-342.50198886951955,4.843122477096213,-351.9945089246281,-333.009468814411,0.90443,1.3661826523750022,0.57556,0.285990978090719,2.4691750669269785,12.0,0.90443,0.42444,0.60408,0.57556,0.06055
E4_interaction,Parallel PIAP,same_asset,0.6,18.0,0.0,0.3,0.0,0.5,100000,253.02993871355653,3.457294152972667,-419.55048791751926,1093.2924064576225,-1037.8378752929766,-831.7420795011576,-1330.8912227392088,0.57839,824.718520118809,0.3068076350184364,-250.80492079550282,4.884424107967346,-260.37839204711884,-241.2314495438868,0.90443,1.3661826523750022,0.57556,0.285990978090719,2.4691750669269785,12.0,0.90443,0.42444,0.59354,0.57556,0.04954
E4_interaction,Parallel PIAP,same_asset,0.6,12.0,0.5,0.0,0.0,0.0,100000,-369.18302296631754,2.4484431499528134,-559.4006505566923,774.265707528808,-1463.0272194234062,-1161.8183631345016,-1830.0296944369397,0.80297,1110.8505856955192,-0.33234264600505825,102.3860694933841,2.6104266962865372,97.26963316866248,107.50250581810572,0.90443,1.3661826523750022,0.57556,0.285990978090719,2.4691750669269785,6.4171632962197185,0.90443,0.42444,0.915,0.86876,0.10222
E4_interaction,Parallel PIAP,same_asset,0.6,12.0,0.5,0.1,0.0,0.0,100000,-276.3818687568349,2.503986593878455,-512.783929676968,791.8300867182952,-1349.3824364138811,-1054.9598709969964,-1701.4889437956047,0.70947,1018.0494314860365,-0.2714817770227552,195.18722370286682,2.658947855759909,189.9756859055774,200.39876150015624,0.90443,1.3661826523750022,0.57556,0.285990978090719,2.4691750669269785,6.4171632962197185,0.90443,0.42444,0.915,0.83699,0.07723
E4_interaction,Parallel PIAP,same_asset,0.6,12.0,0.5,0.2,0.0,0.0,100000,-183.58071454735213,2.5688139804052503,-466.1672087972436,812.3303063363736,-1242.5239442763757,-948.101378859491,-1561.037696719023,0.7078,925.2482772765538,-0.19841238190436578,287.98837791234956,2.7165163836143624,282.6640058004654,293.3127500242337,0.90443,1.3661826523750022,0.57556,0.285990978090719,2.4691750669269785,6.4171632962197185,0.90443,0.42444,0.89306,0.83699,0.06055
E4_interaction,Parallel PIAP,same_asset,0.6,12.0,0.5,0.3,0.0,0.0,100000,-90.77956033786941,2.642242053514054,-419.55048791751926,835.5503018584917,-1096.6143046487582,-841.2428867219858,-1406.2751223489722,0.69573,832.4471230670712,-0.10905144341589033,380.7895321218322,2.7825707942603275,375.33569336508197,386.2433708785825,0.90443,1.3661826523750022,0.57556,0.285990978090719,2.4691750669269785,6.4171632962197185,0.90443,0.42444,0.89117,0.82483,0.04954
E4_interaction,Parallel PIAP,same_asset,0.6,12.0,0.5,0.0,0.0,0.1,100000,-428.07534904398864,2.1219559954399343,-559.4006505566923,671.021404024006,-1463.0272194234062,-1161.8183631345016,-1830.0296944369397,0.81789,1110.8505856955192,-0.38535817017728324,43.493743415712984,2.334595274267632,38.91793667814842,48.06955015327755,0.90443,1.3661826523750022,0.57556,0.285990978090719,2.4691750669269785,6.4171632962197185,0.90443,0.42444,0.94519,0.8808,0.10222
E4_interaction,Parallel PIAP,same_asset,0.6,12.0,0.5,0.1,0.0,0.1,100000,-335.274194834506,2.165212854511058,-512.783929676968,684.7004239329726,-1349.3824364138811,-1054.9598709969964,-1701.4889437956047,0.72345,1018.0494314860365,-0.32932997599645986,136.2948976251957,2.369891498060998,131.64991028899613,140.93988496139525,0.90443,1.3661826523750022,0.57556,0.285990978090719,2.4691750669269785,6.4171632962197185,0.90443,0.42444,0.93491,0.87657,0.07723
E4_interaction,Parallel PIAP,same_asset,0.6,12.0,0.5,0.2,0.0,0.1,100000,-242.47304062502326,2.2197697096605826,-466.1672087972436,701.9528163578111,-1242.5239442763757,-948.101378859491,-1561.037696719023,0.70867,925.2482772765538,-0.2620626772078267,229.09605183467843,2.4158265108159367,224.3610318734792,233.83107179587768,0.90443,1.3661826523750022,0.57556,0.285990978090719,2.4691750669269785,6.4171632962197185,0.90443,0.42444,0.92925,0.87158,0.06055
E4_interaction,Parallel PIAP,same_asset,0.6,12.0,0.5,0.3,0.0,0.1,100000,-149.67188641554054,2.2848172404688283,-419.55048791751926,722.5226517102141,-1096.6143046487582,-841.2428867219858,-1406.2751223489722,0.70154,832.4471230670712,-0.17979746973488106,321.8972060441612,2.471807263516043,317.0524638076697,326.74194828065265,0.90443,1.3661826523750022,0.57556,0.285990978090719,2.4691750669269785,6.4171632962197185,0.90443,0.42444,0.92925,0.83699,0.04954
E4_interaction,Parallel PIAP,same_asset,0.6,12.0,0.5,0.0,0.0,0.25,100000,-516.4138381604953,1.6950519962660593,-559.4006505566923,536.0225060615975,-1463.0272194234062,-1161.8183631345016,-1830.0296944369397,0.85508,1110.8505856955192,-0.46488145643562073,-44.84474570079369,2.0032761599357345,-48.77116697426773,-40.91832442731965,0.90443,1.3661826523750022,0.57556,0.285990978090719,2.4691750669269785,6.4171632962197185,0.90443,0.42444,0.98991,0.94519,0.10222
E4_interaction,Parallel PIAP,same_asset,0.6,12.0,0.5,0.1,0.0,0.25,100000,-423.6126839510126,1.710032868478965,-512.783929676968,540.7598738144684,-1349.3824364138811,-1054.9598709969964,-1701.4889437956047,0.76004,1018.0494314860365,-0.41610227445701675,47.95640850868902,2.01115083307849,44.01455287585518,51.898264141522866,0.90443,1.3661826523750022,0.57556,0.285990978090719,2.4691750669269785,6.4171632962197185,0.90443,0.42444,0.98746,0.921,0.07723
E4_interaction,Parallel PIAP,same_asset,0.6,12.0,0.5,0.2,0.0,0.25,100000,-330.8115297415299,1.7404036751114667,-466.1672087972436,550.3639661479938,-1242.5239442763757,-948.101378859491,-1561.037696719023,0.73803,925.2482772765538,-0.357538120163018,140.75756271817178,2.0322700051046385,136.7743135081667,144.74081192817687,0.90443,1.3661826523750022,0.57556,0.285990978090719,2.4691750669269785,6.4171632962197185,0.90443,0.42444,0.97566,0.915,0.06055
E4_interaction,Parallel PIAP,same_asset,0.6,12.0,0.5,0.3,0.0,0.25,100000,-238.0103755320472,1.7853792015241092,-419.55048791751926,564.586476390895,-1096.6143046487582,-841.2428867219858,-1406.2751223489722,0.71683,832.4471230670712,-0.2859165092133671,233.55871692765447,2.066227594853474,229.50891084174165,237.6085230135673,0.90443,1.3661826523750022,0.57556,0.285990978090719,2.4691750669269785,6.4171632962197185,0.90443,0.42444,0.9696,0.89351,0.04954
E4_interaction,Parallel PIAP,same_asset,0.6,12.0,0.5,0.0,0.0,0.5,100000,-663.6446533546732,1.334450630877999,-559.4006505566923,421.9903418623097,-1463.0272194234062,-1161.8183631345016,-1827.072277859113,1.0,1110.8505856955192,-0.5974202668661834,-192.0755608949715,1.8003146985898657,-195.60417770420761,-188.54694408573536,0.90443,1.3661826523750022,0.57556,0.285990978090719,2.4691750669269785,6.4171632962197185,0.90443,0.42444,1.0,1.0,0.10222
E4_interaction,Parallel PIAP,same_asset,0.6,12.0,0.5,0.1,0.0,0.5,100000,-570.8434991451904,1.2679533764867699,-512.783929676968,400.96206365991793,-1349.3824364138811,-1074.8564953978937,-1701.4889437956047,0.92014,1018.0494314860365,-0.5607227718912783,-99.27440668548877,1.7460473796105385,-102.69665954952542,-95.85215382145212,0.90443,1.3661826523750022,0.57556,0.285990978090719,2.4691750669269785,6.4171632962197185,0.90443,0.42444,1.0,1.0,0.07723
E4_interaction,Parallel PIAP,same_asset,0.6,12.0,0.5,0.2,0.0,0.5,100000,-478.04234493570766,1.2200141160937328,-466.1672087972436,385.80233844132835,-1242.5239442763757,-948.101378859491,-1561.037696719023,0.8894,925.2482772765538,-0.5166638584216702,-6.473252476005997,1.7058755199489786,-9.816768495105995,-3.129736456905999,0.90443,1.3661826523750022,0.57556,0.285990978090719,2.4691750669269785,6.4171632962197185,0.90443,0.42444,1.0,1.0,0.06055
E4_interaction,Parallel PIAP,same_asset,0.6,12.0,0.5,0.3,0.0,0.5,100000,-385.24119072622494,1.1928723828733756,-419.55048791751926,377.2193687792298,-1096.6143046487582,-841.2428867219858,-1406.2751223489722,0.85083,832.4471230670712,-0.4627815750108438,86.3279017334767,1.6808100806182207,83.03351397546498,89.6222894914884,0.90443,1.3661826523750022,0.57556,0.285990978090719,2.4691750669269785,6.4171632962197185,0.90443,0.42444,1.0,1.0,0.04954
E4_interaction,Parallel PIAP,same_asset,0.6,15.0,0.5,0.0,0.0,0.0,100000,185.20387806799778,4.910007683325192,-559.4006505566923,1552.6807608234355,-1456.2409285513863,-1155.0320722624815,-1798.7434940167464,0.6302,1110.8505856955192,0.1667225821842089,99.81773240225073,5.2515916707325365,89.52461272761495,110.1108520768865,0.90443,1.3661826523750022,0.57556,0.285990978090719,2.4691750669269785,9.41716329621972,0.90443,0.42444,0.76508,0.63662,0.10094
E4_interaction,Parallel PIAP,same_asset,0.6,15.0,0.5,0.1,0.0,0.0,100000,278.0050322774805,5.002553770864518,-512.783929676968,1581.9464033395952,-1326.0478416570104,-1054.9598709969964,-1648.291802454746,0.61118,1018.0494314860365,0.2730761627867906,192.61888661173344,5.327778408192223,182.1764409316767,203.0613322917902,0.90443,1.3661826523750022,0.57556,0.285990978090719,2.4691750669269785,9.41716329621972,0.90443,0.42444,0.76508,0.63662,0.07723
E4_interaction,Parallel PIAP,same_asset,0.6,15.0,0.5,0.2,0.0,0.0,100000,370.80618648696316,5.098695363551294,-466.1672087972436,1612.349044416235,-1189.0684638906146,-948.101378859491,-1497.8401108927458,0.60425,925.2482772765538,0.40076398475274366,285.42004082121616,5.40786573957984,274.8206239716397,296.01945767079263,0.90443,1.3661826523750022,0.57556,0.285990978090719,2.4691750669269785,9.41716329621972,0.90443,0.42444,0.76508,0.62595,0.06055
E4_interaction,Parallel PIAP,same_asset,0.6,15.0,0.5,0.3,0.0,0.0,100000,463.607340696446,5.198232968041963,-419.55048791751926,1643.825598718987,-1052.089086124219,-841.2428867219858,-1347.3884193307454,0.59605,832.4471230670712,0.5569210678371131,378.22119503069894,5.491683015950013,367.4574963194369,388.98489374196095,0.90443,1.3661826523750022,0.57556,0.285990978090719,2.4691750669269785,9.41716329621972,0.90443,0.42444,0.76508,0.61232,0.04954
E4_interaction,Parallel PIAP,same_asset,0.6,15.0,0.5,0.0,0.0,0.1,100000,96.88968754228081,4.353555796798744,-559.4006505566923,1376.7152238513218,-1456.2409285513863,-1155.0320722624815,-1798.7434940167464,0.6302,1110.8505856955192,0.08722116978640905,11.50354187653377,4.792207497165838,2.1108151820887286,20.896268570978812,0.90443,1.3661826523750022,0.57556,0.285990978090719,2.4691750669269785,9.41716329621972,0.90443,0.42444,0.76508,0.63662,0.10094
E4_interaction,Parallel PIAP,same_asset,0.6,15.0,0.5,0.1,0.0,0.1,100000,189.6908417517635,4.44260417688662,-512.783929676968,1404.874794153929,-1326.0478416570104,-1054.9598709969964,-1648.291802454746,0.61118,1018.0494314860365,0.18632773211696968,104.30469608601645,4.861807832808334,94.77555273371212,113.83383943832078,0.90443,1.3661826523750022,0.57556,0.285990978090719,2.4691750669269785,9.41716329621972,0.90443,0.42444,0.76508,0.63662,0.07723
E4_interaction,Parallel PIAP,same_asset,0.6,15.0,0.5,0.2,0.0,0.1,100000,282.4919959612462,4.535834770907247,-466.1672087972436,1434.3568966254948,-1189.0684638906146,-948.101378859491,-1497.8401108927458,0.60425,925.2482772765538,0.30531480349550566,197.10585029549918,4.935876772190604,187.4315318220056,206.78016876899275,0.90443,1.3661826523750022,0.57556,0.285990978090719,2.4691750669269785,9.41716329621972,0.90443,0.42444,0.76508,0.62595,0.06055
E4_interaction,Parallel PIAP,same_asset,0.6,15.0,0.5,0.3,0.0,0.1,100000,375.29315017072884,4.632995107409699,-419.55048791751926,1465.0816927831095,-1052.089086124219,-841.2428867219858,-1347.3884193307454,0.59605,832.4471230670712,0.4508312177090569,289.90700450498196,5.0142162914233435,280.0791405737922,299.7348684361717,0.90443,1.3661826523750022,0.57556,0.285990978090719,2.4691750669269785,9.41716329621972,0.90443,0.42444,0.76508,0.61232,0.04954
E4_interaction,Parallel PIAP,same_asset,0.6,15.0,0.5,0.0,0.0,0.25,100000,-35.581598246294625,3.5477207244439173,-559.4006505566923,1121.887799142538,-1456.2409285513863,-1155.0320722624815,-1798.7434940167464,0.63364,1110.8505856955192,-0.032030948810290706,-120.96774391204167,4.17244226444031,-129.14573075034468,-112.78975707373866,0.90443,1.3661826523750022,0.57556,0.285990978090719,2.4691750669269785,9.41716329621972,0.90443,0.42444,0.77559,0.63662,0.10094
E4_interaction,Parallel PIAP,same_asset,0.6,15.0,0.5,0.1,0.0,0.25,100000,57.21955596318806,3.628839850442223,-512.783929676968,1147.5399191382205,-1326.0478416570104,-1054.9598709969964,-1648.291802454746,0.61118,1018.0494314860365,0.05620508611223843,-28.166589702558998,4.228483142003756,-36.45441666088636,-19.878762744231636,0.90443,1.3661826523750022,0.57556,0.285990978090719,2.4691750669269785,9.41716329621972,0.90443,0.42444,0.76852,0.63662,0.07723
E4_interaction,Parallel PIAP,same_asset,0.6,15.0,0.5,0.2,0.0,0.25,100000,150.02071017267082,3.715429501618414,-466.1672087972436,1174.9219710898446,-1189.0684638906146,-948.101378859491,-1497.8401108927458,0.60425,925.2482772765538,0.1621410316096488,64.63456450692378,4.290063672506784,56.22603970881048,73.04308930503709,0.90443,1.3661826523750022,0.57556,0.285990978090719,2.4691750669269785,9.41716329621972,0.90443,0.42444,0.76573,0.62595,0.06055
E4_interaction,Parallel PIAP,same_asset,0.6,15.0,0.5,0.3,0.0,0.25,100000,242.82186438215354,3.807116428829783,-419.55048791751926,1203.9159232548443,-1052.089086124219,-841.2428867219858,-1347.3884193307454,0.59605,832.4471230670712,0.2916964425169731,157.4357187164065,4.356948972153001,148.89609873098664,165.9753387018264,0.90443,1.3661826523750022,0.57556,0.285990978090719,2.4691750669269785,9.41716329621972,0.90443,0.42444,0.76508,0.61232,0.04954
E4_interaction,Parallel PIAP,same_asset,0.6,15.0,0.5,0.0,0.0,0.5,100000,-256.367074560587,2.3694627327822966,-559.4006505566923,749.2899066478975,-1456.2409285513863,-1155.0320722624815,-1798.7434940167464,0.6523,1110.8505856955192,-0.2307844798047903,-341.753220226334,3.433543102849743,-348.4829647079195,-335.0234757447485,0.90443,1.3661826523750022,0.57556,0.285990978090719,2.4691750669269785,9.41716329621972,0.90443,0.42444,0.88028,0.64399,0.10094
E4_interaction,Parallel PIAP,same_asset,0.6,15.0,0.5,0.1,0.0,0.5,100000,-163.56592035110432,2.4210116697329416,-512.783929676968,765.5911118203428,-1326.0478416570104,-1054.9598709969964,-1648.291802454746,0.62322,1018.0494314860365,-0.16066599056231365,-248.95206601685138,3.4532305183233127,-255.72039783276506,-242.1837342009377,0.90443,1.3661826523750022,0.57556,0.285990978090719,2.4691750669269785,9.41716329621972,0.90443,0.42444,0.84447,0.63933,0.07723
E4_interaction,Parallel PIAP,same_asset,0.6,15.0,0.5,0.2,0.0,0.5,100000,-70.76476614162158,2.482342193927397,-466.1672087972436,784.9855264749971,-1189.0684638906146,-948.101378859491,-1497.8401108927458,0.61145,925.2482772765538,-0.07648192153344611,-156.1509118073686,3.48054093296749,-162.9727720359849,-149.3290515787523,0.90443,1.3661826523750022,0.57556,0.285990978090719,2.4691750669269785,9.41716329621972,0.90443,0.42444,0.82167,0.62595,0.06055
E4_interaction,Parallel PIAP,same_asset,0.6,15.0,0.5,0.3,0.0,0.5,100000,22.036388067861154,2.5527493865148103,-419.55048791751926,807.2502356984321,-1052.089086124219,-841.2428867219858,-1347.3884193307454,0.59605,832.4471230670712,0.026471817196833124,-63.34975759788588,3.5152966815441307,-70.23973909371237,-56.45977610205939,0.90443,1.3661826523750022,0.57556,0.285990978090719,2.4691750669269785,9.41716329621972,0.90443,0.42444,0.80933,0.61232,0.04954
E4_interaction,Parallel PIAP,same_asset,0.6,18.0,0.5,0.0,0.0,0.0,100000,601.7229622410368,6.851596489787827,-559.4006505566923,2166.665051614413,-1456.2409285513863,-1155.0320722624815,-1798.7434940167464,0.59605,1110.8505856955192,0.5416776747381283,97.88810273197763,7.336490053445805,83.50858222722385,112.2676232367314,0.90443,1.3661826523750022,0.57556,0.285990978090719,2.4691750669269785,12.41716329621972,0.90443,0.42444,0.60826,0.57556,0.10094
E4_interaction,Parallel PIAP,same_asset,0.6,18.0,0.5,0.1,0.0,0.0,100000,694.5241164505198,6.9530071235126085,-512.783929676968,2198.7339097675526,-1326.0478416570104,-1054.9598709969964,-1648.291802454746,0.59214,1018.0494314860365,0.6822106029141728,190.6892569414603,7.419135139434064,176.14775206816952,205.23076181475105,0.90443,1.3661826523750022,0.57556,0.285990978090719,2.4691750669269785,12.41716329621972,0.90443,0.42444,0.5963,0.57556,0.07723
E4_interaction,Parallel PIAP,same_asset,0.6,18.0,0.5,0.2,0.0,0.0,100000,787.3252706600025,7.056771433183276,-466.1672087972436,2231.5470656069874,-1189.0684638906146,-948.101378859491,-1497.8401108927458,0.58369,925.2482772765538,0.8509340573726607,283.4904111509431,7.504453846209703,268.7816816123721,298.1991406895141,0.90443,1.3661826523750022,0.57556,0.285990978090719,2.4691750669269785,12.41716329621972,0.90443,0.42444,0.59449,0.57556,0.06055
E4_interaction,Parallel PIAP,same_asset,0.6,18.0,0.5,0.3,0.0,0.0,100000,880.1264248694852,7.162787129364957,-419.55048791751926,2265.07217237324,-1052.089086124219,-841.2428867219858,-1347.3884193307454,0.57684,832.4471230670712,1.057276072535087,376.29156536042586,7.592356040283424,361.41054752147033,391.1725831993814,0.90443,1.3661826523750022,0.57556,0.285990978090719,2.4691750669269785,12.41716329621972,0.90443,0.42444,0.58525,0.57556,0.04954
E4_interaction,Parallel PIAP,same_asset,0.6,18.0,0.5,0.0,0.0,0.1,100000,491.30368948538325,6.144918787029571,-559.4006505566923,1943.193940377259,-1456.2409285513863,-1155.0320722624815,-1798.7434940167464,0.59605,1110.8505856955192,0.4422770225014295,-12.531170023676085,6.755977272575978,-25.772885477925,0.7105454305728323,0.90443,1.3661826523750022,0.57556,0.285990978090719,2.4691750669269785,12.41716329621972,0.90443,0.42444,0.60826,0.57556,0.10094
E4_interaction,Parallel PIAP,same_asset,0.6,18.0,0.5,0.1,0.0,0.1,100000,584.104843694866,6.244395285565005,-512.783929676968,1974.6511712802965,-1326.0478416570104,-1054.9598709969964,-1648.291802454746,0.59214,1018.0494314860365,0.5737490004215748,80.2699841858066,6.833390139812926,66.87653951177327,93.66342885983994,0.90443,1.3661826523750022,0.57556,0.285990978090719,2.4691750669269785,12.41716329621972,0.90443,0.42444,0.5963,0.57556,0.07723
E4_interaction,Parallel PIAP,same_asset,0.6,18.0,0.5,0.2,0.0,0.1,100000,676.9059979043486,6.346550201913967,-466.1672087972436,2006.9553922649657,-1189.0684638906146,-948.101378859491,-1497.8401108927458,0.58369,925.2482772765538,0.7315939024461685,173.07113839528938,6.913826299383874,159.520038848497,186.62223794208177,0.90443,1.3661826523750022,0.57556,0.285990978090719,2.4691750669269785,12.41716329621972,0.90443,0.42444,0.59449,0.57556,0.06055
E4_interaction,Parallel PIAP,same_asset,0.6,18.0,0.5,0.3,0.0,0.1,100000,769.7071521138313,6.451256299998646,-419.55048791751926,2040.0663677506236,-1052.089086124219,-841.2428867219858,-1347.3884193307454,0.57684,832.4471230670712,0.9246318844588224,265.8722926047721,6.997181489217067,252.15781688590664,279.58676832363756,0.90443,1.3661826523750022,0.57556,0.285990978090719,2.4691750669269785,12.41716329621972,0.90443,0.42444,0.58525,0.57556,0.04954
E4_interaction,Parallel PIAP,same_asset,0.6,18.0,0.5,0.0,0.0,0.25,100000,325.6747803519027,5.1102753775334495,-559.4006505566923,1616.010966368256,-1456.2409285513863,-1155.0320722624815,-1798.7434940167464,0.59605,1110.8505856955192,0.293176044146381,-178.16007915715664,5.958468904593325,-189.83867821015957,-166.48148010415372,0.90443,1.3661826523750022,0.57556,0.285990978090719,2.4691750669269785,12.41716329621972,0.90443,0.42444,0.60826,0.57556,0.10094
E4_interaction,Parallel PIAP,same_asset,0.6,18.0,0.5,0.1,0.0,0.25,100000,418.47593456138543,5.205394124473386,-512.783929676968,1646.0901552193932,-1326.0478416570104,-1054.9598709969964,-1648.291802454746,0.59214,1018.0494314860365,0.4110565966826781,-85.35892494767394,6.025289333800897,-97.1684920419237,-73.54935785342418,0.90443,1.3661826523750022,0.57556,0.285990978090719,2.4691750669269785,12.41716329621972,0.90443,0.42444,0.5963,0.57556,0.07723
E4_interaction,Parallel PIAP,same_asset,0.6,18.0,0.5,0.2,0.0,0.25,100000,511.2770887708681,5.303878104539144,-466.1672087972436,1677.2335242240345,-1189.0684638906146,-948.101378859491,-1497.8401108927458,0.58369,925.2482772765538,0.5525836700564306,7.442229261808838,6.095789762192786,-4.505518672089022,19.3899771957067,0.90443,1.3661826523750022,0.57556,0.285990978090719,2.4691750669269785,12.41716329621972,0.90443,0.42444,0.59449,0.57556,0.06055
E4_interaction,Parallel PIAP,same_asset,0.6,18.0,0.5,0.3,0.0,0.25,100000,604.0782429803509,5.405543386593773,-419.55048791751926,1709.3829092496414,-1052.089086124219,-841.2428867219858,-1347.3884193307454,0.57684,832.4471230670712,0.7256656023444261,100.24338347129155,6.169844041264267,88.15048915041359,112.33627779216951,0.90443,1.3661826523750022,0.57556,0.285990978090719,2.4691750669269785,12.41716329621972,0.90443,0.42444,0.58525,0.57556,0.04954
E4_interaction,Parallel PIAP,same_asset,0.6,18.0,0.5,0.0,0.0,0.5,100000,49.62659846276843,3.5199645819403913,-559.4006505566923,1113.110536205403,-1456.2409285513863,-1155.0320722624815,-1798.7434940167464,0.59605,1110.8505856955192,0.04467441355463347,-454.20826104629083,4.928216038105505,-463.86756448097765,-444.548957611604,0.90443,1.3661826523750022,0.57556,0.285990978090719,2.4691750669269785,12.41716329621972,0.90443,0.42444,0.60826,0.57556,0.10094
E4_interaction,Parallel PIAP,same_asset,0.6,18.0,0.5,0.1,0.0,0.5,100000,142.4277526722511,3.5989782120937357,-512.783929676968,1138.0968399536757,-1326.0478416570104,-1054.9598709969964,-1648.291802454746,0.59214,1018.0494314860365,0.13990259045118345,-361.4071068368082,4.966825257987521,-371.14208434246376,-351.6721293311527,0.90443,1.3661826523750022,0.57556,0.285990978090719,2.4691750669269785,12.41716329621972,0.90443,0.42444,0.5963,0.57556,0.07723
E4_interaction,Parallel PIAP,same_asset,0.6,18.0,0.5,0.2,0.0,0.5,100000,235.22890688173388,3.6836013741943243,-466.1672087972436,1164.8570334580256,-1189.0684638906146,-948.101378859491,-1497.8401108927458,0.58369,925.2482772765538,0.25423328274020085,-268.60595262732545,5.010506398394833,-278.4265451681793,-258.7853600864716,0.90443,1.3661826523750022,0.57556,0.285990978090719,2.4691750669269785,12.41716329621972,0.90443,0.42444,0.59449,0.57556,0.06055
E4_interaction,Parallel PIAP,same_asset,0.6,18.0,0.5,0.3,0.0,0.5,100000,328.03006109121657,3.7734566907064764,-419.55048791751926,1193.2717794633993,-1052.089086124219,-841.2428867219858,-1347.3884193307454,0.57684,832.4471230670712,0.3940551321537654,-175.80479841784276,5.059128086257411,-185.7206894669073,-165.88890736877823,0.90443,1.3661826523750022,0.57556,0.285990978090719,2.4691750669269785,12.41716329621972,0.90443,0.42444,0.58525,0.57556,0.04954
E4_interaction,Parallel PIAP,same_asset,0.6,12.0,1.0,0.0,0.0,0.0,100000,-259.8003525823279,2.948964595200991,-559.4006505566923,932.5444860031582,-1484.0298250305636,-1162.0329407982006,-1884.0205419516826,0.7078,1122.2617244848275,-0.23149711597050932,211.76873987737372,3.0496653188350393,205.79139585245704,217.7460839022904,0.90443,1.3661826523750022,0.57556,0.285990978090719,2.4691750669269785,6.834326592439437,0.90443,0.42444,0.88177,0.82084,0.10222
E4_interaction,Parallel PIAP,same_asset,0.6,12.0,1.0,0.1,0.0,0.0,100000,-165.85808449391436,3.0192392229758767,-512.783929676968,954.7672745520752,-1361.9839997781753,-1067.5614343612908,-1731.4222109816553,0.70149,1028.319456396414,-0.16129042727163628,305.7110079657873,3.114468151286102,299.6066503892665,311.8153655423081,0.90443,1.3661826523750022,0.57556,0.285990978090719,2.4691750669269785,6.834326592439437,0.90443,0.42444,0.87665,0.79735,0.07723
E4_interaction,Parallel PIAP,same_asset,0.6,12.0,1.0,0.2,0.0,0.0,100000,-71.9158164055008,3.097046462733851,-466.1672087972436,979.3720841606759,-1253.7253339335261,-959.3027685166418,-1581.135553635647,0.67348,934.3771883080004,-0.07696657977676898,399.6532760542009,3.1868233679975058,393.40710225292577,405.899449855476,0.90443,1.3661826523750022,0.57556,0.285990978090719,2.4691750669269785,6.834326592439437,0.90443,0.42444,0.87158,0.79568,0.06055
E4_interaction,Parallel PIAP,same_asset,0.6,12.0,1.0,0.3,0.0,0.0,100000,22.026451682912732,3.181833764368872,-419.55048791751926,1006.1841831433144,-1113.4893532044753,-851.0441026719927,-1423.9970441259525,0.65475,840.4349202195868,0.02620839657300022,493.5955441426145,3.2662290944181653,487.19373511755487,499.9973531676741,0.90443,1.3661826523750022,0.57556,0.285990978090719,2.4691750669269785,6.834326592439437,0.90443,0.42444,0.86876,0.78851,0.04954
E4_interaction,Parallel PIAP,same_asset,0.6,12.0,1.0,0.0,0.0,0.1,100000,-325.4981166707256,2.563701122336181,-559.4006505566923,810.7134786512307,-1484.0298250305636,-1162.0329407982006,-1884.0205419516826,0.71383,1122.2617244848275,-0.2900376174017206,146.07097578897606,2.705486630644808,140.76822199291223,151.37372958503988,0.90443,1.3661826523750022,0.57556,0.285990978090719,2.4691750669269785,6.834326592439437,0.90443,0.42444,0.915,0.83802,0.10222
E4_interaction,Parallel PIAP,same_asset,0.6,12.0,1.0,0.1,0.0,0.1,100000,-231.55584858231205,2.624653999219551,-512.783929676968,829.9884707403581,-1361.9839997781753,-1067.5614343612908,-1731.4222109816553,0.7078,1028.319456396414,-0.22517890441727478,240.01324387738958,2.759699818134646,234.60423223384566,245.4222555209335,0.90443,1.3661826523750022,0.57556,0.285990978090719,2.4691750669269785,6.834326592439437,0.90443,0.42444,0.9072,0.8214,0.07723
E4_interaction,Parallel PIAP,same_asset,0.6,12.0,1.0,0.2,0.0,0.1,100000,-137.6135804938985,2.6947229526502015,-466.1672087972436,852.1462193508706,-1253.7253339335261,-959.3027685166418,-1581.135553635647,0.67421,934.3771883080004,-0.14727840342837725,333.9555119658032,2.8228897018474255,328.4226481501823,339.48837578142417,0.90443,1.3661826523750022,0.57556,0.285990978090719,2.4691750669269785,6.834326592439437,0.90443,0.42444,0.88857,0.82084,0.06055
E4_interaction,Parallel PIAP,same_asset,0.6,12.0,1.0,0.3,0.0,0.1,100000,-43.67131240548496,2.7732170799325657,-419.55048791751926,876.968241866814,-1113.4893532044753,-851.0441026719927,-1423.9970441259525,0.65854,840.4349202195868,-0.051962753277879775,427.8977800542167,2.8944684237955243,422.22462194357746,433.57093816485593,0.90443,1.3661826523750022,0.57556,0.285990978090719,2.4691750669269785,6.834326592439437,0.90443,0.42444,0.88779,0.81243,0.04954
E4_interaction,Parallel PIAP,same_asset,0.6,12.0,1.0,0.0,0.0,0.25,100000,-424.0447628033221,2.037340273567548,-559.4006505566923,644.2635633263992,-1484.0298250305636,-1166.816614438989,-1884.0205419516826,0.73803,1122.2617244848275,-0.3778483695485375,47.52432965637954,2.261059926315726,43.09265220080072,51.956007111958364,0.90443,1.3661826523750022,0.57556,0.285990978090719,2.4691750669269785,6.834326592439437,0.90443,0.42444,0.96167,0.89306,0.10222
E4_interaction,Parallel PIAP,same_asset,0.6,12.0,1.0,0.1,0.0,0.25,100000,-330.1024947149086,2.0765953782497477,-512.783929676968,656.6771173848083,-1361.9839997781753,-1067.5614343612908,-1731.4222109816553,0.72465,1028.319456396414,-0.32101162013573253,141.4665977447931,2.2921441865035472,136.97399513924614,145.95920035034004,0.90443,1.3661826523750022,0.57556,0.285990978090719,2.4691750669269785,6.834326592439437,0.90443,0.42444,0.95811,0.88779,0.07723
E4_interaction,Parallel PIAP,same_asset,0.6,12.0,1.0,0.2,0.0,0.25,100000,-236.16022662649502,2.128431193298337,-466.1672087972436,673.0690413772857,-1253.7253339335261,-959.3027685166418,-1581.135553635647,0.6894,934.3771883080004,-0.2527461389057896,235.4088658332067,2.3349381058225918,230.83238714579443,239.98534452061898,0.90443,1.3661826523750022,0.57556,0.285990978090719,2.4691750669269785,6.834326592439437,0.90443,0.42444,0.94519,0.87782,0.06055
E4_interaction,Parallel PIAP,same_asset,0.6,12.0,1.0,0.3,0.0,0.25,100000,-142.2179585380815,2.1919553666103244,-419.55048791751926,693.157148791802,-1113.4893532044753,-851.0441026719927,-1423.9970441259525,0.66516,840.4349202195868,-0.16921947805419973,329.3511339216202,2.388812455864216,324.66906150812633,334.0332063351141,0.90443,1.3661826523750022,0.57556,0.285990978090719,2.4691750669269785,6.834326592439437,0.90443,0.42444,0.94259,0.84144,0.04954
E4_interaction,Parallel PIAP,same_asset,0.6,12.0,1.0,0.0,0.0,0.5,100000,-588.2891730243163,1.4668226810692,-559.4006505566923,463.8500595773419,-1484.0298250305636,-1175.82010020594,-1884.0205419516826,0.8894,1122.2617244848275,-0.5241996231265657,-116.72008056461469,1.8630017726035375,-120.37156403891763,-113.06859709031175,0.90443,1.3661826523750022,0.57556,0.285990978090719,2.4691750669269785,6.834326592439437,0.90443,0.42444,1.0,1.0,0.10222
E4_interaction,Parallel PIAP,same_asset,0.6,12.0,1.0,0.1,0.0,0.5,100000,-494.3469049359028,1.4335764455472353,-512.783929676968,453.3366767897614,-1361.9839997781753,-1067.5614343612908,-1731.4222109816553,0.85083,1028.319456396414,-0.48073281299982873,-22.77781247620113,1.8314989104326398,-26.367550340649103,-19.18807461175316,0.90443,1.3661826523750022,0.57556,0.285990978090719,2.4691750669269785,6.834326592439437,0.90443,0.42444,1.0,1.0,0.07723
E4_interaction,Parallel PIAP,same_asset,0.6,12.0,1.0,0.2,0.0,0.5,100000,-400.40463684748926,1.4195746115389303,-466.1672087972436,448.9089081011765,-1253.7253339335261,-959.3027685166418,-1581.135553635647,0.76527,934.3771883080004,-0.4285256980348103,71.16445561221245,1.8150699485356532,67.60691851308258,74.72199271134232,0.90443,1.3661826523750022,0.57556,0.285990978090719,2.4691750669269785,6.834326592439437,0.90443,0.42444,1.0,1.0,0.06055
E4_interaction,Parallel PIAP,same_asset,0.6,12.0,1.0,0.3,0.0,0.5,100000,-306.4623687590757,1.4253844166375653,-419.55048791751926,450.7461297885111,-1113.4893532044753,-851.0441026719927,-1423.9970441259525,0.72607,840.4349202195868,-0.36464735268139964,165.10672370062596,1.8141244671211898,161.55103974506844,168.6624076561835,0.90443,1.3661826523750022,0.57556,0.285990978090719,2.4691750669269785,6.834326592439437,0.90443,0.42444,1.0,1.0,0.04954
E4_interaction,Parallel PIAP,same_asset,0.6,15.0,1.0,0.0,0.0,0.0,100000,294.5865484519875,5.449787030634002,-559.4006505566923,1723.3739779649272,-1470.2426656228245,-1162.0329407982006,-1823.0618745589686,0.61118,1122.2617244848275,0.2624936251721647,209.20040278624043,5.707947636951756,198.01282541781498,220.38798015466588,0.90443,1.3661826523750022,0.57556,0.285990978090719,2.4691750669269785,9.834326592439437,0.90443,0.42444,0.76508,0.62103,0.10094
E4_interaction,Parallel PIAP,same_asset,0.6,15.0,1.0,0.1,0.0,0.0,100000,388.528816540401,5.547828145100277,-512.783929676968,1754.3773005703986,-1344.9501867034521,-1067.5614343612908,-1670.178344942746,0.61118,1028.319456396414,0.37782890727550755,303.14267087465396,5.791771241718591,291.7907992408855,314.4945425084224,0.90443,1.3661826523750022,0.57556,0.285990978090719,2.4691750669269785,9.834326592439437,0.90443,0.42444,0.76508,0.6176,0.07723
E4_interaction,Parallel PIAP,same_asset,0.6,15.0,1.0,0.2,0.0,0.0,100000,482.4710846288146,5.649167512194718,-466.1672087972436,1786.4236222362338,-1205.8705483763406,-959.3027685166418,-1517.2948153265233,0.59675,934.3771883080004,0.5163558043433064,397.08493896306754,5.879204028742593,385.56169906673205,408.60817885940304,0.90443,1.3661826523750022,0.57556,0.285990978090719,2.4691750669269785,9.834326592439437,0.90443,0.42444,0.76508,0.61367,0.06055
E4_interaction,Parallel PIAP,same_asset,0.6,15.0,1.0,0.3,0.0,0.0,100000,576.4133527172281,5.753630857039315,-419.55048791751926,1819.4578324070874,-1066.790910049229,-851.0441026719927,-1364.411285710301,0.58923,840.4349202195868,0.6858512644460611,491.027207051481,5.970087429153528,479.3258356903401,502.7285784126219,0.90443,1.3661826523750022,0.57556,0.285990978090719,2.4691750669269785,9.834326592439437,0.90443,0.42444,0.76508,0.59941,0.04954
E4_interaction,Parallel PIAP,same_asset,0.6,15.0,1.0,0.0,0.0,0.1,100000,199.46691991554394,4.846047742059172,-559.4006505566923,1532.4548514823136,-1470.2426656228245,-1162.0329407982006,-1823.0618745589686,0.61118,1122.2617244848275,0.17773654359201185,114.08077424979686,5.191072629619858,103.90627189574194,124.25527660385178,0.90443,1.3661826523750022,0.57556,0.285990978090719,2.4691750669269785,9.834326592439437,0.90443,0.42444,0.76508,0.62103,0.10094
E4_interaction,Parallel PIAP,same_asset,0.6,15.0,1.0,0.1,0.0,0.1,100000,293.40918800395747,4.941014360848869,-512.783929676968,1562.4859331883524,-1344.9501867034521,-1067.5614343612908,-1670.178344942746,0.61118,1028.319456396414,0.2853288306263935,208.02304233821042,5.269004524927032,197.69579346935342,218.35029120706741,0.90443,1.3661826523750022,0.57556,0.285990978090719,2.4691750669269785,9.834326592439437,0.90443,0.42444,0.76508,0.6176,0.07723
E4_interaction,Parallel PIAP,same_asset,0.6,15.0,1.0,0.2,0.0,0.1,100000,387.35145609237105,5.039796138226424,-466.1672087972436,1593.7234739716291,-1205.8705483763406,-959.3027685166418,-1517.2948153265233,0.59675,934.3771883080004,0.4145557714158232,301.96531042662394,5.3510802952659855,291.47719304790263,312.45342780534526,0.90443,1.3661826523750022,0.57556,0.285990978090719,2.4691750669269785,9.834326592439437,0.90443,0.42444,0.76508,0.61367,0.06055
E4_interaction,Parallel PIAP,same_asset,0.6,15.0,1.0,0.3,0.0,0.1,100000,481.2937241807845,5.142173209900502,-419.55048791751926,1626.0979466384686,-1066.790910049229,-851.0441026719927,-1364.411285710301,0.58923,840.4349202195868,0.5726722112582295,395.90757851503747,5.437112282640071,385.2508384410629,406.56431858901203,0.90443,1.3661826523750022,0.57556,0.285990978090719,2.4691750669269785,9.834326592439437,0.90443,0.42444,0.76508,0.59941,0.04954
E4_interaction,Parallel PIAP,same_asset,0.6,15.0,1.0,0.0,0.0,0.25,100000,56.78747711087864,3.968914905290588,-559.4006505566923,1255.0810940109727,-1470.2426656228245,-1162.0329407982006,-1823.0618745589686,0.61151,1122.2617244848275,0.0506009212217826,-28.598668554868418,4.4820971680946435,-37.38357900433392,-19.81375810540292,0.90443,1.3661826523750022,0.57556,0.285990978090719,2.4691750669269785,9.834326592439437,0.90443,0.42444,0.76744,0.62103,0.10094
E4_interaction,Parallel PIAP,same_asset,0.6,15.0,1.0,0.1,0.0,0.25,100000,150.72974519929218,4.0569161123299535,-512.783929676968,1282.9095191198164,-1344.9501867034521,-1067.5614343612908,-1670.178344942746,0.61118,1028.319456396414,0.14657871565272254,65.34359953354512,4.5476595390598185,56.43018683698787,74.25701223010236,0.90443,1.3661826523750022,0.57556,0.285990978090719,2.4691750669269785,9.834326592439437,0.90443,0.42444,0.7653,0.6176,0.07723
E4_interaction,Parallel PIAP,same_asset,0.6,15.0,1.0,0.2,0.0,0.25,100000,244.67201328770574,4.149858933083898,-466.1672087972436,1312.3006196941396,-1205.8705483763406,-959.3027685166418,-1517.2948153265233,0.59675,934.3771883080004,0.26185572202459856,159.28586762195872,4.6184085513443645,150.23378686132375,168.33794838259368,0.90443,1.3661826523750022,0.57556,0.285990978090719,2.4691750669269785,9.834326592439437,0.90443,0.42444,0.76508,0.61367,0.06055
E4_interaction,Parallel PIAP,same_asset,0.6,15.0,1.0,0.3,0.0,0.25,100000,338.61428137611927,4.247418979978231,-419.55048791751926,1343.1518153760326,-1066.790910049229,-851.0441026719927,-1364.411285710301,0.58923,840.4349202195868,0.40290363147648234,253.22813571037221,4.694109693651075,244.0276807108161,262.4285907099283,0.90443,1.3661826523750022,0.57556,0.285990978090719,2.4691750669269785,9.834326592439437,0.90443,0.42444,0.76508,0.59941,0.04954
E4_interaction,Parallel PIAP,same_asset,0.6,15.0,1.0,0.0,0.0,0.5,100000,-181.01159423023014,2.6667236202428746,-559.4006505566923,843.2920530137387,-1470.2426656228245,-1162.0329407982006,-1823.0618745589686,0.62278,1122.2617244848275,-0.16129178272859945,-266.3977398959772,3.592317680474978,-273.4386825497082,-259.3567972422463,0.90443,1.3661826523750022,0.57556,0.285990978090719,2.4691750669269785,9.834326592439437,0.90443,0.42444,0.80587,0.62136,0.10094
E4_interaction,Parallel PIAP,same_asset,0.6,15.0,1.0,0.1,0.0,0.5,100000,-87.06932614181663,2.728692370449666,-512.783929676968,862.888292454488,-1344.9501867034521,-1067.5614343612908,-1670.178344942746,0.61838,1028.319456396414,-0.08467147597006244,-172.45547180756367,3.622819750575129,-179.55619851869093,-165.3547450964364,0.90443,1.3661826523750022,0.57556,0.285990978090719,2.4691750669269785,9.834326592439437,0.90443,0.42444,0.80534,0.6176,0.07723
E4_interaction,Parallel PIAP,same_asset,0.6,15.0,1.0,0.2,0.0,0.5,100000,6.87294194659693,2.7993905128274674,-466.1672087972436,885.2450080801603,-1205.8705483763406,-959.3027685166418,-1517.2948153265233,0.5974,934.3771883080004,0.007355639705890797,-78.51320371915011,3.6607892015015833,-85.68835055409322,-71.338056884207,0.90443,1.3661826523750022,0.57556,0.285990978090719,2.4691750669269785,9.834326592439437,0.90443,0.42444,0.79048,0.61367,0.06055
E4_interaction,Parallel PIAP,same_asset,0.6,15.0,1.0,0.3,0.0,0.5,100000,100.81521003501047,2.87817484511207,-419.55048791751926,910.1588014756485,-1066.790910049229,-851.0441026719927,-1364.411285710301,0.58923,840.4349202195868,0.11995599850690367,15.42906436926342,3.7059965212440784,8.165311187625026,22.692817550901815,0.90443,1.3661826523750022,0.57556,0.285990978090719,2.4691750669269785,9.834326592439437,0.90443,0.42444,0.78602,0.59941,0.04954
E4_interaction,Parallel PIAP,same_asset,0.6,18.0,1.0,0.0,0.0,0.0,100000,711.1056326250266,7.3964884761487655,-559.4006505566923,2338.97502718181,-1470.2426656228245,-1162.0329407982006,-1823.0618745589686,0.59605,1122.2617244848275,0.6336361805009955,207.2707731159673,7.792004536507375,191.99844422441285,222.54310200752175,0.90443,1.3661826523750022,0.57556,0.285990978090719,2.4691750669269785,12.834326592439437,0.90443,0.42444,0.59675,0.57556,0.10094
E4_interaction,Parallel PIAP,same_asset,0.6,18.0,1.0,0.1,0.0,0.0,100000,805.0479007134402,7.50208172999816,-512.783929676968,2372.366545953053,-1344.9501867034521,-1067.5614343612908,-1670.178344942746,0.58525,1028.319456396414,0.7828772427729859,301.21304120438083,7.880570773837434,285.76712248765944,316.6589599211022,0.90443,1.3661826523750022,0.57556,0.285990978090719,2.4691750669269785,12.834326592439437,0.90443,0.42444,0.58822,0.57556,0.07723
E4_interaction,Parallel PIAP,same_asset,0.6,18.0,1.0,0.2,0.0,0.0,100000,898.9901688018537,7.609920945339191,-466.1672087972436,2406.468300109356,-1205.8705483763406,-959.3027685166418,-1517.2948153265233,0.57928,934.3771883080004,0.9621276932389299,395.15530929279447,7.971695851632775,379.53078542359424,410.7798331619947,0.90443,1.3661826523750022,0.57556,0.285990978090719,2.4691750669269785,12.834326592439437,0.90443,0.42444,0.58273,0.57556,0.06055
E4_interaction,Parallel PIAP,same_asset,0.6,18.0,1.0,0.3,0.0,0.0,100000,992.9324368902671,7.719912001442845,-419.55048791751926,2441.2505260628473,-1066.790910049229,-851.0441026719927,-1364.411285710301,0.57684,840.4349202195868,1.181450714388255,489.09757738120794,8.065293037787711,473.28960302714404,504.90555173527184,0.90443,1.3661826523750022,0.57556,0.285990978090719,2.4691750669269785,12.834326592439437,0.90443,0.42444,0.57867,0.57556,0.04954
E4_interaction,Parallel PIAP,same_asset,0.6,18.0,1.0,0.0,0.0,0.1,100000,593.8809218586463,6.643767110739987,-559.4006505566923,2100.9436313654483,-1470.2426656228245,-1162.0329407982006,-1823.0618745589686,0.59605,1122.2617244848275,0.5291821942259204,90.04606234958698,7.156289795447089,76.01973435051067,104.07239034866328,0.90443,1.3661826523750022,0.57556,0.285990978090719,2.4691750669269785,12.834326592439437,0.90443,0.42444,0.59675,0.57556,0.10094
E4_interaction,Parallel PIAP,same_asset,0.6,18.0,1.0,0.1,0.0,0.1,100000,687.8231899470599,6.747576685063606,-512.783929676968,2133.771101144965,-1344.9501867034521,-1067.5614343612908,-1670.178344942746,0.58525,1028.319456396414,0.6688808479394425,183.98833043800047,7.239993498216853,169.79794318149544,198.1787176945055,0.90443,1.3661826523750022,0.57556,0.285990978090719,2.4691750669269785,12.834326592439437,0.90443,0.42444,0.58822,0.57556,0.07723
E4_interaction,Parallel PIAP,same_asset,0.6,18.0,1.0,0.2,0.0,0.1,100000,781.7654580354736,6.853934550668456,-466.1672087972436,2167.404411383506,-1205.8705483763406,-959.3027685166418,-1517.2948153265233,0.57928,934.3771883080004,0.8366701026285959,277.9305985264141,7.326595804123066,263.5704707503329,292.2907263024953,0.90443,1.3661826523750022,0.57556,0.285990978090719,2.4691750669269785,12.834326592439437,0.90443,0.42444,0.58273,0.57556,0.06055
E4_interaction,Parallel PIAP,same_asset,0.6,18.0,1.0,0.3,0.0,0.1,100000,875.707726123887,6.962723930607112,-419.55048791751926,2201.806633967864,-1066.790910049229,-851.0441026719927,-1364.411285710301,0.57684,840.4349202195868,1.0419697052748405,371.8728666148277,7.415995166175229,357.3375160891242,386.4082171405311,0.90443,1.3661826523750022,0.57556,0.285990978090719,2.4691750669269785,12.834326592439437,0.90443,0.42444,0.57867,0.57556,0.04954
E4_interaction,Parallel PIAP,same_asset,0.6,18.0,1.0,0.0,0.0,0.25,100000,418.04385570907596,5.54072804808695,-559.4006505566923,1752.1320527533715,-1470.2426656228245,-1162.0329407982006,-1823.0618745589686,0.59605,1122.2617244848275,0.3725012148133078,-85.79100379998341,6.274618192432657,-98.08925545715142,-73.4927521428154,0.90443,1.3661826523750022,0.57556,0.285990978090719,2.4691750669269785,12.834326592439437,0.90443,0.42444,0.59675,0.57556,0.10094
E4_interaction,Parallel PIAP,same_asset,0.6,18.0,1.0,0.1,0.0,0.25,100000,511.9861237974894,5.640501643636002,-512.783929676968,1783.6832339813154,-1344.9501867034521,-1067.5614343612908,-1670.178344942746,0.58525,1028.319456396414,0.4978862556891274,8.15126428843007,6.348330289812307,-4.291463079602051,20.593991656462194,0.90443,1.3661826523750022,0.57556,0.285990978090719,2.4691750669269785,12.834326592439437,0.90443,0.42444,0.58822,0.57556,0.07723
E4_interaction,Parallel PIAP,same_asset,0.6,18.0,1.0,0.2,0.0,0.25,100000,605.928391885903,5.7434596094891015,-466.1672087972436,1816.2414015166792,-1205.8705483763406,-959.3027685166418,-1517.2948153265233,0.57928,934.3771883080004,0.6484837167130943,102.09353237684367,6.425592539311782,89.49937099979257,114.68769375389476,0.90443,1.3661826523750022,0.57556,0.285990978090719,2.4691750669269785,12.834326592439437,0.90443,0.42444,0.58273,0.57556,0.06055
E4_interaction,Parallel PIAP,same_asset,0.6,18.0,1.0,0.3,0.0,0.25,100000,699.8706599743164,5.849433800358306,-419.55048791751926,1849.7533831506896,-1066.790910049229,-851.0441026719927,-1364.411285710301,0.57684,840.4349202195868,0.832748191604718,196.03580046525724,6.50627846767561,183.28349466861303,208.78810626190145,0.90443,1.3661826523750022,0.57556,0.285990978090719,2.4691750669269785,12.834326592439437,0.90443,0.42444,0.57867,0.57556,0.04954
E4_interaction,Parallel PIAP,same_asset,0.6,18.0,1.0,0.0,0.0,0.5,100000,124.98207879312518,3.8384086388145207,-559.4006505566923,1213.8113889120477,-1470.2426656228245,-1162.0329407982006,-1823.0618745589686,0.59605,1122.2617244848275,0.11136624912561997,-378.85278071593416,5.105724265496014,-388.8600002763063,-368.845561155562,0.90443,1.3661826523750022,0.57556,0.285990978090719,2.4691750669269785,12.834326592439437,0.90443,0.42444,0.59675,0.57556,0.10094
E4_interaction,Parallel PIAP,same_asset,0.6,18.0,1.0,0.1,0.0,0.5,100000,218.9243468815387,3.9231843381061373,-512.783929676968,1240.619818911551,-1344.9501867034521,-1067.5614343612908,-1670.178344942746,0.58525,1028.319456396414,0.21289526860526894,-284.91051262752063,5.151823683536608,-295.0080870472524,-274.8129382077889,0.90443,1.3661826523750022,0.57556,0.285990978090719,2.4691750669269785,12.834326592439437,0.90443,0.42444,0.58822,0.57556,0.07723
E4_interaction,Parallel PIAP,same_asset,0.6,18.0,1.0,0.2,0.0,0.5,100000,312.8666149699523,4.0132091682300715,-466.1672087972436,1269.0881698276878,-1205.8705483763406,-959.3027685166418,-1517.2948153265233,0.57928,934.3771883080004,0.33483974018725887,-190.96824453910702,5.202944576121473,-201.1660159083051,-180.77047316990894,0.90443,1.3661826523750022,0.57556,0.285990978090719,2.4691750669269785,12.834326592439437,0.90443,0.42444,0.58273,0.57556,0.06055
E4_interaction,Parallel PIAP,same_asset,0.6,18.0,1.0,0.3,0.0,0.5,100000,406.8088830583659,4.10813805879741,-419.55048791751926,1299.1073208222542,-1066.790910049229,-851.0441026719927,-1364.411285710301,0.57684,840.4349202195868,0.4840456688211811,-97.02597645069346,5.258940507659718,-107.33349984570651,-86.71845305568041,0.90443,1.3661826523750022,0.57556,0.285990978090719,2.4691750669269785,12.834326592439437,0.90443,0.42444,0.57867,0.57556,0.04954
E4_interaction,Parallel PIAP,same_asset,0.6,12.0,1.5,0.0,0.0,0.0,100000,-144.90624802831985,3.4944966575112066,-559.4006505566923,1105.0568713580763,-1505.6993276927255,-1169.2561083522546,-1918.0587987913796,0.69683,1134.057235795951,-0.12777683828860342,326.66284443138176,3.548184514494067,319.7084027829734,333.6172860797901,0.90443,1.3661826523750022,0.57556,0.285990978090719,2.4691750669269785,7.2514898886591554,0.90443,0.42444,0.87158,0.78851,0.10222
E4_interaction,Parallel PIAP,same_asset,0.6,12.0,1.5,0.1,0.0,0.0,100000,-49.78442880879397,3.5762705222099695,-512.783929676968,1130.9160379103291,-1374.9857013754724,-1080.5631359585882,-1756.1210581493076,0.65841,1038.935416576425,-0.04791869447751354,421.7846636509077,3.6259170912651855,414.67786615202795,428.89146114978746,0.90443,1.3661826523750022,0.57556,0.285990978090719,2.4691750669269785,7.2514898886591554,0.90443,0.42444,0.83699,0.77673,0.07723
E4_interaction,Parallel PIAP,same_asset,0.6,12.0,1.5,0.2,0.0,0.0,100000,45.33739041073198,3.6643212118119806,-466.1672087972436,1158.760110779415,-1265.2824020200123,-970.8598366031282,-1602.0379551203728,0.65494,943.8135973568995,0.04803638190602144,516.9064828704336,3.710023085264937,509.6348376233143,524.1781281175529,0.90443,1.3661826523750022,0.57556,0.285990978090719,2.4691750669269785,7.2514898886591554,0.90443,0.42444,0.83699,0.77565,0.06055
E4_interaction,Parallel PIAP,same_asset,0.6,12.0,1.5,0.3,0.0,0.0,100000,140.4592096302579,3.7582075747992905,-419.55048791751926,1188.4495856063381,-1130.9373022897353,-861.1565372476683,-1442.286645425087,0.64308,848.6917781373735,0.16550084877518687,612.0283020899595,3.8000793373697905,604.5801465887148,619.4764575912043,0.90443,1.3661826523750022,0.57556,0.285990978090719,2.4691750669269785,7.2514898886591554,0.90443,0.42444,0.82704,0.77114,0.04954
E4_interaction,Parallel PIAP,same_asset,0.6,12.0,1.5,0.0,0.0,0.1,100000,-217.74161571804103,3.052439545225958,-559.4006505566923,965.2661382882575,-1505.6993276927255,-1169.2561083522546,-1918.0587987913796,0.7078,1134.057235795951,-0.192002315972365,253.82747674166058,3.1391225148295763,247.6747966125946,259.98015687072655,0.90443,1.3661826523750022,0.57556,0.285990978090719,2.4691750669269785,7.2514898886591554,0.90443,0.42444,0.87837,0.79568,0.10222
E4_interaction,Parallel PIAP,same_asset,0.6,12.0,1.5,0.1,0.0,0.1,100000,-122.61979649851516,3.126923694851035,-512.783929676968,988.8200945278595,-1374.9857013754724,-1080.5631359585882,-1756.1210581493076,0.66312,1038.935416576425,-0.11802446479549303,348.94929596118646,3.2083971425673097,342.66083756175453,355.2377543606184,0.90443,1.3661826523750022,0.57556,0.285990978090719,2.4691750669269785,7.2514898886591554,0.90443,0.42444,0.87665,0.79568,0.07723
E4_interaction,Parallel PIAP,same_asset,0.6,12.0,1.5,0.2,0.0,0.1,100000,-27.49797727898922,3.2089330853445244,-466.1672087972436,1014.7537408760182,-1265.2824020200123,-970.8598366031282,-1602.0379551203728,0.65807,943.8135973568995,-0.029134966222139482,444.0711151807124,3.285250283067408,437.63202462590027,450.51020573552455,0.90443,1.3661826523750022,0.57556,0.285990978090719,2.4691750669269785,7.2514898886591554,0.90443,0.42444,0.87218,0.78851,0.06055
E4_interaction,Parallel PIAP,same_asset,0.6,12.0,1.5,0.3,0.0,0.1,100000,67.62384194053669,3.297906371571653,-419.55048791751926,1042.8895644147997,-1130.9373022897353,-861.1565372476683,-1442.286645425087,0.64308,848.6917781373735,0.07968009550999887,539.1929344002383,3.3691633615767547,532.5893742115478,545.7964945889288,0.90443,1.3661826523750022,0.57556,0.285990978090719,2.4691750669269785,7.2514898886591554,0.90443,0.42444,0.87158,0.77754,0.04954
E4_interaction,Parallel PIAP,same_asset,0.6,12.0,1.5,0.0,0.0,0.25,100000,-326.99466725262283,2.4336841741252786,-559.4006505566923,769.5985095741701,-1505.6993276927255,-1169.2561083522546,-1918.0587987913796,0.71267,1134.057235795951,-0.28834053249800734,144.57442520707883,2.58793671381409,139.5020692480032,149.64678116615445,0.90443,1.3661826523750022,0.57556,0.285990978090719,2.4691750669269785,7.2514898886591554,0.90443,0.42444,0.92066,0.8422,0.10222
E4_interaction,Parallel PIAP,same_asset,0.6,12.0,1.5,0.1,0.0,0.25,100000,-231.87284803309694,2.491219432684599,-512.783929676968,787.7927558555851,-1374.9857013754724,-1080.5631359585882,-1756.1210581493076,0.67533,1038.935416576425,-0.22318312027246226,239.69624442660472,2.6382246838104844,234.52532404633618,244.86716480687326,0.90443,1.3661826523750022,0.57556,0.285990978090719,2.4691750669269785,7.2514898886591554,0.90443,0.42444,0.91645,0.82525,0.07723
E4_interaction,Parallel PIAP,same_asset,0.6,12.0,1.5,0.2,0.0,0.25,100000,-136.751028813571,2.5590750283684924,-466.1672087972436,809.2505792904446,-1265.2824020200123,-970.8598366031282,-1602.0379551203728,0.66383,943.8135973568995,-0.14489198841438083,334.8180636461307,2.69858808758641,329.5288309944614,340.1072962978001,0.90443,1.3661826523750022,0.57556,0.285990978090719,2.4691750669269785,7.2514898886591554,0.90443,0.42444,0.90765,0.82084,0.06055
E4_interaction,Parallel PIAP,same_asset,0.6,12.0,1.5,0.3,0.0,0.25,100000,-41.62920959404509,2.6364542242355196,-419.55048791751926,833.7200295356539,-1130.9373022897353,-861.1565372476683,-1442.286645425087,0.64674,848.6917781373735,-0.049051034387783105,429.9398828656566,2.768367928454582,424.51388172588565,435.3658840054276,0.90443,1.3661826523750022,0.57556,0.285990978090719,2.4691750669269785,7.2514898886591554,0.90443,0.42444,0.90549,0.81243,0.04954
E4_interaction,Parallel PIAP,same_asset,0.6,12.0,1.5,0.0,0.0,0.5,100000,-509.08308647692576,1.6701798097817768,-559.4006505566923,528.1572300937187,-1505.6993276927255,-1176.1854891674254,-1918.0587987913796,0.80346,1134.057235795951,-0.44890422670741126,-37.51399401722416,1.9901230334083018,-41.41463516270443,-33.613352871743885,0.90443,1.3661826523750022,0.57556,0.285990978090719,2.4691750669269785,7.2514898886591554,0.90443,0.42444,1.0,1.0,0.10222
E4_interaction,Parallel PIAP,same_asset,0.6,12.0,1.5,0.1,0.0,0.5,100000,-413.9612672573999,1.6667356848423207,-512.783929676968,527.0681021582316,-1374.9857013754724,-1080.5631359585882,-1756.1210581493076,0.7411,1038.935416576425,-0.39844754606741095,57.60782520230176,1.9820581170563312,53.72299129287135,61.49265911173217,0.90443,1.3661826523750022,0.57556,0.285990978090719,2.4691750669269785,7.2514898886591554,0.90443,0.42444,1.0,0.99755,0.07723
E4_interaction,Parallel PIAP,same_asset,0.6,12.0,1.5,0.2,0.0,0.5,100000,-318.839448037874,1.681026539316734,-466.1672087972436,531.5872671431471,-1265.2824020200123,-970.8598366031282,-1602.0379551203728,0.71165,943.8135973568995,-0.33782035873478317,152.72964442182771,1.9889329318284734,148.8313358754439,156.62795296821153,0.90443,1.3661826523750022,0.57556,0.285990978090719,2.4691750669269785,7.2514898886591554,0.90443,0.42444,1.0,0.98109,0.06055
E4_interaction,Parallel PIAP,same_asset,0.6,12.0,1.5,0.3,0.0,0.5,100000,-223.71762881834806,1.7126084623415476,-419.55048791751926,541.5743481077996,-1130.9373022897353,-861.1565372476683,-1442.286645425087,0.67585,848.6917781373735,-0.26360291755075305,247.85146364135363,2.010594233521775,243.91069894365094,251.79222833905632,0.90443,1.3661826523750022,0.57556,0.285990978090719,2.4691750669269785,7.2514898886591554,0.90443,0.42444,1.0,0.96738,0.04954
E4_interaction,Parallel PIAP,same_asset,0.6,15.0,1.5,0.0,0.0,0.0,100000,409.48065300599546,6.020727554560359,-559.4006505566923,1903.9212243746424,-1484.6890007309323,-1169.2561083522546,-1848.15844452602,0.61118,1134.057235795951,0.36107582587628106,324.09450734024847,6.205632919037664,311.93146681893467,336.2575478615623,0.90443,1.3661826523750022,0.57556,0.285990978090719,2.4691750669269785,10.251489888659156,0.90443,0.42444,0.76508,0.6176,0.10094
E4_interaction,Parallel PIAP,same_asset,0.6,15.0,1.5,0.1,0.0,0.0,100000,504.6024722255214,6.123990250373804,-512.783929676968,1936.5757559846043,-1364.4527390993978,-1080.5631359585882,-1692.7652579130922,0.59967,1038.935416576425,0.4856918574287552,419.2163265597743,6.296562026840045,406.87506498716783,431.5575881323808,0.90443,1.3661826523750022,0.57556,0.285990978090719,2.4691750669269785,10.251489888659156,0.90443,0.42444,0.76508,0.60609,0.07723
E4_interaction,Parallel PIAP,same_asset,0.6,15.0,1.5,0.2,0.0,0.0,100000,599.7242914450472,6.230304007329076,-466.1672087972436,1970.195117843427,-1223.2061505060701,-970.8598366031282,-1537.3720713001646,0.59519,943.8135973568995,0.6354266278050492,514.3381457793002,6.390840471055461,501.81209845603155,526.864193102569,0.90443,1.3661826523750022,0.57556,0.285990978090719,2.4691750669269785,10.251489888659156,0.90443,0.42444,0.76508,0.59939,0.06055
E4_interaction,Parallel PIAP,same_asset,0.6,15.0,1.5,0.3,0.0,0.0,100000,694.8461106645732,6.3395153282758425,-419.55048791751926,2004.730769890171,-1081.9595619127424,-861.1565372476683,-1381.978884687237,0.58776,848.6917781373735,0.8187261012349549,609.4599649988262,6.488322250917648,596.7428533870276,622.1770766106248,0.90443,1.3661826523750022,0.57556,0.285990978090719,2.4691750669269785,10.251489888659156,0.90443,0.42444,0.76508,0.59252,0.04954
E4_interaction,Parallel PIAP,same_asset,0.6,15.0,1.5,0.0,0.0,0.1,100000,307.22342086822846,5.367692329076008,-559.4006505566923,1697.413353889424,-1484.6890007309323,-1169.2561083522546,-1848.15844452602,0.61118,1134.057235795951,0.27090645090113125,221.83727520248138,5.630209013983725,210.80206553507327,232.8724848698895,0.90443,1.3661826523750022,0.57556,0.285990978090719,2.4691750669269785,10.251489888659156,0.90443,0.42444,0.76508,0.6176,0.10094
E4_interaction,Parallel PIAP,same_asset,0.6,15.0,1.5,0.1,0.0,0.1,100000,402.34524008775435,5.468225031189378,-512.783929676968,1729.204585690371,-1364.4527390993978,-1080.5631359585882,-1692.7652579130922,0.59967,1038.935416576425,0.3872668441832423,316.9590944220073,5.715884421926084,305.75596095503215,328.16222788898244,0.90443,1.3661826523750022,0.57556,0.285990978090719,2.4691750669269785,10.251489888659156,0.90443,0.42444,0.76508,0.60609,0.07723
E4_interaction,Parallel PIAP,same_asset,0.6,15.0,1.5,0.2,0.0,0.1,100000,497.4670593072802,5.572269212849196,-466.1672087972436,1762.1062448237055,-1223.2061505060701,-970.8598366031282,-1537.3720713001646,0.59519,943.8135973568995,0.5270818948788305,412.08091364153324,5.805407052492294,400.70231581864834,423.45951146441814,0.90443,1.3661826523750022,0.57556,0.285990978090719,2.4691750669269785,10.251489888659156,0.90443,0.42444,0.76508,0.59939,0.06055
E4_interaction,Parallel PIAP,same_asset,0.6,15.0,1.5,0.3,0.0,0.1,100000,592.5888785268061,5.67963189879804,-419.55048791751926,1796.0573071548758,-1081.9595619127424,-861.1565372476683,-1381.978884687237,0.58776,848.6917781373735,0.6982380338682704,507.20273286105913,5.8986017412666145,495.64147344817655,518.7639922739417,0.90443,1.3661826523750022,0.57556,0.285990978090719,2.4691750669269785,10.251489888659156,0.90443,0.42444,0.76508,0.59252,0.04954
E4_interaction,Parallel PIAP,same_asset,0.6,15.0,1.5,0.0,0.0,0.25,100000,153.83757266157792,4.416654051143164,-559.4006505566923,1396.6686438622198,-1484.6890007309323,-1169.2561083522546,-1848.15844452602,0.61118,1134.057235795951,0.13565238843840652,68.45142699583086,4.830484970671414,58.983676453314885,77.91917753834683,0.90443,1.3661826523750022,0.57556,0.285990978090719,2.4691750669269785,10.251489888659156,0.90443,0.42444,0.76508,0.6176,0.10094
E4_interaction,Parallel PIAP,same_asset,0.6,15.0,1.5,0.1,0.0,0.25,100000,248.95939188110378,4.510997526833103,-512.783929676968,1426.5026704179131,-1364.4527390993978,-1080.5631359585882,-1692.7652579130922,0.59967,1038.935416576425,0.23962932431497305,163.57324621535673,4.904953400702856,153.95953754997913,173.18695488073433,0.90443,1.3661826523750022,0.57556,0.285990978090719,2.4691750669269785,10.251489888659156,0.90443,0.42444,0.76508,0.60609,0.07723
E4_interaction,Parallel PIAP,same_asset,0.6,15.0,1.5,0.2,0.0,0.25,100000,344.08121110062973,4.609848099812585,-466.1672087972436,1457.7619662806994,-1223.2061505060701,-970.8598366031282,-1537.3720713001646,0.59519,943.8135973568995,0.3645647954895025,258.69506543488274,4.984263818347389,248.92590835092184,268.4642225188436,0.90443,1.3661826523750022,0.57556,0.285990978090719,2.4691750669269785,10.251489888659156,0.90443,0.42444,0.76508,0.59939,0.06055
E4_interaction,Parallel PIAP,same_asset,0.6,15.0,1.5,0.3,0.0,0.25,100000,439.2030303201556,4.712922178037033,-419.55048791751926,1490.3568517718613,-1081.9595619127424,-861.1565372476683,-1381.978884687237,0.58776,848.6917781373735,0.517505932818244,353.8168846544086,5.068188916698307,343.88323437767997,363.7505349311373,0.90443,1.3661826523750022,0.57556,0.285990978090719,2.4691750669269785,10.251489888659156,0.90443,0.42444,0.76508,0.59252,0.04954
E4_interaction,Parallel PIAP,same_asset,0.6,15.0,1.5,0.0,0.0,0.5,100000,-101.80550768283967,2.9886578963386388,-559.4006505566923,945.0966099477502,-1484.6890007309323,-1169.2561083522546,-1848.15844452602,0.61874,1134.057235795951,-0.0897710489994681,-187.1916533485867,3.7848197408267583,-194.60990004060716,-179.77340665656624,0.90443,1.3661826523750022,0.57556,0.285990978090719,2.4691750669269785,10.251489888659156,0.90443,0.42444,0.78766,0.6176,0.10094
E4_interaction,Parallel PIAP,same_asset,0.6,15.0,1.5,0.1,0.0,0.5,100000,-6.683688463313782,3.059822066746096,-512.783929676968,967.6006965761419,-1364.4527390993978,-1080.5631359585882,-1692.7652579130922,0.60203,1038.935416576425,-0.0064332087988090295,-92.06983412906084,3.825965585433307,-99.56872667651012,-84.57094158161155,0.90443,1.3661826523750022,0.57556,0.285990978090719,2.4691750669269785,10.251489888659156,0.90443,0.42444,0.78625,0.60609,0.07723
E4_interaction,Parallel PIAP,same_asset,0.6,15.0,1.5,0.2,0.0,0.5,100000,88.43813075621217,3.1388343816744593,-466.1672087972436,992.5865844137572,-1223.2061505060701,-970.8598366031282,-1537.3720713001646,0.59519,943.8135973568995,0.09370296317395566,3.0519850904651347,3.874338651682944,-4.541718666833436,10.645688847763704,0.90443,1.3661826523750022,0.57556,0.285990978090719,2.4691750669269785,10.251489888659156,0.90443,0.42444,0.77598,0.59939,0.06055
E4_interaction,Parallel PIAP,same_asset,0.6,15.0,1.5,0.3,0.0,0.5,100000,183.55994997573808,3.225118076544379,-419.55048791751926,1019.8718844861504,-1081.9595619127424,-861.1565372476683,-1381.978884687237,0.58776,848.6917781373735,0.216285764401533,98.17380430999103,3.9296720539461165,90.47164708425665,105.87596153572541,0.90443,1.3661826523750022,0.57556,0.285990978090719,2.4691750669269785,10.251489888659156,0.90443,0.42444,0.77093,0.59252,0.04954
E4_interaction,Parallel PIAP,same_asset,0.6,18.0,1.5,0.0,0.0,0.0,100000,825.9997371790347,7.970973120751336,-559.4006505566923,2520.643022955458,-1484.6890007309323,-1169.2561083522546,-1848.15844452602,0.58828,1134.057235795951,0.7283580679235271,322.1648776699753,8.284205678832292,305.927834539464,338.40192080048655,0.90443,1.3661826523750022,0.57556,0.285990978090719,2.4691750669269785,13.251489888659156,0.90443,0.42444,0.58846,0.57556,0.10094
E4_interaction,Parallel PIAP,same_asset,0.6,18.0,1.5,0.1,0.0,0.0,100000,921.1215563985605,8.080737386671574,-512.783929676968,2555.353531555893,-1364.4527390993978,-1080.5631359585882,-1692.7652579130922,0.58532,1038.935416576425,0.8866013629931943,417.28669688950123,8.378544184518633,400.8647502878447,433.7086434911578,0.90443,1.3661826523750022,0.57556,0.285990978090719,2.4691750669269785,13.251489888659156,0.90443,0.42444,0.58179,0.57556,0.07723
E4_interaction,Parallel PIAP,same_asset,0.6,18.0,1.5,0.2,0.0,0.0,100000,1016.2433756180865,8.192652566147268,-466.1672087972436,2590.7442187448655,-1223.2061505060701,-970.8598366031282,-1537.3720713001646,0.57867,943.8135973568995,1.076741613454206,512.4085161090272,8.47533342773611,495.79686259066443,529.02016962739,0.90443,1.3661826523750022,0.57556,0.285990978090719,2.4691750669269785,13.251489888659156,0.90443,0.42444,0.58118,0.57556,0.06055
E4_interaction,Parallel PIAP,same_asset,0.6,18.0,1.5,0.3,0.0,0.0,100000,1111.3651948376123,8.306631721912524,-419.55048791751926,2626.7875925449976,-1081.9595619127424,-861.1565372476683,-1381.978884687237,0.57684,848.6917781373735,1.3095039017306482,607.5303353285531,8.574490416771575,590.7243341116808,624.3363365454253,0.90443,1.3661826523750022,0.57556,0.285990978090719,2.4691750669269785,13.251489888659156,0.90443,0.42444,0.57867,0.57556,0.04954
E4_interaction,Parallel PIAP,same_asset,0.6,18.0,1.5,0.0,0.0,0.1,100000,701.6374228113307,7.169959469627964,-559.4006505566923,2267.3402655117234,-1484.6890007309323,-1169.2561083522546,-1848.15844452602,0.58828,1134.057235795951,0.6186966589202867,197.80256330227144,7.591482562480538,182.9232574798096,212.68186912473328,0.90443,1.3661826523750022,0.57556,0.285990978090719,2.4691750669269785,13.251489888659156,0.90443,0.42444,0.58846,0.57556,0.10094
E4_interaction,Parallel PIAP,same_asset,0.6,18.0,1.5,0.1,0.0,0.1,100000,796.7592420308566,7.2780721737061125,-512.783929676968,2301.528504400396,-1364.4527390993978,-1080.5631359585882,-1692.7652579130922,0.58532,1038.935416576425,0.7668996833858982,292.9243825217973,7.681318764908534,277.8689977425766,307.97976730101806,0.90443,1.3661826523750022,0.57556,0.285990978090719,2.4691750669269785,13.251489888659156,0.90443,0.42444,0.58179,0.57556,0.07723
E4_interaction,Parallel PIAP,same_asset,0.6,18.0,1.5,0.2,0.0,0.1,100000,891.8810612503827,7.3886186443664155,-466.1672087972436,2336.4863678583492,-1223.2061505060701,-970.8598366031282,-1537.3720713001646,0.57867,943.8135973568995,0.9449758551350063,388.04620174132333,7.773933597379269,372.80929189046,403.2831115921867,0.90443,1.3661826523750022,0.57556,0.285990978090719,2.4691750669269785,13.251489888659156,0.90443,0.42444,0.58118,0.57556,0.06055
E4_interaction,Parallel PIAP,same_asset,0.6,18.0,1.5,0.3,0.0,0.1,100000,987.0028804699085,7.501491286052332,-419.55048791751926,2372.1798311831058,-1081.9595619127424,-861.1565372476683,-1381.978884687237,0.57684,848.6917781373735,1.1629697681720057,483.1680209608492,7.869228953425149,467.74433221213593,498.5917097095625,0.90443,1.3661826523750022,0.57556,0.285990978090719,2.4691750669269785,13.251489888659156,0.90443,0.42444,0.57867,0.57556,0.04954
E4_interaction,Parallel PIAP,same_asset,0.6,18.0,1.5,0.0,0.0,0.25,100000,515.0939512597752,5.995305206296422,-559.4006505566923,1895.8819719762353,-1484.6890007309323,-1169.2561083522546,-1848.15844452602,0.58828,1134.057235795951,0.45420454541542654,11.259091750715836,6.622833941093914,-1.7216627738282355,24.239846275259907,0.90443,1.3661826523750022,0.57556,0.285990978090719,2.4691750669269785,13.251489888659156,0.90443,0.42444,0.58846,0.57556,0.10094
E4_interaction,Parallel PIAP,same_asset,0.6,18.0,1.5,0.1,0.0,0.25,100000,610.2157704793011,6.099661270074479,-512.783929676968,1928.882256895081,-1364.4527390993978,-1080.5631359585882,-1692.7652579130922,0.58532,1038.935416576425,0.5873471639749545,106.38091097024173,6.703293758028926,93.24245520450503,119.51936673597842,0.90443,1.3661826523750022,0.57556,0.285990978090719,2.4691750669269785,13.251489888659156,0.90443,0.42444,0.58179,0.57556,0.07723
E4_interaction,Parallel PIAP,same_asset,0.6,18.0,1.5,0.2,0.0,0.25,100000,705.337589698827,6.207043244515418,-466.1672087972436,1962.8394187830165,-1223.2061505060701,-970.8598366031282,-1537.3720713001646,0.57867,943.8135973568995,0.7473272176562066,201.5027301897677,6.787171733365074,188.19987359237217,214.80558678716324,0.90443,1.3661826523750022,0.57556,0.285990978090719,2.4691750669269785,13.251489888659156,0.90443,0.42444,0.58118,0.57556,0.06055
E4_interaction,Parallel PIAP,same_asset,0.6,18.0,1.5,0.3,0.0,0.25,100000,800.4594089183529,6.317296827406377,-419.55048791751926,1997.7046629959766,-1081.9595619127424,-861.1565372476683,-1381.978884687237,0.57684,848.6917781373735,0.9431685678340418,296.6245494092936,6.874342747244021,283.1508376246953,310.09826119389186,0.90443,1.3661826523750022,0.57556,0.285990978090719,2.4691750669269785,13.251489888659156,0.90443,0.42444,0.57867,0.57556,0.04954
E4_interaction,Parallel PIAP,same_asset,0.6,18.0,1.5,0.0,0.0,0.5,100000,204.18816534051567,4.176439163709931,-559.4006505566923,1320.7060266452227,-1484.6890007309323,-1169.2561083522546,-1848.15844452602,0.58828,1134.057235795951,0.18005102290732605,-299.6466941685436,5.309188510500862,-310.0527036491253,-289.2406846879619,0.90443,1.3661826523750022,0.57556,0.285990978090719,2.4691750669269785,13.251489888659156,0.90443,0.42444,0.58846,0.57556,0.10094
E4_interaction,Parallel PIAP,same_asset,0.6,18.0,1.5,0.1,0.0,0.5,100000,299.3099845600416,4.266744198280688,-512.783929676968,1349.2629859876063,-1364.4527390993978,-1080.5631359585882,-1692.7652579130922,0.58532,1038.935416576425,0.2880929649567145,-204.52487494901777,5.362833141870867,-215.03602790708467,-194.01372199095087,0.90443,1.3661826523750022,0.57556,0.285990978090719,2.4691750669269785,13.251489888659156,0.90443,0.42444,0.58179,0.57556,0.07723
E4_interaction,Parallel PIAP,same_asset,0.6,18.0,1.5,0.2,0.0,0.5,100000,394.4318037795675,4.361983855493965,-466.1672087972436,1379.3804100243703,-1223.2061505060701,-970.8598366031282,-1537.3720713001646,0.57867,943.8135973568995,0.417912821858207,-109.40305572949175,5.421421502862423,-120.02904187510211,-98.7770695838814,0.90443,1.3661826523750022,0.57556,0.285990978090719,2.4691750669269785,13.251489888659156,0.90443,0.42444,0.58118,0.57556,0.06055
E4_interaction,Parallel PIAP,same_asset,0.6,18.0,1.5,0.3,0.0,0.5,100000,489.55362299909336,4.461842152548022,-419.55048791751926,1410.9583762200205,-1081.9595619127424,-861.1565372476683,-1381.978884687237,0.57684,848.6917781373735,0.5768332339374351,-14.281236509965892,5.484795169601672,-25.03143504238517,-3.531037977546614,0.90443,1.3661826523750022,0.57556,0.285990978090719,2.4691750669269785,13.251489888659156,0.90443,0.42444,0.57867,0.57556,0.04954
E4_interaction,MSOG,same_indication,0.0,12.0,0.0,0.0,0.0,0.0,100000,-471.5690924597016,1.3962992241607481,-485.8732894464881,441.5485843473974,-1148.2457813904614,-1105.0420846667803,-1232.7242211949342,0.86707,1100.9666740247173,-0.4283227672421941,0.0,0.0,0.0,0.0,0.90862,0.8799076303649036,0.3739,0.0008345714138451039,5.975087264523593,6.0,0.90862,0.6261,0.99569,0.95452,0.09536
E4_interaction,MSOG,same_indication,0.0,12.0,0.0,0.1,0.0,0.0,100000,-379.75205798550206,1.4164834006052625,-406.781945586423,447.93138137333585,-1070.035845375231,-939.7749297754672,-1187.1169274191761,0.83338,1009.1496395505178,-0.3763089665816521,91.81703447419959,0.10018484583496245,91.62067217636306,92.01339677203612,0.90862,0.8799076303649036,0.3739,0.0008345714138451039,5.975087264523593,6.0,0.90862,0.6261,0.99397,0.95423,0.05673
E4_interaction,MSOG,same_indication,0.0,12.0,0.0,0.2,0.0,0.0,100000,-287.9350235113025,1.4433547490684813,-327.69060172635784,456.4288478677196,-961.5022449734774,-804.8314392706775,-1085.1304093645904,0.79529,917.3326050763183,-0.3138829056308835,183.6340689483992,0.20036969166992483,183.24134435272614,184.02679354407226,0.90862,0.8799076303649036,0.3739,0.0008345714138451039,5.975087264523593,6.0,0.90862,0.6261,0.99377,0.95132,0.0216
E4_interaction,MSOG,same_indication,0.0,12.0,0.0,0.3,0.0,0.0,100000,-196.11798903710292,1.4765482199362068,-248.59925786629267,466.92554500656536,-852.9686445717239,-713.9730533344037,-983.8745224809411,0.64151,825.5155706021187,-0.23757030881205232,275.45110342259875,0.3005545375048873,274.86201652908915,276.04019031610835,0.90862,0.8799076303649036,0.3739,0.0008345714138451039,5.975087264523593,6.0,0.90862,0.6261,0.99377,0.95118,0.01476
E4_interaction,MSOG,same_indication,0.0,12.0,0.0,0.0,0.0,0.1,100000,-502.4136179902792,1.2628448352970116,-485.8732894464881,399.3466010918757,-1148.2457813904614,-1105.0420846667803,-1232.7145720305077,0.86727,1100.9666740247173,-0.45633862481381493,-30.844525530577524,0.19798770051399353,-31.23258142358495,-30.4564696375701,0.90862,0.8799076303649036,0.3739,0.0008345714138451039,5.975087264523593,6.0,0.90862,0.6261,0.99954,0.99377,0.09536
E4_interaction,MSOG,same_indication,0.0,12.0,0.0,0.1,0.0,0.1,100000,-410.59658351607965,1.2765903285802738,-406.781945586423,403.6933077256411,-1070.035845375231,-939.7749297754672,-1187.1169274191761,0.86707,1009.1496395505178,-0.40687383458707094,60.97250894362205,0.1654334339842108,60.648259413013,61.296758474231105,0.90862,0.8799076303649036,0.3739,0.0008345714138451039,5.975087264523593,6.0,0.90862,0.6261,0.99944,0.96897,0.05673
E4_interaction,MSOG,same_indication,0.0,12.0,0.0,0.2,0.0,0.1,100000,-318.77954904188,1.2979455545911764,-327.69060172635784,410.4464231398535,-961.5022449734774,-804.8314392706775,-1085.1304093645904,0.82928,917.3326050763183,-0.34750705172564844,152.78954341782165,0.18870961627523924,152.41967256992217,153.15941426572113,0.90862,0.8799076303649036,0.3739,0.0008345714138451039,5.975087264523593,6.0,0.90862,0.6261,0.99944,0.96897,0.0216
E4_interaction,MSOG,same_indication,0.0,12.0,0.0,0.3,0.0,0.1,100000,-226.96251456768044,1.3265430505683755,-248.59925786629267,419.4897454063987,-852.9686445717239,-713.9730533344037,-983.8745224809411,0.65844,825.5155706021187,-0.2749342624780988,244.60657789202125,0.2528407090237611,244.1110101023347,245.1021456817078,0.90862,0.8799076303649036,0.3739,0.0008345714138451039,5.975087264523593,6.0,0.90862,0.6261,0.99832,0.95452,0.01476
E4_interaction,MSOG,same_indication,0.0,12.0,0.0,0.0,0.0,0.25,100000,-548.6804062861454,1.0997554936591818,-485.8732894464881,347.77322292458786,-1148.2457813904614,-1105.0420846667803,-1232.8167614851789,0.99579,1100.9666740247173,-0.498362411171246,-77.1113138264438,0.4949692512849838,-78.08145355896238,-76.14117409392523,0.90862,0.8799076303649036,0.3739,0.0008345714138451039,5.975087264523593,6.0,0.90862,0.6261,1.0,0.99954,0.09536
E4_interaction,MSOG,same_indication,0.0,12.0,0.0,0.1,0.0,0.25,100000,-456.8633718119459,1.1007116185027424,-409.8143120250753,348.0755761479002,-1070.035845375231,-939.7749297754672,-1186.8720567474018,0.91185,1009.1496395505178,-0.4527211365951991,14.705720647755784,0.44761789902508164,13.828389565666624,15.583051729844945,0.90862,0.8799076303649036,0.3739,0.0008345714138451039,5.975087264523593,6.0,0.90862,0.6261,1.0,0.99954,0.05673
E4_interaction,MSOG,same_indication,0.0,12.0,0.0,0.2,0.0,0.25,100000,-365.0463373377463,1.11074029144992,-327.69060172635784,351.24692099009974,-961.5022449734774,-804.8314392706775,-1085.1304093645904,0.87683,917.3326050763183,-0.3979432708677961,106.52275512195538,0.41928870007142977,105.70094926981538,107.34456097409539,0.90862,0.8799076303649036,0.3739,0.0008345714138451039,5.975087264523593,6.0,0.90862,0.6261,1.0,0.99944,0.0216
E4_interaction,MSOG,same_indication,0.0,12.0,0.0,0.3,0.0,0.25,100000,-273.2293028635467,1.1295998980451132,-248.59925786629267,357.2108522516541,-852.9686445717239,-713.9730533344037,-983.8745224809411,0.69534,825.5155706021187,-0.33098019297716863,198.3397895961549,0.4139060897806422,197.52853366018485,199.15104553212495,0.90862,0.8799076303649036,0.3739,0.0008345714138451039,5.975087264523593,6.0,0.90862,0.6261,1.0,0.99569,0.01476
E4_interaction,MSOG,same_indication,0.0,12.0,0.0,0.0,0.0,0.5,100000,-625.7917201125892,0.9794191583333609,-559.4006505566923,309.7195324338504,-1148.2457813904614,-1148.2457813904614,-1233.8892661725422,1.0,1100.9666740247173,-0.5684020551002981,-154.22262765288758,0.9899385025699676,-156.16290711792473,-152.28234818785043,0.90862,0.8799076303649036,0.3739,0.0008345714138451039,5.975087264523593,6.0,0.90862,0.6261,1.0,1.0,0.09537
E4_interaction,MSOG,same_indication,0.0,12.0,0.0,0.1,0.0,0.5,100000,-533.9746856383897,0.9522058755641244,-512.783929676968,301.11393681775024,-1072.1868039690485,-991.325159232557,-1206.575784369888,1.0,1009.1496395505178,-0.529133306608746,-62.40559317868803,0.9384432231922804,-64.2449418961449,-60.56624446123116,0.90862,0.8799076303649036,0.3739,0.0008345714138451039,5.975087264523593,6.0,0.90862,0.6261,1.0,1.0,0.05673
E4_interaction,MSOG,same_indication,0.0,12.0,0.0,0.2,0.0,0.5,100000,-442.15765116419004,0.9349888651086722,-446.7383214422678,295.6694400639341,-961.5022449734774,-829.0903707798961,-1085.1647645452451,1.0,917.3326050763183,-0.4820036361047086,29.411441295511587,0.8952357980501633,27.656779131333266,31.166103459689907,0.90862,0.8799076303649036,0.3739,0.0008345714138451039,5.975087264523593,6.0,0.90862,0.6261,1.0,1.0,0.0216
E4_interaction,MSOG,same_indication,0.0,12.0,0.0,0.3,0.0,0.5,100000,-350.3406166899906,0.9283244761211004,-338.20472104051424,293.561975222527,-852.9686445717239,-744.2967177209271,-983.768170532113,0.86315,825.5155706021187,-0.42439007714228505,121.22847576971117,0.8615640380931994,119.5398102550485,122.91714128437384,0.90862,0.8799076303649036,0.3739,0.0008345714138451039,5.975087264523593,6.0,0.90862,0.6261,1.0,1.0,0.01476
E4_interaction,MSOG,same_indication,0.0,15.0,0.0,0.0,0.0,0.0,100000,85.38614566574705,2.9677481293003547,127.09499006028994,938.4843610293011,-1148.2457813904614,-884.1468803601001,-1230.880019991988,0.44846,1100.9666740247173,0.0775556133353316,0.0,0.0,0.0,0.0,0.90862,0.8799076303649036,0.3739,0.0008345714138451039,5.975087264523593,9.0,0.90862,0.6261,0.77312,0.60888,0.09533
E4_interaction,MSOG,same_indication,0.0,15.0,0.0,0.1,0.0,0.0,100000,177.20318013994665,3.013830465821319,206.18633392035508,953.0568753601618,-1070.035845375231,-807.2064950938525,-1186.539786580206,0.44846,1009.1496395505178,0.17559653513712215,91.81703447419959,0.1001848458349625,91.62067217636306,92.01339677203612,0.90862,0.8799076303649036,0.3739,0.0008345714138451039,5.975087264523593,9.0,0.90862,0.6261,0.77312,0.60888,0.05673
E4_interaction,MSOG,same_indication,0.0,15.0,0.0,0.2,0.0,0.0,100000,269.0202146141462,3.0624978695714535,285.2776777804203,968.4468597259064,-961.5022449734774,-760.589774214128,-1085.9738946100078,0.38716,917.3326050763183,0.2932635481672047,183.6340689483992,0.20036969166992483,183.24134435272614,184.02679354407226,0.90862,0.8799076303649036,0.3739,0.0008345714138451039,5.975087264523593,9.0,0.90862,0.6261,0.77312,0.5129,0.0216
E4_interaction,MSOG,same_indication,0.0,15.0,0.0,0.3,0.0,0.0,100000,360.83724908834574,3.113629125669367,364.36902164048536,984.6159826153843,-852.9686445717239,-713.9730533344037,-985.4080026398096,0.38277,825.5155706021187,0.43710532173870015,275.45110342259875,0.3005545375048873,274.86201652908915,276.04019031610835,0.90862,0.8799076303649036,0.3739,0.0008345714138451039,5.975087264523593,9.0,0.90862,0.6261,0.77312,0.45431,0.01476
E4_interaction,MSOG,same_indication,0.0,15.0,0.0,0.0,0.0,0.1,100000,37.22404030254404,2.7165630501701803,127.09499006028994,859.0526645992034,-1148.2457813904614,-884.1468803601001,-1230.880019991988,0.44848,1100.9666740247173,0.03381032430933358,-48.16210536320302,0.3091473877048385,-48.7680342431045,-47.556176483301535,0.90862,0.8799076303649036,0.3739,0.0008345714138451039,5.975087264523593,9.0,0.90862,0.6261,0.77327,0.60888,0.09533
E4_interaction,MSOG,same_indication,0.0,15.0,0.0,0.1,0.0,0.1,100000,129.0410747767436,2.7606546919940587,206.18633392035508,872.995665993183,-1070.035845375231,-807.2064950938525,-1186.539786580206,0.44846,1009.1496395505178,0.12787110030006987,43.65492911099659,0.2673266088357165,43.13096895767858,44.1788892643146,0.90862,0.8799076303649036,0.3739,0.0008345714138451039,5.975087264523593,9.0,0.90862,0.6261,0.77312,0.60888,0.05673
E4_interaction,MSOG,same_indication,0.0,15.0,0.0,0.2,0.0,0.1,100000,220.85810925094322,2.8076302922531764,285.2776777804203,887.8506551204239,-961.5022449734774,-760.589774214128,-1085.9738946100078,0.38716,917.3326050763183,0.24076121139569517,135.4719635851962,0.2596708126232771,134.96300879245456,135.98091837793783,0.90862,0.8799076303649036,0.3739,0.0008345714138451039,5.975087264523593,9.0,0.90862,0.6261,0.77312,0.5129,0.0216
E4_interaction,MSOG,same_indication,0.0,15.0,0.0,0.3,0.0,0.1,100000,312.6751437251428,2.857347615218781,364.36902164048536,903.5726530941746,-852.9686445717239,-713.9730533344037,-985.4080026398096,0.38277,825.5155706021187,0.3787634720167449,227.28899805939577,0.2889089004084373,226.72273661459522,227.8552595041963,0.90862,0.8799076303649036,0.3739,0.0008345714138451039,5.975087264523593,9.0,0.90862,0.6261,0.77312,0.45431,0.01476
E4_interaction,MSOG,same_indication,0.0,15.0,0.0,0.0,0.0,0.25,100000,-35.019117742260455,2.365668822530718,127.09499006028994,748.0901668845725,-1148.2457813904614,-884.1468803601001,-1230.880019991988,0.44861,1100.9666740247173,-0.031807609229663435,-120.40526340800751,0.7728684692620963,-121.92008560776122,-118.8904412082538,0.90862,0.8799076303649036,0.3739,0.0008345714138451039,5.975087264523593,9.0,0.90862,0.6261,0.79529,0.60888,0.09533
E4_interaction,MSOG,same_indication,0.0,15.0,0.0,0.1,0.0,0.25,100000,56.79791673193911,2.405549855744134,206.18633392035508,760.7016569240943,-1070.035845375231,-807.2064950938525,-1186.539786580206,0.44861,1009.1496395505178,0.05628294804449149,-28.58822893380793,0.7224947660324392,-30.00431867523151,-27.17213919238435,0.90862,0.8799076303649036,0.3739,0.0008345714138451039,5.975087264523593,9.0,0.90862,0.6261,0.77552,0.60888,0.05673
E4_interaction,MSOG,same_indication,0.0,15.0,0.0,0.2,0.0,0.25,100000,148.6149512061387,2.448882448325629,285.2776777804203,774.4046258718582,-961.5022449734774,-760.589774214128,-1085.9738946100078,0.38716,917.3326050763183,0.1620077062384309,63.228805540391676,0.6831879022486809,61.889757251984264,64.56785382879909,0.90862,0.8799076303649036,0.3739,0.0008345714138451039,5.975087264523593,9.0,0.90862,0.6261,0.77385,0.5129,0.0216
E4_interaction,MSOG,same_indication,0.0,15.0,0.0,0.3,0.0,0.25,100000,240.4319856803383,2.49548680413942,364.36902164048536,789.1422171975073,-852.9686445717239,-713.9730533344037,-985.4080026398096,0.38277,825.5155706021187,0.29125069743381193,155.04584001459125,0.6569373937321481,153.75824272287625,156.33343730630625,0.90862,0.8799076303649036,0.3739,0.0008345714138451039,5.975087264523593,9.0,0.90862,0.6261,0.77327,0.45431,0.01476
E4_interaction,MSOG,same_indication,0.0,15.0,0.0,0.0,0.0,0.5,100000,-155.42438115026798,1.892062456258001,127.09499006028994,598.3226837067989,-1148.2457813904614,-884.1468803601001,-1230.880019991988,0.47077,1100.9666740247173,-0.1411708317946585,-240.81052681601503,1.5457369385241926,-243.84017121552245,-237.7808824165076,0.90862,0.8799076303649036,0.3739,0.0008345714138451039,5.975087264523593,9.0,0.90862,0.6261,0.96897,0.61128,0.09533
E4_interaction,MSOG,same_indication,0.0,15.0,0.0,0.1,0.0,0.5,100000,-63.60734667606842,1.9195878416440264,205.91522825000288,607.0269748361742,-1070.035845375231,-807.2064950938525,-1186.539786580206,0.451,1009.1496395505178,-0.06303063904813914,-148.99349234181545,1.4928535467729696,-151.91948529349048,-146.06749939014043,0.90862,0.8799076303649036,0.3739,0.0008345714138451039,5.975087264523593,9.0,0.90862,0.6261,0.95452,0.61105,0.05673
E4_interaction,MSOG,same_indication,0.0,15.0,0.0,0.2,0.0,0.5,100000,28.20968779813118,1.9518731085457455,285.2776777804203,617.2364726637621,-961.5022449734774,-760.589774214128,-1085.9738946100078,0.38789,917.3326050763183,0.030751864309657078,-57.17645786761586,1.4449895320648787,-60.00863735046302,-54.3442783847687,0.90862,0.8799076303649036,0.3739,0.0008345714138451039,5.975087264523593,9.0,0.90862,0.6261,0.95423,0.51305,0.0216
E4_interaction,MSOG,same_indication,0.0,15.0,0.0,0.3,0.0,0.5,100000,120.02672227233076,1.9886864480381121,364.36902164048536,628.8778727710527,-852.9686445717239,-713.9730533344037,-985.4080026398096,0.38292,825.5155706021187,0.1453960731289236,34.64057660658372,1.4026588288359612,31.89136530206524,37.389787911102204,0.90862,0.8799076303649036,0.3739,0.0008345714138451039,5.975087264523593,9.0,0.90862,0.6261,0.95132,0.45431,0.01476
E4_interaction,MSOG,same_indication,0.0,18.0,0.0,0.0,0.0,0.0,100000,503.83485950905936,4.2175395702764,587.6271309369075,1333.7031163961205,-1148.2457813904614,-884.1468803601001,-1230.880019991988,0.38669,1100.9666740247173,0.45762952811934793,0.0,0.0,0.0,0.0,0.90862,0.8799076303649036,0.3739,0.0008345714138451039,5.975087264523593,12.0,0.90862,0.6261,0.39981,0.3739,0.09533
E4_interaction,MSOG,same_indication,0.0,18.0,0.0,0.1,0.0,0.0,100000,595.6518939832589,4.269394158383839,666.7184747969727,1350.1009769510595,-1070.035845375231,-807.2064950938525,-1186.539786580206,0.37502,1009.1496395505178,0.5902513072774483,91.8170344741996,0.1001848458349625,91.62067217636307,92.01339677203613,0.90862,0.8799076303649036,0.3739,0.0008345714138451039,5.975087264523593,12.0,0.90862,0.6261,0.38669,0.3739,0.05673
E4_interaction,MSOG,same_indication,0.0,18.0,0.0,0.2,0.0,0.0,100000,687.4689284574586,4.3229488707486246,745.8098186570378,1367.03646400185,-961.5022449734774,-760.589774214128,-1085.9738946100078,0.37398,917.3326050763183,0.7494216652206143,183.6340689483992,0.20036969166992485,183.24134435272614,184.02679354407226,0.90862,0.8799076303649036,0.3739,0.0008345714138451039,5.975087264523593,12.0,0.90862,0.6261,0.38387,0.3739,0.0216
E4_interaction,MSOG,same_indication,0.0,18.0,0.0,0.3,0.0,0.0,100000,779.285962931658,4.378141318555344,824.901162517103,1384.4898484727698,-852.9686445717239,-713.9730533344037,-985.4080026398096,0.37393,825.5155706021187,0.9439991087790851,275.45110342259875,0.30055453750488736,274.86201652908915,276.04019031610835,0.90862,0.8799076303649036,0.3739,0.0008345714138451039,5.975087264523593,12.0,0.90862,0.6261,0.37502,0.3739,0.01476
E4_interaction,MSOG,same_indication,0.0,18.0,0.0,0.0,0.0,0.1,100000,442.6618001018101,3.891060319993085,587.6271309369075,1230.461312428176,-1148.2457813904614,-884.1468803601001,-1230.880019991988,0.38669,1100.9666740247173,0.4020664844319094,-61.173059407249234,0.39266330595491006,-61.94267948692086,-60.40343932757761,0.90862,0.8799076303649036,0.3739,0.0008345714138451039,5.975087264523593,12.0,0.90862,0.6261,0.39981,0.3739,0.09533
E4_interaction,MSOG,same_indication,0.0,18.0,0.0,0.1,0.0,0.1,100000,534.4788345760097,3.9417086227610834,666.7184747969727,1246.4777120650444,-1070.035845375231,-807.2064950938525,-1186.539786580206,0.37502,1009.1496395505178,0.5296328845879291,30.643975066950365,0.34763698783066865,29.962606570802254,31.325343563098475,0.90862,0.8799076303649036,0.3739,0.0008345714138451039,5.975087264523593,12.0,0.90862,0.6261,0.38669,0.3739,0.05673
E4_interaction,MSOG,same_indication,0.0,18.0,0.0,0.2,0.0,0.1,100000,626.2958690502093,3.994228001296797,745.8098186570378,1263.085797811986,-961.5022449734774,-760.589774214128,-1085.9738946100078,0.37398,917.3326050763183,0.6827358643794244,122.46100954114998,0.3280129348706725,121.81810418880346,123.1039148934965,0.90862,0.8799076303649036,0.3739,0.0008345714138451039,5.975087264523593,12.0,0.90862,0.6261,0.38387,0.3739,0.0216
E4_interaction,MSOG,same_indication,0.0,18.0,0.0,0.3,0.0,0.1,100000,718.1129035244089,4.048545639190411,824.901162517103,1280.2625430983949,-852.9686445717239,-713.9730533344037,-985.4080026398096,0.37393,825.5155706021187,0.8698962552585509,214.27804401534954,0.33824178075293126,213.61509012507378,214.9409979056253,0.90862,0.8799076303649036,0.3739,0.0008345714138451039,5.975087264523593,12.0,0.90862,0.6261,0.37502,0.3739,0.01476
E4_interaction,MSOG,same_indication,0.0,18.0,0.0,0.0,0.0,0.25,100000,350.9022109909363,3.4274783389109524,587.6271309369075,1083.863818184913,-1148.2457813904614,-884.1468803601001,-1230.880019991988,0.38669,1100.9666740247173,0.3187219189007517,-152.932648518123,0.9816582648872746,-154.85669871730204,-151.00859831894394,0.90862,0.8799076303649036,0.3739,0.0008345714138451039,5.975087264523593,12.0,0.90862,0.6261,0.39981,0.3739,0.09533
E4_interaction,MSOG,same_indication,0.0,18.0,0.0,0.1,0.0,0.25,100000,442.7192454651359,3.4755243081904217,666.7184747969727,1099.0572877162733,-1070.035845375231,-807.2064950938525,-1186.539786580206,0.37502,1009.1496395505178,0.4387052505536504,-61.11561404392343,0.930196190424571,-62.93879857715559,-59.29242951069127,0.90862,0.8799076303649036,0.3739,0.0008345714138451039,5.975087264523593,12.0,0.90862,0.6261,0.38669,0.3739,0.05673
E4_interaction,MSOG,same_indication,0.0,18.0,0.0,0.2,0.0,0.25,100000,534.5362799393356,3.5257629921211655,745.8098186570378,1114.9441545033185,-961.5022449734774,-760.589774214128,-1085.9738946100078,0.37398,917.3326050763183,0.5827071631176398,30.70142043027619,0.8871025662285199,28.962699400468292,32.44014146008409,0.90862,0.8799076303649036,0.3739,0.0008345714138451039,5.975087264523593,12.0,0.90862,0.6261,0.38387,0.3739,0.0216
E4_interaction,MSOG,same_indication,0.0,18.0,0.0,0.3,0.0,0.25,100000,626.353314413535,3.578102030835598,824.901162517103,1131.4952117914522,-852.9686445717239,-713.9730533344037,-985.4080026398096,0.37393,825.5155706021187,0.7587419749777491,122.51845490447577,0.8536456993437129,120.8453093337621,124.19160047518945,0.90862,0.8799076303649036,0.3739,0.0008345714138451039,5.975087264523593,12.0,0.90862,0.6261,0.37502,0.3739,0.01476
E4_interaction,MSOG,same_indication,0.0,18.0,0.0,0.0,0.0,0.5,100000,197.96956247281327,2.7631289145827633,587.6271309369075,873.7780838750375,-1148.2457813904614,-884.1468803601001,-1230.880019991988,0.3867,1100.9666740247173,0.1798143096821555,-305.865297036246,1.9633165297745492,-309.7133974346041,-302.0171966378879,0.90862,0.8799076303649036,0.3739,0.0008345714138451039,5.975087264523593,12.0,0.90862,0.6261,0.39981,0.3739,0.09533
E4_interaction,MSOG,same_indication,0.0,18.0,0.0,0.1,0.0,0.5,100000,289.7865969470129,2.8032334637068614,666.7184747969727,886.4602558516636,-1070.035845375231,-807.2064950938525,-1186.539786580206,0.37502,1009.1496395505178,0.2871591938298525,-214.04826256204643,1.9099211502229048,-217.7917080164833,-210.30481710760955,0.90862,0.8799076303649036,0.3739,0.0008345714138451039,5.975087264523593,12.0,0.90862,0.6261,0.38669,0.3739,0.05673
E4_interaction,MSOG,same_indication,0.0,18.0,0.0,0.2,0.0,0.5,100000,381.60363142121247,2.846300811959018,745.8098186570378,900.0793471777123,-961.5022449734774,-760.589774214128,-1085.9738946100078,0.37398,917.3326050763183,0.41599266101466503,-122.23122808784683,1.860392380849142,-125.87759715431115,-118.58485902138251,0.90862,0.8799076303649036,0.3739,0.0008345714138451039,5.975087264523593,12.0,0.90862,0.6261,0.38387,0.3739,0.0216
E4_interaction,MSOG,same_indication,0.0,18.0,0.0,0.3,0.0,0.5,100000,473.4206658954121,2.8921986064136593,824.901162517103,914.5935041832034,-852.9686445717239,-713.9730533344037,-985.4080026398096,0.37393,825.5155706021187,0.5734848411764132,-30.41419361364725,1.8150467839822326,-33.971685310252425,-26.856701917042074,0.90862,0.8799076303649036,0.3739,0.0008345714138451039,5.975087264523593,12.0,0.90862,0.6261,0.37502,0.3739,0.01476
E4_interaction,MSOG,same_indication,0.0,12.0,0.5,0.0,0.0,0.0,100000,-367.01674164125495,1.700072472445408,-348.29685355023906,537.6101200281337,-1161.8183631345016,-975.7320027735561,-1267.5652073202373,0.79775,1112.0384833445644,-0.3300396048681843,104.55235081844671,0.3692689922242287,103.82858359368723,105.2761180432062,0.90862,0.8799076303649036,0.3739,0.0008345714138451039,5.975087264523593,6.416868437850806,0.90862,0.6261,0.98172,0.95121,0.09535
E4_interaction,MSOG,same_indication,0.0,12.0,0.5,0.1,0.0,0.0,100000,-274.0925262350707,1.7319577307627054,-261.5925834178513,547.6931240346825,-1078.2944657538667,-837.5301594803758,-1197.906698421788,0.64675,1019.1142679383801,-0.26895171116537,197.476566224631,0.44452098075631846,196.6053051023486,198.3478273469134,0.90862,0.8799076303649036,0.3739,0.0008345714138451039,5.975087264523593,6.416868437850806,0.90862,0.6261,0.98172,0.89248,0.05673
E4_interaction,MSOG,same_indication,0.0,12.0,0.5,0.2,0.0,0.0,100000,-181.1683108288864,1.769231941500512,-181.67460415748366,559.4802644263399,-973.5443608735134,-790.9134386006514,-1096.1277071082875,0.64525,926.1900525321959,-0.1956059777726761,290.4007816308153,0.5290662795356884,289.36381172292533,291.43775153870524,0.90862,0.8799076303649036,0.3739,0.0008345714138451039,5.975087264523593,6.416868437850806,0.90862,0.6261,0.96172,0.89248,0.0216
E4_interaction,MSOG,same_indication,0.0,12.0,0.5,0.3,0.0,0.0,100000,-88.24409542270213,1.8115624903926333,-101.75662489711607,572.8663593367619,-863.5054959842553,-713.9730533344037,-993.9525989316109,0.63714,833.2658371260115,-0.10590149204611796,383.3249970369996,0.6191092521080794,382.11154290286777,384.53845117113144,0.90862,0.8799076303649036,0.3739,0.0008345714138451039,5.975087264523593,6.416868437850806,0.90862,0.6261,0.96132,0.85789,0.01476
E4_interaction,MSOG,same_indication,0.0,12.0,0.5,0.0,0.0,0.1,100000,-401.4080664288874,1.5388637027718262,-348.29685355023906,486.63143093193395,-1161.8183631345016,-975.7320027735561,-1267.5652073202373,0.81985,1112.0384833445644,-0.36096598493751175,70.16102603081421,0.2337681416352757,69.70284047320908,70.61921158841935,0.90862,0.8799076303649036,0.3739,0.0008345714138451039,5.975087264523593,6.416868437850806,0.90862,0.6261,0.9951,0.953,0.09535
E4_interaction,MSOG,same_indication,0.0,12.0,0.5,0.1,0.0,0.1,100000,-308.4838510227032,1.5658670441513958,-261.5925834178513,495.17063725138524,-1078.2944657538667,-837.5301594803758,-1197.906698421788,0.66091,1019.1142679383801,-0.3026980003397965,163.0852414369985,0.30048925509346924,162.4962824970153,163.6742003769817,0.90862,0.8799076303649036,0.3739,0.0008345714138451039,5.975087264523593,6.416868437850806,0.90862,0.6261,0.99395,0.95174,0.05673
E4_interaction,MSOG,same_indication,0.0,12.0,0.5,0.2,0.0,0.1,100000,-215.55963561651885,1.599015514716839,-181.67460415748366,505.65310404517027,-973.5443608735134,-790.9134386006514,-1096.1277071082875,0.6461,926.1900525321959,-0.2327380163792308,256.0094568431828,0.3834226817815554,255.25794838689097,256.76096529947466,0.90862,0.8799076303649036,0.3739,0.0008345714138451039,5.975087264523593,6.416868437850806,0.90862,0.6261,0.99377,0.95125,0.0216
E4_interaction,MSOG,same_indication,0.0,12.0,0.5,0.3,0.0,0.1,100000,-122.63542021033462,1.6379360624718535,-101.75662489711607,517.9608619138902,-863.5054959842553,-713.9730533344037,-993.9525989316109,0.63837,833.2658371260115,-0.14717442471098086,348.9336722493671,0.4741360832898147,348.00436552611905,349.8629789726151,0.90862,0.8799076303649036,0.3739,0.0008345714138451039,5.975087264523593,6.416868437850806,0.90862,0.6261,0.99377,0.89248,0.01476
E4_interaction,MSOG,same_indication,0.0,12.0,0.5,0.0,0.0,0.25,100000,-452.9950536103362,1.3301891089388587,-380.1005810677669,420.6427302996636,-1161.8183631345016,-982.5182936455763,-1267.538566203096,0.87447,1112.0384833445644,-0.40735555504150295,18.57403884936551,0.3414651091979371,17.904767235337555,19.243310463393467,0.90862,0.8799076303649036,0.3739,0.0008345714138451039,5.975087264523593,6.416868437850806,0.90862,0.6261,0.99997,0.9951,0.09535
E4_interaction,MSOG,same_indication,0.0,12.0,0.5,0.1,0.0,0.25,100000,-360.0708382041519,1.347164270530325,-266.881343426756,426.01074772750786,-1078.2944657538667,-837.5301594803758,-1197.906698421788,0.73022,1019.1142679383801,-0.3533174341014361,111.4982542555498,0.337424171015816,110.83690288035879,112.1596056307408,0.90862,0.8799076303649036,0.3739,0.0008345714138451039,5.975087264523593,6.416868437850806,0.90862,0.6261,0.99989,0.9819,0.05673
E4_interaction,MSOG,same_indication,0.0,12.0,0.5,0.2,0.0,0.25,100000,-267.14662279796755,1.371631506689156,-181.67460415748366,433.74796715862135,-973.5443608735134,-790.9134386006514,-1096.1277071082875,0.683,926.1900525321959,-0.2884360742890629,204.4224696617341,0.36357204742220833,203.70986844878658,205.13507087468165,0.90862,0.8799076303649036,0.3739,0.0008345714138451039,5.975087264523593,6.416868437850806,0.90862,0.6261,0.99952,0.98172,0.0216
E4_interaction,MSOG,same_indication,0.0,12.0,0.5,0.3,0.0,0.25,100000,-174.22240739178332,1.4031989597295675,-101.75662489711607,443.73047231243214,-863.5054959842553,-713.9730533344037,-993.9525989316109,0.65193,833.2658371260115,-0.20908382370827516,297.3466850679184,0.4142307427542729,296.53479281212,298.15857732371677,0.90862,0.8799076303649036,0.3739,0.0008345714138451039,5.975087264523593,6.416868437850806,0.90862,0.6261,0.99946,0.96197,0.01476
E4_interaction,MSOG,same_indication,0.0,12.0,0.5,0.0,0.0,0.5,100000,-538.9733655794173,1.1241098099855424,-526.229086349526,355.4747339693403,-1161.8183631345016,-1095.0772928963174,-1267.8232867827887,1.0,1112.0384833445644,-0.48467150521482155,-67.4042731197157,0.8437419027013447,-69.05800724901033,-65.75053899042106,0.90862,0.8799076303649036,0.3739,0.0008345714138451039,5.975087264523593,6.416868437850806,0.90862,0.6261,1.0,1.0,0.09535
E4_interaction,MSOG,same_indication,0.0,12.0,0.5,0.1,0.0,0.5,100000,-446.0491501732331,1.1158354304428453,-416.19022146026794,352.85814541137773,-1078.2944657538667,-896.2891447488242,-1197.9234217207702,0.86315,1019.1142679383801,-0.4376831570375022,25.51994228646858,0.8032274805010888,23.945616424686445,27.094268148250716,0.90862,0.8799076303649036,0.3739,0.0008345714138451039,5.975087264523593,6.416868437850806,0.90862,0.6261,1.0,1.0,0.05673
E4_interaction,MSOG,same_indication,0.0,12.0,0.5,0.2,0.0,0.5,100000,-353.1249347670488,1.1169724539362291,-339.1843673012786,353.2177038105992,-973.5443608735134,-790.9134386006514,-1096.0039446232438,0.80445,926.1900525321959,-0.3812661708054499,118.44415769265291,0.7742875981087923,116.92655400035967,119.96176138494614,0.90862,0.8799076303649036,0.3739,0.0008345714138451039,5.975087264523593,6.416868437850806,0.90862,0.6261,1.0,1.0,0.0216
E4_interaction,MSOG,same_indication,0.0,12.0,0.5,0.3,0.0,0.5,100000,-260.2007193608645,1.1274924079425048,-229.02645828469815,356.5444053646036,-863.5054959842553,-713.9730533344037,-993.9314212548585,0.76245,833.2658371260115,-0.3122661553704324,211.36837309883717,0.7582487031528327,209.88220564065762,212.85454055701672,0.90862,0.8799076303649036,0.3739,0.0008345714138451039,5.975087264523593,6.416868437850806,0.90862,0.6261,1.0,1.0,0.01476
E4_interaction,MSOG,same_indication,0.0,15.0,0.5,0.0,0.0,0.0,100000,189.9384964841938,3.3011407352375723,264.67142595653905,1043.9123600113594,-1161.8183631345016,-892.4132343631248,-1266.9964479395333,0.44846,1112.0384833445644,0.17080208943213476,104.55235081844674,0.3692689922242287,103.82858359368726,105.27611804320622,0.90862,0.8799076303649036,0.3739,0.0008345714138451039,5.975087264523593,9.416868437850807,0.90862,0.6261,0.77312,0.47481,0.09533
E4_interaction,MSOG,same_indication,0.0,15.0,0.5,0.1,0.0,0.0,100000,282.8627118903781,3.3513405256020015,351.3756960889268,1059.7869275728165,-1078.2944657538667,-812.4952551027573,-1197.9816172472445,0.3967,1019.1142679383801,0.27755740527762013,197.476566224631,0.44452098075631846,196.6053051023486,198.3478273469134,0.90862,0.8799076303649036,0.3739,0.0008345714138451039,5.975087264523593,9.416868437850807,0.90862,0.6261,0.77312,0.47481,0.05673
E4_interaction,MSOG,same_indication,0.0,15.0,0.5,0.2,0.0,0.0,100000,375.78692729656234,3.403896208073133,431.2936753492944,1076.4064936321527,-973.5443608735134,-760.589774214128,-1096.1444107584866,0.38405,926.1900525321959,0.405734143083446,290.4007816308153,0.5290662795356884,289.36381172292533,291.43775153870524,0.90862,0.8799076303649036,0.3739,0.0008345714138451039,5.975087264523593,9.416868437850807,0.90862,0.6261,0.77312,0.44392,0.0216
E4_interaction,MSOG,same_indication,0.0,15.0,0.5,0.3,0.0,0.0,100000,468.7111427027467,3.4587003894847443,511.211654609662,1093.7370974883281,-863.5054959842553,-713.9730533344037,-994.3072042697283,0.37709,833.2658371260115,0.5624989310966619,383.3249970369996,0.6191092521080795,382.11154290286777,384.53845117113144,0.90862,0.8799076303649036,0.3739,0.0008345714138451039,5.975087264523593,9.416868437850807,0.90862,0.6261,0.77312,0.39972,0.01476
E4_interaction,MSOG,same_indication,0.0,15.0,0.5,0.0,0.0,0.1,100000,138.2295918639358,3.0289987802126226,264.67142595653905,957.8535175343648,-1161.8183631345016,-892.4132343631248,-1266.9964479395333,0.44846,1112.0384833445644,0.12430288513774884,52.84344619818877,0.22762604567882952,52.39729914865826,53.28959324771928,0.90862,0.8799076303649036,0.3739,0.0008345714138451039,5.975087264523593,9.416868437850807,0.90862,0.6261,0.77312,0.47481,0.09533
E4_interaction,MSOG,same_indication,0.0,15.0,0.5,0.1,0.0,0.1,100000,231.1538072701201,3.077433845600021,351.3756960889268,973.1700300587014,-1078.2944657538667,-812.4952551027573,-1197.9816172472445,0.3967,1019.1142679383801,0.2268183407320293,145.76766160437305,0.27361511143059886,145.23137598596907,146.30394722277703,0.90862,0.8799076303649036,0.3739,0.0008345714138451039,5.975087264523593,9.416868437850807,0.90862,0.6261,0.77312,0.47481,0.05673
E4_interaction,MSOG,same_indication,0.0,15.0,0.5,0.2,0.0,0.1,100000,324.07802267630433,3.1284880453110935,431.2936753492944,989.3147855791112,-973.5443608735134,-760.589774214128,-1096.1444107584866,0.38405,926.1900525321959,0.3499044518889808,238.69187701055736,0.3449489148118772,238.01577713752607,239.36797688358865,0.90862,0.8799076303649036,0.3739,0.0008345714138451039,5.975087264523593,9.416868437850807,0.90862,0.6261,0.77312,0.44392,0.0216
E4_interaction,MSOG,same_indication,0.0,15.0,0.5,0.3,0.0,0.1,100000,417.00223808248865,3.182035313656848,511.211654609662,1006.2479186243933,-863.5054959842553,-713.9730533344037,-994.3072042697283,0.37709,833.2658371260115,0.5004432193221273,331.61609241674165,0.4291703514357891,330.7749185279275,332.4572663055558,0.90862,0.8799076303649036,0.3739,0.0008345714138451039,5.975087264523593,9.416868437850807,0.90862,0.6261,0.77312,0.39972,0.01476
E4_interaction,MSOG,same_indication,0.0,15.0,0.5,0.0,0.0,0.25,100000,60.66623493354884,2.646934372843835,264.67142595653905,837.0341435175859,-1161.8183631345016,-892.4132343631248,-1266.9964479395333,0.44857,1112.0384833445644,0.054554078696169954,-24.719910732198198,0.5834958760236354,-25.863562649204525,-23.57625881519187,0.90862,0.8799076303649036,0.3739,0.0008345714138451039,5.975087264523593,9.416868437850807,0.90862,0.6261,0.77399,0.47481,0.09533
E4_interaction,MSOG,same_indication,0.0,15.0,0.5,0.1,0.0,0.25,100000,153.5904503397331,2.6916064879330834,351.3756960889268,851.1607066755062,-1078.2944657538667,-812.4952551027573,-1197.9816172472445,0.3967,1019.1142679383801,0.15070974391364308,68.20430467398609,0.5533872948439394,67.11966557609196,69.28894377188021,0.90862,0.8799076303649036,0.3739,0.0008345714138451039,5.975087264523593,9.416868437850807,0.90862,0.6261,0.77323,0.47481,0.05673
E4_interaction,MSOG,same_indication,0.0,15.0,0.5,0.2,0.0,0.25,100000,246.5146657459174,2.7393981656049324,431.2936753492944,866.2737621398717,-973.5443608735134,-760.589774214128,-1096.1444107584866,0.38405,926.1900525321959,0.2661599150972831,161.12852008017038,0.5413690709190089,160.06743670116913,162.18960345917162,0.90862,0.8799076303649036,0.3739,0.0008345714138451039,5.975087264523593,9.416868437850807,0.90862,0.6261,0.77315,0.44392,0.0216
E4_interaction,MSOG,same_indication,0.0,15.0,0.5,0.3,0.0,0.25,100000,339.43888115210177,2.790149108139345,511.211654609662,882.3226193207779,-863.5054959842553,-713.9730533344037,-994.3072042697283,0.37709,833.2658371260115,0.40735965166032573,254.0527354863547,0.5486313478973316,252.9774180444759,255.12805292823347,0.90862,0.8799076303649036,0.3739,0.0008345714138451039,5.975087264523593,9.416868437850807,0.90862,0.6261,0.77312,0.39972,0.01476
E4_interaction,MSOG,same_indication,0.0,15.0,0.5,0.0,0.0,0.5,100000,-68.60602661709609,2.121297305045067,232.86769843901118,670.8131078319404,-1161.8183631345016,-892.4132343631248,-1266.9964479395333,0.45094,1112.0384833445644,-0.06169393203979485,-153.99217228284311,1.3890588713250531,-156.71472767064023,-151.269616895046,0.90862,0.8799076303649036,0.3739,0.0008345714138451039,5.975087264523593,9.416868437850807,0.90862,0.6261,0.95299,0.47496,0.09533
E4_interaction,MSOG,same_indication,0.0,15.0,0.5,0.1,0.0,0.5,100000,24.318188789088175,2.1547428884153654,346.08693608002204,681.3895299442597,-1078.2944657538667,-812.4952551027573,-1197.9816172472445,0.39795,1019.1142679383801,0.023862082549666114,-61.067956876658855,1.3415607909479075,-63.697416026916756,-58.43849772640095,0.90862,0.8799076303649036,0.3739,0.0008345714138451039,5.975087264523593,9.416868437850807,0.90862,0.6261,0.89262,0.4749,0.05673
E4_interaction,MSOG,same_indication,0.0,15.0,0.5,0.2,0.0,0.5,100000,117.24240419527247,2.1924881951920816,431.2936753492944,693.3256439838809,-973.5443608735134,-760.589774214128,-1096.1444107584866,0.3842,926.1900525321959,0.12658568711112014,31.85625852952545,1.3004457219375343,29.307384914527884,34.405132144523016,0.90862,0.8799076303649036,0.3739,0.0008345714138451039,5.975087264523593,9.416868437850807,0.90862,0.6261,0.86373,0.44392,0.0216
E4_interaction,MSOG,same_indication,0.0,15.0,0.5,0.3,0.0,0.5,100000,210.16661960145674,2.2343153244409315,511.211654609662,706.5525436251422,-863.5054959842553,-713.9730533344037,-994.3072042697283,0.37709,833.2658371260115,0.2522203722239894,124.78047393570975,1.266335543091723,122.29845627124998,127.26249160016953,0.90862,0.8799076303649036,0.3739,0.0008345714138451039,5.975087264523593,9.416868437850807,0.90862,0.6261,0.82914,0.39972,0.01476
E4_interaction,MSOG,same_indication,0.0,18.0,0.5,0.0,0.0,0.0,100000,608.3872103275061,4.554251551265359,725.2035668331566,1440.1807939353635,-1161.8183631345016,-892.4132343631248,-1266.9964479395333,0.37709,1112.0384833445644,0.5470918672685877,104.55235081844671,0.3692689922242287,103.82858359368723,105.2761180432062,0.90862,0.8799076303649036,0.3739,0.0008345714138451039,5.975087264523593,12.416868437850807,0.90862,0.6261,0.38888,0.3739,0.09533
E4_interaction,MSOG,same_indication,0.0,18.0,0.5,0.1,0.0,0.0,100000,701.3114257336903,4.609104799736986,811.9078369655444,1457.5269141583124,-1078.2944657538667,-812.4952551027573,-1197.9816172472445,0.37485,1019.1142679383801,0.6881577932888822,197.47656622463097,0.4445209807563184,196.60530510234858,198.34782734691336,0.90862,0.8799076303649036,0.3739,0.0008345714138451039,5.975087264523593,12.416868437850807,0.90862,0.6261,0.3771,0.3739,0.05673
E4_interaction,MSOG,same_indication,0.0,18.0,0.5,0.2,0.0,0.0,100000,794.2356411398746,4.665571758081641,891.8258162259121,1475.3833342494086,-973.5443608735134,-760.589774214128,-1096.1444107584866,0.37406,926.1900525321959,0.857529876258594,290.4007816308153,0.5290662795356885,289.36381172292533,291.43775153870524,0.90862,0.8799076303649036,0.3739,0.0008345714138451039,5.975087264523593,12.416868437850807,0.90862,0.6261,0.37688,0.3739,0.0216
E4_interaction,MSOG,same_indication,0.0,18.0,0.5,0.3,0.0,0.0,100000,887.1598565460589,4.723594554653736,971.7437954862796,1493.7317535874515,-863.5054959842553,-713.9730533344037,-994.3072042697283,0.37392,833.2658371260115,1.0646780619327096,383.3249970369996,0.6191092521080795,382.11154290286777,384.53845117113144,0.90862,0.8799076303649036,0.3739,0.0008345714138451039,5.975087264523593,12.416868437850807,0.90862,0.6261,0.37419,0.3739,0.01476
E4_interaction,MSOG,same_indication,0.0,18.0,0.5,0.0,0.0,0.1,100000,543.6673516632019,4.2075121467996395,725.2035668331566,1330.53216667116,-1161.8183631345016,-892.4132343631248,-1266.9964479395333,0.37709,1112.0384833445644,0.4888925696420768,39.83249215414252,0.25679360786676714,39.329176682723656,40.33580762556139,0.90862,0.8799076303649036,0.3739,0.0008345714138451039,5.975087264523593,12.416868437850807,0.90862,0.6261,0.38888,0.3739,0.09533
E4_interaction,MSOG,same_indication,0.0,18.0,0.5,0.1,0.0,0.1,100000,636.5915670693861,4.261237858969228,811.9078369655444,1347.5217286082125,-1078.2944657538667,-812.4952551027573,-1197.9816172472445,0.37485,1019.1142679383801,0.6246518050985398,132.7567075603268,0.28201424298436195,132.20395964407743,133.30945547657615,0.90862,0.8799076303649036,0.3739,0.0008345714138451039,5.975087264523593,12.416868437850807,0.90862,0.6261,0.3771,0.3739,0.05673
E4_interaction,MSOG,same_indication,0.0,18.0,0.5,0.2,0.0,0.1,100000,729.5157824755704,4.31673610822502,891.8258162259121,1365.0718159882172,-973.5443608735134,-760.589774214128,-1096.1444107584866,0.37406,926.1900525321959,0.787652361932716,225.6809229665111,0.33792605928778074,225.01858789030706,226.34325804271515,0.90862,0.8799076303649036,0.3739,0.0008345714138451039,5.975087264523593,12.416868437850807,0.90862,0.6261,0.37688,0.3739,0.0216
E4_interaction,MSOG,same_indication,0.0,18.0,0.5,0.3,0.0,0.1,100000,822.4399978817546,4.373939423161877,971.7437954862796,1383.1610924794572,-863.5054959842553,-713.9730533344037,-994.3072042697283,0.37392,833.2658371260115,0.9870079406092107,318.60513837269536,0.4122243587421891,317.7971786295607,319.41309811583005,0.90862,0.8799076303649036,0.3739,0.0008345714138451039,5.975087264523593,12.416868437850807,0.90862,0.6261,0.37419,0.3739,0.01476
E4_interaction,MSOG,same_indication,0.0,18.0,0.5,0.0,0.0,0.25,100000,446.58756366674567,3.7143029774499317,725.2035668331566,1174.5657328686816,-1161.8183631345016,-892.4132343631248,-1266.9964479395333,0.37709,1112.0384833445644,0.40159362320231035,-57.24729584231369,0.7812037138974588,-58.77845512155271,-55.71613656307467,0.90862,0.8799076303649036,0.3739,0.0008345714138451039,5.975087264523593,12.416868437850807,0.90862,0.6261,0.38888,0.3739,0.09533
E4_interaction,MSOG,same_indication,0.0,18.0,0.5,0.1,0.0,0.25,100000,539.5117790729299,3.7655757696898604,811.9078369655444,1190.7796134161597,-1078.2944657538667,-812.4952551027573,-1197.9816172472445,0.37485,1019.1142679383801,0.5293928228130264,35.67691956387059,0.7432314326963166,34.22018595578581,37.13365317195537,0.90862,0.8799076303649036,0.3739,0.0008345714138451039,5.975087264523593,12.416868437850807,0.90862,0.6261,0.3771,0.3739,0.05673
E4_interaction,MSOG,same_indication,0.0,18.0,0.5,0.2,0.0,0.25,100000,632.4359944791142,3.818919750184894,891.8258162259121,1207.64846119855,-973.5443608735134,-760.589774214128,-1096.1444107584866,0.37406,926.1900525321959,0.6828360904438991,128.60113497005491,0.7180387138472202,127.19377909091436,130.00849084919545,0.90862,0.8799076303649036,0.3739,0.0008345714138451039,5.975087264523593,12.416868437850807,0.90862,0.6261,0.37688,0.3739,0.0216
E4_interaction,MSOG,same_indication,0.0,18.0,0.5,0.3,0.0,0.25,100000,725.3602098852984,3.8742493662029607,971.7437954862796,1225.1452220665126,-863.5054959842553,-713.9730533344037,-994.3072042697283,0.37392,833.2658371260115,0.8705027586239624,221.52535037623912,0.7069930259301261,220.13964404541608,222.91105670706216,0.90862,0.8799076303649036,0.3739,0.0008345714138451039,5.975087264523593,12.416868437850807,0.90862,0.6261,0.37419,0.3739,0.01476
E4_interaction,MSOG,same_indication,0.0,18.0,0.5,0.0,0.0,0.5,100000,284.7879170059852,3.0029025071568807,725.2035668331566,949.6011514045822,-1161.8183631345016,-892.4132343631248,-1266.9964479395333,0.37709,1112.0384833445644,0.25609537913603286,-219.04694250307412,1.8029798500541374,-222.58078300918024,-215.513101996968,0.90862,0.8799076303649036,0.3739,0.0008345714138451039,5.975087264523593,12.416868437850807,0.90862,0.6261,0.38888,0.3739,0.09533
E4_interaction,MSOG,same_indication,0.0,18.0,0.5,0.1,0.0,0.5,100000,377.7121324121694,3.046606660318561,811.9078369655444,963.421618124558,-1078.2944657538667,-812.4952551027573,-1197.9816172472445,0.37485,1019.1142679383801,0.3706278523371704,-126.12272709688982,1.7532040571103673,-129.55900704882615,-122.6864471449535,0.90862,0.8799076303649036,0.3739,0.0008345714138451039,5.975087264523593,12.416868437850807,0.90862,0.6261,0.3771,0.3739,0.05673
E4_interaction,MSOG,same_indication,0.0,18.0,0.5,0.2,0.0,0.5,100000,470.63634781835384,3.0931009892987107,891.8258162259121,978.1244159104027,-973.5443608735134,-760.589774214128,-1096.1444107584866,0.37406,926.1900525321959,0.5081423046292043,-33.1985116907055,1.7081526583213156,-36.54649090101528,-29.850532480395724,0.90862,0.8799076303649036,0.3739,0.0008345714138451039,5.975087264523593,12.416868437850807,0.90862,0.6261,0.37688,0.3739,0.0216
E4_interaction,MSOG,same_indication,0.0,18.0,0.5,0.3,0.0,0.5,100000,563.5605632245381,3.142261642415988,971.7437954862796,993.670379421608,-863.5054959842553,-713.9730533344037,-994.3072042697283,0.37392,833.2658371260115,0.6763274553152153,59.72570371547876,1.6682084565446302,56.45601514065128,62.995392290306235,0.90862,0.8799076303649036,0.3739,0.0008345714138451039,5.975087264523593,12.416868437850807,0.90862,0.6261,0.37419,0.3739,0.01476
E4_interaction,MSOG,same_indication,0.0,12.0,1.0,0.0,0.0,0.0,100000,-257.1922720967066,2.042117719546468,-203.7721635283155,645.7743243955791,-1175.82010020594,-900.9664062064918,-1282.698583158747,0.64525,1123.481656015301,-0.2289243181850437,214.37682036299512,0.756797072816997,212.8934981002738,215.86014262571643,0.90862,0.8799076303649036,0.3739,0.0008345714138451039,5.975087264523593,6.8337368757016135,0.90862,0.6261,0.95368,0.84679,0.09535
E4_interaction,MSOG,same_indication,0.0,12.0,1.0,0.1,0.0,0.0,100000,-163.12373942344865,2.08271293435667,-144.83400314987927,658.6116584859831,-1084.5952474360138,-837.5301594803758,-1210.200798339788,0.6438,1029.413123342043,-0.15846285201208526,308.445353036253,0.8309541876602861,306.81668282843884,310.0740232440671,0.90862,0.8799076303649036,0.3739,0.0008345714138451039,5.975087264523593,6.8337368757016135,0.90862,0.6261,0.95292,0.80635,0.05673
E4_interaction,MSOG,same_indication,0.0,12.0,1.0,0.2,0.0,0.0,100000,-69.0552067501907,2.127738835683523,-98.21728227015491,672.8500986754684,-985.9875931767822,-790.9134386006514,-1106.6855215352398,0.54116,935.3445906687851,-0.07382862683881586,402.51388570951104,0.9112403162966155,400.72785468956965,404.29991672945243,0.90862,0.8799076303649036,0.3739,0.0008345714138451039,5.975087264523593,6.8337368757016135,0.90862,0.6261,0.95125,0.80485,0.0216
E4_interaction,MSOG,same_indication,0.0,12.0,1.0,0.3,0.0,0.0,100000,25.0133259230672,2.176920517222339,-51.600561390430556,688.4027119574397,-874.3933242496155,-713.9730533344037,-1003.1945992324407,0.50228,841.2760579955273,0.02973260166545734,496.58241838276894,0.9961746662041472,494.6299160370088,498.5349207285291,0.90862,0.8799076303649036,0.3739,0.0008345714138451039,5.975087264523593,6.8337368757016135,0.90862,0.6261,0.95121,0.80332,0.01476
E4_interaction,MSOG,same_indication,0.0,12.0,1.0,0.0,0.0,0.1,100000,-295.30351132782164,1.854548744164178,-203.7721635283155,586.4598063363703,-1175.82010020594,-900.9664062064918,-1282.698583158747,0.64818,1123.481656015301,-0.26284675833087195,176.26558113188,0.575241675240825,175.138107448408,177.393054815352,0.90862,0.8799076303649036,0.3739,0.0008345714138451039,5.975087264523593,6.8337368757016135,0.90862,0.6261,0.98172,0.89251,0.09535
E4_interaction,MSOG,same_indication,0.0,12.0,1.0,0.1,0.0,0.1,100000,-201.23497865456372,1.8913324451216844,-144.83400314987927,598.091833915994,-1084.5952474360138,-837.5301594803758,-1210.200798339788,0.64525,1029.413123342043,-0.19548514983104542,270.334113805138,0.6472905256048441,269.0654243749525,271.60280323532345,0.90862,0.8799076303649036,0.3739,0.0008345714138451039,5.975087264523593,6.8337368757016135,0.90862,0.6261,0.97447,0.84797,0.05673
E4_interaction,MSOG,same_indication,0.0,12.0,1.0,0.2,0.0,0.1,100000,-107.16644598130574,1.9331468622294077,-98.21728227015491,611.3147136252657,-985.9875931767822,-790.9134386006514,-1106.6855215352398,0.5412,935.3445906687851,-0.11457429384894412,364.4026464783959,0.7274600082685775,362.9768248621895,365.82846809460233,0.90862,0.8799076303649036,0.3739,0.0008345714138451039,5.975087264523593,6.8337368757016135,0.90862,0.6261,0.96039,0.84679,0.0216
E4_interaction,MSOG,same_indication,0.0,12.0,1.0,0.3,0.0,0.1,100000,-13.097913308047849,1.979673246627645,-51.600561390430556,626.0276482243609,-874.3933242496155,-713.9730533344037,-1003.1945992324407,0.50301,841.2760579955273,-0.015569102654906988,458.47117915165387,0.8133523850157696,456.87700847702297,460.0653498262848,0.90862,0.8799076303649036,0.3739,0.0008345714138451039,5.975087264523593,6.8337368757016135,0.90862,0.6261,0.96019,0.83505,0.01476
E4_interaction,MSOG,same_indication,0.0,12.0,1.0,0.0,0.0,0.25,100000,-352.47037017449424,1.6039539342918596,-220.30866850709953,507.2147694350329,-1175.82010020594,-900.9664062064918,-1282.698583158747,0.683,1123.481656015301,-0.3137304185496143,119.09872228520746,0.44474996464825567,118.22701235449688,119.97043221591804,0.90862,0.8799076303649036,0.3739,0.0008345714138451039,5.975087264523593,6.8337368757016135,0.90862,0.6261,0.99832,0.96172,0.09535
E4_interaction,MSOG,same_indication,0.0,12.0,1.0,0.1,0.0,0.25,100000,-258.4018375012363,1.6327780245264734,-144.83400314987927,516.3297470973926,-1084.5952474360138,-837.5301594803758,-1210.200798339788,0.66099,1029.413123342043,-0.2510185965594856,213.1672549584654,0.4913176683325662,212.20427232853356,214.13023758839725,0.90862,0.8799076303649036,0.3739,0.0008345714138451039,5.975087264523593,6.8337368757016135,0.90862,0.6261,0.99777,0.96019,0.05673
E4_interaction,MSOG,same_indication,0.0,12.0,1.0,0.2,0.0,0.25,100000,-164.33330482797834,1.6677502603541128,-98.21728227015491,527.388939105781,-985.9875931767822,-790.9134386006514,-1106.6855215352398,0.54934,935.3445906687851,-0.17569279436413654,307.2357876317234,0.5541791866041823,306.1495964259792,308.32197883746755,0.90862,0.8799076303649036,0.3739,0.0008345714138451039,5.975087264523593,6.8337368757016135,0.90862,0.6261,0.9951,0.95297,0.0216
E4_interaction,MSOG,same_indication,0.0,12.0,1.0,0.3,0.0,0.25,100000,-70.26477215472042,1.708493132539387,-51.600561390430556,540.2729665580398,-874.3933242496155,-713.9730533344037,-1003.1945992324407,0.50482,841.2760579955273,-0.08352165913545348,401.30432030498116,0.6284640721657805,400.0725307235362,402.5361098864261,0.90862,0.8799076303649036,0.3739,0.0008345714138451039,5.975087264523593,6.8337368757016135,0.90862,0.6261,0.99508,0.89259,0.01476
E4_interaction,MSOG,same_indication,0.0,12.0,1.0,0.0,0.0,0.5,100000,-447.74846825228184,1.3193246791559834,-498.1947289452,417.2070959403781,-1175.82010020594,-902.692938839986,-1282.6686086930988,0.80445,1123.481656015301,-0.39853651891418496,23.82062420741983,0.7670653137379552,22.317176192493438,25.32407222234622,0.90862,0.8799076303649036,0.3739,0.0008345714138451039,5.975087264523593,6.8337368757016135,0.90862,0.6261,1.0,1.0,0.09535
E4_interaction,MSOG,same_indication,0.0,12.0,1.0,0.1,0.0,0.5,100000,-353.67993557902395,1.3265598104388698,-369.5666469433102,419.49504534280385,-1084.5952474360138,-837.5301594803758,-1210.070620826595,0.76245,1029.413123342043,-0.34357434110688595,117.88915688067777,0.7468782921576758,116.42527542804874,119.35303833330681,0.90862,0.8799076303649036,0.3739,0.0008345714138451039,5.975087264523593,6.8337368757016135,0.90862,0.6261,1.0,1.0,0.05673
E4_interaction,MSOG,same_indication,0.0,12.0,1.0,0.2,0.0,0.5,100000,-259.61140290576594,1.3420265466083678,-224.80307508736,424.386056769256,-985.9875931767822,-790.9134386006514,-1106.6855215352398,0.61561,935.3445906687851,-0.2775569618894572,211.95768955393575,0.7412126351737564,210.5049127889952,213.4104663188763,0.90862,0.8799076303649036,0.3739,0.0008345714138451039,5.975087264523593,6.8337368757016135,0.90862,0.6261,1.0,1.0,0.0216
E4_interaction,MSOG,same_indication,0.0,12.0,1.0,0.3,0.0,0.5,100000,-165.54287023250802,1.365445192023448,-51.600561390430556,431.7916826920073,-874.3933242496155,-713.9730533344037,-1003.1945992324407,0.55786,841.2760579955273,-0.19677591993636429,306.0262222271936,0.750397332934013,304.55544345464295,307.4970009997443,0.90862,0.8799076303649036,0.3739,0.0008345714138451039,5.975087264523593,6.8337368757016135,0.90862,0.6261,1.0,1.0,0.01476
E4_interaction,MSOG,same_indication,0.0,15.0,1.0,0.0,0.0,0.0,100000,299.76296602874214,3.6583889971947654,409.1961159784626,1156.8841798034807,-1175.82010020594,-900.9664062064918,-1282.1559592493027,0.3967,1123.481656015301,0.26681607521027434,214.37682036299512,0.756797072816997,212.8934981002738,215.86014262571643,0.90862,0.8799076303649036,0.3739,0.0008345714138451039,5.975087264523593,9.833736875701613,0.90862,0.6261,0.77312,0.43398,0.09533
E4_interaction,MSOG,same_indication,0.0,15.0,1.0,0.1,0.0,0.0,100000,393.8314987020001,3.712361702474421,468.13427635689885,1173.9518478199514,-1084.5952474360138,-820.1931097617875,-1209.793383580637,0.3967,1029.413123342043,0.3825786652334543,308.445353036253,0.8309541876602863,306.81668282843884,310.0740232440671,0.90862,0.8799076303649036,0.3739,0.0008345714138451039,5.975087264523593,9.833736875701613,0.90862,0.6261,0.77312,0.42305,0.05673
E4_interaction,MSOG,same_indication,0.0,15.0,1.0,0.2,0.0,0.0,100000,487.90003137525804,3.7684983434639108,514.7509972366232,1191.703812391747,-985.9875931767822,-760.589774214128,-1106.643758610391,0.37928,935.3445906687851,0.521625972120502,402.51388570951104,0.9112403162966155,400.72785468956965,404.29991672945243,0.90862,0.8799076303649036,0.3739,0.0008345714138451039,5.975087264523593,9.833736875701613,0.90862,0.6261,0.77312,0.41913,0.0216
E4_interaction,MSOG,same_indication,0.0,15.0,1.0,0.3,0.0,0.0,100000,581.968564048516,3.826703688407309,561.3677181163475,1210.1099585934373,-874.3933242496155,-713.9730533344037,-1003.494133640145,0.37649,841.2760579955273,0.691768841532407,496.58241838276894,0.9961746662041472,494.6299160370088,498.5349207285291,0.90862,0.8799076303649036,0.3739,0.0008345714138451039,5.975087264523593,9.833736875701613,0.90862,0.6261,0.77312,0.38995,0.01476
E4_interaction,MSOG,same_indication,0.0,15.0,1.0,0.0,0.0,0.1,100000,244.3341469650016,3.364294986897953,409.1961159784626,1063.8834879283868,-1175.82010020594,-900.9664062064918,-1282.1559592493027,0.3967,1123.481656015301,0.21747942715112203,158.94800129925457,0.5156829542503218,157.93726270892395,159.9587398895852,0.90862,0.8799076303649036,0.3739,0.0008345714138451039,5.975087264523593,9.833736875701613,0.90862,0.6261,0.77312,0.43398,0.09533
E4_interaction,MSOG,same_indication,0.0,15.0,1.0,0.1,0.0,0.1,100000,338.40267963825954,3.4166820725068865,468.13427635689885,1080.4497389786327,-1084.5952474360138,-820.1931097617875,-1209.793383580637,0.3967,1029.413123342043,0.3287335977800805,253.0165339725125,0.5840275955726119,251.87183988519018,254.1612280598348,0.90862,0.8799076303649036,0.3739,0.0008345714138451039,5.975087264523593,9.833736875701613,0.90862,0.6261,0.77312,0.42305,0.05673
E4_interaction,MSOG,same_indication,0.0,15.0,1.0,0.2,0.0,0.1,100000,432.47121231151743,3.4714669823867847,514.7509972366232,1097.7742486413867,-985.9875931767822,-760.589774214128,-1106.643758610391,0.37928,935.3445906687851,0.46236565285772824,347.0850666457705,0.6621016198173146,345.7873474709286,348.3827858206124,0.90862,0.8799076303649036,0.3739,0.0008345714138451039,5.975087264523593,9.833736875701613,0.90862,0.6261,0.77312,0.41913,0.0216
E4_interaction,MSOG,same_indication,0.0,15.0,1.0,0.3,0.0,0.1,100000,526.5397449847753,3.52853803075745,561.3677181163475,1115.821698771881,-874.3933242496155,-713.9730533344037,-1003.494133640145,0.37649,841.2760579955273,0.6258822416025237,441.1535993190284,0.7468600116671771,439.6897536961607,442.61744494189605,0.90862,0.8799076303649036,0.3739,0.0008345714138451039,5.975087264523593,9.833736875701613,0.90862,0.6261,0.77312,0.38995,0.01476
E4_interaction,MSOG,same_indication,0.0,15.0,1.0,0.0,0.0,0.25,100000,161.19091836939083,2.9498488209346787,409.1961159784626,932.8241027315769,-1175.82010020594,-900.9664062064918,-1282.1559592493027,0.39671,1123.481656015301,0.1434744550623936,75.80477270364375,0.5355658787869497,74.75506358122132,76.85448182606618,0.90862,0.8799076303649036,0.3739,0.0008345714138451039,5.975087264523593,9.833736875701613,0.90862,0.6261,0.7732,0.43398,0.09533
E4_interaction,MSOG,same_indication,0.0,15.0,1.0,0.1,0.0,0.25,100000,255.25945104264875,2.9988277872984415,468.13427635689885,948.3126118466034,-1084.5952474360138,-820.1931097617875,-1209.793383580637,0.3967,1029.413123342043,0.24796599660001975,169.8733053769017,0.5459986624407778,168.80314799851777,170.94346275528562,0.90862,0.8799076303649036,0.3739,0.0008345714138451039,5.975087264523593,9.833736875701613,0.90862,0.6261,0.77312,0.42305,0.05673
E4_interaction,MSOG,same_indication,0.0,15.0,1.0,0.2,0.0,0.25,100000,349.32798371590667,3.0506489684762514,514.7509972366232,964.6999082028161,-985.9875931767822,-760.589774214128,-1106.643758610391,0.37928,935.3445906687851,0.37347517396356783,263.9418380501597,0.5757857828583455,262.8132979157573,265.07037818456206,0.90862,0.8799076303649036,0.3739,0.0008345714138451039,5.975087264523593,9.833736875701613,0.90862,0.6261,0.77312,0.41913,0.0216
E4_interaction,MSOG,same_indication,0.0,15.0,1.0,0.3,0.0,0.25,100000,443.39651638916456,3.1051700693111104,561.3677181163475,981.9409941206023,-874.3933242496155,-713.9730533344037,-1003.494133640145,0.37649,841.2760579955273,0.5270523417076989,358.01037072341757,0.6221535144840666,356.7909498350288,359.2297916118063,0.90862,0.8799076303649036,0.3739,0.0008345714138451039,5.975087264523593,9.833736875701613,0.90862,0.6261,0.77312,0.38995,0.01476
E4_interaction,MSOG,same_indication,0.0,15.0,1.0,0.0,0.0,0.5,100000,22.61887071003946,2.3713168456785523,375.8400851532869,749.8762286270235,-1175.82010020594,-900.9664062064918,-1282.1559592493027,0.39774,1123.481656015301,0.020132834914512752,-62.767274955707585,1.266750692232877,-65.25010631248402,-60.28444359893115,0.90862,0.8799076303649036,0.3739,0.0008345714138451039,5.975087264523593,9.833736875701613,0.90862,0.6261,0.81806,0.43399,0.09533
E4_interaction,MSOG,same_indication,0.0,15.0,1.0,0.1,0.0,0.5,100000,116.6874033832974,2.4099884419645923,468.13427635689885,762.1052611288629,-1084.5952474360138,-820.1931097617875,-1209.793383580637,0.39685,1029.413123342043,0.11335332796658516,31.301257717550357,1.2286096700902378,28.893182764173492,33.709332670927225,0.90862,0.8799076303649036,0.3739,0.0008345714138451039,5.975087264523593,9.833736875701613,0.90862,0.6261,0.81804,0.42305,0.05673
E4_interaction,MSOG,same_indication,0.0,15.0,1.0,0.2,0.0,0.5,100000,210.75593605655536,2.4525651872468877,514.7509972366232,775.5692101737512,-985.9875931767822,-760.589774214128,-1106.643758610391,0.37931,935.3445906687851,0.22532437580663375,125.3697903908083,1.1985145498050545,123.0207018731904,127.7188789084262,0.90862,0.8799076303649036,0.3739,0.0008345714138451039,5.975087264523593,9.833736875701613,0.90862,0.6261,0.78594,0.41913,0.0216
E4_interaction,MSOG,same_indication,0.0,15.0,1.0,0.3,0.0,0.5,100000,304.82446872981325,2.4988474752325724,561.3677181163475,790.2049547096123,-874.3933242496155,-713.9730533344037,-1003.494133640145,0.37649,841.2760579955273,0.3623358418829909,219.4383230640662,1.1770826352631238,217.13124109895048,221.7454050291819,0.90862,0.8799076303649036,0.3739,0.0008345714138451039,5.975087264523593,9.833736875701613,0.90862,0.6261,0.78178,0.38995,0.01476
E4_interaction,MSOG,same_indication,0.0,18.0,1.0,0.0,0.0,0.0,100000,718.2116798720544,4.912614809062842,869.7282568550802,1553.5052063711776,-1175.82010020594,-900.9664062064918,-1282.1559592493027,0.37709,1123.481656015301,0.6392731701729475,214.37682036299512,0.7567970728169968,212.8934981002738,215.86014262571643,0.90862,0.8799076303649036,0.3739,0.0008345714138451039,5.975087264523593,12.833736875701613,0.90862,0.6261,0.37928,0.3739,0.09533
E4_interaction,MSOG,same_indication,0.0,18.0,1.0,0.1,0.0,0.0,100000,812.2802125453123,4.970380743559606,928.6664172335164,1571.7723987889642,-1084.5952474360138,-820.1931097617875,-1209.793383580637,0.37419,1029.413123342043,0.7890711650422744,308.445353036253,0.830954187660286,306.81668282843884,310.0740232440671,0.90862,0.8799076303649036,0.3739,0.0008345714138451039,5.975087264523593,12.833736875701613,0.90862,0.6261,0.37627,0.3739,0.05673
E4_interaction,MSOG,same_indication,0.0,18.0,1.0,0.2,0.0,0.0,100000,906.3487452185702,5.029683509840469,975.2831381132409,1590.52558008858,-985.9875931767822,-760.589774214128,-1106.643758610391,0.37418,935.3445906687851,0.9689998255835505,402.513885709511,0.9112403162966152,400.7278546895696,404.2999167294524,0.90862,0.8799076303649036,0.3739,0.0008345714138451039,5.975087264523593,12.833736875701613,0.90862,0.6261,0.37626,0.3739,0.0216
E4_interaction,MSOG,same_indication,0.0,18.0,1.0,0.3,0.0,0.0,100000,1000.4172778918281,5.090469397006776,1021.8998589929652,1609.747765392533,-874.3933242496155,-713.9730533344037,-1003.494133640145,0.37392,841.2760579955273,1.1891664672776732,496.58241838276894,0.9961746662041471,494.6299160370088,498.5349207285291,0.90862,0.8799076303649036,0.3739,0.0008345714138451039,5.975087264523593,12.833736875701613,0.90862,0.6261,0.37418,0.3739,0.01476
E4_interaction,MSOG,same_indication,0.0,18.0,1.0,0.0,0.0,0.1,100000,649.7719067642676,4.544503691582617,869.7282568550802,1437.098250044444,-1175.82010020594,-900.9664062064918,-1282.1559592493027,0.37709,1123.481656015301,0.5783555995643405,145.9370472552083,0.48308533051445546,144.99020000739998,146.88389450301665,0.90862,0.8799076303649036,0.3739,0.0008345714138451039,5.975087264523593,12.833736875701613,0.90862,0.6261,0.37928,0.3739,0.09533
E4_interaction,MSOG,same_indication,0.0,18.0,1.0,0.1,0.0,0.1,100000,743.8404394375256,4.601208701946157,928.6664172335164,1455.029948793668,-1084.5952474360138,-820.1931097617875,-1209.793383580637,0.37419,1029.413123342043,0.7225869017704079,240.00557992846623,0.5466458921975592,238.934153979759,241.07700587717346,0.90862,0.8799076303649036,0.3739,0.0008345714138451039,5.975087264523593,12.833736875701613,0.90862,0.6261,0.37627,0.3739,0.05673
E4_interaction,MSOG,same_indication,0.0,18.0,1.0,0.2,0.0,0.1,100000,837.9089721107835,4.659598720320285,975.2831381132409,1473.4944938618007,-985.9875931767822,-760.589774214128,-1106.643758610391,0.37418,935.3445906687851,0.8958291740498185,334.0741126017242,0.6216132445846606,332.85575064233825,335.29247456111017,0.90862,0.8799076303649036,0.3739,0.0008345714138451039,5.975087264523593,12.833736875701613,0.90862,0.6261,0.37626,0.3739,0.0216
E4_interaction,MSOG,same_indication,0.0,18.0,1.0,0.3,0.0,0.1,100000,931.9775047840415,4.719611207445403,1021.8998589929652,1492.4721085984909,-874.3933242496155,-713.9730533344037,-1003.494133640145,0.37392,841.2760579955273,1.1078141306013447,428.14264527498216,0.7043545412063952,426.7621103742176,429.5231801757467,0.90862,0.8799076303649036,0.3739,0.0008345714138451039,5.975087264523593,12.833736875701613,0.90862,0.6261,0.37418,0.3739,0.01476
E4_interaction,MSOG,same_indication,0.0,18.0,1.0,0.0,0.0,0.25,100000,547.1122471025875,4.020152610373306,869.7282568550802,1271.2838790251103,-1175.82010020594,-900.9664062064918,-1282.1559592493027,0.37709,1123.481656015301,0.48697924365143014,43.277387593528246,0.6747849837286302,41.95480902542013,44.59996616163636,0.90862,0.8799076303649036,0.3739,0.0008345714138451039,5.975087264523593,12.833736875701613,0.90862,0.6261,0.37928,0.3739,0.09533
E4_interaction,MSOG,same_indication,0.0,18.0,1.0,0.1,0.0,0.25,100000,641.1807797758455,4.074530106680639,928.6664172335164,1288.4795532039668,-1084.5952474360138,-820.1931097617875,-1209.793383580637,0.37419,1029.413123342043,0.6228605068626082,137.34592026678618,0.665090920598435,136.04234206241324,138.64949847115912,0.90862,0.8799076303649036,0.3739,0.0008345714138451039,5.975087264523593,12.833736875701613,0.90862,0.6261,0.37627,0.3739,0.05673
E4_interaction,MSOG,same_indication,0.0,18.0,1.0,0.2,0.0,0.25,100000,735.2493124491034,4.1308709940266795,975.2831381132409,1306.2961061448116,-985.9875931767822,-760.589774214128,-1106.643758610391,0.37418,935.3445906687851,0.7860731967492208,231.4144529400441,0.6719286350109649,230.0974728154226,232.7314330646656,0.90862,0.8799076303649036,0.3739,0.0008345714138451039,5.975087264523593,12.833736875701613,0.90862,0.6261,0.37626,0.3739,0.0216
E4_interaction,MSOG,same_indication,0.0,18.0,1.0,0.3,0.0,0.25,100000,829.3178451223612,4.189096053783368,1021.8998589929652,1324.7084867178662,-874.3933242496155,-713.9730533344037,-1003.494133640145,0.37392,841.2760579955273,0.9857856255868515,325.48298561330205,0.6948102243931948,324.12115757349136,326.84481365311274,0.90862,0.8799076303649036,0.3739,0.0008345714138451039,5.975087264523593,12.833736875701613,0.90862,0.6261,0.37418,0.3739,0.01476
E4_interaction,MSOG,same_indication,0.0,18.0,1.0,0.0,0.0,0.5,100000,376.01281433312073,3.2597851794017947,869.7282568550802,1030.834584977027,-1175.82010020594,-900.9664062064918,-1282.1559592493027,0.37709,1123.481656015301,0.3346853171299129,-127.82204517593858,1.6657302890310453,-131.08687654243943,-124.55721380943774,0.90862,0.8799076303649036,0.3739,0.0008345714138451039,5.975087264523593,12.833736875701613,0.90862,0.6261,0.37928,0.3739,0.09533
E4_interaction,MSOG,same_indication,0.0,18.0,1.0,0.1,0.0,0.5,100000,470.0813470063788,3.306907331818395,928.6664172335164,1045.7359179656332,-1084.5952474360138,-820.1931097617875,-1209.793383580637,0.37419,1029.413123342043,0.4566498486829421,-33.75351250268064,1.6220162329715788,-36.93266431930493,-30.574360686056348,0.90862,0.8799076303649036,0.3739,0.0008345714138451039,5.975087264523593,12.833736875701613,0.90862,0.6261,0.37627,0.3739,0.05673
E4_interaction,MSOG,same_indication,0.0,18.0,1.0,0.2,0.0,0.5,100000,564.1498796796367,3.356665575554007,975.2831381132409,1061.4708562230674,-985.9875931767822,-760.589774214128,-1106.643758610391,0.37418,935.3445906687851,0.6031465679148914,60.31502017057732,1.584091829326687,57.210200185097015,63.419840156057624,0.90862,0.8799076303649036,0.3739,0.0008345714138451039,5.975087264523593,12.833736875701613,0.90862,0.6261,0.37626,0.3739,0.0216
E4_interaction,MSOG,same_indication,0.0,18.0,1.0,0.3,0.0,0.5,100000,658.2184123528946,3.4089444804033953,1021.8998589929652,1078.0028975133962,-874.3933242496155,-713.9730533344037,-1003.494133640145,0.37392,841.2760579955273,0.7824047838960301,154.38355284383522,1.5523814566478913,151.34088518880534,157.4262204988651,0.90862,0.8799076303649036,0.3739,0.0008345714138451039,5.975087264523593,12.833736875701613,0.90862,0.6261,0.37418,0.3739,0.01476
E4_interaction,MSOG,same_indication,0.0,12.0,1.5,0.0,0.0,0.0,100000,-141.83437003865808,2.415804946556637,-191.45072402960363,763.944601382032,-1190.266435314048,-909.8176432046507,-1298.4409032712322,0.63853,1135.3103301093756,-0.12493004447955104,329.7347224210436,1.1634811734716513,327.4542993210392,332.01514552104805,0.90862,0.8799076303649036,0.3739,0.0008345714138451039,5.975087264523593,7.25060531355242,0.90862,0.6261,0.95125,0.80332,0.09535
E4_interaction,MSOG,same_indication,0.0,12.0,1.5,0.1,0.0,0.0,100000,-46.582969955992674,2.46321423884628,-144.83400314987927,778.936735971225,-1091.0960982346623,-837.5301594803758,-1222.4446804958563,0.50301,1040.0589300267102,-0.04478877937694969,424.9861225037089,1.2384343379290002,422.558791201368,427.41345380604974,0.90862,0.8799076303649036,0.3739,0.0008345714138451039,5.975087264523593,7.25060531355242,0.90862,0.6261,0.89248,0.78053,0.05673
E4_interaction,MSOG,same_indication,0.0,12.0,1.5,0.2,0.0,0.0,100000,48.66843012667274,2.5143562620684983,-77.89747437027125,795.1092637243684,-998.8471168185526,-790.9134386006514,-1117.5976674282886,0.50228,944.807529944045,0.05151147570717929,520.2375225863744,1.3179540800804803,517.6543325894168,522.8207125833321,0.90862,0.8799076303649036,0.3739,0.0008345714138451039,5.975087264523593,7.25060531355242,0.90862,0.6261,0.89248,0.7805,0.0216
E4_interaction,MSOG,same_indication,0.0,12.0,1.5,0.3,0.0,0.0,100000,143.9198302093381,2.5690081000751164,66.84752424998447,812.3916923659153,-885.6454074361648,-714.0096353856541,-1012.7373600121538,0.47097,849.5561298613794,0.16940591109950703,615.4889226690398,1.4012631746179605,612.7424468467885,618.235398491291,0.90862,0.8799076303649036,0.3739,0.0008345714138451039,5.975087264523593,7.25060531355242,0.90862,0.6261,0.86199,0.77396,0.01476
E4_interaction,MSOG,same_indication,0.0,12.0,1.5,0.0,0.0,0.1,100000,-183.8470884525336,2.202182442610151,-191.45072402960363,696.3912341881114,-1190.266435314048,-909.8176432046507,-1298.4409032712322,0.64525,1135.3103301093756,-0.1619355374268653,287.72200400716804,0.95248755859609,285.8551283923197,289.58887962201635,0.90862,0.8799076303649036,0.3739,0.0008345714138451039,5.975087264523593,7.25060531355242,0.90862,0.6261,0.95361,0.80485,0.09535
E4_interaction,MSOG,same_indication,0.0,12.0,1.5,0.1,0.0,0.1,100000,-88.59568836986817,2.2465121175565583,-144.83400314987927,710.4095082646664,-1091.0960982346623,-837.5301594803758,-1222.4446804958563,0.50311,1040.0589300267102,-0.08518333510928358,382.9734040898335,1.026236841454989,380.9619798805817,384.9848282990853,0.90862,0.8799076303649036,0.3739,0.0008345714138451039,5.975087264523593,7.25060531355242,0.90862,0.6261,0.95292,0.80485,0.05673
E4_interaction,MSOG,same_indication,0.0,12.0,1.5,0.2,0.0,0.1,100000,6.655711712797215,2.2950551317162224,-77.89747437027125,725.7601571881008,-998.8471168185526,-790.9134386006514,-1117.5976674282886,0.503,944.807529944045,0.007044515948334357,478.22480417249886,1.1055965537840458,476.0578349270821,480.3917734179156,0.90862,0.8799076303649036,0.3739,0.0008345714138451039,5.975087264523593,7.25060531355242,0.90862,0.6261,0.95129,0.80332,0.0216
E4_interaction,MSOG,same_indication,0.0,12.0,1.5,0.3,0.0,0.1,100000,101.9071117954626,2.347550127346796,66.84752424998447,742.3605323834207,-885.6454074361648,-714.0096353856541,-1012.7373600121538,0.47097,849.5561298613794,0.11995335942322093,573.4762042551642,1.1894442417445552,571.1448935413449,575.8075149689836,0.90862,0.8799076303649036,0.3739,0.0008345714138451039,5.975087264523593,7.25060531355242,0.90862,0.6261,0.95125,0.7829,0.01476
E4_interaction,MSOG,same_indication,0.0,12.0,1.5,0.0,0.0,0.25,100000,-246.86616607334682,1.9113377516192152,-191.45072402960363,604.4180672981903,-1190.266435314048,-909.8176432046507,-1298.4409032712322,0.64545,1135.3103301093756,-0.21744377684783664,224.70292638635482,0.721742506571037,223.2883110734756,226.11754169923404,0.90862,0.8799076303649036,0.3739,0.0008345714138451039,5.975087264523593,7.25060531355242,0.90862,0.6261,0.9819,0.89297,0.09535
E4_interaction,MSOG,same_indication,0.0,12.0,1.5,0.1,0.0,0.25,100000,-151.61476599068146,1.9491712829465733,-144.83400314987927,616.3820803903689,-1091.0960982346623,-837.5301594803758,-1222.4446804958563,0.5112,1040.0589300267102,-0.14577516870778445,319.9543264690202,0.7846586882086812,318.41639544013117,321.49225749790924,0.90862,0.8799076303649036,0.3739,0.0008345714138451039,5.975087264523593,7.25060531355242,0.90862,0.6261,0.98175,0.84804,0.05673
E4_interaction,MSOG,same_indication,0.0,12.0,1.5,0.2,0.0,0.25,100000,-56.36336590801604,1.9921289012668983,-77.89747437027125,629.9664720652092,-998.8471168185526,-790.9134386006514,-1117.5976674282886,0.50446,944.807529944045,-0.059655923689933006,415.20572655168564,0.8565736673933935,413.5268421635946,416.8846109397767,0.90862,0.8799076303649036,0.3739,0.0008345714138451039,5.975087264523593,7.25060531355242,0.90862,0.6261,0.97472,0.84679,0.0216
E4_interaction,MSOG,same_indication,0.0,12.0,1.5,0.3,0.0,0.25,100000,38.888034174649334,2.0398869105326902,66.84752424998447,645.0688806447421,-885.6454074361648,-714.0096353856541,-1012.7373600121538,0.4717,849.5561298613794,0.045774531908791743,510.457126634351,0.9354142493369674,508.62371470565057,512.2905385630514,0.90862,0.8799076303649036,0.3739,0.0008345714138451039,5.975087264523593,7.25060531355242,0.90862,0.6261,0.97407,0.83505,0.01476
E4_interaction,MSOG,same_indication,0.0,12.0,1.5,0.0,0.0,0.5,100000,-351.89796210803553,1.5539805582671367,-346.3771446489895,491.4118003744153,-1190.266435314048,-909.8176432046507,-1298.4110964589806,0.74669,1135.3103301093756,-0.3099575092161222,119.67113035166606,0.7954125749006494,118.1121217048608,121.23013899847133,0.90862,0.8799076303649036,0.3739,0.0008345714138451039,5.975087264523593,7.25060531355242,0.90862,0.6261,1.0,1.0,0.09535
E4_interaction,MSOG,same_indication,0.0,12.0,1.5,0.1,0.0,0.5,100000,-256.6465620253702,1.5734224187491075,-174.43342587227107,497.55985648184,-1091.0960982346623,-837.5301594803758,-1222.4446804958563,0.55907,1040.0589300267102,-0.24676155803861918,214.92253043433143,0.801376327546092,213.3518328323411,216.49322803632177,0.90862,0.8799076303649036,0.3739,0.0008345714138451039,5.975087264523593,7.25060531355242,0.90862,0.6261,1.0,0.99992,0.05673
E4_interaction,MSOG,same_indication,0.0,12.0,1.5,0.2,0.0,0.5,100000,-161.39516194270482,1.5999102536307515,-77.89747437027125,505.93604533308513,-998.8471168185526,-790.9134386006514,-1117.5976674282886,0.54931,944.807529944045,-0.1708233230870453,310.1739305169969,0.8215710875468512,308.5636511854051,311.7842098485887,0.90862,0.8799076303649036,0.3739,0.0008345714138451039,5.975087264523593,7.25060531355242,0.90862,0.6261,1.0,0.99877,0.0216
E4_interaction,MSOG,same_indication,0.0,12.0,1.5,0.3,0.0,0.5,100000,-66.14376186003943,1.6331012555943418,66.84752424998447,516.4319617358918,-885.6454074361648,-714.0096353856541,-1012.7373600121538,0.48168,849.5561298613794,-0.07785684728192356,405.42533059966223,0.8549890437514652,403.74955207390934,407.1011091254151,0.90862,0.8799076303649036,0.3739,0.0008345714138451039,5.975087264523593,7.25060531355242,0.90862,0.6261,1.0,0.99806,0.01476
E4_interaction,MSOG,same_indication,0.0,15.0,1.5,0.0,0.0,0.0,100000,415.1208680867907,4.039261051919953,421.5175554771745,1277.3264988074698,-1190.266435314048,-909.8176432046507,-1297.7897406264478,0.3967,1135.3103301093756,0.36564528400512136,329.73472242104367,1.1634811734716513,327.45429932103923,332.0151455210481,0.90862,0.8799076303649036,0.3739,0.0008345714138451039,5.975087264523593,10.25060531355242,0.90862,0.6261,0.77312,0.42305,0.09533
E4_interaction,MSOG,same_indication,0.0,15.0,1.5,0.1,0.0,0.0,100000,510.3722681694561,4.096750771957464,468.13427635689885,1295.5063445438652,-1091.0960982346623,-828.1592230601304,-1221.988694233769,0.3871,1040.0589300267102,0.4907147599380249,424.98612250370905,1.2384343379290002,422.5587912013682,427.4134538060499,0.90862,0.8799076303649036,0.3739,0.0008345714138451039,5.975087264523593,10.25060531355242,0.90862,0.6261,0.77312,0.41345,0.05673
E4_interaction,MSOG,same_indication,0.0,15.0,1.5,0.2,0.0,0.0,100000,605.6236682521215,4.1562430281458695,535.0708051365068,1314.319447813626,-998.8471168185526,-760.589774214128,-1117.4840347465083,0.37907,944.807529944045,0.6410021608189224,520.2375225863744,1.3179540800804803,517.6543325894168,522.8207125833321,0.90862,0.8799076303649036,0.3739,0.0008345714138451039,5.975087264523593,10.25060531355242,0.90862,0.6261,0.77312,0.41285,0.0216
E4_interaction,MSOG,same_indication,0.0,15.0,1.5,0.3,0.0,0.0,100000,700.8750683347869,4.217653080800824,679.8158037567625,1333.739011575679,-885.6454074361648,-713.9730533344037,-1012.9793752592475,0.37626,849.5561298613794,0.8249897136863075,615.4889226690398,1.4012631746179605,612.7424468467885,618.235398491291,0.90862,0.8799076303649036,0.3739,0.0008345714138451039,5.975087264523593,10.25060531355242,0.90862,0.6261,0.77312,0.38929,0.01476
E4_interaction,MSOG,same_indication,0.0,15.0,1.5,0.0,0.0,0.1,100000,355.79056984028966,3.7221264294397565,421.5175554771745,1177.0397256139638,-1190.266435314048,-909.8176432046507,-1297.7897406264478,0.3967,1135.3103301093756,0.31338618208997787,270.4044241745426,0.8814992284165798,268.6766856868461,272.1321626622391,0.90862,0.8799076303649036,0.3739,0.0008345714138451039,5.975087264523593,10.25060531355242,0.90862,0.6261,0.77312,0.42305,0.09533
E4_interaction,MSOG,same_indication,0.0,15.0,1.5,0.1,0.0,0.1,100000,451.04196992295505,3.778173920042622,468.13427635689885,1194.7634983581577,-1091.0960982346623,-828.1592230601304,-1221.988694233769,0.3871,1040.0589300267102,0.4336696286155359,365.65582425720794,0.9537861549725828,363.7864033934617,367.5252451209542,0.90862,0.8799076303649036,0.3739,0.0008345714138451039,5.975087264523593,10.25060531355242,0.90862,0.6261,0.77312,0.41345,0.05673
E4_interaction,MSOG,same_indication,0.0,15.0,1.5,0.2,0.0,0.1,100000,546.2933700056204,3.836433677642165,535.0708051365068,1213.1868513525437,-998.8471168185526,-760.589774214128,-1117.4840347465083,0.37907,944.807529944045,0.5782059866076363,460.90722433987344,1.0322922786867181,458.88393147364746,462.9305172060994,0.90862,0.8799076303649036,0.3739,0.0008345714138451039,5.975087264523593,10.25060531355242,0.90862,0.6261,0.77312,0.41285,0.0216
E4_interaction,MSOG,same_indication,0.0,15.0,1.5,0.3,0.0,0.1,100000,641.5447700882858,3.8968064790677275,679.8158037567625,1232.2784074755275,-885.6454074361648,-713.9730533344037,-1012.9793752592475,0.37626,849.5561298613794,0.7551528940094464,556.1586244225389,1.1157055379245564,553.9718415682067,558.345407276871,0.90862,0.8799076303649036,0.3739,0.0008345714138451039,5.975087264523593,10.25060531355242,0.90862,0.6261,0.77312,0.38929,0.01476
E4_interaction,MSOG,same_indication,0.0,15.0,1.5,0.0,0.0,0.25,100000,266.7951224705382,3.2739052844160357,421.5175554771745,1035.2997542416035,-1190.266435314048,-909.8176432046507,-1297.7897406264478,0.3967,1135.3103301093756,0.23499752921726275,181.40897680479117,0.684402842295163,180.06754723389264,182.7504063756897,0.90862,0.8799076303649036,0.3739,0.0008345714138451039,5.975087264523593,10.25060531355242,0.90862,0.6261,0.77312,0.42305,0.09533
E4_interaction,MSOG,same_indication,0.0,15.0,1.5,0.1,0.0,0.25,100000,362.04652255320354,3.326827735509169,468.13427635689885,1052.0353027229203,-1091.0960982346623,-828.1592230601304,-1221.988694233769,0.3871,1040.0589300267102,0.34810193163180253,276.6603768874565,0.728030457693625,275.233437190377,278.087316584536,0.90862,0.8799076303649036,0.3739,0.0008345714138451039,5.975087264523593,10.25060531355242,0.90862,0.6261,0.77312,0.41345,0.05673
E4_interaction,MSOG,same_indication,0.0,15.0,1.5,0.2,0.0,0.25,100000,457.29792263586893,3.382360408306505,535.0708051365068,1069.596275782566,-998.8471168185526,-760.589774214128,-1117.4840347465083,0.37907,944.807529944045,0.4840117252907074,371.91177697012193,0.7841566320691004,370.3748299712665,373.4487239689774,0.90862,0.8799076303649036,0.3739,0.0008345714138451039,5.975087264523593,10.25060531355242,0.90862,0.6261,0.77312,0.41285,0.0216
E4_interaction,MSOG,same_indication,0.0,15.0,1.5,0.3,0.0,0.25,100000,552.5493227185343,3.4403769068382766,679.8158037567625,1087.9427035053873,-885.6454074361648,-713.9730533344037,-1012.9793752592475,0.37626,849.5561298613794,0.6503976644941551,467.16317705278726,0.8503099901840475,465.4965694720265,468.829784633548,0.90862,0.8799076303649036,0.3739,0.0008345714138451039,5.975087264523593,10.25060531355242,0.90862,0.6261,0.77312,0.38929,0.01476
E4_interaction,MSOG,same_indication,0.0,15.0,1.5,0.0,0.0,0.5,100000,118.46937685428571,2.6411627622177405,421.5175554771745,835.208999982977,-1190.266435314048,-909.8176432046507,-1297.7897406264478,0.39685,1135.3103301093756,0.10434977442940416,33.08323118853864,1.198993335881839,30.733204250210235,35.433258126867045,0.90862,0.8799076303649036,0.3739,0.0008345714138451039,5.975087264523593,10.25060531355242,0.90862,0.6261,0.7821,0.42305,0.09533
E4_interaction,MSOG,same_indication,0.0,15.0,1.5,0.1,0.0,0.5,100000,213.7207769369511,2.684521863461104,468.13427635689885,848.9203517056638,-1091.0960982346623,-828.1592230601304,-1221.988694233769,0.38718,1040.0589300267102,0.20548910332558026,128.33463127120402,1.1750727827356793,126.03148861704209,130.63777392536596,0.90862,0.8799076303649036,0.3739,0.0008345714138451039,5.975087264523593,10.25060531355242,0.90862,0.6261,0.78187,0.41345,0.05673
E4_interaction,MSOG,same_indication,0.0,15.0,1.5,0.2,0.0,0.5,100000,308.97217701961654,2.7314513932662585,535.0708051365068,863.7607720761685,-998.8471168185526,-760.589774214128,-1117.4840347465083,0.37907,944.807529944045,0.32702128976249273,223.5860313538695,1.160714973395174,221.31103000601496,225.861032701724,0.90862,0.8799076303649036,0.3739,0.0008345714138451039,5.975087264523593,10.25060531355242,0.90862,0.6261,0.77403,0.41285,0.0216
E4_interaction,MSOG,same_indication,0.0,15.0,1.5,0.3,0.0,0.5,100000,404.2235771022819,2.7817706540353337,679.8158037567625,879.6731194967919,-885.6454074361648,-713.9730533344037,-1012.9793752592475,0.37626,849.5561298613794,0.47580561530200294,318.8374314365348,1.156276192655466,316.5711300989301,321.10373277413953,0.90862,0.8799076303649036,0.3739,0.0008345714138451039,5.975087264523593,10.25060531355242,0.90862,0.6261,0.77392,0.38929,0.01476
E4_interaction,MSOG,same_indication,0.0,18.0,1.5,0.0,0.0,0.0,100000,833.569581930103,5.293083392515439,882.0496963537921,1673.819936555983,-1190.266435314048,-909.8176432046507,-1297.8038963376684,0.37627,1135.3103301093756,0.734221789252809,329.7347224210436,1.1634811734716513,327.4542993210392,332.01514552104805,0.90862,0.8799076303649036,0.3739,0.0008345714138451039,5.975087264523593,13.25060531355242,0.90862,0.6261,0.37845,0.3739,0.09533
E4_interaction,MSOG,same_indication,0.0,18.0,1.5,0.1,0.0,0.0,100000,928.8209820127682,5.353699593922964,928.6664172335164,1692.9884625115114,-1091.0960982346623,-828.1592230601304,-1221.988694233769,0.37419,1040.0589300267102,0.893046494960545,424.9861225037089,1.2384343379290002,422.558791201368,427.41345380604974,0.90862,0.8799076303649036,0.3739,0.0008345714138451039,5.975087264523593,13.25060531355242,0.90862,0.6261,0.37625,0.3739,0.05673
E4_interaction,MSOG,same_indication,0.0,18.0,1.5,0.2,0.0,0.0,100000,1024.0723820954338,5.415784251917679,995.6029460131244,1712.6213552130996,-998.8471168185526,-760.589774214128,-1117.4840347465083,0.37418,944.807529944045,1.0838952375369861,520.2375225863744,1.3179540800804803,517.6543325894168,522.8207125833321,0.90862,0.8799076303649036,0.3739,0.0008345714138451039,5.975087264523593,13.25060531355242,0.90862,0.6261,0.37625,0.3739,0.0216
E4_interaction,MSOG,same_indication,0.0,18.0,1.5,0.3,0.0,0.0,100000,1119.3237821780992,5.479287450405265,1140.3479446333802,1732.7028298057528,-885.6454074361648,-713.9730533344037,-1012.9793752592475,0.37392,849.5561298613794,1.3175395278011086,615.4889226690398,1.4012631746179602,612.7424468467885,618.235398491291,0.90862,0.8799076303649036,0.3739,0.0008345714138451039,5.975087264523593,13.25060531355242,0.90862,0.6261,0.37418,0.3739,0.01476
E4_interaction,MSOG,same_indication,0.0,18.0,1.5,0.0,0.0,0.1,100000,761.2283296395556,4.902433471458698,882.0496963537921,1550.2855847255557,-1190.266435314048,-909.8176432046507,-1297.8038963376684,0.37627,1135.3103301093756,0.6705024251529702,257.3934701304963,0.8339571217100615,255.7589141719446,259.02802608904807,0.90862,0.8799076303649036,0.3739,0.0008345714138451039,5.975087264523593,13.25060531355242,0.90862,0.6261,0.37845,0.3739,0.09533
E4_interaction,MSOG,same_indication,0.0,18.0,1.5,0.1,0.0,0.1,100000,856.479729722221,4.962045268194895,928.6664172335164,1569.1364900356934,-1091.0960982346623,-828.1592230601304,-1221.988694233769,0.37419,1040.0589300267102,0.8234915397536421,352.6448702131617,0.9045371241017249,350.8719774499223,354.4177629764011,0.90862,0.8799076303649036,0.3739,0.0008345714138451039,5.975087264523593,13.25060531355242,0.90862,0.6261,0.37625,0.3739,0.05673
E4_interaction,MSOG,same_indication,0.0,18.0,1.5,0.2,0.0,0.1,100000,951.7311298048866,5.023264349469636,995.6029460131244,1588.4956633448076,-998.8471168185526,-760.589774214128,-1117.4840347465083,0.37418,944.807529944045,1.0073280532186821,447.89627029582726,0.9819075905633804,445.97173141832303,449.8208091733315,0.90862,0.8799076303649036,0.3739,0.0008345714138451039,5.975087264523593,13.25060531355242,0.90862,0.6261,0.37625,0.3739,0.0216
E4_interaction,MSOG,same_indication,0.0,18.0,1.5,0.3,0.0,0.1,100000,1046.982529887552,5.086032676378546,1140.3479446333802,1608.3447511398272,-885.6454074361648,-713.9730533344037,-1012.9793752592475,0.37392,849.5561298613794,1.2323877058698713,543.1476703784926,1.0645890302995895,541.0610758791055,545.2342648778798,0.90862,0.8799076303649036,0.3739,0.0008345714138451039,5.975087264523593,13.25060531355242,0.90862,0.6261,0.37418,0.3739,0.01476
E4_interaction,MSOG,same_indication,0.0,18.0,1.5,0.0,0.0,0.25,100000,652.716451203735,4.345334714908829,882.0496963537921,1374.1154894910326,-1190.266435314048,-909.8176432046507,-1297.8038963376684,0.37627,1135.3103301093756,0.5749233790032127,148.8815916946756,0.7284059103084891,147.45391611047094,150.30926727888024,0.90862,0.8799076303649036,0.3739,0.0008345714138451039,5.975087264523593,13.25060531355242,0.90862,0.6261,0.37845,0.3739,0.09533
E4_interaction,MSOG,same_indication,0.0,18.0,1.5,0.1,0.0,0.25,100000,747.9678512864002,4.402724239111678,928.6664172335164,1392.2636505224687,-1091.0960982346623,-828.1592230601304,-1221.988694233769,0.37419,1040.0589300267102,0.7191591069432877,244.132991777341,0.7531837343786416,242.65675165795886,245.60923189672314,0.90862,0.8799076303649036,0.3739,0.0008345714138451039,5.975087264523593,13.25060531355242,0.90862,0.6261,0.37625,0.3739,0.05673
E4_interaction,MSOG,same_indication,0.0,18.0,1.5,0.2,0.0,0.25,100000,843.2192513690658,4.461981605321976,995.6029460131244,1411.0024750591929,-998.8471168185526,-760.589774214128,-1117.4840347465083,0.37418,944.807529944045,0.8924772767412262,339.3843918600065,0.7919902049856727,337.83209105823454,340.9366926617784,0.90862,0.8799076303649036,0.3739,0.0008345714138451039,5.975087264523593,13.25060531355242,0.90862,0.6261,0.37625,0.3739,0.0216
E4_interaction,MSOG,same_indication,0.0,18.0,1.5,0.3,0.0,0.25,100000,938.470651451731,4.523033400971336,1140.3479446333802,1430.3087480087065,-885.6454074361648,-713.9730533344037,-1012.9793752592475,0.37392,849.5561298613794,1.1046599729730155,434.63579194267186,0.8428899165101065,432.98372770631204,436.2878561790317,0.90862,0.8799076303649036,0.3739,0.0008345714138451039,5.975087264523593,13.25060531355242,0.90862,0.6261,0.37418,0.3739,0.01476
E4_interaction,MSOG,same_indication,0.0,18.0,1.5,0.0,0.0,0.5,100000,471.86332047736687,3.53390122494377,882.0496963537921,1117.5176896881355,-1190.266435314048,-909.8176432046507,-1297.8038963376684,0.37627,1135.3103301093756,0.41562496875361615,-31.971539031692377,1.5648590984238597,-35.03866286460314,-28.904415198781614,0.90862,0.8799076303649036,0.3739,0.0008345714138451039,5.975087264523593,13.25060531355242,0.90862,0.6261,0.37845,0.3739,0.09533
E4_interaction,MSOG,same_indication,0.0,18.0,1.5,0.1,0.0,0.5,100000,567.1147205600323,3.5842968917139557,928.6664172335164,1133.4541988078004,-1091.0960982346623,-828.1592230601304,-1221.988694233769,0.37419,1040.0589300267102,0.5452717189260304,63.27986105097301,1.5304162717057408,60.28024515842976,66.27947694351626,0.90862,0.8799076303649036,0.3739,0.0008345714138451039,5.975087264523593,13.25060531355242,0.90862,0.6261,0.37625,0.3739,0.05673
E4_interaction,MSOG,same_indication,0.0,18.0,1.5,0.2,0.0,0.5,100000,662.3661206426978,3.6371915989870605,995.6029460131244,1150.1809739228888,-998.8471168185526,-760.589774214128,-1117.4840347465083,0.37418,944.807529944045,0.7010593159454662,158.53126113363848,1.5029358306274887,155.5855069056086,161.47701536166835,0.90862,0.8799076303649036,0.3739,0.0008345714138451039,5.975087264523593,13.25060531355242,0.90862,0.6261,0.37625,0.3739,0.0216
E4_interaction,MSOG,same_indication,0.0,18.0,1.5,0.3,0.0,0.5,100000,757.6175207253632,3.69247795213922,1140.3479446333802,1167.6640538714144,-885.6454074361648,-713.9730533344037,-1012.9793752592475,0.37392,849.5561298613794,0.8917804181449227,253.7826612163038,1.482804922019971,250.87636356914467,256.688958863463,0.90862,0.8799076303649036,0.3739,0.0008345714138451039,5.975087264523593,13.25060531355242,0.90862,0.6261,0.37418,0.3739,0.01476
E4_interaction,MSOG,same_indication,0.1,12.0,0.0,0.0,0.0,0.0,100000,-473.2636762647047,1.461839537436945,-516.1969538330114,462.2742511987729,-1148.2457813904614,-1105.0420846667803,-1268.0522120827989,0.86344,1100.1675516669306,-0.43017418169408306,-1.6945838050030602,1.2354764328646761,-4.116117613417825,0.7269500034117049,0.90502,0.9511402873806065,0.4074,0.035431317820464533,5.096956965030722,6.0,0.90502,0.5926,0.99148,0.94117,0.09402
E4_interaction,MSOG,same_indication,0.1,12.0,0.0,0.1,0.0,0.0,100000,-381.56789342887936,1.4848514997627371,-409.8143120250753,469.55127263672176,-1072.1868039690485,-961.8829026908685,-1253.0401274494855,0.83126,1008.4717688311052,-0.37836249384665005,90.00119903082229,1.248366280476004,87.55440112108933,92.44799694055526,0.90502,0.9511402873806065,0.4074,0.035431317820464533,5.096956965030722,6.0,0.90502,0.5926,0.98768,0.9406,0.05789
E4_interaction,MSOG,same_indication,0.1,12.0,0.0,0.2,0.0,0.0,100000,-289.872110593054,1.5156457585060756,-333.7553346036625,479.2892722852722,-996.1278265476358,-804.8314392706775,-1148.117784776391,0.79655,916.7759859952798,-0.31618641306181255,181.6969818666477,1.2708358155524975,179.2061436681648,184.18782006513058,0.90502,0.9511402873806065,0.4074,0.035431317820464533,5.096956965030722,6.0,0.90502,0.5926,0.98694,0.93569,0.02745
E4_interaction,MSOG,same_indication,0.1,12.0,0.0,0.3,0.0,0.0,100000,-198.17632775722862,1.5537596661013202,-257.6963571822497,491.34194813828856,-897.2103096282735,-713.9730533344037,-1046.9060562432323,0.64676,825.0802031594546,-0.24019038027861778,273.3927647024731,1.3023893103632604,270.8400816541611,275.94544775078504,0.90502,0.9511402873806065,0.4074,0.035431317820464533,5.096956965030722,6.0,0.90502,0.5926,0.98693,0.93495,0.01951
E4_interaction,MSOG,same_indication,0.1,12.0,0.0,0.0,0.0,0.1,100000,-507.37257710805403,1.3116717420140342,-521.5223602015592,414.78702472451226,-1148.2457813904614,-1105.0420846667803,-1267.9984689581338,0.86419,1100.1675516669306,-0.4611775509460382,-35.80348464835231,1.1732669745962843,-38.10308791856103,-33.50388137814359,0.90502,0.9511402873806065,0.4074,0.035431317820464533,5.096956965030722,6.0,0.90502,0.5926,0.99865,0.98694,0.09402
E4_interaction,MSOG,same_indication,0.1,12.0,0.0,0.1,0.0,0.1,100000,-415.6767942722286,1.3264573438769915,-409.8143120250753,419.46264257084965,-1072.1868039690485,-961.8829026908685,-1253.0401274494855,0.86344,1008.4717688311052,-0.4121848594274774,55.89229818747305,1.1746356588053464,53.590012296214574,58.19458407873153,0.90502,0.9511402873806065,0.4074,0.035431317820464533,5.096956965030722,6.0,0.90502,0.5926,0.99826,0.9597,0.05789
E4_interaction,MSOG,same_indication,0.1,12.0,0.0,0.2,0.0,0.1,100000,-323.98101143640326,1.350216411264615,-333.7553346036625,426.9759193734813,-996.1278265476358,-804.8314392706775,-1148.117784776391,0.82743,916.7759859952798,-0.35339168606677634,147.58808102329843,1.1864111487978537,145.26271517165463,149.91344687494222,0.90502,0.9511402873806065,0.4074,0.035431317820464533,5.096956965030722,6.0,0.90502,0.5926,0.99826,0.9597,0.02745
E4_interaction,MSOG,same_indication,0.1,12.0,0.0,0.3,0.0,0.1,100000,-232.28522860057785,1.3824863743152798,-257.6963571822497,437.180577698439,-897.2103096282735,-713.9730533344037,-1046.9060562432323,0.66678,825.0802031594546,-0.2815304835955281,239.28386385912378,1.2082892215205077,236.9156169849436,241.65211073330397,0.90502,0.9511402873806065,0.4074,0.035431317820464533,5.096956965030722,6.0,0.90502,0.5926,0.99596,0.94117,0.01951
E4_interaction,MSOG,same_indication,0.1,12.0,0.0,0.0,0.0,0.25,100000,-558.5359283730778,1.130670540687392,-559.4006505566923,357.54941918262426,-1148.2457813904614,-1105.0420846667803,-1268.1735426727205,0.99187,1100.1675516669306,-0.5076826048239708,-86.96683591337617,1.1551868612278886,-89.23100216138283,-84.70266966536951,0.90502,0.9511402873806065,0.4074,0.035431317820464533,5.096956965030722,6.0,0.90502,0.5926,1.0,0.99865,0.09402
E4_interaction,MSOG,same_indication,0.1,12.0,0.0,0.1,0.0,0.25,100000,-466.84014553725245,1.128812638437096,-512.783929676968,356.9618989045355,-1072.1868039690485,-964.0338612846858,-1251.3709054193507,0.91197,1008.4717688311052,-0.4629184077987184,4.7289469224491905,1.1377460157707517,2.4989647315385173,6.958929113359863,0.90502,0.9511402873806065,0.4074,0.035431317820464533,5.096956965030722,6.0,0.90502,0.5926,1.0,0.99865,0.05789
E4_interaction,MSOG,same_indication,0.1,12.0,0.0,0.2,0.0,0.25,100000,-375.14436270142704,1.1378088677841882,-403.27056123528297,359.8067564135416,-996.1278265476358,-823.0256379025915,-1148.117784776391,0.87635,916.7759859952798,-0.4091995955742219,96.4247297582746,1.1309572291854888,94.20805358907104,98.64140592747815,0.90502,0.9511402873806065,0.4074,0.035431317820464533,5.096956965030722,6.0,0.90502,0.5926,1.0,0.99826,0.02745
E4_interaction,MSOG,same_indication,0.1,12.0,0.0,0.3,0.0,0.25,100000,-283.44857986560174,1.157406157024134,-271.3594371691456,366.0039634098755,-897.2103096282735,-713.9730533344037,-1046.9060562432323,0.70257,825.0802031594546,-0.3435406385708937,188.12051259409995,1.1350116553972633,185.8958897495213,190.3451354386786,0.90502,0.9511402873806065,0.4074,0.035431317820464533,5.096956965030722,6.0,0.90502,0.5926,1.0,0.99148,0.01951
E4_interaction,MSOG,same_indication,0.1,12.0,0.0,0.0,0.0,0.5,100000,-643.8081804814509,1.014278557048665,-559.4006505566923,320.7430422142813,-1178.5694457769846,-1148.2457813904614,-1401.400895947132,1.0,1100.1675516669306,-0.5851910279538586,-172.23908802174927,1.323410531123658,-174.83297266275164,-169.6452033807469,0.90502,0.9511402873806065,0.4074,0.035431317820464533,5.096956965030722,6.0,0.90502,0.5926,1.0,1.0,0.09404
E4_interaction,MSOG,same_indication,0.1,12.0,0.0,0.1,0.0,0.5,100000,-552.1123976456256,0.9759897798588522,-512.783929676968,308.6350677400303,-1072.1868039690485,-1042.7445474273602,-1240.6930269926786,1.0,1008.4717688311052,-0.5474743217507868,-80.54330518592393,1.2803974788794652,-83.05288424452768,-78.03372612732018,0.90502,0.9511402873806065,0.4074,0.035431317820464533,5.096956965030722,6.0,0.90502,0.5926,1.0,1.0,0.05789
E4_interaction,MSOG,same_indication,0.1,12.0,0.0,0.2,0.0,0.5,100000,-460.41661480980014,0.9491786213801696,-466.1672087972436,300.1566349899931,-996.1278265476358,-917.814426109283,-1146.7209849198093,1.0,916.7759859952798,-0.5022127780866313,11.152477649901469,1.245796500135074,8.710716509636724,13.594238790166214,0.90502,0.9511402873806065,0.4074,0.035431317820464533,5.096956965030722,6.0,0.90502,0.5926,1.0,1.0,0.02745
E4_interaction,MSOG,same_indication,0.1,12.0,0.0,0.3,0.0,0.5,100000,-368.72083197397484,0.9348331433883842,-418.71308489877856,295.6201965322071,-920.068849126223,-750.3963126241526,-1047.5581041410362,0.87023,825.0802031594546,-0.4468908968631696,102.84826048572681,1.2203233511544094,100.45642671746417,105.24009425398945,0.90502,0.9511402873806065,0.4074,0.035431317820464533,5.096956965030722,6.0,0.90502,0.5926,1.0,1.0,0.01951
E4_interaction,MSOG,same_indication,0.1,15.0,0.0,0.0,0.0,0.0,100000,81.48487605451959,3.1472203464793798,127.09499006028994,995.238459329913,-1148.2457813904614,-884.1468803601001,-1263.445934361451,0.48328,1100.1675516669306,0.0740658783573983,-3.90126961122746,2.5927177877182985,-8.982996475155325,1.1804572527004051,0.90502,0.9511402873806065,0.4074,0.035431317820464533,5.096956965030722,9.0,0.90502,0.5926,0.76757,0.6121,0.09376
E4_interaction,MSOG,same_indication,0.1,15.0,0.0,0.1,0.0,0.0,100000,173.18065889034494,3.2014580210865473,203.15396748170275,1012.3899180048858,-1072.1868039690485,-807.2064950938525,-1254.3560721643312,0.48328,1008.4717688311052,0.1717258372944583,87.79451322459789,2.6191237939092527,82.66103058853575,92.92799586066003,0.90502,0.9511402873806065,0.4074,0.035431317820464533,5.096956965030722,9.0,0.90502,0.5926,0.76757,0.6121,0.05789
E4_interaction,MSOG,same_indication,0.1,15.0,0.0,0.2,0.0,0.0,100000,264.87644172617036,3.258567163349716,279.21294490311556,1030.4494144819055,-985.7611764826961,-760.589774214128,-1149.9129832453586,0.42716,916.7759859952798,0.28892166218622367,179.4902960604233,2.649909869163166,174.2964727168635,184.68411940398312,0.90502,0.9511402873806065,0.4074,0.035431317820464533,5.096956965030722,9.0,0.90502,0.5926,0.76757,0.53644,0.02745
E4_interaction,MSOG,same_indication,0.1,15.0,0.0,0.3,0.0,0.0,100000,356.5722245619957,3.3183995240384574,355.27192232452836,1049.3700682380197,-874.1952096422901,-713.9730533344037,-1045.469894326386,0.42153,825.0802031594546,0.43216674354394213,271.18607889624866,2.6849253485620634,265.923625213067,276.4485325794303,0.90502,0.9511402873806065,0.4074,0.035431317820464533,5.096956965030722,9.0,0.90502,0.5926,0.76757,0.48805,0.01951
E4_interaction,MSOG,same_indication,0.1,15.0,0.0,0.0,0.0,0.1,100000,28.225620222819586,2.859593076713163,127.09499006028994,904.28273036622,-1148.2457813904614,-884.1468803601001,-1263.445934361451,0.48334,1100.1675516669306,0.02565574687242251,-57.16052544292746,2.4629804786277245,-61.987967181037796,-52.33308370481712,0.90502,0.9511402873806065,0.4074,0.035431317820464533,5.096956965030722,9.0,0.90502,0.5926,0.76812,0.6121,0.09376
E4_interaction,MSOG,same_indication,0.1,15.0,0.0,0.1,0.0,0.1,100000,119.92140305864496,2.9114663026324186,203.15396748170275,920.6864847147527,-1072.1868039690485,-807.2064950938525,-1254.3560721643312,0.48328,1008.4717688311052,0.11891399121429339,34.535257392897904,2.4817176863343278,29.67109072768262,39.39942405811318,0.90502,0.9511402873806065,0.4074,0.035431317820464533,5.096956965030722,9.0,0.90502,0.5926,0.76757,0.6121,0.05789
E4_interaction,MSOG,same_indication,0.1,15.0,0.0,0.2,0.0,0.1,100000,211.61718589447034,2.966578575419558,279.21294490311556,938.1145156183404,-985.7611764826961,-760.589774214128,-1149.9129832453586,0.42716,916.7759859952798,0.23082758397596148,126.23104022872329,2.5052268274597376,121.3207956469022,131.14128481054436,0.90502,0.9511402873806065,0.4074,0.035431317820464533,5.096956965030722,9.0,0.90502,0.5926,0.76757,0.53644,0.02745
E4_interaction,MSOG,same_indication,0.1,15.0,0.0,0.3,0.0,0.1,100000,303.3129687302957,3.0247528498554397,355.27192232452836,956.5108364628499,-874.1952096422901,-713.9730533344037,-1045.469894326386,0.42153,825.0802031594546,0.3676163451369074,217.92682306454867,2.5333750581347756,212.96140795060452,222.89223817849282,0.90502,0.9511402873806065,0.4074,0.035431317820464533,5.096956965030722,9.0,0.90502,0.5926,0.76757,0.48805,0.01951
E4_interaction,MSOG,same_indication,0.1,15.0,0.0,0.0,0.0,0.25,100000,-51.66326352473039,2.4558219735637183,96.77132567376651,776.5990964351167,-1148.2457813904614,-884.1468803601001,-1263.445934361451,0.48383,1100.1675516669306,-0.04695945035504114,-137.04940919047746,2.3511226730949772,-141.6576096297436,-132.44120875121132,0.90502,0.9511402873806065,0.4074,0.035431317820464533,5.096956965030722,9.0,0.90502,0.5926,0.79655,0.6121,0.09376
E4_interaction,MSOG,same_indication,0.1,15.0,0.0,0.1,0.0,0.25,100000,40.032519311094966,2.5025914381008265,203.15396748170275,791.3888997234902,-1072.1868039690485,-807.2064950938525,-1254.3560721643312,0.48383,1008.4717688311052,0.039696222094045996,-45.353626354652086,2.356473325489504,-49.97231407261151,-40.73493863669266,0.90502,0.9511402873806065,0.4074,0.035431317820464533,5.096956965030722,9.0,0.90502,0.5926,0.77304,0.6121,0.05789
E4_interaction,MSOG,same_indication,0.1,15.0,0.0,0.2,0.0,0.25,100000,131.72830214692033,2.553322383105735,279.21294490311556,807.4314331303154,-985.7611764826961,-760.589774214128,-1149.9129832453586,0.42716,916.7759859952798,0.14368646666056822,46.3421564811733,2.367011658049422,41.70281363139643,50.981499330950165,0.90502,0.9511402873806065,0.4074,0.035431317820464533,5.096956965030722,9.0,0.90502,0.5926,0.7693,0.53644,0.02745
E4_interaction,MSOG,same_indication,0.1,15.0,0.0,0.3,0.0,0.25,100000,223.4240849827457,2.607783622902398,355.27192232452836,824.6535893257216,-874.1952096422901,-713.9730533344037,-1045.469894326386,0.42153,825.0802031594546,0.2707907475263552,138.03793931699866,2.3826688378237133,133.36790839486417,142.70797023913315,0.90502,0.9511402873806065,0.4074,0.035431317820464533,5.096956965030722,9.0,0.90502,0.5926,0.76812,0.48805,0.01951
E4_interaction,MSOG,same_indication,0.1,15.0,0.0,0.0,0.0,0.5,100000,-184.8114031039804,1.9083257806511433,-38.77566840249233,603.4655984476494,-1148.2457813904614,-884.1468803601001,-1263.445934361451,0.513,1100.1675516669306,-0.1679847790674806,-270.19754876972746,2.4120427408830185,-274.92515254185815,-265.46994499759677,0.90502,0.9511402873806065,0.4074,0.035431317820464533,5.096956965030722,9.0,0.90502,0.5926,0.9597,0.61757,0.09376
E4_interaction,MSOG,same_indication,0.1,15.0,0.0,0.1,0.0,0.5,100000,-93.11562026815504,1.9393747482233867,102.23255497960201,613.2841441001492,-1072.1868039690485,-807.2064950938525,-1254.3560721643312,0.48949,1008.4717688311052,-0.09233339310636635,-178.50176593390208,2.393888819970618,-183.1937880210445,-173.80974384675966,0.90502,0.9511402873806065,0.4074,0.035431317820464533,5.096956965030722,9.0,0.90502,0.5926,0.94117,0.61693,0.05789
E4_interaction,MSOG,same_indication,0.1,15.0,0.0,0.2,0.0,0.5,100000,-1.4198374323296759,1.976165602572637,243.24077836169647,624.9184337808634,-985.7611764826961,-760.589774214128,-1149.9129832453586,0.42889,916.7759859952798,-0.0015487288650872081,-86.80598309807674,2.380765869780183,-91.4722842028459,-82.13968199330758,0.90502,0.9511402873806065,0.4074,0.035431317820464533,5.096956965030722,9.0,0.90502,0.5926,0.9406,0.53699,0.02745
E4_interaction,MSOG,same_indication,0.1,15.0,0.0,0.3,0.0,0.5,100000,90.2759454034957,2.0183843809671242,355.27192232452836,638.2691837565121,-874.1952096422901,-713.9730533344037,-1045.469894326386,0.42208,825.0802031594546,0.10941475150876818,4.889799737748659,2.3727573657742766,0.2391953008310761,9.540404174666241,0.90502,0.9511402873806065,0.4074,0.035431317820464533,5.096956965030722,9.0,0.90502,0.5926,0.93569,0.48805,0.01951
E4_interaction,MSOG,same_indication,0.1,18.0,0.0,0.0,0.0,0.0,100000,498.27567419067606,4.495968761559112,587.6271309369075,1421.7501575493277,-1148.2457813904614,-884.1468803601001,-1263.445934361451,0.4266,1100.1675516669306,0.4529088986815766,-5.559185318383285,3.670014528710473,-12.752413794655812,1.6340431578892414,0.90502,0.9511402873806065,0.4074,0.035431317820464533,5.096956965030722,12.0,0.90502,0.5926,0.43788,0.4074,0.09376
E4_interaction,MSOG,same_indication,0.1,18.0,0.0,0.1,0.0,0.0,100000,589.9714570265014,4.556954305505538,663.6861083583203,1441.0354798708277,-1072.1868039690485,-807.2064950938525,-1254.3560721643312,0.41056,1008.4717688311052,0.5850153422840213,86.13659751744207,3.6994560532860694,78.88566365300137,93.38753138188277,0.90502,0.9511402873806065,0.4074,0.035431317820464533,5.096956965030722,12.0,0.90502,0.5926,0.4266,0.4074,0.05789
E4_interaction,MSOG,same_indication,0.1,18.0,0.0,0.2,0.0,0.0,100000,681.6672398623268,4.619796416056833,739.7450857797331,1460.907900102247,-985.7611764826961,-760.589774214128,-1149.9129832453586,0.40786,916.7759859952798,0.7435483152651389,177.83238035326747,3.7319609436916603,170.5177369036318,185.14702380290313,0.90502,0.9511402873806065,0.4074,0.035431317820464533,5.096956965030722,12.0,0.90502,0.5926,0.42269,0.4074,0.02745
E4_interaction,MSOG,same_indication,0.1,18.0,0.0,0.3,0.0,0.0,100000,773.3630226981521,4.684420375559145,815.8040632011459,1481.3437904468256,-874.1952096422901,-713.9730533344037,-1045.469894326386,0.40753,825.0802031594546,0.9373186021634461,269.5281631890928,3.767449910228532,262.1439613650449,276.91236501314074,0.90502,0.9511402873806065,0.4074,0.035431317820464533,5.096956965030722,12.0,0.90502,0.5926,0.41056,0.4074,0.01951
E4_interaction,MSOG,same_indication,0.1,18.0,0.0,0.0,0.0,0.1,100000,430.6284732137088,4.122030105421358,587.6271309369075,1303.5003716915473,-1148.2457813904614,-884.1468803601001,-1263.445934361451,0.4266,1100.1675516669306,0.39142080909515775,-73.2063862953506,3.4976069928458804,-80.06169600132853,-66.35107658937267,0.90502,0.9511402873806065,0.4074,0.035431317820464533,5.096956965030722,12.0,0.90502,0.5926,0.43788,0.4074,0.09376
E4_interaction,MSOG,same_indication,0.1,18.0,0.0,0.1,0.0,0.1,100000,522.3242560495341,4.181639131999541,663.6861083583203,1322.3504010008041,-1072.1868039690485,-807.2064950938525,-1254.3560721643312,0.41056,1008.4717688311052,0.5179364184432721,18.48939654047476,3.520383406444981,11.589445063842598,25.389348017106926,0.90502,0.9511402873806065,0.4074,0.035431317820464533,5.096956965030722,12.0,0.90502,0.5926,0.4266,0.4074,0.05789
E4_interaction,MSOG,same_indication,0.1,18.0,0.0,0.2,0.0,0.1,100000,614.0200388853594,4.243308663806552,739.7450857797331,1341.8520192754397,-985.7611764826961,-760.589774214128,-1149.9129832453586,0.40786,916.7759859952798,0.669760168530986,110.18517937630017,3.546481767348868,103.23407511229638,117.13628364030396,0.90502,0.9511402873806065,0.4074,0.035431317820464533,5.096956965030722,12.0,0.90502,0.5926,0.42269,0.4074,0.02745
E4_interaction,MSOG,same_indication,0.1,18.0,0.0,0.3,0.0,0.1,100000,705.7158217211849,4.306950191051395,815.8040632011459,1361.9772372619761,-874.1952096422901,-713.9730533344037,-1045.469894326386,0.40753,825.0802031594546,0.8553299655219075,201.8809622121255,3.575829340124995,194.8723367054805,208.88958771877049,0.90502,0.9511402873806065,0.4074,0.035431317820464533,5.096956965030722,12.0,0.90502,0.5926,0.41056,0.4074,0.01951
E4_interaction,MSOG,same_indication,0.1,18.0,0.0,0.0,0.0,0.25,100000,329.1576717482578,3.5882781888423416,587.6271309369075,1134.713195504559,-1148.2457813904614,-884.1468803601001,-1263.445934361451,0.4266,1100.1675516669306,0.2991886747155295,-174.67718776080147,3.331386989301419,-181.20670625983226,-168.1476692617707,0.90502,0.9511402873806065,0.4074,0.035431317820464533,5.096956965030722,12.0,0.90502,0.5926,0.43788,0.4074,0.09376
E4_interaction,MSOG,same_indication,0.1,18.0,0.0,0.1,0.0,0.25,100000,420.8534545840832,3.6448632765676137,663.6861083583203,1152.6069713857887,-1072.1868039690485,-807.2064950938525,-1254.3560721643312,0.41056,1008.4717688311052,0.4173180326821484,-82.98140492497613,3.3424988000798455,-89.53270257313262,-76.43010727681964,0.90502,0.9511402873806065,0.4074,0.035431317820464533,5.096956965030722,12.0,0.90502,0.5926,0.4266,0.4074,0.05789
E4_interaction,MSOG,same_indication,0.1,18.0,0.0,0.2,0.0,0.25,100000,512.5492374199086,3.7039040477605174,739.7450857797331,1171.277302564032,-985.7611764826961,-760.589774214128,-1149.9129832453586,0.40786,916.7759859952798,0.559077948429757,8.714377910849276,3.3572378721770155,2.134191681382325,15.294564140316226,0.90502,0.9511402873806065,0.4074,0.035431317820464533,5.096956965030722,12.0,0.90502,0.5926,0.42269,0.4074,0.02745
E4_interaction,MSOG,same_indication,0.1,18.0,0.0,0.3,0.0,0.25,100000,604.2450202557338,3.765284986685378,815.8040632011459,1190.6876597562566,-874.1952096422901,-713.9730533344037,-1045.469894326386,0.40753,825.0802031594546,0.7323470105595997,100.41016074667465,3.3755566915725366,93.79406963119247,107.02625186215683,0.90502,0.9511402873806065,0.4074,0.035431317820464533,5.096956965030722,12.0,0.90502,0.5926,0.41056,0.4074,0.01951
E4_interaction,MSOG,same_indication,0.1,18.0,0.0,0.0,0.0,0.5,100000,160.03966930583965,2.8165204465398395,557.3034665503841,890.6619687500404,-1148.2457813904614,-884.1468803601001,-1263.445934361451,0.42662,1100.1675516669306,0.1454684507494825,-343.79519020321965,3.3350133003747677,-350.3318162719542,-337.2585641344851,0.90502,0.9511402873806065,0.4074,0.035431317820464533,5.096956965030722,12.0,0.90502,0.5926,0.43788,0.4074,0.09376
E4_interaction,MSOG,same_indication,0.1,18.0,0.0,0.1,0.0,0.5,100000,251.735452141665,2.8634360263372303,663.6861083583203,905.4979777407539,-1072.1868039690485,-807.2064950938525,-1254.3560721643312,0.41056,1008.4717688311052,0.24962072308027558,-252.0994073673943,3.324704975862441,-258.6158291200847,-245.58298561470392,0.90502,0.9511402873806065,0.4074,0.035431317820464533,5.096956965030722,12.0,0.90502,0.5926,0.4266,0.4074,0.05789
E4_interaction,MSOG,same_indication,0.1,18.0,0.0,0.2,0.0,0.5,100000,343.43123497749036,2.913817645953661,739.7450857797331,921.430044760368,-985.7611764826961,-760.589774214128,-1149.9129832453586,0.40786,916.7759859952798,0.37460758159437496,-160.40362453156894,3.3180719680513824,-166.90704558894964,-153.90020347418823,0.90502,0.9511402873806065,0.4074,0.035431317820464533,5.096956965030722,12.0,0.90502,0.5926,0.42269,0.4074,0.02745
E4_interaction,MSOG,same_indication,0.1,18.0,0.0,0.3,0.0,0.5,100000,435.1270178133157,2.967488772786166,815.8040632011459,938.4023452982174,-874.1952096422901,-713.9730533344037,-1045.469894326386,0.40753,825.0802031594546,0.5273754189557537,-68.70784169574358,3.3151363380121017,-75.2055089182473,-62.21017447323986,0.90502,0.9511402873806065,0.4074,0.035431317820464533,5.096956965030722,12.0,0.90502,0.5926,0.41056,0.4074,0.01951
E4_interaction,MSOG,same_indication,0.1,12.0,0.5,0.0,0.0,0.0,100000,-369.1337411131921,1.7829555465660178,-492.6595803185083,563.8200493979022,-1161.8183631345016,-1006.0556671600795,-1306.1276713284933,0.79959,1111.2084682838213,-0.33219125992019455,102.43535134650944,1.4249465425131826,99.64245612318359,105.22824656983528,0.90502,0.9511402873806065,0.4074,0.035431317820464533,5.096956965030722,6.416885814678128,0.90502,0.5926,0.97347,0.93506,0.0938
E4_interaction,MSOG,same_indication,0.1,12.0,0.5,0.1,0.0,0.0,100000,-276.33386661567783,1.8194688106738794,-415.9219738098935,575.366557336714,-1078.2944657538667,-837.6806395125594,-1240.850911250901,0.65268,1018.4085937863067,-0.2713388990447395,195.23522584402383,1.457782446874763,192.3779722481493,198.09247943989837,0.90502,0.9511402873806065,0.4074,0.035431317820464533,5.096956965030722,6.416885814678128,0.90502,0.5926,0.97347,0.88331,0.05789
E4_interaction,MSOG,same_indication,0.1,12.0,0.5,0.2,0.0,0.0,100000,-183.5339921181634,1.8622069730609352,-339.1843673012786,588.8815509520375,-1001.5568592452519,-790.9134386006514,-1162.808809039035,0.65084,925.6087192887923,-0.19828464046793443,288.0351003415383,1.4985321022017937,285.09797742122277,290.9722232618538,0.90502,0.9511402873806065,0.4074,0.035431317820464533,5.096956965030722,6.416885814678128,0.90502,0.5926,0.95039,0.88331,0.02745
E4_interaction,MSOG,same_indication,0.1,12.0,0.5,0.3,0.0,0.0,100000,-90.734117620649,1.910752378916687,-229.02645828469815,604.2329561961826,-894.9853589993636,-713.9730533344037,-1056.1675019570266,0.64003,832.8088447912779,-0.1089495124699224,380.83497483905273,1.5465700908008464,377.80369746108306,383.8662522170224,0.90502,0.9511402873806065,0.4074,0.035431317820464533,5.096956965030722,6.416885814678128,0.90502,0.5926,0.94959,0.85278,0.01951
E4_interaction,MSOG,same_indication,0.1,12.0,0.5,0.0,0.0,0.1,100000,-407.2136926256147,1.5995134189861953,-492.6595803185083,505.810555199959,-1161.8183631345016,-1007.535730291084,-1306.1276713284933,0.82067,1111.2084682838213,-0.36646021358577835,64.35539983408695,1.306999270761208,61.79368126339499,66.91711840477892,0.90502,0.9511402873806065,0.4074,0.035431317820464533,5.096956965030722,6.416885814678128,0.90502,0.5926,0.9902,0.93867,0.0938
E4_interaction,MSOG,same_indication,0.1,12.0,0.5,0.1,0.0,0.1,100000,-314.41381812810033,1.6298399412266078,-415.9219738098935,515.4006435791047,-1078.2944657538667,-838.9120871123616,-1240.850911250901,0.66984,1018.4085937863067,-0.30873052333459977,157.15527433160136,1.3301514544150146,154.54817748094794,159.76237118225478,0.90502,0.9511402873806065,0.4074,0.035431317820464533,5.096956965030722,6.416885814678128,0.90502,0.5926,0.9874,0.9363,0.05789
E4_interaction,MSOG,same_indication,0.1,12.0,0.5,0.2,0.0,0.1,100000,-221.6139436305859,1.6673707074419455,-339.1843673012786,527.2689139362811,-1001.5568592452519,-790.9134386006514,-1162.808809039035,0.65166,925.6087192887923,-0.23942508212419053,249.95514882911579,1.3624134743577976,247.2848184193745,252.62547923885708,0.90502,0.9511402873806065,0.4074,0.035431317820464533,5.096956965030722,6.416885814678128,0.90502,0.5926,0.98693,0.93533,0.02745
E4_interaction,MSOG,same_indication,0.1,12.0,0.5,0.3,0.0,0.1,100000,-128.81406913307148,1.7116318831952775,-229.02645828469815,541.265526666036,-894.9853589993636,-713.9730533344037,-1056.1675019570266,0.64262,832.8088447912779,-0.15467423279510847,342.7550233266301,1.4031570988518172,340.00483541288054,345.5052112403797,0.90502,0.9511402873806065,0.4074,0.035431317820464533,5.096956965030722,6.416885814678128,0.90502,0.5926,0.98693,0.88331,0.01951
E4_interaction,MSOG,same_indication,0.1,12.0,0.5,0.0,0.0,0.25,100000,-464.3336198942484,1.363020908622522,-492.6595803185083,431.02505696794077,-1161.8183631345016,-1050.6503877919704,-1306.0316649822323,0.87341,1111.2084682838213,-0.4178636440841538,7.235472565453246,1.206243149614165,4.871235992209482,9.599709138697008,0.90502,0.9511402873806065,0.4074,0.035431317820464533,5.096956965030722,6.416885814678128,0.90502,0.5926,0.99987,0.9902,0.0938
E4_interaction,MSOG,same_indication,0.1,12.0,0.5,0.1,0.0,0.25,100000,-371.53374539673405,1.3803475035718495,-415.9219738098935,436.50420738144527,-1078.2944657538667,-862.7155438901781,-1240.850911250901,0.73367,1018.4085937863067,-0.3648179597693902,100.03534706296766,1.2106512754205392,97.6624705631434,102.40822356279192,0.90502,0.9511402873806065,0.4074,0.035431317820464533,5.096956965030722,6.416885814678128,0.90502,0.5926,0.99964,0.97395,0.05789
E4_interaction,MSOG,same_indication,0.1,12.0,0.5,0.2,0.0,0.25,100000,-278.7338708992196,1.40666422767097,-339.1843673012786,444.82628625219155,-1001.5568592452519,-790.9134386006514,-1162.808809039035,0.6909,925.6087192887923,-0.3011357446085746,192.8352215604821,1.2256191377752355,190.43300805044262,195.23743507052157,0.90502,0.9511402873806065,0.4074,0.035431317820464533,5.096956965030722,6.416885814678128,0.90502,0.5926,0.99862,0.97347,0.02745
E4_interaction,MSOG,same_indication,0.1,12.0,0.5,0.3,0.0,0.25,100000,-185.93399640170523,1.4414787732459164,-229.02645828469815,455.8356122242483,-894.9853589993636,-713.9730533344037,-1056.1675019570266,0.6591,832.8088447912779,-0.22326131328288762,285.63509605799646,1.250767690900953,283.1835913838306,288.0866007321623,0.90502,0.9511402873806065,0.4074,0.035431317820464533,5.096956965030722,6.416885814678128,0.90502,0.5926,0.99833,0.95082,0.01951
E4_interaction,MSOG,same_indication,0.1,12.0,0.5,0.0,0.0,0.5,100000,-559.5334986753046,1.1418263574814824,-559.4006505566923,361.0771982055126,-1161.8183631345016,-1128.6467989273353,-1306.0324037471423,1.0,1111.2084682838213,-0.5035360282481129,-87.96440621560293,1.283206273343283,-90.47949051135576,-85.4493219198501,0.90502,0.9511402873806065,0.4074,0.035431317820464533,5.096956965030722,6.416885814678128,0.90502,0.5926,1.0,1.0,0.0938
E4_interaction,MSOG,same_indication,0.1,12.0,0.5,0.1,0.0,0.5,100000,-466.73362417779015,1.1257431435299445,-512.783929676968,355.99123938724694,-1078.2944657538667,-958.3661627802963,-1240.4594195951424,0.87023,1018.4085937863067,-0.4582970204940407,4.835468281911468,1.2543003132919213,2.3770396678593024,7.293896895963634,0.90502,0.9511402873806065,0.4074,0.035431317820464533,5.096956965030722,6.416885814678128,0.90502,0.5926,1.0,1.0,0.05789
E4_interaction,MSOG,same_indication,0.1,12.0,0.5,0.2,0.0,0.5,100000,-373.93374968027575,1.1209993779156118,-388.3309876131775,354.491128984519,-1001.5568592452519,-821.1185373635259,-1162.214432447127,0.81859,925.6087192887923,-0.4039868487492148,97.6353427794259,1.235205245057729,95.21434049911275,100.05634505973904,0.90502,0.9511402873806065,0.4074,0.035431317820464533,5.096956965030722,6.416885814678128,0.90502,0.5926,1.0,1.0,0.02745
E4_interaction,MSOG,same_indication,0.1,12.0,0.5,0.3,0.0,0.5,100000,-281.1338751827614,1.1277381659263612,-262.4467607926638,356.6221208628193,-894.9853589993636,-713.9730533344037,-1056.1675019570266,0.77651,832.8088447912779,-0.3375731140958528,190.4352172769403,1.226379429226246,188.03151359565686,192.83892095822375,0.90502,0.9511402873806065,0.4074,0.035431317820464533,5.096956965030722,6.416885814678128,0.90502,0.5926,1.0,1.0,0.01951
E4_interaction,MSOG,same_indication,0.1,15.0,0.5,0.0,0.0,0.0,100000,185.6148112060321,3.505086587653591,120.30869918826971,1108.4057013092768,-1161.8183631345016,-892.4132343631248,-1306.1281070477858,0.48328,1111.2084682838213,0.16703869391195367,100.22866554028505,2.7837147744443227,94.77258458237418,105.68474649819592,0.90502,0.9511402873806065,0.4074,0.035431317820464533,5.096956965030722,9.416885814678128,0.90502,0.5926,0.76757,0.50466,0.09376
E4_interaction,MSOG,same_indication,0.1,15.0,0.5,0.1,0.0,0.0,100000,278.41468570354647,3.563816535853532,197.04630569688453,1126.9777416268287,-1078.2944657538667,-812.4952551027573,-1242.1803497495746,0.4357,1018.4085937863067,0.27338210557359693,193.02854003779947,2.8199365324688213,187.5014644341606,198.55561564143835,0.90502,0.9511402873806065,0.4074,0.035431317820464533,5.096956965030722,9.416885814678128,0.90502,0.5926,0.76757,0.50466,0.05789
E4_interaction,MSOG,same_indication,0.1,15.0,0.5,0.2,0.0,0.0,100000,371.2145602010609,3.625156051953392,273.7839122054994,1146.3749997716413,-998.9873428875355,-760.589774214128,-1160.7181165689822,0.4229,925.6087192887923,0.401049117694451,285.82841453531387,2.8602146657833583,280.2223937903785,291.43443528024926,0.90502,0.9511402873806065,0.4074,0.035431317820464533,5.096956965030722,9.416885814678128,0.90502,0.5926,0.76757,0.4769,0.02745
E4_interaction,MSOG,same_indication,0.1,15.0,0.5,0.3,0.0,0.0,100000,464.01443469857537,3.6889749641767424,383.94182122207997,1166.556311813656,-885.7681052465247,-713.9730533344037,-1054.924385984557,0.41314,832.8088447912779,0.5571679955138669,378.62828903282826,2.9043804170751115,372.93570341536105,384.3208746502955,0.90502,0.9511402873806065,0.4074,0.035431317820464533,5.096956965030722,9.416885814678128,0.90502,0.5926,0.76757,0.4382,0.01951
E4_interaction,MSOG,same_indication,0.1,15.0,0.5,0.0,0.0,0.1,100000,128.38450470525888,3.1930138773178456,120.30869918826971,1009.7196452849843,-1161.8183631345016,-892.4132343631248,-1306.1281070477858,0.48328,1111.2084682838213,0.11553593080832004,42.99835903951183,2.609985027373122,37.882788385860515,48.11392969316315,0.90502,0.9511402873806065,0.4074,0.035431317820464533,5.096956965030722,9.416885814678128,0.90502,0.5926,0.76757,0.50466,0.09376
E4_interaction,MSOG,same_indication,0.1,15.0,0.5,0.1,0.0,0.1,100000,221.18437920277327,3.2496624943382413,197.04630569688453,1027.6335108932874,-1078.2944657538667,-812.4952551027573,-1242.1803497495746,0.4357,1018.4085937863067,0.21718628510433066,135.79823353702622,2.6390923320139583,130.62561256627887,140.97085450777357,0.90502,0.9511402873806065,0.4074,0.035431317820464533,5.096956965030722,9.416885814678128,0.90502,0.5926,0.76757,0.50466,0.05789
E4_interaction,MSOG,same_indication,0.1,15.0,0.5,0.2,0.0,0.1,100000,313.9842537002877,3.309242635255112,273.7839122054994,1046.4744057543978,-998.9873428875355,-760.589774214128,-1160.7181165689822,0.4229,925.6087192887923,0.3392192047861682,228.59810803454064,2.6727152141960673,223.35958621471636,233.83662985436493,0.90502,0.9511402873806065,0.4074,0.035431317820464533,5.096956965030722,9.416885814678128,0.90502,0.5926,0.76757,0.4769,0.02745
E4_interaction,MSOG,same_indication,0.1,15.0,0.5,0.3,0.0,0.1,100000,406.78412819780215,3.3715988931646383,383.94182122207997,1066.1931858902972,-885.7681052465247,-713.9730533344037,-1054.924385984557,0.41314,832.8088447912779,0.488448376529613,321.3979825320551,2.7106856477674866,316.0850386624308,326.7109264016794,0.90502,0.9511402873806065,0.4074,0.035431317820464533,5.096956965030722,9.416885814678128,0.90502,0.5926,0.76757,0.4382,0.01951
E4_interaction,MSOG,same_indication,0.1,15.0,0.5,0.0,0.0,0.25,100000,42.53904495409902,2.7527233853498685,120.30869918826971,870.4875666114963,-1161.8183631345016,-892.4132343631248,-1306.1281070477858,0.48361,1111.2084682838213,0.03828178615286959,-42.847100711648025,2.4339356307028974,-47.6176145478257,-38.07658687547035,0.90502,0.9511402873806065,0.4074,0.035431317820464533,5.096956965030722,9.416885814678128,0.90502,0.5926,0.7698,0.50466,0.09376
E4_interaction,MSOG,same_indication,0.1,15.0,0.5,0.1,0.0,0.25,100000,135.33891945161344,2.8048481831913517,197.04630569688453,886.9708749869878,-1078.2944657538667,-812.4952551027573,-1242.1803497495746,0.4357,1018.4085937863067,0.13289255440043124,49.95277378586637,2.4498056527658663,45.15115470644527,54.75439286528747,0.90502,0.9511402873806065,0.4074,0.035431317820464533,5.096956965030722,9.416885814678128,0.90502,0.5926,0.7679,0.50466,0.05789
E4_interaction,MSOG,same_indication,0.1,15.0,0.5,0.2,0.0,0.25,100000,228.13879394912783,2.8605370843198084,273.7839122054994,904.5812517827723,-998.9873428875355,-760.589774214128,-1160.7181165689822,0.4229,925.6087192887923,0.24647433542374395,142.7526482833808,2.4708024210283046,137.90987553816532,147.5954210285963,0.90502,0.9511402873806065,0.4074,0.035431317820464533,5.096956965030722,9.416885814678128,0.90502,0.5926,0.76764,0.4769,0.02745
E4_interaction,MSOG,same_indication,0.1,15.0,0.5,0.3,0.0,0.25,100000,320.9386684466423,2.91958614812154,383.94182122207997,923.2542053141796,-885.7681052465247,-713.9730533344037,-1054.924385984557,0.41314,832.8088447912779,0.3853689480532322,235.55252278089523,2.496796598986855,230.658801446881,240.44624411490946,0.90502,0.9511402873806065,0.4074,0.035431317820464533,5.096956965030722,9.416885814678128,0.90502,0.5926,0.76757,0.4382,0.01951
E4_interaction,MSOG,same_indication,0.1,15.0,0.5,0.0,0.0,0.5,100000,-100.53672129783406,2.1435111308950754,114.80381611406358,677.8377363551756,-1161.8183631345016,-892.4132343631248,-1306.1281070477858,0.48915,1111.2084682838213,-0.09047512160621449,-185.9228669635811,2.4133622285240794,-190.6530569314883,-181.1926769956739,0.90502,0.9511402873806065,0.4074,0.035431317820464533,5.096956965030722,9.416885814678128,0.90502,0.5926,0.93861,0.50521,0.09376
E4_interaction,MSOG,same_indication,0.1,15.0,0.5,0.1,0.0,0.5,100000,-7.736846800319667,2.181480745502165,197.04630569688453,689.8447827588958,-1078.2944657538667,-812.4952551027573,-1242.1803497495746,0.43864,1018.4085937863067,-0.007596996772734514,-93.1229924660667,2.403404524463371,-97.83366533401491,-88.4123195981185,0.90502,0.9511402873806065,0.4074,0.035431317820464533,5.096956965030722,9.416885814678128,0.90502,0.5926,0.88405,0.50488,0.05789
E4_interaction,MSOG,same_indication,0.1,15.0,0.5,0.2,0.0,0.5,100000,85.06302769719478,2.2246096968321276,273.7839122054994,703.4833546886189,-998.9873428875355,-760.589774214128,-1160.7181165689822,0.42345,925.6087192887923,0.09189955315303691,-0.32311796855227237,2.398791603260389,-5.024749510942634,4.37851357383809,0.90502,0.9511402873806065,0.4074,0.035431317820464533,5.096956965030722,9.416885814678128,0.90502,0.5926,0.85722,0.4769,0.02745
E4_interaction,MSOG,same_indication,0.1,15.0,0.5,0.3,0.0,0.5,100000,177.8629021947092,2.272604265814803,383.94182122207997,718.6605700189514,-885.7681052465247,-713.9730533344037,-1054.924385984557,0.41314,832.8088447912779,0.2135699005925975,92.47675652896214,2.3995542896653435,87.77363012121806,97.17988293670622,0.90502,0.9511402873806065,0.4074,0.035431317820464533,5.096956965030722,9.416885814678128,0.90502,0.5926,0.82669,0.4382,0.01951
E4_interaction,MSOG,same_indication,0.1,18.0,0.5,0.0,0.0,0.0,100000,602.4056093421885,4.857997694851835,580.8408400648873,1536.2337583579442,-1161.8183631345016,-892.4132343631248,-1306.1281070477858,0.41314,1111.2084682838213,0.5421175472794579,98.5707498331292,3.858585918759805,91.00792143235998,106.13357823389842,0.90502,0.9511402873806065,0.4074,0.035431317820464533,5.096956965030722,12.416885814678128,0.90502,0.5926,0.42855,0.4074,0.09376
E4_interaction,MSOG,same_indication,0.1,18.0,0.5,0.1,0.0,0.0,100000,695.2054838397029,4.92223382754864,657.5784465735021,1556.547007098216,-1078.2944657538667,-812.4952551027573,-1242.1803497495746,0.4102,1018.4085937863067,0.6826390587053297,191.37062433064355,3.895258608330396,183.73591745831598,199.00533120297112,0.90502,0.9511402873806065,0.4074,0.035431317820464533,5.096956965030722,12.416885814678128,0.90502,0.5926,0.41317,0.4074,0.05789
E4_interaction,MSOG,same_indication,0.1,18.0,0.5,0.2,0.0,0.0,100000,788.0053583372172,4.988230336347731,734.3160530821169,1577.416935640663,-998.9873428875355,-760.589774214128,-1160.7181165689822,0.40783,925.6087192887923,0.8513374408818177,284.17049882815803,3.9348704863832458,276.4581526748469,291.8828449814692,0.90502,0.9511402873806065,0.4074,0.035431317820464533,5.096956965030722,12.416885814678128,0.90502,0.5926,0.41268,0.4074,0.02745
E4_interaction,MSOG,same_indication,0.1,18.0,0.5,0.3,0.0,0.0,100000,880.8052328347317,5.055918285472255,844.4739620986975,1598.8217445785729,-885.7681052465247,-713.9730533344037,-1054.924385984557,0.40744,832.8088447912779,1.0576319384017623,376.9703733256724,3.977333736181192,369.1747992027573,384.76594744858755,0.90502,0.9511402873806065,0.4074,0.035431317820464533,5.096956965030722,12.416885814678128,0.90502,0.5926,0.40806,0.4074,0.01951
E4_interaction,MSOG,same_indication,0.1,18.0,0.5,0.0,0.0,0.1,100000,530.787357696148,4.460473890432473,580.8408400648873,1410.525693747895,-1161.8183631345016,-892.4132343631248,-1306.1281070477858,0.41314,1111.2084682838213,0.4776667680691001,26.952498187088665,3.645557716320205,19.807205063101062,34.097791311076264,0.90502,0.9511402873806065,0.4074,0.035431317820464533,5.096956965030722,12.416885814678128,0.90502,0.5926,0.42855,0.4074,0.09376
E4_interaction,MSOG,same_indication,0.1,18.0,0.5,0.1,0.0,0.1,100000,623.5872321936624,4.523430376061452,657.5784465735021,1430.434282554618,-1078.2944657538667,-812.4952551027573,-1242.1803497495746,0.4102,1018.4085937863067,0.6123153673274188,119.75237268460307,3.6758395212943715,112.5477272228661,126.95701814634005,0.90502,0.9511402873806065,0.4074,0.035431317820464533,5.096956965030722,12.416885814678128,0.90502,0.5926,0.41317,0.4074,0.05789
E4_interaction,MSOG,same_indication,0.1,18.0,0.5,0.2,0.0,0.1,100000,716.3871066911769,4.588336211791627,734.3160530821169,1450.9593099890271,-998.9873428875355,-760.589774214128,-1160.7181165689822,0.40783,925.6087192887923,0.7739632219990598,212.55224718211747,3.709354808469356,205.28191175751752,219.82258260671742,0.90502,0.9511402873806065,0.4074,0.035431317820464533,5.096956965030722,12.416885814678128,0.90502,0.5926,0.41268,0.4074,0.02745
E4_interaction,MSOG,same_indication,0.1,18.0,0.5,0.3,0.0,0.1,100000,809.1869811886912,4.655109859425283,844.4739620986975,1472.074991409014,-885.7681052465247,-713.9730533344037,-1054.924385984557,0.40744,832.8088447912779,0.9716359117097191,305.3521216796319,3.7460167897964745,298.0099287716308,312.694314587633,0.90502,0.9511402873806065,0.4074,0.035431317820464533,5.096956965030722,12.416885814678128,0.90502,0.5926,0.40806,0.4074,0.01951
E4_interaction,MSOG,same_indication,0.1,18.0,0.5,0.0,0.0,0.25,100000,423.3599802270873,3.892132708523035,580.8408400648873,1230.800431457304,-1161.8183631345016,-892.4132343631248,-1306.1281070477858,0.41314,1111.2084682838213,0.3809905992535633,-80.47487928197206,3.420751500231528,-87.17955222242585,-73.77020634151827,0.90502,0.9511402873806065,0.4074,0.035431317820464533,5.096956965030722,12.416885814678128,0.90502,0.5926,0.42855,0.4074,0.09376
E4_interaction,MSOG,same_indication,0.1,18.0,0.5,0.1,0.0,0.25,100000,516.1598547246017,3.9522548305431098,657.5784465735021,1249.812715791904,-1078.2944657538667,-812.4952551027573,-1242.1803497495746,0.4102,1018.4085937863067,0.5068298302605524,12.324995215542344,3.43937089226721,5.583828266698613,19.066162164386075,0.90502,0.9511402873806065,0.4074,0.035431317820464533,5.096956965030722,12.416885814678128,0.90502,0.5926,0.41317,0.4074,0.05789
E4_interaction,MSOG,same_indication,0.1,18.0,0.5,0.2,0.0,0.25,100000,608.9597292221162,4.014691925399145,734.3160530821169,1269.5570588148096,-998.9873428875355,-760.589774214128,-1160.7181165689822,0.40783,925.6087192887923,0.6579018936749225,105.1248697130568,3.461620318338061,98.3400938891142,111.90964553699939,0.90502,0.9511402873806065,0.4074,0.035431317820464533,5.096956965030722,12.416885814678128,0.90502,0.5926,0.41268,0.4074,0.02745
E4_interaction,MSOG,same_indication,0.1,18.0,0.5,0.3,0.0,0.25,100000,701.7596037196305,4.079337697677908,844.4739620986975,1289.999846964956,-885.7681052465247,-713.9730533344037,-1054.924385984557,0.40744,832.8088447912779,0.842641871671654,197.9247442105712,3.4874303014689922,191.08938081969197,204.76010760145041,0.90502,0.9511402873806065,0.4074,0.035431317820464533,5.096956965030722,12.416885814678128,0.90502,0.5926,0.40806,0.4074,0.01951
E4_interaction,MSOG,same_indication,0.1,18.0,0.5,0.0,0.0,0.5,100000,244.31435111198596,3.0651355809904697,580.8408400648873,969.2809773153389,-1161.8183631345016,-892.4132343631248,-1306.1281070477858,0.41314,1111.2084682838213,0.21986365122766863,-259.5205083970733,3.3484623413965493,-266.0834945862105,-252.95752220793605,0.90502,0.9511402873806065,0.4074,0.035431317820464533,5.096956965030722,12.416885814678128,0.90502,0.5926,0.42855,0.4074,0.09376
E4_interaction,MSOG,same_indication,0.1,18.0,0.5,0.1,0.0,0.5,100000,337.1142256095004,3.1160960077584847,657.5784465735021,985.396079227453,-1078.2944657538667,-812.4952551027573,-1242.1803497495746,0.4102,1018.4085937863067,0.33102060181577503,-166.72063389955895,3.3441453818438656,-173.27515884797293,-160.16610895114496,0.90502,0.9511402873806065,0.4074,0.035431317820464533,5.096956965030722,12.416885814678128,0.90502,0.5926,0.41317,0.4074,0.05789
E4_interaction,MSOG,same_indication,0.1,18.0,0.5,0.2,0.0,0.5,100000,429.9141001070148,3.1703098136933257,734.3160530821169,1002.5399899654981,-998.9873428875355,-760.589774214128,-1160.7181165689822,0.40783,925.6087192887923,0.46446634646802687,-73.9207594020445,3.343684854106573,-80.47438171609338,-67.36713708799562,0.90502,0.9511402873806065,0.4074,0.035431317820464533,5.096956965030722,12.416885814678128,0.90502,0.5926,0.41268,0.4074,0.02745
E4_interaction,MSOG,same_indication,0.1,18.0,0.5,0.3,0.0,0.5,100000,522.7139746045292,3.2276130631705686,844.4739620986975,1020.6608685331922,-885.7681052465247,-713.9730533344037,-1054.924385984557,0.40744,832.8088447912779,0.6276518049415457,18.879115095469917,3.347082350013664,12.318833689443135,25.4393965014967,0.90502,0.9511402873806065,0.4074,0.035431317820464533,5.096956965030722,12.416885814678128,0.90502,0.5926,0.40806,0.4074,0.01951
E4_interaction,MSOG,same_indication,0.1,12.0,1.0,0.0,0.0,0.0,100000,-259.7527399748268,2.1454381869702246,-498.1947289452,678.4471249928092,-1175.82010020594,-900.9664062064918,-1322.5646572419369,0.65084,1122.6196755314497,-0.23138089028402203,211.81635248487487,1.7000608873271459,208.48423314571366,215.14847182403608,0.90502,0.9511402873806065,0.4074,0.035431317820464533,5.096956965030722,6.833771629356257,0.90502,0.5926,0.93972,0.8431,0.0938
E4_interaction,MSOG,same_indication,0.1,12.0,1.0,0.1,0.0,0.0,100000,-165.81174475254954,2.1919485601975004,-369.5666469433102,693.1549964150801,-1084.5952474360138,-837.5301594803758,-1255.1481849956458,0.64781,1028.6786803091723,-0.161189055364416,305.7573477071521,1.7475502566380776,302.3321492041415,309.18254621016274,0.90502,0.9511402873806065,0.4074,0.035431317820464533,5.096956965030722,6.833771629356257,0.90502,0.5926,0.93825,0.80291,0.05789
E4_interaction,MSOG,same_indication,0.1,12.0,1.0,0.2,0.0,0.0,100000,-71.87074953027228,2.243541617303725,-227.15140553368116,709.4701536057606,-1007.1575540738271,-790.9134386006514,-1170.811830317427,0.56437,934.7376850868952,-0.07688868297162002,399.69834292942943,1.8013227917039663,396.16775025768965,403.2289356011692,0.90502,0.9511402873806065,0.4074,0.035431317820464533,5.096956965030722,6.833771629356257,0.90502,0.5926,0.93533,0.80107,0.02745
E4_interaction,MSOG,same_indication,0.1,12.0,1.0,0.3,0.0,0.0,100000,22.070245692004963,2.2998753244851873,-84.7361641240521,727.2844359792011,-897.7425458272387,-713.9730533344037,-1063.6540012487706,0.53056,840.7966898646179,0.02624920620888581,493.6393381517066,1.8608338781118094,489.9921037506075,497.28657255280575,0.90502,0.9511402873806065,0.4074,0.035431317820464533,5.096956965030722,6.833771629356257,0.90502,0.5926,0.93506,0.79783,0.01951
E4_interaction,MSOG,same_indication,0.1,12.0,1.0,0.0,0.0,0.1,100000,-301.9975645655053,1.9307867503091636,-498.1947289452,610.5683807051771,-1175.82010020594,-900.9664062064918,-1322.5646572419369,0.65455,1122.6196755314497,-0.26901146590232283,169.57152789419635,1.5318814188061942,166.56904031333622,172.57401547505648,0.90502,0.9511402873806065,0.4074,0.035431317820464533,5.096956965030722,6.833771629356257,0.90502,0.5926,0.97347,0.88342,0.0938
E4_interaction,MSOG,same_indication,0.1,12.0,1.0,0.1,0.0,0.1,100000,-208.05656934322803,1.9725191334968761,-369.5666469433102,623.7653190111861,-1084.5952474360138,-837.5301594803758,-1255.1481849956458,0.65084,1028.6786803091723,-0.20225613043783122,263.51252311647363,1.5721152440390507,260.4311772381571,266.59386899479017,0.90502,0.9511402873806065,0.4074,0.035431317820464533,5.096956965030722,6.833771629356257,0.90502,0.5926,0.96416,0.84438,0.05789
E4_interaction,MSOG,same_indication,0.1,12.0,1.0,0.2,0.0,0.1,100000,-114.11557412095077,2.0201071779569575,-227.15140553368116,638.8139799999076,-1007.1575540738271,-790.9134386006514,-1170.811830317427,0.56456,934.7376850868952,-0.12208299284557286,357.4535183387509,1.619734244058684,354.27883922039587,360.6281974571059,0.90502,0.9511402873806065,0.4074,0.035431317820464533,5.096956965030722,6.833771629356257,0.90502,0.5926,0.94817,0.8431,0.02745
E4_interaction,MSOG,same_indication,0.1,12.0,1.0,0.3,0.0,0.1,100000,-20.17457889867352,2.0731476817716787,-84.7361641240521,655.5868600296445,-897.7425458272387,-713.9730533344037,-1063.6540012487706,0.5323,840.7966898646179,-0.02399459838730093,451.3945135610281,1.6741083369342793,448.1132612206369,454.67576590141925,0.90502,0.9511402873806065,0.4074,0.035431317820464533,5.096956965030722,6.833771629356257,0.90502,0.5926,0.94783,0.82883,0.01951
E4_interaction,MSOG,same_indication,0.1,12.0,1.0,0.0,0.0,0.25,100000,-365.364801451523,1.6439247856740404,-498.1947289452,519.8546624734109,-1175.82010020594,-900.9664062064918,-1322.5646572419369,0.6909,1122.6196755314497,-0.32545732932977395,106.20429100817864,1.3484597533760025,103.56130989156168,108.84727212479561,0.90502,0.9511402873806065,0.4074,0.035431317820464533,5.096956965030722,6.833771629356257,0.90502,0.5926,0.99596,0.95039,0.0938
E4_interaction,MSOG,same_indication,0.1,12.0,1.0,0.1,0.0,0.25,100000,-271.4238062292457,1.6754474412512432,-369.5666469433102,529.823001425508,-1084.5952474360138,-837.5301594803758,-1255.1481849956458,0.66998,1028.6786803091723,-0.26385674304795403,200.14528623045592,1.372942291697363,197.45431933872908,202.83625312218277,0.90502,0.9511402873806065,0.4074,0.035431317820464533,5.096956965030722,6.833771629356257,0.90502,0.5926,0.99477,0.94783,0.05789
E4_interaction,MSOG,same_indication,0.1,12.0,1.0,0.2,0.0,0.25,100000,-177.48281100696846,1.7143122753504818,-227.15140553368116,542.1131410893253,-1007.1575540738271,-790.9134386006514,-1170.811830317427,0.57556,934.7376850868952,-0.18987445765650207,294.0862814527332,1.406664276850611,291.329219470106,296.8433434353604,0.90502,0.9511402873806065,0.4074,0.035431317820464533,5.096956965030722,6.833771629356257,0.90502,0.5926,0.9902,0.93836,0.02745
E4_interaction,MSOG,same_indication,0.1,12.0,1.0,0.3,0.0,0.25,100000,-83.54181578469124,1.7600329678785747,-84.7361641240521,556.5712935482268,-897.7425458272387,-713.9730533344037,-1063.6540012487706,0.5351,840.7966898646179,-0.09936030528158103,388.02727667501046,1.448980766188498,385.187274373281,390.8672789767399,0.90502,0.9511402873806065,0.4074,0.035431317820464533,5.096956965030722,6.833771629356257,0.90502,0.5926,0.98992,0.88374,0.01951
E4_interaction,MSOG,same_indication,0.1,12.0,1.0,0.0,0.0,0.5,100000,-470.97686292821913,1.3261777791005922,-511.9818883529393,419.37423642615187,-1175.82010020594,-1114.6141785944476,-1321.9987395147568,0.81859,1122.6196755314497,-0.41953376837552575,0.5922295314824574,1.3050500014610786,-1.9656684713812567,3.150127534346171,0.90502,0.9511402873806065,0.4074,0.035431317820464533,5.096956965030722,6.833771629356257,0.90502,0.5926,1.0,1.0,0.0938
E4_interaction,MSOG,same_indication,0.1,12.0,1.0,0.1,0.0,0.5,100000,-377.03586770594194,1.3290165086341728,-399.5870746859683,420.2719215248821,-1084.5952474360138,-924.3441516276332,-1254.673759095784,0.77651,1028.6786803091723,-0.3665244307314921,94.53322475375973,1.2933229632114267,91.99831174586532,97.06813776165413,0.90502,0.9511402873806065,0.4074,0.035431317820464533,5.096956965030722,6.833771629356257,0.90502,0.5926,1.0,1.0,0.05789
E4_interaction,MSOG,same_indication,0.1,12.0,1.0,0.2,0.0,0.5,100000,-283.0948724836647,1.3419870641121183,-272.6578606445454,424.37357130767026,-1007.1575540738271,-790.9134386006514,-1170.811830317427,0.64853,934.7376850868952,-0.3028602323413842,188.474219976037,1.2920217063217319,185.9418574316464,191.0065825204276,0.90502,0.9511402873806065,0.4074,0.035431317820464533,5.096956965030722,6.833771629356257,0.90502,0.5926,1.0,1.0,0.02745
E4_interaction,MSOG,same_indication,0.1,12.0,1.0,0.3,0.0,0.5,100000,-189.1538772613874,1.3648006088240388,-126.9070161523988,431.5878475868461,-897.7425458272387,-713.9730533344037,-1063.6540012487706,0.59599,840.7966898646179,-0.22496981677204783,282.41521519831423,1.301177510420143,279.8649072778907,284.96552311873774,0.90502,0.9511402873806065,0.4074,0.035431317820464533,5.096956965030722,6.833771629356257,0.90502,0.5926,1.0,1.0,0.01951
E4_interaction,MSOG,same_indication,0.1,15.0,1.0,0.0,0.0,0.0,100000,294.9958123443975,3.8877514875928103,114.77355056157809,1229.414967750113,-1175.82010020594,-900.9664062064918,-1321.9107430411261,0.4357,1122.6196755314497,0.26277448968168676,209.60966667865046,3.026137476191337,203.67843722531543,215.54089613198548,0.90502,0.9511402873806065,0.4074,0.035431317820464533,5.096956965030722,9.833771629356256,0.90502,0.5926,0.76757,0.46641,0.09376
E4_interaction,MSOG,same_indication,0.1,15.0,1.0,0.1,0.0,0.0,100000,388.9368075666748,3.9506081042640475,243.4016325634679,1249.291975219435,-1084.5952474360138,-820.1931097617875,-1254.918995613527,0.4357,1028.6786803091723,0.3780935825847764,303.5506619009277,3.0712137916116222,297.5310828693689,309.5702409324865,0.90502,0.9511402873806065,0.4074,0.035431317820464533,5.096956965030722,9.833771629356256,0.90502,0.5926,0.76757,0.45708,0.05789
E4_interaction,MSOG,same_indication,0.1,15.0,1.0,0.2,0.0,0.0,100000,482.87780278895207,4.015856593462163,385.81687397309696,1269.925359194529,-1007.1575540738271,-760.589774214128,-1171.8695315783846,0.41509,934.7376850868952,0.5165917780923348,397.4916571232051,3.1199851448911278,391.3764862392185,403.60682800719167,0.90502,0.9511402873806065,0.4074,0.035431317820464533,5.096956965030722,9.833771629356256,0.90502,0.5926,0.76757,0.45201,0.02745
E4_interaction,MSOG,same_indication,0.1,15.0,1.0,0.3,0.0,0.0,100000,576.8187980112292,4.083382297386618,528.232115382726,1291.2788616952737,-897.7425458272387,-713.9730533344037,-1064.681874117784,0.4114,840.7966898646179,0.686038378795362,491.43265234548227,3.1722811156133837,485.21498135888004,497.6503233320845,0.90502,0.9511402873806065,0.4074,0.035431317820464533,5.096956965030722,9.833771629356256,0.90502,0.5926,0.76757,0.42438,0.01951
E4_interaction,MSOG,same_indication,0.1,15.0,1.0,0.0,0.0,0.1,100000,233.6006327653683,3.5501357411733045,114.77355056157809,1122.6514944877654,-1175.82010020594,-900.9664062064918,-1321.9107430411261,0.4357,1122.6196755314497,0.20808528289403214,148.2144870996212,2.8080279420913974,142.71075233312206,153.71822186612036,0.90502,0.9511402873806065,0.4074,0.035431317820464533,5.096956965030722,9.833771629356256,0.90502,0.5926,0.76757,0.46641,0.09376
E4_interaction,MSOG,same_indication,0.1,15.0,1.0,0.1,0.0,0.1,100000,327.54162798764554,3.6111357357118243,243.4016325634679,1141.9413864877208,-1084.5952474360138,-820.1931097617875,-1254.918995613527,0.4357,1028.6786803091723,0.3184100480134399,242.1554823218985,2.8467546099592083,236.57584328637844,247.73512135741854,0.90502,0.9511402873806065,0.4074,0.035431317820464533,5.096956965030722,9.833771629356256,0.90502,0.5926,0.76757,0.45708,0.05789
E4_interaction,MSOG,same_indication,0.1,15.0,1.0,0.2,0.0,0.1,100000,421.48262320992274,3.674812354977317,385.81687397309696,1162.0777015455524,-1007.1575540738271,-760.589774214128,-1171.8695315783846,0.41509,934.7376850868952,0.45091005737159384,336.09647754417585,2.889655639805904,330.4327524901563,341.7602025981954,0.90502,0.9511402873806065,0.4074,0.035431317820464533,5.096956965030722,9.833771629356256,0.90502,0.5926,0.76757,0.45201,0.02745
E4_interaction,MSOG,same_indication,0.1,15.0,1.0,0.3,0.0,0.1,100000,515.4236184322001,3.741028923763221,528.232115382726,1183.017219166019,-897.7425458272387,-713.9730533344037,-1064.681874117784,0.4114,840.7966898646179,0.6130181346398875,430.03747276645305,2.9365480833080597,424.28183852316926,435.79310700973684,0.90502,0.9511402873806065,0.4074,0.035431317820464533,5.096956965030722,9.833771629356256,0.90502,0.5926,0.76757,0.42438,0.01951
E4_interaction,MSOG,same_indication,0.1,15.0,1.0,0.0,0.0,0.25,100000,141.50786339682446,3.072003139334834,114.77355056157809,971.4526899485675,-1175.82010020594,-900.9664062064918,-1321.9107430411261,0.43572,1122.6196755314497,0.12605147271255018,56.12171773107739,2.564517801032686,51.09526284105333,61.14817262110145,0.90502,0.9511402873806065,0.4074,0.035431317820464533,5.096956965030722,9.833771629356256,0.90502,0.5926,0.76777,0.46641,0.09376
E4_interaction,MSOG,same_indication,0.1,15.0,1.0,0.1,0.0,0.25,100000,235.4488586191017,3.128938788828444,243.4016325634679,989.4573231946496,-1084.5952474360138,-820.1931097617875,-1254.918995613527,0.4357,1028.6786803091723,0.22888474615643525,150.06271295335463,2.590744984120352,144.98485278447873,155.14057312223053,0.90502,0.9511402873806065,0.4074,0.035431317820464533,5.096956965030722,9.833771629356256,0.90502,0.5926,0.76757,0.45708,0.05789
E4_interaction,MSOG,same_indication,0.1,15.0,1.0,0.2,0.0,0.25,100000,329.38985384137897,3.1891095343320295,385.81687397309696,1008.4849836248161,-1007.1575540738271,-760.589774214128,-1171.8695315783846,0.41509,934.7376850868952,0.35238747629048267,244.003708175632,2.6218837913332687,238.86481594461878,249.14260040664522,0.90502,0.9511402873806065,0.4074,0.035431317820464533,5.096956965030722,9.833771629356256,0.90502,0.5926,0.76757,0.45201,0.02745
E4_interaction,MSOG,same_indication,0.1,15.0,1.0,0.3,0.0,0.25,100000,423.33084906365616,3.2523358254152983,528.232115382726,1028.4788924076086,-897.7425458272387,-713.9730533344037,-1064.681874117784,0.4114,840.7966898646179,0.5034877684066756,337.94470339790917,2.6577615918941215,332.7354906777967,343.15391611802164,0.90502,0.9511402873806065,0.4074,0.035431317820464533,5.096956965030722,9.833771629356256,0.90502,0.5926,0.76757,0.42438,0.01951
E4_interaction,MSOG,same_indication,0.1,15.0,1.0,0.0,0.0,0.5,100000,-11.980085550748646,2.400277597958707,114.77355056157809,759.0344226227438,-1175.82010020594,-900.9664062064918,-1321.9107430411261,0.43828,1122.6196755314497,-0.010671544256586504,-97.36623121649569,2.4489860512452393,-102.16624387693636,-92.56621855605502,0.90502,0.9511402873806065,0.4074,0.035431317820464533,5.096956965030722,9.833771629356256,0.90502,0.5926,0.81703,0.46643,0.09376
E4_interaction,MSOG,same_indication,0.1,15.0,1.0,0.1,0.0,0.5,100000,81.96090967152863,2.4443299890501757,243.4016325634679,772.965011845299,-1084.5952474360138,-820.1931097617875,-1254.918995613527,0.43625,1028.6786803091723,0.07967590972809414,-3.425235994218441,2.4480814104274535,-8.22347555865625,1.373003570219368,0.90502,0.9511402873806065,0.4074,0.035431317820464533,5.096956965030722,9.833771629356256,0.90502,0.5926,0.81701,0.45708,0.05789
E4_interaction,MSOG,same_indication,0.1,15.0,1.0,0.2,0.0,0.5,100000,175.90190489380592,2.4930448582120928,385.81687397309696,788.3700060921747,-1007.1575540738271,-760.589774214128,-1171.8695315783846,0.41516,934.7376850868952,0.18818317448863067,90.51575922805885,2.4527086101996094,85.70845035206762,95.3230681040501,0.90502,0.9511402873806065,0.4074,0.035431317820464533,5.096956965030722,9.833771629356256,0.90502,0.5926,0.78494,0.45201,0.02745
E4_interaction,MSOG,same_indication,0.1,15.0,1.0,0.3,0.0,0.5,100000,269.8429001160831,2.546154601811443,528.232115382726,805.1647816643242,-897.7425458272387,-713.9730533344037,-1064.681874117784,0.4114,840.7966898646179,0.32093715801798917,184.45675445033604,2.4628364709404145,179.62959496729283,189.28391393337924,0.90502,0.9511402873806065,0.4074,0.035431317820464533,5.096956965030722,9.833771629356256,0.90502,0.5926,0.77983,0.42438,0.01951
E4_interaction,MSOG,same_indication,0.1,18.0,1.0,0.0,0.0,0.0,100000,711.7866104805539,5.24258737451649,575.3056914381957,1657.8516935914295,-1175.82010020594,-900.9664062064918,-1321.9107430411261,0.41314,1122.6196755314497,0.6340407405950668,207.95175097149462,4.087710372736044,199.93983864093198,215.96366330205726,0.90502,0.9511402873806065,0.4074,0.035431317820464533,5.096956965030722,12.833771629356256,0.90502,0.5926,0.41509,0.4074,0.09376
E4_interaction,MSOG,same_indication,0.1,18.0,1.0,0.1,0.0,0.0,100000,805.7276057028313,5.309992199898826,703.9337734400855,1679.1669709408404,-1084.5952474360138,-820.1931097617875,-1254.918995613527,0.40806,1028.6786803091723,0.7832646103452514,301.89274619377187,4.131308419890615,293.79538169078626,309.9901106967575,0.90502,0.9511402873806065,0.4074,0.035431317820464533,5.096956965030722,12.833771629356256,0.90502,0.5926,0.41065,0.4074,0.05789
E4_interaction,MSOG,same_indication,0.1,18.0,1.0,0.2,0.0,0.0,100000,899.6686009251085,5.379072314824661,846.3490148497145,1701.012021360024,-1007.1575540738271,-760.589774214128,-1171.8695315783846,0.40784,934.7376850868952,0.9624824325355764,395.8337414160492,4.17769666810845,387.64545594655664,404.0220268855417,0.90502,0.9511402873806065,0.4074,0.035431317820464533,5.096956965030722,12.833771629356256,0.90502,0.5926,0.41051,0.4074,0.02745
E4_interaction,MSOG,same_indication,0.1,18.0,1.0,0.3,0.0,0.0,100000,993.6095961473856,5.449764012764223,988.7642562593436,1723.3666990753886,-897.7425458272387,-713.9730533344037,-1064.681874117784,0.40744,840.7966898646179,1.181747749634187,489.77473663832643,4.226783252400093,481.4902414636222,498.05923181303064,0.90502,0.9511402873806065,0.4074,0.035431317820464533,5.096956965030722,12.833771629356256,0.90502,0.5926,0.40784,0.4074,0.01951
E4_interaction,MSOG,same_indication,0.1,18.0,1.0,0.0,0.0,0.1,100000,636.0034857562574,4.820223639863653,575.3056914381957,1524.2885533356343,-1175.82010020594,-900.9664062064918,-1321.9107430411261,0.41314,1122.6196755314497,0.5665351317267555,132.1686262471981,3.832701482842032,124.65653134082771,139.68072115356847,0.90502,0.9511402873806065,0.4074,0.035431317820464533,5.096956965030722,12.833771629356256,0.90502,0.5926,0.41509,0.4074,0.09376
E4_interaction,MSOG,same_indication,0.1,18.0,1.0,0.1,0.0,0.1,100000,729.9444809785348,4.886431324415874,703.9337734400855,1545.2252615147306,-1084.5952474360138,-820.1931097617875,-1254.918995613527,0.40806,1028.6786803091723,0.709594254212742,226.10962146947534,3.8703093147512595,218.52381521256288,233.6954277263878,0.90502,0.9511402873806065,0.4074,0.035431317820464533,5.096956965030722,12.833771629356256,0.90502,0.5926,0.41065,0.4074,0.05789
E4_interaction,MSOG,same_indication,0.1,18.0,1.0,0.2,0.0,0.1,100000,823.8854762008118,4.954490211893153,846.3490148497145,1566.7473714592618,-1007.1575540738271,-760.589774214128,-1171.8695315783846,0.40784,934.7376850868952,0.881408216813492,320.0506166917527,3.911022212759899,312.38501315474326,327.7162202287621,0.90502,0.9511402873806065,0.4074,0.035431317820464533,5.096956965030722,12.833771629356256,0.90502,0.5926,0.41051,0.4074,0.02745
E4_interaction,MSOG,same_indication,0.1,18.0,1.0,0.3,0.0,0.1,100000,917.8264714230892,5.024325074359495,988.7642562593436,1588.8310940070862,-897.7425458272387,-713.9730533344037,-1064.681874117784,0.40744,840.7966898646179,1.0916152293259793,413.9916119140299,3.954744280877388,406.2403131235102,421.74291070454956,0.90502,0.9511402873806065,0.4074,0.035431317820464533,5.096956965030722,12.833771629356256,0.90502,0.5926,0.40784,0.4074,0.01951
E4_interaction,MSOG,same_indication,0.1,18.0,1.0,0.0,0.0,0.25,100000,522.3287986698127,4.21557110939738,575.3056914381957,1333.0806344098567,-1175.82010020594,-900.9664062064918,-1321.9107430411261,0.41314,1122.6196755314497,0.46527671842428875,18.493939160753335,3.5456552294579353,11.544454911015782,25.443423410490887,0.90502,0.9511402873806065,0.4074,0.035431317820464533,5.096956965030722,12.833771629356256,0.90502,0.5926,0.41509,0.4074,0.09376
E4_interaction,MSOG,same_indication,0.1,18.0,1.0,0.1,0.0,0.25,100000,616.26979389209,4.279104518225343,703.9337734400855,1353.1716623509578,-1084.5952474360138,-820.1931097617875,-1254.918995613527,0.40806,1028.6786803091723,0.599088720013978,112.43493438303057,3.571890968525171,105.43402808472123,119.4358406813399,0.90502,0.9511402873806065,0.4074,0.035431317820464533,5.096956965030722,12.833771629356256,0.90502,0.5926,0.41065,0.4074,0.05789
E4_interaction,MSOG,same_indication,0.1,18.0,1.0,0.2,0.0,0.25,100000,710.2107891143672,4.344828903304173,846.3490148497145,1373.9555378172668,-1007.1575540738271,-760.589774214128,-1171.8695315783846,0.40784,934.7376850868952,0.759796893230366,206.37592960530787,3.601700459152742,199.3165967053685,213.43526250524724,0.90502,0.9511402873806065,0.4074,0.035431317820464533,5.096956965030722,12.833771629356256,0.90502,0.5926,0.41051,0.4074,0.02745
E4_interaction,MSOG,same_indication,0.1,18.0,1.0,0.3,0.0,0.25,100000,804.1517843366444,4.4126463648992145,988.7642562593436,1395.4013021943995,-897.7425458272387,-713.9730533344037,-1064.681874117784,0.40744,840.7966898646179,0.9564164488636677,300.3169248275851,3.6349957806675053,293.1923330974768,307.44151655769343,0.90502,0.9511402873806065,0.4074,0.035431317820464533,5.096956965030722,12.833771629356256,0.90502,0.5926,0.40784,0.4074,0.01951
E4_interaction,MSOG,same_indication,0.1,18.0,1.0,0.0,0.0,0.5,100000,332.87098685907137,3.3311362701006457,575.3056914381957,1053.3977809915893,-1175.82010020594,-900.9664062064918,-1321.9107430411261,0.41314,1122.6196755314497,0.29651269625351057,-170.96387264998793,3.3871931733574043,-177.60277126976845,-164.32497403020741,0.90502,0.9511402873806065,0.4074,0.035431317820464533,5.096956965030722,12.833771629356256,0.90502,0.5926,0.41509,0.4074,0.09376
E4_interaction,MSOG,same_indication,0.1,18.0,1.0,0.1,0.0,0.5,100000,426.8119820813487,3.385936423717192,703.9337734400855,1070.7271111471293,-1084.5952474360138,-820.1931097617875,-1254.918995613527,0.40806,1028.6786803091723,0.4149128296827044,-77.02287742771071,3.3894265878541048,-83.66615353990476,-70.37960131551667,0.90502,0.9511402873806065,0.4074,0.035431317820464533,5.096956965030722,12.833771629356256,0.90502,0.5926,0.41065,0.4074,0.05789
E4_interaction,MSOG,same_indication,0.1,18.0,1.0,0.2,0.0,0.5,100000,520.7529773036259,3.4438015480729436,846.3490148497145,1089.0256701524352,-1007.1575540738271,-760.589774214128,-1171.8695315783846,0.40784,934.7376850868952,0.5571113539251557,16.91811779456659,3.395652310947889,10.262639265108728,23.573596324024454,0.90502,0.9511402873806065,0.4074,0.035431317820464533,5.096956965030722,12.833771629356256,0.90502,0.5926,0.41051,0.4074,0.02745
E4_interaction,MSOG,same_indication,0.1,18.0,1.0,0.3,0.0,0.5,100000,614.6939725259032,3.5045798266189547,988.7642562593436,1108.2454493993894,-897.7425458272387,-713.9730533344037,-1064.681874117784,0.40744,840.7966898646179,0.7310851480931485,110.85911301684384,3.405848449479112,104.18365005586477,117.5345759778229,0.90502,0.9511402873806065,0.4074,0.035431317820464533,5.096956965030722,12.833771629356256,0.90502,0.5926,0.40784,0.4074,0.01951
E4_interaction,MSOG,same_indication,0.1,12.0,1.5,0.0,0.0,0.0,100000,-144.8603968868772,2.541915312781035,-346.3771446489895,803.8242007647386,-1190.266435314048,-909.8176432046507,-1338.833928540861,0.64185,1134.4152693887434,-0.12769609224753498,326.70869557282447,2.0388112700140453,322.7126254835969,330.704765662052,0.90502,0.9511402873806065,0.4074,0.035431317820464533,5.096956965030722,7.250657444034386,0.90502,0.5926,0.93533,0.79783,0.0938
E4_interaction,MSOG,same_indication,0.1,12.0,1.5,0.1,0.0,0.0,100000,-49.739842278870576,2.596212394207243,-222.642472990527,820.9944455253826,-1091.0960982346623,-831.278305934745,-1268.2633523713878,0.53228,1039.2947147807367,-0.047859227581431844,421.8292501808311,2.096796145177151,417.71952973628385,425.9389706253783,0.90502,0.9511402873806065,0.4074,0.035431317820464533,5.096956965030722,7.250657444034386,0.90502,0.5926,0.88331,0.77715,0.05789
E4_interaction,MSOG,same_indication,0.1,12.0,1.5,0.2,0.0,0.0,100000,45.38071232913607,2.654766198374685,-98.21728227015491,839.5107842090404,-1012.9360881170703,-760.589774214128,-1183.0478193135702,0.53064,944.1741601727301,0.04806392108934011,516.9498047888377,2.159823184391749,512.7165513474299,521.1830582302455,0.90502,0.9511402873806065,0.4074,0.035431317820464533,5.096956965030722,7.250657444034386,0.90502,0.5926,0.88331,0.77702,0.02745
E4_interaction,MSOG,same_indication,0.1,12.0,1.5,0.3,0.0,0.0,100000,140.50126693714265,2.7173015610975404,-6.772016501825533,859.2862022599415,-910.1342776246611,-713.9730533344037,-1073.8229457731668,0.50205,849.0536055647235,0.16547985429458517,612.0703593968443,2.2274644183365413,607.7045291369047,616.4361896567839,0.90502,0.9511402873806065,0.4074,0.035431317820464533,5.096956965030722,7.250657444034386,0.90502,0.5926,0.85661,0.7696,0.01951
E4_interaction,MSOG,same_indication,0.1,12.0,1.5,0.0,0.0,0.1,100000,-191.47337721353628,2.296703340301905,-346.3771446489895,726.281366507081,-1190.266435314048,-909.8176432046507,-1338.833928540861,0.65084,1134.4152693887434,-0.1687859661098425,280.0957152461654,1.8265988328889586,276.515581533703,283.6758489586278,0.90502,0.9511402873806065,0.4074,0.035431317820464533,5.096956965030722,7.250657444034386,0.90502,0.5926,0.93936,0.80107,0.0938
E4_interaction,MSOG,same_indication,0.1,12.0,1.5,0.1,0.0,0.1,100000,-96.35282260552964,2.3471848023585937,-222.642472990527,742.2450064785314,-1091.0960982346623,-831.278305934745,-1268.2633523713878,0.53274,1039.2947147807367,-0.09270981679711274,375.216269854172,1.8792846778999197,371.5328718854882,378.89966782285586,0.90502,0.9511402873806065,0.4074,0.035431317820464533,5.096956965030722,7.250657444034386,0.90502,0.5926,0.93825,0.80107,0.05789
E4_interaction,MSOG,same_indication,0.1,12.0,1.5,0.2,0.0,0.1,100000,-1.2322679975229827,2.4025374488663545,-98.21728227015491,759.7490502268004,-1012.9360881170703,-760.589774214128,-1183.0478193135702,0.53224,944.1741601727301,-0.0013051278561759705,470.33682446217864,1.9378952341600886,466.53854980322484,474.13509912113244,0.90502,0.9511402873806065,0.4074,0.035431317820464533,5.096956965030722,7.250657444034386,0.90502,0.5926,0.93538,0.79783,0.02745
E4_interaction,MSOG,same_indication,0.1,12.0,1.5,0.3,0.0,0.1,100000,93.88828661048363,2.4624328059259266,-6.772016501825533,778.6896251845296,-910.1342776246611,-713.9730533344037,-1073.8229457731668,0.50205,849.0536055647235,0.11057992804592891,565.4573790701853,2.001910190364254,561.5336350970714,569.3811230432992,0.90502,0.9511402873806065,0.4074,0.035431317820464533,5.096956965030722,7.250657444034386,0.90502,0.5926,0.93533,0.7797,0.01951
E4_interaction,MSOG,same_indication,0.1,12.0,1.5,0.0,0.0,0.25,100000,-261.3928477035248,1.9620466398197205,-346.3771446489895,620.4536257310338,-1190.266435314048,-909.8176432046507,-1338.833928540861,0.65155,1134.4152693887434,-0.2304207769033037,210.17624475617689,1.5686117327570044,207.10176575997315,213.25072375238062,0.90502,0.9511402873806065,0.4074,0.035431317820464533,5.096956965030722,7.250657444034386,0.90502,0.5926,0.97394,0.8843,0.0938
E4_interaction,MSOG,same_indication,0.1,12.0,1.5,0.1,0.0,0.25,100000,-166.2722930955182,2.0043015408800184,-222.642472990527,633.8157986965942,-1091.0960982346623,-831.278305934745,-1268.2633523713878,0.54342,1039.2947147807367,-0.15998570062063405,305.2967993641835,1.6090238529300833,302.1431126124406,308.4504861159265,0.90502,0.9511402873806065,0.4074,0.035431317820464533,5.096956965030722,7.250657444034386,0.90502,0.5926,0.97357,0.84476,0.05789
E4_interaction,MSOG,same_indication,0.1,12.0,1.5,0.2,0.0,0.25,100000,-71.15173848751152,2.052632882527476,-98.21728227015491,649.0995108943663,-1012.9360881170703,-760.589774214128,-1183.0478193135702,0.53441,944.1741601727301,-0.07535870127445005,400.4173539721902,1.6570613097184697,397.169513805142,403.6651941392384,0.90502,0.9511402873806065,0.4074,0.035431317820464533,5.096956965030722,7.250657444034386,0.90502,0.5926,0.96459,0.8431,0.02745
E4_interaction,MSOG,same_indication,0.1,12.0,1.5,0.3,0.0,0.25,100000,23.968816120495077,2.106622478709694,-6.772016501825533,666.1725202832203,-910.1342776246611,-713.9730533344037,-1073.8229457731668,0.50375,849.0536055647235,0.02823003867294446,495.5379085801968,1.7120823703159516,492.18222713437757,498.89359002601606,0.90502,0.9511402873806065,0.4074,0.035431317820464533,5.096956965030722,7.250657444034386,0.90502,0.5926,0.96339,0.82883,0.01951
E4_interaction,MSOG,same_indication,0.1,12.0,1.5,0.0,0.0,0.5,100000,-377.92529852017236,1.5555146976275493,-367.38747161078277,491.89693783711715,-1190.266435314048,-977.2429294063452,-1338.7264122671124,0.75714,1134.4152693887434,-0.3331454615590724,93.64379393952929,1.3950052113809106,90.9095837252227,96.37800415383587,0.90502,0.9511402873806065,0.4074,0.035431317820464533,5.096956965030722,7.250657444034386,0.90502,0.5926,1.0,1.0,0.0938
E4_interaction,MSOG,same_indication,0.1,12.0,1.5,0.1,0.0,0.5,100000,-282.80474391216575,1.5734789277086143,-233.17543526660148,497.5777261838648,-1091.0960982346623,-832.4403317905742,-1268.2633523713878,0.59887,1039.2947147807367,-0.2721121736598362,188.76434854753592,1.4010948727322154,186.01820259698079,191.51049449809105,0.90502,0.9511402873806065,0.4074,0.035431317820464533,5.096956965030722,7.250657444034386,0.90502,0.5926,1.0,0.99977,0.05789
E4_interaction,MSOG,same_indication,0.1,12.0,1.5,0.2,0.0,0.5,100000,-187.68418930415913,1.6001641575362369,-98.21728227015491,506.0163367978998,-1012.9360881170703,-760.589774214128,-1183.0478193135702,0.5843,944.1741601727301,-0.19878132363824022,283.8849031555426,1.417241538597421,281.10710973989165,286.6626965711935,0.90502,0.9511402873806065,0.4074,0.035431317820464533,5.096956965030722,7.250657444034386,0.90502,0.5926,1.0,0.99734,0.02745
E4_interaction,MSOG,same_indication,0.1,12.0,1.5,0.3,0.0,0.5,100000,-92.5636346961525,1.6351434676801722,-31.26088669032208,517.0777659015265,-910.1342776246611,-713.9730533344037,-1073.8229457731668,0.51855,849.0536055647235,-0.10901977694869627,379.00545776354926,1.4431076705389474,376.17696672929293,381.8339487978056,0.90502,0.9511402873806065,0.4074,0.035431317820464533,5.096956965030722,7.250657444034386,0.90502,0.5926,1.0,0.99568,0.01951
E4_interaction,MSOG,same_indication,0.1,15.0,1.5,0.0,0.0,0.0,100000,409.8881554323472,4.295070469112271,266.5911348577886,1358.2205393322656,-1190.266435314048,-909.8176432046507,-1338.1817301475721,0.4357,1134.4152693887434,0.36132108452066863,324.5020097666001,3.3166134464367416,318.0014474115841,331.00257212161614,0.90502,0.9511402873806065,0.4074,0.035431317820464533,5.096956965030722,10.250657444034387,0.90502,0.5926,0.76757,0.45708,0.09376
E4_interaction,MSOG,same_indication,0.1,15.0,1.5,0.1,0.0,0.0,100000,505.0087100403538,4.361785366026333,390.3258065162511,1379.3176421434432,-1091.0960982346623,-828.1592230601304,-1268.0700025073209,0.42224,1039.2947147807367,0.48591482556215737,419.6225643746068,3.369532789178133,413.01828010781765,426.2268486413959,0.90502,0.9511402873806065,0.4074,0.035431317820464533,5.096956965030722,10.250657444034387,0.90502,0.5926,0.76757,0.44362,0.05789
E4_interaction,MSOG,same_indication,0.1,15.0,1.5,0.2,0.0,0.0,100000,600.1292646483604,4.430710130175018,514.7509972366232,1401.1135663334192,-1012.9360881170703,-760.589774214128,-1183.3798575049282,0.41463,944.1741601727301,0.6356128879216213,514.7431189826134,3.4257929177521835,508.0285648638191,521.4576731014076,0.90502,0.9511402873806065,0.4074,0.035431317820464533,5.096956965030722,10.250657444034387,0.90502,0.5926,0.76757,0.44189,0.02745
E4_interaction,MSOG,same_indication,0.1,15.0,1.5,0.3,0.0,0.0,100000,695.2498192563671,4.501743258972289,606.1962630049525,1423.5762139661667,-910.1342776246611,-713.9730533344037,-1074.7534093035097,0.41064,849.0536055647235,0.8188526786762088,609.86367359062,3.485232050668699,603.0326187713093,616.6947284099307,0.90502,0.9511402873806065,0.4074,0.035431317820464533,5.096956965030722,10.250657444034387,0.90502,0.5926,0.76757,0.42224,0.01951
E4_interaction,MSOG,same_indication,0.1,15.0,1.5,0.0,0.0,0.1,100000,344.1248201173373,3.9307009752687994,266.5911348577886,1242.9967882894587,-1190.266435314048,-909.8176432046507,-1338.1817301475721,0.4357,1134.4152693887434,0.3033499542921015,258.73867445159027,3.054659832299289,252.75154118028365,264.7258077228969,0.90502,0.9511402873806065,0.4074,0.035431317820464533,5.096956965030722,10.250657444034387,0.90502,0.5926,0.76757,0.45708,0.09376
E4_interaction,MSOG,same_indication,0.1,15.0,1.5,0.1,0.0,0.1,100000,439.24537472534394,3.995739680291445,390.3258065162511,1263.563832683398,-1091.0960982346623,-828.1592230601304,-1268.0700025073209,0.42224,1039.2947147807367,0.42263793751516665,353.85922905959694,3.102056954080568,347.77919742959904,359.93926068959485,0.90502,0.9511402873806065,0.4074,0.035431317820464533,5.096956965030722,10.250657444034387,0.90502,0.5926,0.76757,0.44362,0.05789
E4_interaction,MSOG,same_indication,0.1,15.0,1.5,0.2,0.0,0.1,100000,534.3659293333506,4.063242604379532,514.7509972366232,1284.910131567378,-1012.9360881170703,-760.589774214128,-1183.3798575049282,0.41463,944.1741601727301,0.5659611879609076,448.97978366760356,3.1532598109526884,442.7993944381363,455.1601728970708,0.90502,0.9511402873806065,0.4074,0.035431317820464533,5.096956965030722,10.250657444034387,0.90502,0.5926,0.76757,0.44189,0.02745
E4_interaction,MSOG,same_indication,0.1,15.0,1.5,0.3,0.0,0.1,100000,629.4864839413572,4.133089010068283,606.1962630049525,1306.9975044026373,-910.1342776246611,-713.9730533344037,-1074.7534093035097,0.41064,849.0536055647235,0.7413978102391691,544.1003382756102,3.208086183083622,537.8124893567663,550.3881871944541,0.90502,0.9511402873806065,0.4074,0.035431317820464533,5.096956965030722,10.250657444034387,0.90502,0.5926,0.76757,0.42224,0.01951
E4_interaction,MSOG,same_indication,0.1,15.0,1.5,0.0,0.0,0.25,100000,245.47981714482268,3.4131804802432577,266.5911348577886,1079.3424382796036,-1190.266435314048,-909.8176432046507,-1338.1817301475721,0.4357,1134.4152693887434,0.21639325894925102,160.0936714790756,2.74275421761696,154.71787321254635,165.46946974560484,0.90502,0.9511402873806065,0.4074,0.035431317820464533,5.096956965030722,10.250657444034387,0.90502,0.5926,0.76757,0.45708,0.09376
E4_interaction,MSOG,same_indication,0.1,15.0,1.5,0.1,0.0,0.25,100000,340.60037175282923,3.4745219402017136,390.3258065162511,1098.7403111264773,-1091.0960982346623,-828.1592230601304,-1268.0700025073209,0.42224,1039.2947147807367,0.32772260544468057,255.2142260870822,2.778756491689314,249.76786336337116,260.6605888107933,0.90502,0.9511402873806065,0.4074,0.035431317820464533,5.096956965030722,10.250657444034387,0.90502,0.5926,0.76757,0.44362,0.05789
E4_interaction,MSOG,same_indication,0.1,15.0,1.5,0.2,0.0,0.25,100000,435.7209263608359,3.5388252102760664,514.7509972366232,1119.0747905696674,-1012.9360881170703,-760.589774214128,-1183.3798575049282,0.41463,944.1741601727301,0.4614836380198371,350.33478069508885,2.8193534747647853,344.8088478845499,355.8607135056278,0.90502,0.9511402873806065,0.4074,0.035431317820464533,5.096956965030722,10.250657444034387,0.90502,0.5926,0.76757,0.44189,0.02745
E4_interaction,MSOG,same_indication,0.1,15.0,1.5,0.3,0.0,0.25,100000,530.8414809688425,3.6059318433021845,606.1962630049525,1140.2957712164284,-910.1342776246611,-713.9730533344037,-1074.7534093035097,0.41064,849.0536055647235,0.6252155075836096,445.4553353030955,2.864349808410961,439.84120967861,451.069460927581,0.90502,0.9511402873806065,0.4074,0.035431317820464533,5.096956965030722,10.250657444034387,0.90502,0.5926,0.76757,0.42224,0.01951
E4_interaction,MSOG,same_indication,0.1,15.0,1.5,0.0,0.0,0.5,100000,81.07147885729817,2.677568918666333,266.5911348577886,846.7216375059751,-1190.266435314048,-909.8176432046507,-1338.1817301475721,0.43633,1134.4152693887434,0.07146543337783341,-4.314666808448871,2.5224750367144058,-9.258717880409106,0.6293842635113638,0.90502,0.9511402873806065,0.4074,0.035431317820464533,5.096956965030722,10.250657444034387,0.90502,0.5926,0.78061,0.45708,0.09376
E4_interaction,MSOG,same_indication,0.1,15.0,1.5,0.1,0.0,0.5,100000,176.19203346530483,2.727056565974713,390.3258065162511,862.3710056597332,-1091.0960982346623,-828.1592230601304,-1268.0700025073209,0.42244,1039.2947147807367,0.16953038532720396,90.80588779955775,2.5311317093911847,85.84486964915104,95.76690594996447,0.90502,0.9511402873806065,0.4074,0.035431317820464533,5.096956965030722,10.250657444034387,0.90502,0.5926,0.77997,0.44362,0.05789
E4_interaction,MSOG,same_indication,0.1,15.0,1.5,0.2,0.0,0.5,100000,271.3125880733115,2.7807875049267015,514.7509972366232,879.3622204505076,-1012.9360881170703,-760.589774214128,-1183.3798575049282,0.41463,944.1741601727301,0.28735438811805303,185.92644240756442,2.545359421267773,180.93753794187958,190.91534687324926,0.90502,0.9511402873806065,0.4074,0.035431317820464533,5.096956965030722,10.250657444034387,0.90502,0.5926,0.76995,0.44189,0.02745
E4_interaction,MSOG,same_indication,0.1,15.0,1.5,0.3,0.0,0.5,100000,366.4331426813181,2.8385207793497,606.1962630049525,897.6190848461295,-910.1342776246611,-713.9730533344037,-1074.7534093035097,0.41064,849.0536055647235,0.4315783364910107,281.046997015571,2.5650654709579186,276.01946869249343,286.0745253386485,0.90502,0.9511402873806065,0.4074,0.035431317820464533,5.096956965030722,10.250657444034387,0.90502,0.5926,0.76945,0.42224,0.01951
E4_interaction,MSOG,same_indication,0.1,18.0,1.5,0.0,0.0,0.0,100000,826.6789535685035,5.650276327224684,727.1232757344062,1786.774260336086,-1190.266435314048,-909.8176432046507,-1338.2012087909332,0.41066,1134.4152693887434,0.728726927321723,322.8440940594442,4.357115357981537,314.3041479578004,331.384040161088,0.90502,0.9511402873806065,0.4074,0.035431317820464533,5.096956965030722,13.250657444034387,0.90502,0.5926,0.41259,0.4074,0.09376
E4_interaction,MSOG,same_indication,0.1,18.0,1.5,0.1,0.0,0.0,100000,921.7995081765101,5.720793064761988,850.8579473928687,1809.0736107143034,-1091.0960982346623,-828.1592230601304,-1268.0700025073209,0.40806,1039.2947147807367,0.8869471720261611,417.96464866745083,4.407260879959452,409.3264173427303,426.6028799921714,0.90502,0.9511402873806065,0.4074,0.035431317820464533,5.096956965030722,13.250657444034387,0.90502,0.5926,0.41042,0.4074,0.05789
E4_interaction,MSOG,same_indication,0.1,18.0,1.5,0.2,0.0,0.0,100000,1016.9200627845169,5.792909755845928,975.2831381132409,1831.878910828304,-1012.9360881170703,-760.589774214128,-1183.3798575049282,0.40784,944.1741601727301,1.0770471229571443,513.0852032754575,4.460036111848899,504.34353249623365,521.8268740546813,0.90502,0.9511402873806065,0.4074,0.035431317820464533,5.096956965030722,13.250657444034387,0.90502,0.5926,0.41042,0.4074,0.02745
E4_interaction,MSOG,same_indication,0.1,18.0,1.5,0.3,0.0,0.0,100000,1112.0406173925235,5.866567396922486,1066.72840388157,1855.171502116014,-910.1342776246611,-713.9730533344037,-1074.7534093035097,0.40744,849.0536055647235,1.3097413521409897,608.2057578834641,4.515348846732043,599.3556741438694,617.0558416230589,0.90502,0.9511402873806065,0.4074,0.035431317820464533,5.096956965030722,13.250657444034387,0.90502,0.5926,0.40784,0.4074,0.01951
E4_interaction,MSOG,same_indication,0.1,18.0,1.5,0.0,0.0,0.1,100000,746.5276731082265,5.201753533058298,727.1232757344062,1644.9388991292196,-1190.266435314048,-909.8176432046507,-1338.2012087909332,0.41066,1134.4152693887434,0.6580726593273711,242.6928135991671,4.059337199538868,234.73651268807092,250.64911451026327,0.90502,0.9511402873806065,0.4074,0.035431317820464533,5.096956965030722,13.250657444034387,0.90502,0.5926,0.41259,0.4074,0.09376
E4_interaction,MSOG,same_indication,0.1,18.0,1.5,0.1,0.0,0.1,100000,841.6482277162331,5.271143729590648,850.8579473928687,1666.882005962114,-1091.0960982346623,-828.1592230601304,-1268.0700025073209,0.40806,1039.2947147807367,0.809826332941372,337.8133682071737,4.1039710530542965,329.7695849431873,345.85715147116014,0.90502,0.9511402873806065,0.4074,0.035431317820464533,5.096956965030722,13.250657444034387,0.90502,0.5926,0.41042,0.4074,0.05789
E4_interaction,MSOG,same_indication,0.1,18.0,1.5,0.2,0.0,0.1,100000,936.7687823242397,5.342298386559293,975.2831381132409,1689.383084177003,-1012.9360881170703,-760.589774214128,-1183.3798575049282,0.40784,944.1741601727301,0.9921567670871911,432.93392281518044,4.151556062823673,424.796872932046,441.07097269831485,0.90502,0.9511402873806065,0.4074,0.035431317820464533,5.096956965030722,13.250657444034387,0.90502,0.5926,0.41042,0.4074,0.02745
E4_interaction,MSOG,same_indication,0.1,18.0,1.5,0.3,0.0,0.1,100000,1031.8893369322464,5.415147949758907,1066.72840388157,1712.4201388029196,-910.1342776246611,-713.9730533344037,-1074.7534093035097,0.40744,849.0536055647235,1.215340621804338,528.054477423187,4.201991969880628,519.818573162221,536.290381684153,0.90502,0.9511402873806065,0.4074,0.035431317820464533,5.096956965030722,13.250657444034387,0.90502,0.5926,0.40784,0.4074,0.01951
E4_interaction,MSOG,same_indication,0.1,18.0,1.5,0.0,0.0,0.25,100000,626.3007524178108,4.558961821297231,727.1232757344062,1441.6703121048781,-1190.266435314048,-909.8176432046507,-1338.2012087909332,0.41066,1134.4152693887434,0.5520912573358434,122.46589290875151,3.7075371996907,115.19911999735774,129.7326658201453,0.90502,0.9511402873806065,0.4074,0.035431317820464533,5.096956965030722,13.250657444034387,0.90502,0.5926,0.41259,0.4074,0.09376
E4_interaction,MSOG,same_indication,0.1,18.0,1.5,0.1,0.0,0.25,100000,721.4213070258174,4.625813205544707,850.8579473928687,1462.8105760005908,-1091.0960982346623,-828.1592230601304,-1268.0700025073209,0.40806,1039.2947147807367,0.6941450743141881,217.58644751675814,3.7413220279823003,210.25345634191282,224.91943869160346,0.90502,0.9511402873806065,0.4074,0.035431317820464533,5.096956965030722,13.250657444034387,0.90502,0.5926,0.41042,0.4074,0.05789
E4_interaction,MSOG,same_indication,0.1,18.0,1.5,0.2,0.0,0.25,100000,816.541861633824,4.694746230719048,975.2831381132409,1484.609112556255,-1012.9360881170703,-760.589774214128,-1183.3798575049282,0.40784,944.1741601727301,0.8648212332822616,312.70700212476487,3.778574914005769,305.3009952933136,320.11300895621616,0.90502,0.9511402873806065,0.4074,0.035431317820464533,5.096956965030722,13.250657444034387,0.90502,0.5926,0.41042,0.4074,0.02745
E4_interaction,MSOG,same_indication,0.1,18.0,1.5,0.3,0.0,0.25,100000,911.6624162418308,4.765670568012701,1066.72840388157,1507.0373572948515,-910.1342776246611,-713.9730533344037,-1074.7534093035097,0.40744,849.0536055647235,1.073739526299361,407.82755673277137,3.819194375539781,400.3419357567134,415.31317770882936,0.90502,0.9511402873806065,0.4074,0.035431317820464533,5.096956965030722,13.250657444034387,0.90502,0.5926,0.40784,0.4074,0.01951
E4_interaction,MSOG,same_indication,0.1,18.0,1.5,0.0,0.0,0.5,100000,425.92255126711814,3.614673873236155,727.1232757344062,1143.0602438129004,-1190.266435314048,-909.8176432046507,-1338.2012087909332,0.41066,1134.4152693887434,0.37545558734996387,-77.91230824194116,3.454046024473668,-84.68223844990955,-71.14237803397278,0.90502,0.9511402873806065,0.4074,0.035431317820464533,5.096956965030722,13.250657444034387,0.90502,0.5926,0.41259,0.4074,0.09376
E4_interaction,MSOG,same_indication,0.1,18.0,1.5,0.1,0.0,0.5,100000,521.0431058751248,3.6731520990989397,850.8579473928687,1161.5526825381166,-1091.0960982346623,-828.1592230601304,-1268.0700025073209,0.40806,1039.2947147807367,0.5013429766022152,17.208246366065467,3.4632725243431866,10.420232218352822,23.99626051377811,0.90502,0.9511402873806065,0.4074,0.035431317820464533,5.096956965030722,13.250657444034387,0.90502,0.5926,0.41042,0.4074,0.05789
E4_interaction,MSOG,same_indication,0.1,18.0,1.5,0.2,0.0,0.5,100000,616.1636604831315,3.7345287400268727,975.2831381132409,1180.9616805843746,-1012.9360881170703,-760.589774214128,-1183.3798575049282,0.40784,944.1741601727301,0.6525953436073791,112.32880097407214,3.4765728311472754,105.51471822502347,119.1428837231208,0.90502,0.9511402873806065,0.4074,0.035431317820464533,5.096956965030722,13.250657444034387,0.90502,0.5926,0.41042,0.4074,0.02745
E4_interaction,MSOG,same_indication,0.1,18.0,1.5,0.3,0.0,0.5,100000,711.284215091138,3.798663305792095,1066.72840388157,1201.242811040771,-910.1342776246611,-713.9730533344037,-1074.7534093035097,0.40744,849.0536055647235,0.8377377004577323,207.44935558207874,3.493900421647019,200.6013107556506,214.2974004085069,0.90502,0.9511402873806065,0.4074,0.035431317820464533,5.096956965030722,13.250657444034387,0.90502,0.5926,0.40784,0.4074,0.01951
E4_interaction,MSOG,same_indication,0.25,12.0,0.0,0.0,0.0,0.0,250000,-472.7391245707084,0.9999731176014001,-559.4006505566923,499.98655880070004,-1178.5694457769846,-1148.2457813904614,-1487.7081487726277,0.85598,1099.8840582353373,-0.4298081429866115,-0.6799275972810473,1.016064402821288,-2.6714138268107717,1.3115586322486772,0.905368,1.0665276998284376,0.457364,0.09592660638294244,4.055036356696229,6.0,0.905368,0.542636,0.982588,0.922696,0.093868
E4_interaction,MSOG,same_indication,0.25,12.0,0.0,0.1,0.0,0.0,250000,-381.08907519008807,1.0174280775758051,-512.783929676968,508.7140387879026,-1072.1868039690485,-1042.7445474273602,-1310.2502996301585,0.82574,1008.234008854717,-0.3779768107832213,90.97012178333927,1.0276822720654264,88.95586453009103,92.9843790365875,0.905368,1.0665276998284376,0.457364,0.09592660638294244,4.055036356696229,6.0,0.905368,0.542636,0.97562,0.9215,0.0611
E4_interaction,MSOG,same_indication,0.25,12.0,0.0,0.2,0.0,0.0,250000,-289.4390258094678,1.0407506086603728,-466.1672087972436,520.3753043301864,-996.1278265476358,-937.2433134642589,-1195.7704384605906,0.795008,916.5839594740968,-0.3157801561087078,182.62017116395958,1.045305272744635,180.5713728293801,184.66896949853907,0.905368,1.0665276998284376,0.457364,0.09592660638294244,4.055036356696229,6.0,0.905368,0.542636,0.97356,0.913268,0.035928
E4_interaction,MSOG,same_indication,0.25,12.0,0.0,0.3,0.0,0.0,250000,-197.78897642884743,1.0695569386841812,-419.55048791751926,534.7784693420906,-920.068849126223,-778.5598756166847,-1095.690765876712,0.659656,824.9339100934762,-0.23976342105567613,274.27022054457984,1.068636352278509,272.17569329411396,276.36474779504573,0.905368,1.0665276998284376,0.457364,0.09592660638294244,4.055036356696229,6.0,0.905368,0.542636,0.97344,0.910948,0.026024
E4_interaction,MSOG,same_indication,0.25,12.0,0.0,0.0,0.0,0.1,250000,-512.3409100540633,0.8864706132958687,-559.4006505566923,443.23530664793435,-1178.5694457769846,-1148.2457813904614,-1487.2623575562116,0.85816,1099.8840582353373,-0.4658135611821369,-40.28171308063602,0.9484501430749225,-42.14067536106286,-38.42275080020917,0.905368,1.0665276998284376,0.457364,0.09592660638294244,4.055036356696229,6.0,0.905368,0.542636,0.995536,0.97356,0.093868
E4_interaction,MSOG,same_indication,0.25,12.0,0.0,0.1,0.0,0.1,250000,-420.690860673443,0.8970031732148456,-512.783929676968,448.5015866074228,-1072.1868039690485,-1042.7445474273602,-1310.2502996301585,0.85598,1008.234008854717,-0.41725517784439575,51.36833629998429,0.9522985576708758,49.50183112694938,53.23484147301921,0.905368,1.0665276998284376,0.457364,0.09592660638294244,4.055036356696229,6.0,0.905368,0.542636,0.99394,0.944028,0.0611
E4_interaction,MSOG,same_indication,0.25,12.0,0.0,0.2,0.0,0.1,250000,-329.0408112928227,0.9144328934104752,-466.1672087972436,457.2164467052376,-996.1278265476358,-937.2433134642589,-1195.7704384605906,0.82196,916.5839594740968,-0.3589860022006217,143.01838568060464,0.9627957681971927,141.13130597493813,144.90546538627115,0.905368,1.0665276998284376,0.457364,0.09592660638294244,4.055036356696229,6.0,0.905368,0.542636,0.99394,0.944028,0.035928
E4_interaction,MSOG,same_indication,0.25,12.0,0.0,0.3,0.0,0.1,250000,-237.39076191220238,0.9383755216424857,-419.55048791751926,469.1877608212429,-920.068849126223,-778.5598756166847,-1095.690765876712,0.680276,824.9339100934762,-0.2877694309902993,234.66843506122493,0.9797280841376435,232.74816801631513,236.58870210613472,0.905368,1.0665276998284376,0.457364,0.09592660638294244,4.055036356696229,6.0,0.905368,0.542636,0.990004,0.922696,0.026024
E4_interaction,MSOG,same_indication,0.25,12.0,0.0,0.0,0.0,0.25,250000,-571.7435882790957,0.7512203505531363,-559.4006505566923,375.61017527656816,-1178.5694457769846,-1148.2457813904614,-1479.792475804154,0.984184,1099.8840582353373,-0.519821688475425,-99.68439130566847,0.8944215321126384,-101.43745750860924,-97.9313251027277,0.905368,1.0665276998284376,0.457364,0.09592660638294244,4.055036356696229,6.0,0.905368,0.542636,1.0,0.995536,0.093868
E4_interaction,MSOG,same_indication,0.25,12.0,0.0,0.1,0.0,0.25,250000,-480.0935388984755,0.74731043798066,-512.783929676968,373.65521899033,-1072.1868039690485,-1042.7445474273602,-1302.806539530792,0.907744,1008.234008854717,-0.47617272843615743,-8.034341925048151,0.8846813422126801,-9.768317355785005,-6.300366494311298,0.905368,1.0665276998284376,0.457364,0.09592660638294244,4.055036356696229,6.0,0.905368,0.542636,1.0,0.995536,0.0611
E4_interaction,MSOG,same_indication,0.25,12.0,0.0,0.2,0.0,0.25,250000,-388.44348951785514,0.7519322081263159,-466.1672087972436,375.96610406315796,-996.1278265476358,-937.2433134642589,-1195.7704384605906,0.872636,916.5839594740968,-0.42379477133849275,83.6157074555722,0.8821114196545363,81.88676907304931,85.3446458380951,0.905368,1.0665276998284376,0.457364,0.09592660638294244,4.055036356696229,6.0,0.905368,0.542636,1.0,0.99394,0.035928
E4_interaction,MSOG,same_indication,0.25,12.0,0.0,0.3,0.0,0.25,250000,-296.7934401372348,0.7649310294358516,-419.55048791751926,382.46551471792577,-920.068849126223,-778.5598756166847,-1095.690765876712,0.71546,824.9339100934762,-0.35977844589223407,175.26575683619248,0.8867741061757817,173.52767958808795,177.003834084297,0.905368,1.0665276998284376,0.457364,0.09592660638294244,4.055036356696229,6.0,0.905368,0.542636,1.0,0.982588,0.026024
E4_interaction,MSOG,same_indication,0.25,12.0,0.0,0.0,0.0,0.5,250000,-670.7480519874832,0.6789485416287837,-559.4006505566923,339.47427081439184,-1313.297981852591,-1148.2457813904614,-1539.9935010035244,1.0,1099.8840582353373,-0.6098352339642387,-198.6888550140559,0.9486022409143992,-200.54811540624812,-196.82959462186366,0.905368,1.0665276998284376,0.457364,0.09592660638294244,4.055036356696229,6.0,0.905368,0.542636,1.0,1.0,0.093952
E4_interaction,MSOG,same_indication,0.25,12.0,0.0,0.1,0.0,0.5,250000,-579.0980026068629,0.6434587914739022,-512.783929676968,321.72939573695106,-1111.1674503571094,-1042.7445474273602,-1386.5882115962888,1.0,1008.234008854717,-0.5743686460890935,-107.03880563343556,0.9173029107856702,-108.83671933857548,-105.24089192829564,0.905368,1.0665276998284376,0.457364,0.09592660638294244,4.055036356696229,6.0,0.905368,0.542636,1.0,1.0,0.0611
E4_interaction,MSOG,same_indication,0.25,12.0,0.0,0.2,0.0,0.5,250000,-487.44795322624253,0.6163567065778222,-466.1672087972436,308.17835328891107,-996.1278265476358,-937.2433134642589,-1189.0541718408813,1.0,916.5839594740968,-0.5318093865682777,-15.388756252815217,0.8920937888345088,-17.137260078930854,-13.640252426699579,0.905368,1.0665276998284376,0.457364,0.09592660638294244,4.055036356696229,6.0,0.905368,0.542636,1.0,1.0,0.035928
E4_interaction,MSOG,same_indication,0.25,12.0,0.0,0.3,0.0,0.5,250000,-395.79790384562233,0.5987822997008739,-419.55048791751926,299.391149850437,-920.068849126223,-831.7420795011576,-1090.6124079821018,0.885268,824.9339100934762,-0.47979347072879214,76.26129312780509,0.8735023212857294,74.54922857808506,77.97335767752512,0.905368,1.0665276998284376,0.457364,0.09592660638294244,4.055036356696229,6.0,0.905368,0.542636,1.0,1.0,0.026024
E4_interaction,MSOG,same_indication,0.25,15.0,0.0,0.0,0.0,0.0,250000,82.22274070978433,2.1874362094125943,-167.32757535659454,1093.7181047062973,-1148.2457813904614,-884.1468803601001,-1318.8321326896469,0.52928,1099.8840582353373,0.07475582548373612,-1.9377385068289519,2.16819236879037,-6.187395549658077,2.3119185360001735,0.905368,1.0665276998284376,0.457364,0.09592660638294244,4.055036356696229,9.0,0.905368,0.542636,0.759644,0.621352,0.092552
E4_interaction,MSOG,same_indication,0.25,15.0,0.0,0.1,0.0,0.0,250000,173.8727900904046,2.2291732314020902,-58.793974954840934,1114.586615701045,-1072.1868039690485,-807.2064950938525,-1317.7402601763733,0.52928,1008.234008854717,0.1724528121084825,89.71231087379135,2.194923643607755,85.41026053232015,94.01436121526255,0.905368,1.0665276998284376,0.457364,0.09592660638294244,4.055036356696229,9.0,0.905368,0.542636,0.759644,0.621352,0.0611
E4_interaction,MSOG,same_indication,0.25,15.0,0.0,0.2,0.0,0.0,250000,265.52283947102495,2.2729579187092606,49.73962544691267,1136.4789593546302,-996.1278265476358,-760.589774214128,-1208.9710655955287,0.484436,916.5839594740968,0.28968741676798765,181.3623602544117,2.224209912245041,177.0029088264114,185.72181168241198,0.905368,1.0665276998284376,0.457364,0.09592660638294244,4.055036356696229,9.0,0.905368,0.542636,0.759644,0.567776,0.035928
E4_interaction,MSOG,same_indication,0.25,15.0,0.0,0.3,0.0,0.0,250000,357.1728888516452,2.31867427296717,158.27322584866624,1159.337136483585,-920.068849126223,-713.9730533344037,-1096.361695414138,0.477856,824.9339100934762,0.43297151987748045,273.012409635032,2.2559516717924266,268.59074435831883,277.43407491174514,0.905368,1.0665276998284376,0.457364,0.09592660638294244,4.055036356696229,9.0,0.905368,0.542636,0.759644,0.533252,0.026024
E4_interaction,MSOG,same_indication,0.25,15.0,0.0,0.0,0.0,0.1,250000,20.38663423022409,1.967007654334369,-167.32757535659454,983.5038271671846,-1148.2457813904614,-884.1468803601001,-1318.8321326896469,0.529488,1099.8840582353373,0.01853525749153285,-63.77384498638917,2.0302510158335654,-67.75313697742295,-59.79455299535538,0.905368,1.0665276998284376,0.457364,0.09592660638294244,4.055036356696229,9.0,0.905368,0.542636,0.761812,0.621352,0.092552
E4_interaction,MSOG,same_indication,0.25,15.0,0.0,0.1,0.0,0.1,250000,112.0366836108444,2.0069384748401298,-58.793974954840934,1003.4692374200648,-1072.1868039690485,-807.2064950938525,-1317.7402601763733,0.52928,1008.234008854717,0.1111217064956083,27.876204394231134,2.0525344442211204,23.853236883557738,31.89917190490453,0.905368,1.0665276998284376,0.457364,0.09592660638294244,4.055036356696229,9.0,0.905368,0.542636,0.759644,0.621352,0.0611
E4_interaction,MSOG,same_indication,0.25,15.0,0.0,0.2,0.0,0.1,250000,203.68673299146474,2.0492128368352702,49.73962544691267,1024.606418417635,-996.1278265476358,-760.589774214128,-1208.9710655955287,0.484436,916.5839594740968,0.22222375908512837,119.52625377485147,2.0776583890062836,115.45404333239915,123.59846421730379,0.905368,1.0665276998284376,0.457364,0.09592660638294244,4.055036356696229,9.0,0.905368,0.542636,0.759644,0.567776,0.035928
E4_interaction,MSOG,same_indication,0.25,15.0,0.0,0.3,0.0,0.1,250000,295.33678237208505,2.09368878747069,158.27322584866624,1046.8443937353452,-920.068849126223,-713.9730533344037,-1096.361695414138,0.477856,824.9339100934762,0.35801265866088516,211.1763031554718,2.105521170013607,207.04948166224514,215.30312464869846,0.905368,1.0665276998284376,0.457364,0.09592660638294244,4.055036356696229,9.0,0.905368,0.542636,0.759644,0.533252,0.026024
E4_interaction,MSOG,same_indication,0.25,15.0,0.0,0.0,0.0,0.25,250000,-72.36752548911623,1.654842554768422,-167.32757535659454,827.421277384211,-1148.2457813904614,-884.1468803601001,-1318.8321326896469,0.531448,1099.8840582353373,-0.06579559449677201,-156.52800470572947,1.8698215428305887,-160.19285492967742,-152.86315448178152,0.905368,1.0665276998284376,0.457364,0.09592660638294244,4.055036356696229,9.0,0.905368,0.542636,0.794956,0.621352,0.092552
E4_interaction,MSOG,same_indication,0.25,15.0,0.0,0.1,0.0,0.25,250000,19.282523891504077,1.6907711308767088,-58.793974954840934,845.3855654383544,-1072.1868039690485,-807.2064950938525,-1317.7402601763733,0.531448,1008.234008854717,0.01912504807629696,-64.8779553251092,1.8838076509570296,-68.57021832098498,-61.18569232923342,0.905368,1.0665276998284376,0.457364,0.09592660638294244,4.055036356696229,9.0,0.905368,0.542636,0.770628,0.621352,0.0611
E4_interaction,MSOG,same_indication,0.25,15.0,0.0,0.2,0.0,0.25,250000,110.93257327212442,1.7296526912108492,49.73962544691267,864.8263456054246,-996.1278265476358,-760.589774214128,-1208.9710655955287,0.484436,916.5839594740968,0.12102827256083946,26.772094055511143,1.9010571292963088,23.046022082090378,30.49816602893191,0.905368,1.0665276998284376,0.457364,0.09592660638294244,4.055036356696229,9.0,0.905368,0.542636,0.763848,0.567776,0.035928
E4_interaction,MSOG,same_indication,0.25,15.0,0.0,0.3,0.0,0.25,250000,202.5826226527447,1.7712927840119956,158.27322584866624,885.6463920059978,-920.068849126223,-713.9730533344037,-1096.361695414138,0.477856,824.9339100934762,0.24557436683599215,118.42214343613148,1.9214820923353948,114.65603853515411,122.18824833710885,0.905368,1.0665276998284376,0.457364,0.09592660638294244,4.055036356696229,9.0,0.905368,0.542636,0.761812,0.533252,0.026024
E4_interaction,MSOG,same_indication,0.25,15.0,0.0,0.0,0.0,0.5,250000,-226.95779168801678,1.2256440939225663,-197.65123974311797,612.8220469612831,-1148.2457813904614,-884.1468803601001,-1318.8321326896469,0.566912,1099.8840582353373,-0.20634701447728016,-311.11827090463004,1.761101901951612,-314.5700306324552,-307.6665111768049,0.905368,1.0665276998284376,0.457364,0.09592660638294244,4.055036356696229,9.0,0.905368,0.542636,0.944028,0.632336,0.092552
E4_interaction,MSOG,same_indication,0.25,15.0,0.0,0.1,0.0,0.5,250000,-135.30774230739647,1.2483082918430957,-83.93431430889464,624.1541459215479,-1072.1868039690485,-807.2064950938525,-1317.7402601763733,0.542584,1008.234008854717,-0.13420271595588862,-219.46822152400972,1.7577956603120273,-222.9135010182213,-216.02294202979814,0.905368,1.0665276998284376,0.457364,0.09592660638294244,4.055036356696229,9.0,0.905368,0.542636,0.922696,0.631224,0.0611
E4_interaction,MSOG,same_indication,0.25,15.0,0.0,0.2,0.0,0.5,250000,-43.65769292677617,1.2755908502628845,43.67489256960798,637.7954251314422,-996.1278265476358,-760.589774214128,-1208.9710655955287,0.48864,916.5839594740968,-0.047630871646308755,-127.81817214338943,1.7581238685141638,-131.2640949256772,-124.37224936110167,0.905368,1.0665276998284376,0.457364,0.09592660638294244,4.055036356696229,9.0,0.905368,0.542636,0.9215,0.569944,0.035928
E4_interaction,MSOG,same_indication,0.25,15.0,0.0,0.3,0.0,0.5,250000,47.99235645384415,1.3072026324704797,158.27322584866624,653.6013162352399,-920.068849126223,-713.9730533344037,-1096.361695414138,0.480024,824.9339100934762,0.05817721379450381,-36.168122762769094,1.7620844956868054,-39.621808374315236,-32.71443715122295,0.905368,1.0665276998284376,0.457364,0.09592660638294244,4.055036356696229,9.0,0.905368,0.542636,0.913268,0.533268,0.026024
E4_interaction,MSOG,same_indication,0.25,18.0,0.0,0.0,0.0,0.0,250000,499.1738040309658,3.142920691518279,293.20456552002304,1571.4603457591395,-1148.2457813904614,-884.1468803601001,-1318.8562248821338,0.483792,1099.8840582353373,0.45384220299714517,-2.8827504599077773,3.088465691296218,-8.936143214848364,3.1706422950328097,0.905368,1.0665276998284376,0.457364,0.09592660638294244,4.055036356696229,12.0,0.905368,0.542636,0.492924,0.457364,0.092552
E4_interaction,MSOG,same_indication,0.25,18.0,0.0,0.1,0.0,0.0,250000,590.823853411586,3.1897216988409562,401.7381659217766,1594.8608494204782,-1072.1868039690485,-807.2064950938525,-1317.7402601763733,0.464864,1008.234008854717,0.5859987346416934,88.76729892071252,3.1184996171169557,82.65503967116328,94.87955817026176,0.905368,1.0665276998284376,0.457364,0.09592660638294244,4.055036356696229,12.0,0.905368,0.542636,0.483792,0.457364,0.0611
E4_interaction,MSOG,same_indication,0.25,18.0,0.0,0.2,0.0,0.0,250000,682.4739027922066,3.2378213104205016,510.27176632353024,1618.9106552102508,-996.1278265476358,-760.589774214128,-1208.9710655955287,0.459052,916.5839594740968,0.7445841657362036,180.41734830133285,3.1502773968139017,174.2428046035776,186.5918919990881,0.905368,1.0665276998284376,0.457364,0.09592660638294244,4.055036356696229,12.0,0.905368,0.542636,0.479056,0.457364,0.035928
E4_interaction,MSOG,same_indication,0.25,18.0,0.0,0.3,0.0,0.0,250000,774.1239521728268,3.2871625210267044,618.8053667252839,1643.5812605133522,-920.068849126223,-713.9730533344037,-1096.361695414138,0.457864,824.9339100934762,0.9384072380842097,272.0673976819532,3.1837468132795603,265.82725392792526,278.30754143598114,0.905368,1.0665276998284376,0.457364,0.09592660638294244,4.055036356696229,12.0,0.905368,0.542636,0.464864,0.457364,0.026024
E4_interaction,MSOG,same_indication,0.25,18.0,0.0,0.0,0.0,0.1,250000,420.63272309895984,2.856563637609324,293.20456552002304,1428.281818804662,-1148.2457813904614,-884.1468803601001,-1318.8562248821338,0.483792,1099.8840582353373,0.3824336937602553,-81.42383139191374,2.906594093792414,-87.12075581574686,-75.72690696808061,0.905368,1.0665276998284376,0.457364,0.09592660638294244,4.055036356696229,12.0,0.905368,0.542636,0.492924,0.457364,0.092552
E4_interaction,MSOG,same_indication,0.25,18.0,0.0,0.1,0.0,0.1,250000,512.2827724795802,2.9023691137785543,401.7381659217766,1451.1845568892772,-1072.1868039690485,-807.2064950938525,-1317.7402601763733,0.464864,1008.234008854717,0.5080990801545144,10.226217988706553,2.932938010891897,4.4776594873584346,15.974776490054673,0.905368,1.0665276998284376,0.457364,0.09592660638294244,4.055036356696229,12.0,0.905368,0.542636,0.483792,0.457364,0.0611
E4_interaction,MSOG,same_indication,0.25,18.0,0.0,0.2,0.0,0.1,250000,603.9328218602005,2.9496314021912657,510.27176632353024,1474.815701095633,-996.1278265476358,-760.589774214128,-1208.9710655955287,0.459052,916.5839594740968,0.6588952551675852,101.87626736932691,2.9612074909862858,96.07230068699378,107.68023405166004,0.905368,1.0665276998284376,0.457364,0.09592660638294244,4.055036356696229,12.0,0.905368,0.542636,0.479056,0.457364,0.035928
E4_interaction,MSOG,same_indication,0.25,18.0,0.0,0.3,0.0,0.1,250000,695.5828712408207,2.998281611897574,618.8053667252839,1499.140805948787,-920.068849126223,-713.9730533344037,-1096.361695414138,0.457864,824.9339100934762,0.8431983007729694,193.5263167499472,2.991347942464279,187.66327478271722,199.38935871717717,0.905368,1.0665276998284376,0.457364,0.09592660638294244,4.055036356696229,12.0,0.905368,0.542636,0.464864,0.457364,0.026024
E4_interaction,MSOG,same_indication,0.25,18.0,0.0,0.0,0.0,0.25,250000,302.821101700951,2.4443866063726505,293.20456552002304,1222.1933031863252,-1148.2457813904614,-884.1468803601001,-1318.8562248821338,0.483792,1099.8840582353373,0.2753209299049207,-199.23545278992262,2.6841860270101807,-204.49645740286257,-193.97444817698266,0.905368,1.0665276998284376,0.457364,0.09592660638294244,4.055036356696229,12.0,0.905368,0.542636,0.492924,0.457364,0.092552
E4_interaction,MSOG,same_indication,0.25,18.0,0.0,0.1,0.0,0.25,250000,394.47115108157135,2.4879592961600276,401.7381659217766,1243.979648080014,-1072.1868039690485,-807.2064950938525,-1317.7402601763733,0.464864,1008.234008854717,0.39124959842374574,-107.58540340930233,2.703667083480041,-112.88459089292321,-102.28621592568145,0.905368,1.0665276998284376,0.457364,0.09592660638294244,4.055036356696229,12.0,0.905368,0.542636,0.483792,0.457364,0.0611
E4_interaction,MSOG,same_indication,0.25,18.0,0.0,0.2,0.0,0.25,250000,486.12120046219167,2.533307189536516,510.27176632353024,1266.653594768258,-996.1278265476358,-760.589774214128,-1208.9710655955287,0.459052,916.5839594740968,0.5303618893146578,-15.935354028681969,2.7253559489107935,-21.277051688547125,-10.593656368816813,0.905368,1.0665276998284376,0.457364,0.09592660638294244,4.055036356696229,12.0,0.905368,0.542636,0.479056,0.457364,0.035928
E4_interaction,MSOG,same_indication,0.25,18.0,0.0,0.3,0.0,0.25,250000,577.7712498428119,2.580336693735704,618.8053667252839,1290.168346867852,-920.068849126223,-713.9730533344037,-1096.361695414138,0.457864,824.9339100934762,0.7003848948061094,75.71469535193833,2.749200370563526,70.32626262563382,81.10312807824285,0.905368,1.0665276998284376,0.457364,0.09592660638294244,4.055036356696229,12.0,0.905368,0.542636,0.464864,0.457364,0.026024
E4_interaction,MSOG,same_indication,0.25,18.0,0.0,0.0,0.0,0.5,250000,106.46839937093613,1.8381987912005557,293.20456552002304,919.0993956002778,-1148.2457813904614,-884.1468803601001,-1318.8562248821338,0.483876,1099.8840582353373,0.09679965681269612,-395.5881551199375,2.4855507307630007,-400.45983455223296,-390.716475687642,0.905368,1.0665276998284376,0.457364,0.09592660638294244,4.055036356696229,12.0,0.905368,0.542636,0.492924,0.457364,0.092552
E4_interaction,MSOG,same_indication,0.25,18.0,0.0,0.1,0.0,0.5,250000,198.11844875155646,1.8741483156245349,401.7381659217766,937.0741578122675,-1072.1868039690485,-807.2064950938525,-1317.7402601763733,0.464864,1008.234008854717,0.19650046220579795,-303.93810573931717,2.490274089522128,-308.8190429547805,-299.0571685238538,0.905368,1.0665276998284376,0.457364,0.09592660638294244,4.055036356696229,12.0,0.905368,0.542636,0.483792,0.457364,0.0611
E4_interaction,MSOG,same_indication,0.25,18.0,0.0,0.2,0.0,0.5,250000,289.7684981321768,1.9127669228681738,510.27176632353024,956.3834614340869,-996.1278265476358,-760.589774214128,-1208.9710655955287,0.459052,916.5839594740968,0.31613961289311193,-212.28805635869685,2.497549984678433,-217.18325432866658,-207.39285838872712,0.905368,1.0665276998284376,0.457364,0.09592660638294244,4.055036356696229,12.0,0.905368,0.542636,0.479056,0.457364,0.035928
E4_interaction,MSOG,same_indication,0.25,18.0,0.0,0.3,0.0,0.5,250000,381.418547512797,1.9538963567067946,618.8053667252839,976.9481783533973,-920.068849126223,-713.9730533344037,-1096.361695414138,0.457864,824.9339100934762,0.46236255152800915,-120.63800697807652,2.5073561953305363,-125.55242512092437,-115.72358883522867,0.905368,1.0665276998284376,0.457364,0.09592660638294244,4.055036356696229,12.0,0.905368,0.542636,0.464864,0.457364,0.026024
E4_interaction,MSOG,same_indication,0.25,12.0,0.5,0.0,0.0,0.0,250000,-368.6197899546825,1.2232826800045058,-559.4006505566923,611.641340002253,-1193.6220906520296,-1155.0320722624815,-1505.8621081427782,0.798408,1110.9148178327296,-0.331816430960763,103.43940701874482,1.1702702573099493,101.14567731441731,105.73313672307232,0.905368,1.0665276998284376,0.457364,0.09592660638294244,4.055036356696229,6.416650466992428,0.905368,0.542636,0.958656,0.911356,0.09278
E4_interaction,MSOG,same_indication,0.25,12.0,0.5,0.1,0.0,0.0,250000,-275.86666461432304,1.2508128955803546,-512.783929676968,625.4064477901773,-1078.2944657538667,-1051.5219006410236,-1304.5443156036274,0.66638,1018.1616924923699,-0.2709458297719155,196.19253235910435,1.1940821613877568,193.85213132278435,198.53293339542435,0.905368,1.0665276998284376,0.457364,0.09592660638294244,4.055036356696229,6.416650466992428,0.905368,0.542636,0.958656,0.866532,0.0611
E4_interaction,MSOG,same_indication,0.25,12.0,0.5,0.2,0.0,0.0,250000,-183.11353927396343,1.2829923307155653,-422.6416891886074,641.4961653577826,-1001.5568592452519,-851.1203788650942,-1217.685369508769,0.664184,925.4085671520104,-0.1978731835577276,288.9456576994639,1.2229292610443019,286.54871634781705,291.3425990511107,0.905368,1.0665276998284376,0.457364,0.09592660638294244,4.055036356696229,6.416650466992428,0.905368,0.542636,0.933544,0.866532,0.035928
E4_interaction,MSOG,same_indication,0.25,12.0,0.5,0.3,0.0,0.0,250000,-90.36041393360391,1.3194808744250712,-312.6028242993493,659.7404372125357,-924.819252736637,-734.2952231038157,-1103.984283086567,0.650044,832.655441811651,-0.10852077509636175,381.6987830398234,1.2564647958721378,379.236112039914,384.1614540397328,0.905368,1.0665276998284376,0.457364,0.09592660638294244,4.055036356696229,6.416650466992428,0.905368,0.542636,0.932008,0.84194,0.026024
E4_interaction,MSOG,same_indication,0.25,12.0,0.5,0.0,0.0,0.1,250000,-412.92938365867997,1.0830698030139911,-559.4006505566923,541.5349015069955,-1193.6220906520296,-1155.0320722624815,-1505.8621081427782,0.818392,1110.9148178327296,-0.3717021116562825,59.12981331474736,1.0664029434601452,57.039663545565475,61.219963083929244,0.905368,1.0665276998284376,0.457364,0.09592660638294244,4.055036356696229,6.416650466992428,0.905368,0.542636,0.980232,0.918272,0.09278
E4_interaction,MSOG,same_indication,0.25,12.0,0.5,0.1,0.0,0.1,250000,-320.1762583183205,1.105460014888194,-512.783929676968,552.7300074440969,-1078.2944657538667,-1051.5219006410236,-1304.5443156036274,0.683764,1018.1616924923699,-0.31446504094507555,151.8829386551069,1.0836993275744708,149.75888797306092,154.00698933715287,0.905368,1.0665276998284376,0.457364,0.09592660638294244,4.055036356696229,6.416650466992428,0.905368,0.542636,0.974936,0.914424,0.0611
E4_interaction,MSOG,same_indication,0.25,12.0,0.5,0.2,0.0,0.1,250000,-227.42313297796088,1.13334351685894,-422.6416891886074,566.6717584294701,-1001.5568592452519,-851.1203788650942,-1217.685369508769,0.665312,925.4085671520104,-0.24575429820999664,244.6360639954664,1.1068049799869908,242.4667262346919,246.8054017562409,0.905368,1.0665276998284376,0.457364,0.09592660638294244,4.055036356696229,6.416650466992428,0.905368,0.542636,0.97344,0.912108,0.035928
E4_interaction,MSOG,same_indication,0.25,12.0,0.5,0.3,0.0,0.1,250000,-134.67000763760137,1.1663263892536775,-312.6028242993493,583.1631946268387,-924.819252736637,-734.2952231038157,-1103.984283086567,0.654736,832.655441811651,-0.16173557617613468,337.38918933582596,1.135365285375764,335.16387337648945,339.6145052951625,0.905368,1.0665276998284376,0.457364,0.09592660638294244,4.055036356696229,6.416650466992428,0.905368,0.542636,0.97344,0.866532,0.026024
E4_interaction,MSOG,same_indication,0.25,12.0,0.5,0.0,0.0,0.25,250000,-479.3937742146761,0.9022681177677084,-559.4006505566923,451.1340588838542,-1193.6220906520296,-1155.0320722624815,-1505.4604651125483,0.869008,1110.9148178327296,-0.4315306326995617,-7.33457724124882,0.9564817904546806,-9.209281550539995,-5.459872931957646,0.905368,1.0665276998284376,0.457364,0.09592660638294244,4.055036356696229,6.416650466992428,0.905368,0.542636,0.999296,0.980232,0.09278
E4_interaction,MSOG,same_indication,0.25,12.0,0.5,0.1,0.0,0.25,250000,-386.64064887431664,0.9134677308493332,-512.783929676968,456.7338654246666,-1078.2944657538667,-1051.5219006410236,-1304.5443156036274,0.741336,1018.1616924923699,-0.3797438577048155,85.4185480991107,0.9609267937170842,83.53513158342521,87.30196461479618,0.905368,1.0665276998284376,0.457364,0.09592660638294244,4.055036356696229,6.416650466992428,0.905368,0.542636,0.998528,0.960184,0.0611
E4_interaction,MSOG,same_indication,0.25,12.0,0.5,0.2,0.0,0.25,250000,-293.88752353395705,0.9317633125637221,-432.84317809200513,465.88165628186107,-1001.5568592452519,-851.1203788650942,-1217.685369508769,0.70366,925.4085671520104,-0.3175759701884003,178.17167343947025,0.9722793974311831,176.26600582050514,180.07734105843537,0.905368,1.0665276998284376,0.457364,0.09592660638294244,4.055036356696229,6.416650466992428,0.905368,0.542636,0.995316,0.958656,0.035928
E4_interaction,MSOG,same_indication,0.25,12.0,0.5,0.3,0.0,0.25,250000,-201.13439819359755,0.9567478677008668,-312.6028242993493,478.37393385043345,-924.819252736637,-734.2952231038157,-1103.984283086567,0.673468,832.655441811651,-0.24155777779579407,270.9247987798298,0.9903020684764005,268.9838067256161,272.86579083404354,0.905368,1.0665276998284376,0.457364,0.09592660638294244,4.055036356696229,6.416650466992428,0.905368,0.542636,0.994188,0.934116,0.026024
E4_interaction,MSOG,same_indication,0.25,12.0,0.5,0.0,0.0,0.5,250000,-590.1677584746698,0.7430669168633209,-559.4006505566923,371.53345843166045,-1193.6220906520296,-1155.0320722624815,-1494.5107771477058,1.0,1110.9148178327296,-0.5312448344383605,-118.10856150124246,0.938390004877551,-119.94780591080246,-116.26931709168247,0.905368,1.0665276998284376,0.457364,0.09592660638294244,4.055036356696229,6.416650466992428,0.905368,0.542636,1.0,1.0,0.09278
E4_interaction,MSOG,same_indication,0.25,12.0,0.5,0.1,0.0,0.5,250000,-497.41463313431024,0.7243667139726608,-512.783929676968,362.1833569863304,-1083.5832257627715,-1054.9598709969964,-1370.3641551754604,0.885268,1018.1616924923699,-0.4885418856377155,-25.355436160882928,0.9172359800389085,-27.15321868175919,-23.557653640006667,0.905368,1.0665276998284376,0.457364,0.09592660638294244,4.055036356696229,6.416650466992428,0.905368,0.542636,1.0,1.0,0.0611
E4_interaction,MSOG,same_indication,0.25,12.0,0.5,0.2,0.0,0.5,250000,-404.6615077939507,0.7146256824800548,-466.1672087972436,357.31284124002735,-1001.5568592452519,-904.5758592508548,-1215.2624249725159,0.840852,925.4085671520104,-0.43727875681907297,67.39768917947664,0.9030459131603045,65.62771918968245,69.16765916927083,0.905368,1.0665276998284376,0.457364,0.09592660638294244,4.055036356696229,6.416650466992428,0.905368,0.542636,1.0,1.0,0.035928
E4_interaction,MSOG,same_indication,0.25,12.0,0.5,0.3,0.0,0.5,250000,-311.90838245359123,0.7142104957100265,-419.55048791751926,357.10524785501326,-924.819252736637,-744.2967177209271,-1103.984283086567,0.799064,832.655441811651,-0.3745947804952265,160.15081451983616,0.8961506769772948,158.39435919296065,161.90726984671167,0.905368,1.0665276998284376,0.457364,0.09592660638294244,4.055036356696229,6.416650466992428,0.905368,0.542636,1.0,1.0,0.026024
E4_interaction,MSOG,same_indication,0.25,15.0,0.5,0.0,0.0,0.0,250000,186.34207532581019,2.4399041892129785,-36.53743033236563,1219.9520946064893,-1161.8183631345016,-892.4132343631248,-1370.3895029648663,0.52928,1110.9148178327296,0.16773750096280354,102.18159610919695,2.3360916838176617,97.60285640891433,106.76033580947956,0.905368,1.0665276998284376,0.457364,0.09592660638294244,4.055036356696229,9.416650466992428,0.905368,0.542636,0.759644,0.544188,0.092552
E4_interaction,MSOG,same_indication,0.25,15.0,0.5,0.1,0.0,0.0,250000,279.0952006661697,2.4847879762794465,80.28772542891255,1242.3939881397232,-1078.2944657538667,-812.4952551027573,-1308.2850322548247,0.491392,1018.1616924923699,0.27411677607214757,194.93472144955646,2.3683075889342673,190.2928385752453,199.57660432386763,0.905368,1.0665276998284376,0.457364,0.09592660638294244,4.055036356696229,9.416650466992428,0.905368,0.542636,0.759644,0.544188,0.0611
E4_interaction,MSOG,same_indication,0.25,15.0,0.5,0.2,0.0,0.0,250000,371.84832600652925,2.5315280282786747,190.32659031817064,1265.7640141393374,-1001.5568592452519,-760.589774214128,-1221.2598784400268,0.479308,925.4085671520104,0.40182070839360223,287.687846789916,2.4028860465654605,282.97819013864773,292.3975034411843,0.905368,1.0665276998284376,0.457364,0.09592660638294244,4.055036356696229,9.416650466992428,0.905368,0.542636,0.759644,0.522156,0.035928
E4_interaction,MSOG,same_indication,0.25,15.0,0.5,0.3,0.0,0.0,250000,464.6014513468888,2.5800234621475573,300.36545520742874,1290.0117310737787,-924.819252736637,-713.9730533344037,-1107.114406653074,0.467988,832.655441811651,0.5579756379614017,380.44097213027555,2.4397266047916273,375.659107984884,385.22283627566713,0.905368,1.0665276998284376,0.457364,0.09592660638294244,4.055036356696229,9.416650466992428,0.905368,0.542636,0.759644,0.493456,0.026024
E4_interaction,MSOG,same_indication,0.25,15.0,0.5,0.0,0.0,0.1,250000,119.7981606256075,2.2003504863117125,-36.53743033236563,1100.1752431558562,-1161.8183631345016,-892.4132343631248,-1370.3895029648663,0.52928,1110.9148178327296,0.10783739554335975,35.637681408994226,2.1698622159621848,31.384751465708344,39.89061135228011,0.905368,1.0665276998284376,0.457364,0.09592660638294244,4.055036356696229,9.416650466992428,0.905368,0.542636,0.759644,0.544188,0.092552
E4_interaction,MSOG,same_indication,0.25,15.0,0.5,0.1,0.0,0.1,250000,212.551285965967,2.2436600520746466,80.28772542891255,1121.8300260373233,-1078.2944657538667,-812.4952551027573,-1308.2850322548247,0.491392,1018.1616924923699,0.20875985369834552,128.39080674935374,2.198019073848423,124.08268936461083,132.69892413409664,0.905368,1.0665276998284376,0.457364,0.09592660638294244,4.055036356696229,9.416650466992428,0.905368,0.542636,0.759644,0.544188,0.0611
E4_interaction,MSOG,same_indication,0.25,15.0,0.5,0.2,0.0,0.1,250000,305.3044113063266,2.2890833607172913,190.32659031817064,1144.5416803586456,-1001.5568592452519,-760.589774214128,-1221.2598784400268,0.479308,925.4085671520104,0.32991310232399906,221.14393208971327,2.22883325937953,216.7754189013294,225.51244527809715,0.905368,1.0665276998284376,0.457364,0.09592660638294244,4.055036356696229,9.416650466992428,0.905368,0.542636,0.759644,0.522156,0.035928
E4_interaction,MSOG,same_indication,0.25,15.0,0.5,0.3,0.0,0.1,250000,398.0575366466861,2.3364971371100967,300.36545520742874,1168.2485685550482,-924.819252736637,-713.9730533344037,-1107.114406653074,0.467988,832.655441811651,0.4780579296769045,313.89705743007283,2.262196185923101,309.46315290566355,318.3309619544821,0.905368,1.0665276998284376,0.457364,0.09592660638294244,4.055036356696229,9.416650466992428,0.905368,0.542636,0.759644,0.493456,0.026024
E4_interaction,MSOG,same_indication,0.25,15.0,0.5,0.0,0.0,0.25,250000,19.982288575303407,1.8594243735044136,-36.53743033236563,929.7121867522068,-1161.8183631345016,-892.4132343631248,-1370.3895029648663,0.53034,1110.9148178327296,0.01798723741419402,-64.17819064130985,1.9667411067316718,-68.03300321050394,-60.32337807211578,0.905368,1.0665276998284376,0.457364,0.09592660638294244,4.055036356696229,9.416650466992428,0.905368,0.542636,0.764776,0.544188,0.092552
E4_interaction,MSOG,same_indication,0.25,15.0,0.5,0.1,0.0,0.25,250000,112.73541391566292,1.8992290977275565,80.28772542891255,949.6145488637783,-1078.2944657538667,-812.4952551027573,-1308.2850322548247,0.491392,1018.1616924923699,0.11072447013764246,28.574934699049653,1.9870078992944664,24.680399216432498,32.46947018166681,0.905368,1.0665276998284376,0.457364,0.09592660638294244,4.055036356696229,9.416650466992428,0.905368,0.542636,0.760704,0.544188,0.0611
E4_interaction,MSOG,same_indication,0.25,15.0,0.5,0.2,0.0,0.25,250000,205.48853925602248,1.9416764320817002,190.32659031817064,970.83821604085,-1001.5568592452519,-760.589774214128,-1221.2598784400268,0.479308,925.4085671520104,0.22205169321959423,121.32806003940922,2.010411460169992,117.38765357747604,125.2684665013424,0.905368,1.0665276998284376,0.457364,0.09592660638294244,4.055036356696229,9.416650466992428,0.905368,0.542636,0.759848,0.522156,0.035928
E4_interaction,MSOG,same_indication,0.25,15.0,0.5,0.3,0.0,0.25,250000,298.241664596382,1.986596990967659,300.36545520742874,993.2984954838296,-924.819252736637,-713.9730533344037,-1107.114406653074,0.467988,832.655441811651,0.35818136725015853,214.08118537976875,2.0368436667748497,210.08897179289005,218.07339896664746,0.905368,1.0665276998284376,0.457364,0.09592660638294244,4.055036356696229,9.416650466992428,0.905368,0.542636,0.759644,0.493456,0.026024
E4_interaction,MSOG,same_indication,0.25,15.0,0.5,0.0,0.0,0.5,250000,-146.37749817520339,1.3806250852035915,-147.8150217852933,690.3125426017957,-1161.8183631345016,-892.4132343631248,-1370.3895029648663,0.541532,1110.9148178327296,-0.1317630261344155,-230.53797739181664,1.7953152601930698,-234.05679530179506,-227.01915948183822,0.905368,1.0665276998284376,0.457364,0.09592660638294244,4.055036356696229,9.416650466992428,0.905368,0.542636,0.91806,0.546392,0.092552
E4_interaction,MSOG,same_indication,0.25,15.0,0.5,0.1,0.0,0.5,250000,-53.62437283484387,1.408655785177861,25.645987113498563,704.3278925889305,-1078.2944657538667,-812.4952551027573,-1308.2850322548247,0.497828,1018.1616924923699,-0.05266783579686262,-137.78485205145714,1.7977374738213252,-141.30841750014693,-134.26128660276734,0.905368,1.0665276998284376,0.457364,0.09592660638294244,4.055036356696229,9.416650466992428,0.905368,0.542636,0.868852,0.544884,0.0611
E4_interaction,MSOG,same_indication,0.25,15.0,0.5,0.2,0.0,0.5,250000,39.128752505515685,1.4408055568710274,168.78333162576712,720.4027784355137,-1001.5568592452519,-760.589774214128,-1221.2598784400268,0.481476,925.4085671520104,0.04228267804558619,-45.03172671109757,1.8038811497586515,-48.56733376462453,-41.49611965757061,0.905368,1.0665276998284376,0.457364,0.09592660638294244,4.055036356696229,9.416650466992428,0.905368,0.542636,0.844264,0.522156,0.035928
E4_interaction,MSOG,same_indication,0.25,15.0,0.5,0.3,0.0,0.5,250000,131.88187784587524,1.47680541056686,300.36545520742874,738.40270528343,-924.819252736637,-713.9730533344037,-1107.114406653074,0.467988,832.655441811651,0.15838709653891542,47.72139862926197,1.8137084706483162,44.16653002679127,51.27626723173267,0.905368,1.0665276998284376,0.457364,0.09592660638294244,4.055036356696229,9.416650466992428,0.905368,0.542636,0.81964,0.493456,0.026024
E4_interaction,MSOG,same_indication,0.25,18.0,0.5,0.0,0.0,0.0,250000,603.2931386469917,3.398665144728734,423.994710544252,1699.332572364367,-1161.8183631345016,-892.4132343631248,-1370.3961145957971,0.467988,1110.9148178327296,0.5430597638655582,101.23658415611807,3.2572654244894528,94.85234392411874,107.6208243881174,0.905368,1.0665276998284376,0.457364,0.09592660638294244,4.055036356696229,12.416650466992428,0.905368,0.542636,0.485276,0.457364,0.092552
E4_interaction,MSOG,same_indication,0.25,18.0,0.5,0.1,0.0,0.0,250000,696.0462639873512,3.4477325165725548,540.81986630553,1723.8662582862773,-1078.2944657538667,-812.4952551027573,-1308.2850322548247,0.464108,1018.1616924923699,0.6836303792607747,193.98970949647762,3.29133746834547,187.5386880585205,200.44073093443473,0.905368,1.0665276998284376,0.457364,0.09592660638294244,4.055036356696229,12.416650466992428,0.905368,0.542636,0.468084,0.457364,0.0611
E4_interaction,MSOG,same_indication,0.25,18.0,0.5,0.2,0.0,0.0,250000,788.7993893277107,3.4980306290887735,650.8587311947881,1749.0153145443867,-1001.5568592452519,-760.589774214128,-1221.2598784400268,0.458944,925.4085671520104,0.8523796054269078,286.7428348368372,3.3270783958104784,280.22176118104863,293.2639084926257,0.905368,1.0665276998284376,0.457364,0.09592660638294244,4.055036356696229,12.416650466992428,0.905368,0.542636,0.467028,0.457364,0.035928
E4_interaction,MSOG,same_indication,0.25,18.0,0.5,0.3,0.0,0.0,250000,881.5525146680703,3.549507162216809,760.8975960840462,1774.7535811084044,-924.819252736637,-713.9730533344037,-1107.114406653074,0.457592,832.655441811651,1.0587242578395109,379.49596017719676,3.3644350208581266,372.90166753631485,386.0902528180787,0.905368,1.0665276998284376,0.457364,0.09592660638294244,4.055036356696229,12.416650466992428,0.905368,0.542636,0.459668,0.457364,0.026024
E4_interaction,MSOG,same_indication,0.25,18.0,0.5,0.0,0.0,0.1,250000,520.0442494943433,3.0938743074266952,423.994710544252,1546.9371537133477,-1161.8183631345016,-892.4132343631248,-1370.3961145957971,0.467988,1110.9148178327296,0.46812252491949957,17.98769500346963,3.049044857515109,12.011567082740015,23.963822924199242,0.905368,1.0665276998284376,0.457364,0.09592660638294244,4.055036356696229,12.416650466992428,0.905368,0.542636,0.485276,0.457364,0.092552
E4_interaction,MSOG,same_indication,0.25,18.0,0.5,0.1,0.0,0.1,250000,612.7973748347027,3.1420240159790973,540.81986630553,1571.0120079895487,-1078.2944657538667,-812.4952551027573,-1308.2850322548247,0.464108,1018.1616924923699,0.6018664612441162,110.74082034382914,3.0796299737300106,104.70474559531831,116.77689509233997,0.905368,1.0665276998284376,0.457364,0.09592660638294244,4.055036356696229,12.416650466992428,0.905368,0.542636,0.468084,0.457364,0.0611
E4_interaction,MSOG,same_indication,0.25,18.0,0.5,0.2,0.0,0.1,250000,705.5505001750623,3.1915506638932674,650.8587311947881,1595.7753319466337,-1001.5568592452519,-760.589774214128,-1221.2598784400268,0.458944,925.4085671520104,0.7624205407417267,203.4939456841887,3.1120718249145587,197.39428490735617,209.59360646102124,0.905368,1.0665276998284376,0.457364,0.09592660638294244,4.055036356696229,12.416650466992428,0.905368,0.542636,0.467028,0.457364,0.035928
E4_interaction,MSOG,same_indication,0.25,18.0,0.5,0.3,0.0,0.1,250000,798.3036255154219,3.242391154654146,760.8975960840462,1621.195577327073,-924.819252736637,-713.9730533344037,-1107.114406653074,0.457592,832.655441811651,0.9587442601450029,296.24707102454823,3.1463129768240634,290.08029758997304,302.4138444591234,0.905368,1.0665276998284376,0.457364,0.09592660638294244,4.055036356696229,12.416650466992428,0.905368,0.542636,0.459668,0.457364,0.026024
E4_interaction,MSOG,same_indication,0.25,18.0,0.5,0.0,0.0,0.25,250000,395.1709157653706,2.6545239570836032,423.994710544252,1327.2619785418017,-1161.8183631345016,-892.4132343631248,-1370.3961145957971,0.467988,1110.9148178327296,0.3557166665004116,-106.88563872550297,2.7874286182467314,-112.34899881726656,-101.42227863373938,0.905368,1.0665276998284376,0.457364,0.09592660638294244,4.055036356696229,12.416650466992428,0.905368,0.542636,0.485276,0.457364,0.092552
E4_interaction,MSOG,same_indication,0.25,18.0,0.5,0.1,0.0,0.25,250000,487.92404110573017,2.7005993864437188,540.81986630553,1350.2996932218593,-1078.2944657538667,-812.4952551027573,-1308.2850322548247,0.464108,1018.1616924923699,0.4792205842191285,-14.132513385143463,2.8113497566601096,-19.64275890819728,-8.622267862089648,0.905368,1.0665276998284376,0.457364,0.09592660638294244,4.055036356696229,12.416650466992428,0.905368,0.542636,0.468084,0.457364,0.0611
E4_interaction,MSOG,same_indication,0.25,18.0,0.5,0.2,0.0,0.25,250000,580.6771664460897,2.748345082001773,650.8587311947881,1374.1725410008864,-1001.5568592452519,-760.589774214128,-1221.2598784400268,0.458944,925.4085671520104,0.6274819437139552,78.6206119552161,2.8374355751450246,73.05923822793186,84.18198568250035,0.905368,1.0665276998284376,0.457364,0.09592660638294244,4.055036356696229,12.416650466992428,0.905368,0.542636,0.467028,0.457364,0.035928
E4_interaction,MSOG,same_indication,0.25,18.0,0.5,0.3,0.0,0.25,250000,673.4302917864492,2.7976755297639895,760.8975960840462,1398.8377648819946,-924.819252736637,-713.9730533344037,-1107.114406653074,0.457592,832.655441811651,0.8087742636032408,171.3737372955756,2.865626959026252,165.75710845588415,176.99036613526707,0.905368,1.0665276998284376,0.457364,0.09592660638294244,4.055036356696229,12.416650466992428,0.905368,0.542636,0.459668,0.457364,0.026024
E4_interaction,MSOG,same_indication,0.25,18.0,0.5,0.0,0.0,0.5,250000,187.04869288374954,2.0044617280577817,400.45733702974854,1002.2308640288908,-1161.8183631345016,-892.4132343631248,-1370.3961145957971,0.467988,1110.9148178327296,0.1683735691352651,-315.007861607124,2.5309158946610806,-319.96845676065976,-310.0472664535883,0.905368,1.0665276998284376,0.457364,0.09592660638294244,4.055036356696229,12.416650466992428,0.905368,0.542636,0.485276,0.457364,0.092552
E4_interaction,MSOG,same_indication,0.25,18.0,0.5,0.1,0.0,0.5,250000,279.80181822410907,2.0433823171568872,535.5311062966254,1021.6911585784437,-1078.2944657538667,-812.4952551027573,-1308.2850322548247,0.464108,1018.1616924923699,0.27481078917748214,-222.25473626676455,2.5397380348751994,-227.23262281511995,-217.27684971840915,0.905368,1.0665276998284376,0.457364,0.09592660638294244,4.055036356696229,12.416650466992428,0.905368,0.542636,0.468084,0.457364,0.0611
E4_interaction,MSOG,same_indication,0.25,18.0,0.5,0.2,0.0,0.5,250000,372.5549435644686,2.084797305558566,650.8587311947881,1042.398652779283,-1001.5568592452519,-760.589774214128,-1221.2598784400268,0.458944,925.4085671520104,0.4025842820010025,-129.50161092640496,2.551161959207828,-134.5018883664523,-124.50133348635762,0.905368,1.0665276998284376,0.457364,0.09592660638294244,4.055036356696229,12.416650466992428,0.905368,0.542636,0.467028,0.457364,0.035928
E4_interaction,MSOG,same_indication,0.25,18.0,0.5,0.3,0.0,0.5,250000,465.3080689048281,2.128561099154264,760.8975960840462,1064.280549577132,-924.819252736637,-713.9730533344037,-1107.114406653074,0.457592,832.655441811651,0.5588242693669707,-36.74848558604545,2.5651529067095113,-41.77618528319609,-31.720785888894806,0.905368,1.0665276998284376,0.457364,0.09592660638294244,4.055036356696229,12.416650466992428,0.905368,0.542636,0.459668,0.457364,0.026024
E4_interaction,MSOG,same_indication,0.25,12.0,1.0,0.0,0.0,0.0,250000,-259.2500938637477,1.475553992024143,-531.5507597703757,737.7769960120714,-1175.82010020594,-1116.0798985034749,-1388.1279294294395,0.664184,1122.3155594204543,-0.23099572280510863,212.80910310967963,1.3723093185889739,210.11937684524523,215.49882937411402,0.905368,1.0665276998284376,0.457364,0.09592660638294244,4.055036356696229,6.833300933984855,0.905368,0.542636,0.91974,0.83358,0.09278
E4_interaction,MSOG,same_indication,0.25,12.0,1.0,0.1,0.0,0.0,250000,-165.35689436461567,1.5104974933822066,-422.22275549204073,755.2487466911033,-1084.5952474360138,-941.3779647023562,-1320.8629054912851,0.658712,1028.4223599213221,-0.160786949806562,306.70230260881164,1.4054917030999576,303.94753887073574,309.45706634688753,0.905368,1.0665276998284376,0.457364,0.09592660638294244,4.055036356696229,6.833300933984855,0.905368,0.542636,0.9169,0.797436,0.0611
E4_interaction,MSOG,same_indication,0.25,12.0,1.0,0.2,0.0,0.0,250000,-71.4636948654837,1.5492072768842118,-344.785062129854,774.6036384421059,-1007.1575540738271,-790.9134386006514,-1224.3954765795168,0.596468,934.5291604221902,-0.07647026748014872,400.5955021079437,1.4428022748044946,397.76760964932686,403.4233945665605,0.905368,1.0665276998284376,0.457364,0.09592660638294244,4.055036356696229,6.833300933984855,0.905368,0.542636,0.912108,0.79524,0.035928
E4_interaction,MSOG,same_indication,0.25,12.0,1.0,0.3,0.0,0.0,250000,22.429504633648275,1.591408530544429,-267.34736876766726,795.7042652722145,-929.7198607116404,-713.9730533344037,-1117.4706028843511,0.568432,840.6359609230583,0.02668159069595311,494.4887016070756,1.4839296802681545,491.58019943375,497.3972037804012,0.905368,1.0665276998284376,0.457364,0.09592660638294244,4.055036356696229,6.833300933984855,0.905368,0.542636,0.911356,0.789388,0.026024
E4_interaction,MSOG,same_indication,0.25,12.0,1.0,0.0,0.0,0.1,250000,-308.4972784850432,1.3106072419839008,-545.3379191781149,655.3036209919504,-1175.82010020594,-1116.0798985034749,-1388.1279294294395,0.668944,1122.3155594204543,-0.27487570309044473,163.56191848838412,1.2349012341899637,161.1415120693718,165.98232490739645,0.905368,1.0665276998284376,0.457364,0.09592660638294244,4.055036356696229,6.833300933984855,0.905368,0.542636,0.958656,0.86694,0.09278
E4_interaction,MSOG,same_indication,0.25,12.0,1.0,0.1,0.0,0.1,250000,-214.6040789859112,1.3416397768310002,-422.22275549204073,670.8198884155001,-1084.5952474360138,-941.3779647023562,-1320.8629054912851,0.664184,1028.4223599213221,-0.2086730971138445,257.45511798751613,1.262979799402795,254.97967758068665,259.9305583943456,0.905368,1.0665276998284376,0.457364,0.09592660638294244,4.055036356696229,6.833300933984855,0.905368,0.542636,0.948172,0.83478,0.0611
E4_interaction,MSOG,same_indication,0.25,12.0,1.0,0.2,0.0,0.1,250000,-120.71087948677918,1.377098636231677,-344.785062129854,688.5493181158386,-1007.1575540738271,-790.9134386006514,-1224.3954765795168,0.596828,934.5291604221902,-0.1291675900538469,351.3483174866482,1.2958982615532257,348.8083568940039,353.88827807929255,0.905368,1.0665276998284376,0.457364,0.09592660638294244,4.055036356696229,6.833300933984855,0.905368,0.542636,0.929756,0.83358,0.035928
E4_interaction,MSOG,same_indication,0.25,12.0,1.0,0.3,0.0,0.1,250000,-26.817679987647207,1.4166514857750556,-267.34736876766726,708.3257428875278,-929.7198607116404,-713.9730533344037,-1117.4706028843511,0.571568,840.6359609230583,-0.0319016568815354,445.2415169857801,1.333298184951641,442.62825254327487,447.8547814282853,0.905368,1.0665276998284376,0.457364,0.09592660638294244,4.055036356696229,6.833300933984855,0.905368,0.542636,0.928908,0.81944,0.026024
E4_interaction,MSOG,same_indication,0.25,12.0,1.0,0.0,0.0,0.25,250000,-382.36805541698635,1.0890575373798856,-545.3379191781149,544.5287686899428,-1175.82010020594,-1116.0798985034749,-1388.1279294294395,0.70366,1122.3155594204543,-0.3406956735184488,89.69114155644094,1.0701918914944346,87.59356544911185,91.78871766377003,0.905368,1.0665276998284376,0.457364,0.09592660638294244,4.055036356696229,6.833300933984855,0.905368,0.542636,0.990004,0.933544,0.09278
E4_interaction,MSOG,same_indication,0.25,12.0,1.0,0.1,0.0,0.25,250000,-288.47485591785437,1.1114389540621858,-422.22275549204073,555.7194770310929,-1084.5952474360138,-941.3779647023562,-1320.8629054912851,0.684236,1028.4223599213221,-0.2805023180747681,183.58434105557293,1.0873784442246774,181.45307930489255,185.71560280625332,0.905368,1.0665276998284376,0.457364,0.09592660638294244,4.055036356696229,6.833300933984855,0.905368,0.542636,0.987904,0.928908,0.0611
E4_interaction,MSOG,same_indication,0.25,12.0,1.0,0.2,0.0,0.25,250000,-194.5816564187224,1.139580709116853,-344.785062129854,569.7903545584265,-1007.1575540738271,-790.9134386006514,-1224.3954765795168,0.611768,934.5291604221902,-0.20821357391439413,277.47754055470494,1.1106621864500674,275.3006426692628,279.6544384401471,0.905368,1.0665276998284376,0.457364,0.09592660638294244,4.055036356696229,6.833300933984855,0.905368,0.542636,0.980232,0.917252,0.035928
E4_interaction,MSOG,same_indication,0.25,12.0,1.0,0.3,0.0,0.25,250000,-100.68845691959041,1.1730683064839884,-267.34736876766726,586.5341532419942,-929.7198607116404,-713.9730533344037,-1117.4706028843511,0.575948,840.6359609230583,-0.11977652824776815,371.37074005383687,1.1396694779439902,369.13698787706664,373.6044922306071,0.905368,1.0665276998284376,0.457364,0.09592660638294244,4.055036356696229,6.833300933984855,0.905368,0.542636,0.979548,0.86792,0.026024
E4_interaction,MSOG,same_indication,0.25,12.0,1.0,0.0,0.0,0.5,250000,-505.486016970225,0.8488369587475718,-559.4006505566923,424.4184793737859,-1180.5789992780865,-1128.401338002187,-1514.6409617277538,0.840852,1122.3155594204543,-0.450395624231789,-33.426819996797754,0.9659604701130718,-35.32010251821937,-31.533537475376132,0.905368,1.0665276998284376,0.457364,0.09592660638294244,4.055036356696229,6.833300933984855,0.905368,0.542636,1.0,1.0,0.09278
E4_interaction,MSOG,same_indication,0.25,12.0,1.0,0.1,0.0,0.5,250000,-411.5928174710931,0.8453883995928086,-512.783929676968,422.69419979640435,-1084.5952474360138,-973.186209821015,-1318.7911786843918,0.799064,1028.4223599213221,-0.4002176863429743,60.466379502334235,0.9565918465638678,58.59145948306905,62.34129952159942,0.905368,1.0665276998284376,0.457364,0.09592660638294244,4.055036356696229,6.833300933984855,0.905368,0.542636,1.0,1.0,0.0611
E4_interaction,MSOG,same_indication,0.25,12.0,1.0,0.2,0.0,0.5,250000,-317.69961797196106,0.8502566229661919,-466.1672087972436,425.12831148309596,-1007.1575540738271,-792.4782450240842,-1224.3954765795168,0.69204,934.5291604221902,-0.3399568803486395,154.35957900146627,0.9545437167073034,152.48867331671997,156.23048468621258,0.905368,1.0665276998284376,0.457364,0.09592660638294244,4.055036356696229,6.833300933984855,0.905368,0.542636,1.0,1.0,0.035928
E4_interaction,MSOG,same_indication,0.25,12.0,1.0,0.3,0.0,0.5,250000,-223.8064184728291,0.8633009433165095,-300.48297150128883,431.6504716582548,-929.7198607116404,-713.9730533344037,-1117.4706028843511,0.64416,840.6359609230583,-0.2662346471914894,248.2527785005982,0.9598629425078535,246.3714471332828,250.1341098679136,0.905368,1.0665276998284376,0.457364,0.09592660638294244,4.055036356696229,6.833300933984855,0.905368,0.542636,1.0,1.0,0.026024
E4_interaction,MSOG,same_indication,0.25,15.0,1.0,0.0,0.0,0.0,250000,295.7117714167451,2.709072867964417,84.44988617505471,1354.5364339822086,-1175.82010020594,-900.9664062064918,-1387.2802350027803,0.491392,1122.3155594204543,0.2634836244892175,211.55129220013177,2.531982443575136,206.5886066107245,216.51397778953904,0.905368,1.0665276998284376,0.457364,0.09592660638294244,4.055036356696229,9.833300933984855,0.905368,0.542636,0.759644,0.513948,0.092552
E4_interaction,MSOG,same_indication,0.25,15.0,1.0,0.1,0.0,0.0,250000,389.60497091587706,2.7568608153895307,190.74552401473738,1378.4304076947653,-1084.5952474360138,-820.1931097617875,-1322.5438408415832,0.491392,1028.4223599213221,0.37883751472078375,305.4444916992638,2.5692055808136223,300.4088487608691,310.48013463765847,0.905368,1.0665276998284376,0.457364,0.09592660638294244,4.055036356696229,9.833300933984855,0.905368,0.542636,0.759644,0.5063,0.0611
E4_interaction,MSOG,same_indication,0.25,15.0,1.0,0.2,0.0,0.0,250000,483.49817041500904,2.8063472205023063,268.1832173769241,1403.1736102511531,-1007.1575540738271,-760.589774214128,-1230.1520970155862,0.469472,934.5291604221902,0.5173708760426268,399.3376911983957,2.6086005737744773,394.22483407379775,404.45054832299365,0.905368,1.0665276998284376,0.457364,0.09592660638294244,4.055036356696229,9.833300933984855,0.905368,0.542636,0.759644,0.500364,0.035928
E4_interaction,MSOG,same_indication,0.25,15.0,1.0,0.3,0.0,0.0,250000,577.3913699141409,2.8574438408678016,345.62091073911085,1428.7219204339008,-929.7198607116404,-713.9730533344037,-1118.21053188961,0.46388,840.6359609230583,0.6868506663456768,493.23089069752774,2.650070566156818,488.03675238786036,498.4250290071951,0.905368,1.0665276998284376,0.457364,0.09592660638294244,4.055036356696229,9.833300933984855,0.905368,0.542636,0.759644,0.476896,0.026024
E4_interaction,MSOG,same_indication,0.25,15.0,1.0,0.0,0.0,0.1,250000,224.23026579924428,2.449585992645077,84.44988617505471,1224.7929963225386,-1175.82010020594,-900.9664062064918,-1387.2802350027803,0.491392,1122.3155594204543,0.1997925306453322,140.069786582631,2.3371165996737497,135.48903804727044,144.65053511799155,0.905368,1.0665276998284376,0.457364,0.09592660638294244,4.055036356696229,9.833300933984855,0.905368,0.542636,0.759644,0.513948,0.092552
E4_interaction,MSOG,same_indication,0.25,15.0,1.0,0.1,0.0,0.1,250000,318.12346529837635,2.4959840044683963,190.74552401473738,1247.9920022341983,-1084.5952474360138,-820.1931097617875,-1322.5438408415832,0.491392,1028.4223599213221,0.30933153312877587,233.962986081763,2.3707077184021617,229.31639895369477,238.60957320983124,0.905368,1.0665276998284376,0.457364,0.09592660638294244,4.055036356696229,9.833300933984855,0.905368,0.542636,0.759644,0.5063,0.0611
E4_interaction,MSOG,same_indication,0.25,15.0,1.0,0.2,0.0,0.1,250000,412.0166647975082,2.5443070138768107,268.1832173769241,1272.1535069384054,-1007.1575540738271,-760.589774214128,-1230.1520970155862,0.469472,934.5291604221902,0.4408815500325023,327.856185580895,2.4067599769844312,323.1389360260055,332.57343513578445,0.905368,1.0665276998284376,0.457364,0.09592660638294244,4.055036356696229,9.833300933984855,0.905368,0.542636,0.759644,0.500364,0.035928
E4_interaction,MSOG,same_indication,0.25,15.0,1.0,0.3,0.0,0.1,250000,505.90986429664025,2.594447460686937,345.62091073911085,1297.2237303434686,-929.7198607116404,-713.9730533344037,-1118.21053188961,0.46388,840.6359609230583,0.6018180137584492,421.74938508002697,2.4451645144321343,416.95686263173997,426.54190752831397,0.905368,1.0665276998284376,0.457364,0.09592660638294244,4.055036356696229,9.833300933984855,0.905368,0.542636,0.759644,0.476896,0.026024
E4_interaction,MSOG,same_indication,0.25,15.0,1.0,0.0,0.0,0.25,250000,117.00800737299319,2.078934827025678,81.41751973640234,1039.467413512839,-1175.82010020594,-900.9664062064918,-1387.2802350027803,0.491468,1122.3155594204543,0.10425588987950433,32.847528156379916,2.0900447942189397,28.751040359710792,36.94401595304904,0.905368,1.0665276998284376,0.457364,0.09592660638294244,4.055036356696229,9.833300933984855,0.905368,0.542636,0.760292,0.513948,0.092552
E4_interaction,MSOG,same_indication,0.25,15.0,1.0,0.1,0.0,0.25,250000,210.9012068721252,2.1222212245155267,190.74552401473738,1061.1106122577635,-1084.5952474360138,-820.1931097617875,-1322.5438408415832,0.491392,1028.4223599213221,0.205072560740764,126.74072765551189,2.1163214838552906,122.59273754715552,130.88871776386827,0.905368,1.0665276998284376,0.457364,0.09592660638294244,4.055036356696229,9.833300933984855,0.905368,0.542636,0.75968,0.5063,0.0611
E4_interaction,MSOG,same_indication,0.25,15.0,1.0,0.2,0.0,0.25,250000,304.7944063712572,2.16789604262972,268.1832173769241,1083.94802131486,-1007.1575540738271,-760.589774214128,-1230.1520970155862,0.469472,934.5291604221902,0.3261475610173158,220.63392715464394,2.1455636600471104,216.4286223809516,224.8392319283363,0.905368,1.0665276998284376,0.457364,0.09592660638294244,4.055036356696229,9.833300933984855,0.905368,0.542636,0.759644,0.500364,0.035928
E4_interaction,MSOG,same_indication,0.25,15.0,1.0,0.3,0.0,0.25,250000,398.6876058703891,2.2158115877972424,345.62091073911085,1107.9057938986211,-929.7198607116404,-713.9730533344037,-1118.21053188961,0.46388,840.6359609230583,0.47426903487760763,314.52712665377595,2.177651861685784,310.2589290048718,318.7953243026801,0.905368,1.0665276998284376,0.457364,0.09592660638294244,4.055036356696229,9.833300933984855,0.905368,0.542636,0.759644,0.476896,0.026024
E4_interaction,MSOG,same_indication,0.25,15.0,1.0,0.0,0.0,0.5,250000,-61.69575667075865,1.550122737456811,34.27432950348735,775.0613687284055,-1175.82010020594,-900.9664062064918,-1387.2802350027803,0.497184,1122.3155594204543,-0.05497184473020881,-145.8562358873719,1.8503123153110246,-149.48284802538151,-142.22962374936228,0.905368,1.0665276998284376,0.457364,0.09592660638294244,4.055036356696229,9.833300933984855,0.905368,0.542636,0.81142,0.514024,0.092552
E4_interaction,MSOG,same_indication,0.25,15.0,1.0,0.1,0.0,0.5,250000,32.197442828373326,1.5828394015878924,183.36077707815156,791.4197007939462,-1084.5952474360138,-820.1931097617875,-1322.5438408415832,0.49356,1028.4223599213221,0.03130760676074423,-51.96303638823995,1.8587178927023968,-55.60612345793665,-48.31994931854325,0.905368,1.0665276998284376,0.457364,0.09592660638294244,4.055036356696229,9.833300933984855,0.905368,0.542636,0.81128,0.5063,0.0611
E4_interaction,MSOG,same_indication,0.25,15.0,1.0,0.2,0.0,0.5,250000,126.09064232750532,1.619252313989131,268.1832173769241,809.6261569945656,-1007.1575540738271,-760.589774214128,-1230.1520970155862,0.469676,934.5291604221902,0.1349242459920048,41.93016311089209,1.8708570656824508,38.26328326215449,45.59704295962969,0.905368,1.0665276998284376,0.457364,0.09592660638294244,4.055036356696229,9.833300933984855,0.905368,0.542636,0.783088,0.500364,0.035928
E4_interaction,MSOG,same_indication,0.25,15.0,1.0,0.3,0.0,0.5,250000,219.9838418266373,1.6591181261744792,345.62091073911085,829.5590630872396,-929.7198607116404,-713.9730533344037,-1118.21053188961,0.46388,840.6359609230583,0.2616874034095384,135.82336261002405,1.8866577672904485,132.12551338613477,139.52121183391333,0.905368,1.0665276998284376,0.457364,0.09592660638294244,4.055036356696229,9.833300933984855,0.905368,0.542636,0.777524,0.476896,0.026024
E4_interaction,MSOG,same_indication,0.25,18.0,1.0,0.0,0.0,0.0,250000,712.6628347379265,3.669689823617261,544.9820270516723,1834.8449118086305,-1175.82010020594,-900.9664062064918,-1387.3064556554593,0.467988,1122.3155594204543,0.6349932768515961,210.60628024705287,3.448753389406055,203.846723603817,217.36583689028873,0.905368,1.0665276998284376,0.457364,0.09592660638294244,4.055036356696229,12.833300933984855,0.905368,0.542636,0.469472,0.457364,0.092552
E4_interaction,MSOG,same_indication,0.25,18.0,1.0,0.1,0.0,0.0,250000,806.5560342370584,3.720978687016087,651.277664891355,1860.4893435080435,-1084.5952474360138,-820.1931097617875,-1322.5438408415832,0.459668,1028.4223599213221,0.7842653618487668,304.4994797461848,3.4867164711034393,297.6655154628221,311.33344402954754,0.905368,1.0665276998284376,0.457364,0.09592660638294244,4.055036356696229,12.833300933984855,0.905368,0.542636,0.462904,0.457364,0.0611
E4_interaction,MSOG,same_indication,0.25,18.0,1.0,0.2,0.0,0.0,250000,900.4492337361904,3.7734385899332414,728.7153582535417,1886.7192949666207,-1007.1575540738271,-760.589774214128,-1230.1520970155862,0.458616,934.5291604221902,0.9635325165556058,398.39267924531686,3.5262701220822272,391.4811898060357,405.30416868459804,0.905368,1.0665276998284376,0.457364,0.09592660638294244,4.055036356696229,12.833300933984855,0.905368,0.542636,0.461976,0.457364,0.035928
E4_interaction,MSOG,same_indication,0.25,18.0,1.0,0.3,0.0,0.0,250000,994.3424332353225,3.8270213756743363,806.1530516157284,1913.5106878371682,-929.7198607116404,-713.9730533344037,-1118.21053188961,0.457592,840.6359609230583,1.1828454639788275,492.2858787444489,3.567361435713672,485.2938503304501,499.2779071584477,0.905368,1.0665276998284376,0.457364,0.09592660638294244,4.055036356696229,12.833300933984855,0.905368,0.542636,0.45858,0.457364,0.026024
E4_interaction,MSOG,same_indication,0.25,18.0,1.0,0.0,0.0,0.1,250000,624.4763546679801,3.345519952488814,544.9820270516723,1672.759976244407,-1175.82010020594,-900.9664062064918,-1387.3064556554593,0.467988,1122.3155594204543,0.556417800168831,122.41980017710641,3.2133319767835444,116.12166950261066,128.71793085160215,0.905368,1.0665276998284376,0.457364,0.09592660638294244,4.055036356696229,12.833300933984855,0.905368,0.542636,0.469472,0.457364,0.092552
E4_interaction,MSOG,same_indication,0.25,18.0,1.0,0.1,0.0,0.1,250000,718.3695541671121,3.395958016881483,651.277664891355,1697.9790084407416,-1084.5952474360138,-820.1931097617875,-1322.5438408415832,0.459668,1028.4223599213221,0.6985160787656055,216.3129996762384,3.2480397648730976,209.94684173708714,222.67915761538967,0.905368,1.0665276998284376,0.457364,0.09592660638294244,4.055036356696229,12.833300933984855,0.905368,0.542636,0.462904,0.457364,0.0611
E4_interaction,MSOG,same_indication,0.25,18.0,1.0,0.2,0.0,0.1,250000,812.2627536662441,3.447702911714407,728.7153582535417,1723.8514558572035,-1007.1575540738271,-760.589774214128,-1230.1520970155862,0.458616,934.5291604221902,0.8691679062205934,310.2061991753704,3.28452731005173,303.768525647669,316.6438727030718,0.905368,1.0665276998284376,0.457364,0.09592660638294244,4.055036356696229,12.833300933984855,0.905368,0.542636,0.461976,0.457364,0.035928
E4_interaction,MSOG,same_indication,0.25,18.0,1.0,0.3,0.0,0.1,250000,906.155953165376,3.500696687456356,806.1530516157284,1750.348343728178,-929.7198607116404,-713.9730533344037,-1118.21053188961,0.457592,840.6359609230583,1.0779409819327426,404.0993986745024,3.3227359813647452,397.5868361510275,410.61196119797734,0.905368,1.0665276998284376,0.457364,0.09592660638294244,4.055036356696229,12.833300933984855,0.905368,0.542636,0.45858,0.457364,0.026024
E4_interaction,MSOG,same_indication,0.25,18.0,1.0,0.0,0.0,0.25,250000,492.19663456306034,2.8776849027501017,544.9820270516723,1438.8424513750508,-1175.82010020594,-900.9664062064918,-1387.3064556554593,0.467988,1122.3155594204543,0.43855458514468315,-9.85991992781324,2.9107820584412663,-15.565052762358121,-4.154787093268357,0.905368,1.0665276998284376,0.457364,0.09592660638294244,4.055036356696229,12.833300933984855,0.905368,0.542636,0.469472,0.457364,0.092552
E4_interaction,MSOG,same_indication,0.25,18.0,1.0,0.1,0.0,0.25,250000,586.0898340621923,2.92618346448342,651.277664891355,1463.0917322417101,-1084.5952474360138,-820.1931097617875,-1322.5438408415832,0.459668,1028.4223599213221,0.569892154140863,84.03327957131873,2.9391094367682684,78.27262507525292,89.79393406738454,0.905368,1.0665276998284376,0.457364,0.09592660638294244,4.055036356696229,12.833300933984855,0.905368,0.542636,0.462904,0.457364,0.0611
E4_interaction,MSOG,same_indication,0.25,18.0,1.0,0.2,0.0,0.25,250000,679.9830335613243,2.9762604642769497,728.7153582535417,1488.1302321384749,-1007.1575540738271,-760.589774214128,-1230.1520970155862,0.458616,934.5291604221902,0.7276209907180744,177.9264790704507,2.9695410059398952,172.10617869880852,183.7467794420929,0.905368,1.0665276998284376,0.457364,0.09592660638294244,4.055036356696229,12.833300933984855,0.905368,0.542636,0.461976,0.457364,0.035928
E4_interaction,MSOG,same_indication,0.25,18.0,1.0,0.3,0.0,0.25,250000,773.8762330604562,3.027837586417312,806.1530516157284,1513.9187932086559,-929.7198607116404,-713.9730533344037,-1118.21053188961,0.457592,840.6359609230583,0.9205842588636147,271.8196785695827,3.0020127757420143,265.93573352912836,277.7036236100371,0.905368,1.0665276998284376,0.457364,0.09592660638294244,4.055036356696229,12.833300933984855,0.905368,0.542636,0.45858,0.457364,0.026024
E4_interaction,MSOG,same_indication,0.25,18.0,1.0,0.0,0.0,0.5,250000,271.7304343881942,2.182048991082763,540.4839407039925,1091.0244955413814,-1175.82010020594,-900.9664062064918,-1387.3064556554593,0.467988,1122.3155594204543,0.24211589343777026,-230.32612010267937,2.5917609543630866,-235.40597157323103,-225.2462686321277,0.905368,1.0665276998284376,0.457364,0.09592660638294244,4.055036356696229,12.833300933984855,0.905368,0.542636,0.469472,0.457364,0.092552
E4_interaction,MSOG,same_indication,0.25,18.0,1.0,0.1,0.0,0.5,250000,365.62363388732626,2.223788962203491,651.277664891355,1111.8944811017454,-1084.5952474360138,-820.1931097617875,-1322.5438408415832,0.459668,1028.4223599213221,0.35551894643295945,-136.43292060354742,2.6048718230942223,-141.5384693768121,-131.32737183028274,0.905368,1.0665276998284376,0.457364,0.09592660638294244,4.055036356696229,12.833300933984855,0.905368,0.542636,0.462904,0.457364,0.0611
E4_interaction,MSOG,same_indication,0.25,18.0,1.0,0.2,0.0,0.5,250000,459.51683338645813,2.2678699946100034,728.7153582535417,1133.9349973050016,-1007.1575540738271,-760.589774214128,-1230.1520970155862,0.458616,934.5291604221902,0.49170946488054285,-42.53972110441537,2.620608135536654,-47.676113050067215,-37.403329158763526,0.905368,1.0665276998284376,0.457364,0.09592660638294244,4.055036356696229,12.833300933984855,0.905368,0.542636,0.461976,0.457364,0.035928
E4_interaction,MSOG,same_indication,0.25,18.0,1.0,0.3,0.0,0.5,250000,553.4100328855902,2.314158311695246,806.1530516157284,1157.079155847623,-929.7198607116404,-713.9730533344037,-1118.21053188961,0.457592,840.6359609230583,0.6583230537484022,51.3534783947166,2.6389229243070167,46.18118946307485,56.525767326358356,0.905368,1.0665276998284376,0.457364,0.09592660638294244,4.055036356696229,12.833300933984855,0.905368,0.542636,0.45858,0.457364,0.026024
E4_interaction,MSOG,same_indication,0.25,12.0,1.5,0.0,0.0,0.0,250000,-144.36979913569127,1.751520668189174,-506.8836164082814,875.7603340945869,-1190.266435314048,-998.2532563681384,-1404.7568402515888,0.651904,1134.1003683271576,-0.12729896150959052,327.689397837736,1.6119762000324367,324.52992448567244,330.8488711897996,0.905368,1.0665276998284376,0.457364,0.09592660638294244,4.055036356696229,7.249951400977282,0.905368,0.542636,0.912108,0.789388,0.09278
E4_interaction,MSOG,same_indication,0.25,12.0,1.5,0.1,0.0,0.0,250000,-49.29811874588894,1.7922139424571586,-428.72360629068925,896.1069712285793,-1091.0960982346623,-837.5301594803758,-1336.5278366383002,0.571492,1039.0286879373552,-0.047446349959551076,422.76107822753835,1.6523117260005609,419.52254724457725,425.99960921049944,0.905368,1.0665276998284376,0.457364,0.09592660638294244,4.055036356696229,7.249951400977282,0.905368,0.542636,0.866532,0.771956,0.0611
E4_interaction,MSOG,same_indication,0.25,12.0,1.5,0.2,0.0,0.0,250000,45.77356164391342,1.8360413606060388,-350.5635961730971,918.0206803030194,-1012.9360881170703,-790.9134386006514,-1241.5794191858536,0.56858,943.9570075475531,0.0484911508447142,517.8327586173407,1.696057696000095,514.5084855331805,521.1570317015008,0.905368,1.0665276998284376,0.457364,0.09592660638294244,4.055036356696229,7.249951400977282,0.905368,0.542636,0.866532,0.771544,0.035928
E4_interaction,MSOG,same_indication,0.25,12.0,1.5,0.3,0.0,0.0,250000,140.84524203371572,1.8827840656986077,-227.4221109805793,941.3920328493039,-934.7760779994783,-713.9730533344037,-1126.5036884606727,0.545572,848.8853271577506,0.16591786608598322,612.904439007143,1.7429573357709047,609.488242629032,616.3206353852539,0.905368,1.0665276998284376,0.457364,0.09592660638294244,4.055036356696229,7.249951400977282,0.905368,0.542636,0.84572,0.763568,0.026024
E4_interaction,MSOG,same_indication,0.25,12.0,1.5,0.0,0.0,0.1,250000,-198.79557279969347,1.5625782378223507,-506.8836164082814,781.2891189111754,-1190.266435314048,-998.2532563681384,-1404.7568402515888,0.664184,1134.1003683271576,-0.17528922338057673,273.26362417373383,1.4437325265759193,270.433908421645,276.09333992582265,0.905368,1.0665276998284376,0.457364,0.09592660638294244,4.055036356696229,7.249951400977282,0.905368,0.542636,0.9186,0.79524,0.09278
E4_interaction,MSOG,same_indication,0.25,12.0,1.5,0.1,0.0,0.1,250000,-103.72389240989118,1.6001960276942853,-428.72360629068925,800.0980138471426,-1091.0960982346623,-837.5301594803758,-1336.5278366383002,0.573192,1039.0286879373552,-0.09982774644634727,368.33530456353617,1.4801353965059445,365.4342391863845,371.23636994068784,0.905368,1.0665276998284376,0.457364,0.09592660638294244,4.055036356696229,7.249951400977282,0.905368,0.542636,0.9169,0.79524,0.0611
E4_interaction,MSOG,same_indication,0.25,12.0,1.5,0.2,0.0,0.1,250000,-8.652212020088816,1.6414672712714673,-350.5635961730971,820.7336356357337,-1012.9360881170703,-790.9134386006514,-1241.5794191858536,0.571364,943.9570075475531,-0.009165896275898932,463.4069849533385,1.520542295880188,460.42672205341336,466.38724785326366,0.905368,1.0665276998284376,0.457364,0.09592660638294244,4.055036356696229,7.249951400977282,0.905368,0.542636,0.912336,0.789388,0.035928
E4_interaction,MSOG,same_indication,0.25,12.0,1.5,0.3,0.0,0.1,250000,86.41946836971351,1.6861237131766122,-227.4221109805793,843.0618565883061,-934.7760779994783,-713.9730533344037,-1126.5036884606727,0.545572,848.8853271577506,0.10180346579798281,558.4786653431408,1.5646430433187108,555.4119649782361,561.5453657080456,0.905368,1.0665276998284376,0.457364,0.09592660638294244,4.055036356696229,7.249951400977282,0.905368,0.542636,0.912108,0.773856,0.026024
E4_interaction,MSOG,same_indication,0.25,12.0,1.5,0.0,0.0,0.25,250000,-280.43423329569686,1.3028701802516904,-506.8836164082814,651.4350901258452,-1190.266435314048,-998.2532563681384,-1404.7568402515888,0.66594,1134.1003683271576,-0.2472746161870561,191.6249636777305,1.2281241494517308,189.21784034480513,194.03208701065589,0.905368,1.0665276998284376,0.457364,0.09592660638294244,4.055036356696229,7.249951400977282,0.905368,0.542636,0.960152,0.868848,0.09278
E4_interaction,MSOG,same_indication,0.25,12.0,1.5,0.1,0.0,0.25,250000,-185.36255290589452,1.3336427198671,-428.72360629068925,666.82135993355,-1091.0960982346623,-837.5301594803758,-1336.5278366383002,0.58716,1039.0286879373552,-0.17839984117654153,286.6966440675328,1.25573951522437,284.23539461769303,289.1578935173726,0.905368,1.0665276998284376,0.457364,0.09592660638294244,4.055036356696229,7.249951400977282,0.905368,0.542636,0.95906,0.83594,0.0611
E4_interaction,MSOG,same_indication,0.25,12.0,1.5,0.2,0.0,0.25,250000,-90.29087251609214,1.3691406062907567,-350.5635961730971,684.5703031453784,-1012.9360881170703,-790.9134386006514,-1241.5794191858536,0.57474,943.9570075475531,-0.0956514669568186,381.76832445733515,1.288520636854372,379.24282400910056,384.29382490556975,0.905368,1.0665276998284376,0.457364,0.09592660638294244,4.055036356696229,7.249951400977282,0.905368,0.542636,0.948744,0.83358,0.035928
E4_interaction,MSOG,same_indication,0.25,12.0,1.5,0.3,0.0,0.25,250000,4.780807873710178,1.409006739944202,-227.57504116690012,704.5033699721009,-934.7760779994783,-713.9730533344037,-1126.5036884606727,0.548584,848.8853271577506,0.005631865365982169,476.8400048471375,1.3260844735451505,474.240879278989,479.439130415286,0.905368,1.0665276998284376,0.457364,0.09592660638294244,4.055036356696229,7.249951400977282,0.905368,0.542636,0.946684,0.81944,0.026024
E4_interaction,MSOG,same_indication,0.25,12.0,1.5,0.0,0.0,0.5,250000,-416.4986674557024,0.9886284077197199,-559.4006505566923,494.31420385985996,-1190.266435314048,-1012.2270296756258,-1404.3143873148113,0.773324,1134.1003683271576,-0.3672502708645216,55.560529517724945,1.0336246658861197,53.53462517258815,57.58643386286174,0.905368,1.0665276998284376,0.457364,0.09592660638294244,4.055036356696229,7.249951400977282,0.905368,0.542636,1.0,1.0,0.09278
E4_interaction,MSOG,same_indication,0.25,12.0,1.5,0.1,0.0,0.5,250000,-321.42698706590005,0.9977195795599754,-487.69403371024634,498.8597897799877,-1091.0960982346623,-837.5301594803758,-1336.4814025494318,0.650116,1039.0286879373552,-0.30935333239353197,150.63220990752725,1.0362908794248136,148.60107978385463,152.66334003119988,0.905368,1.0665276998284376,0.457364,0.09592660638294244,4.055036356696229,7.249951400977282,0.905368,0.542636,1.0,0.999232,0.0611
E4_interaction,MSOG,same_indication,0.25,12.0,1.5,0.2,0.0,0.5,250000,-226.35530667609768,1.0140579313818816,-350.5635961730971,507.0289656909408,-1012.9360881170703,-790.9134386006514,-1241.5794191858536,0.628888,943.9570075475531,-0.2397940847583514,245.70389029732965,1.0460537851870602,243.65362487836302,247.75415571629628,0.905368,1.0665276998284376,0.457364,0.09592660638294244,4.055036356696229,7.249951400977282,0.905368,0.542636,1.0,0.994592,0.035928
E4_interaction,MSOG,same_indication,0.25,12.0,1.5,0.3,0.0,0.5,250000,-131.28362628629534,1.037301072415299,-227.57504116690012,518.6505362076495,-934.7760779994783,-713.9730533344037,-1126.5036884606727,0.571308,848.8853271577506,-0.15465413535401887,340.775570687132,1.062717814898932,338.6926437699301,342.85849760433393,0.905368,1.0665276998284376,0.457364,0.09592660638294244,4.055036356696229,7.249951400977282,0.905368,0.542636,1.0,0.990332,0.026024
E4_interaction,MSOG,same_indication,0.25,15.0,1.5,0.0,0.0,0.0,250000,410.59206614480144,2.9949469967636424,106.08466309849669,1497.4734983818212,-1190.266435314048,-909.8176432046507,-1404.6036365647828,0.491392,1134.1003683271576,0.36204208870017457,326.4315869281882,2.7546128894789,321.03254566480956,331.83062819156686,0.905368,1.0665276998284376,0.457364,0.09592660638294244,4.055036356696229,10.249951400977283,0.905368,0.542636,0.759644,0.5063,0.092552
E4_interaction,MSOG,same_indication,0.25,15.0,1.5,0.1,0.0,0.0,250000,505.6637465346038,3.045463833521356,184.24467321608884,1522.7319167606781,-1091.0960982346623,-828.1592230601304,-1337.2475049179102,0.475588,1039.0286879373552,0.4866696679361476,421.50326731799055,2.7963912609435413,416.0223404465412,426.9841941894399,0.905368,1.0665276998284376,0.457364,0.09592660638294244,4.055036356696229,10.249951400977283,0.905368,0.542636,0.759644,0.490496,0.0611
E4_interaction,MSOG,same_indication,0.25,15.0,1.5,0.2,0.0,0.0,250000,600.735426924406,3.097547950722295,262.40468333368096,1548.7739753611477,-1012.9360881170703,-760.589774214128,-1243.2585119546407,0.468512,943.9570075475531,0.6364012578127327,516.5749477077928,2.840163181148891,511.00822787274103,522.1416675428446,0.905368,1.0665276998284376,0.457364,0.09592660638294244,4.055036356696229,10.249951400977283,0.905368,0.542636,0.759644,0.486412,0.035928
E4_interaction,MSOG,same_indication,0.25,15.0,1.5,0.3,0.0,0.0,250000,695.8071073142083,3.151121633741777,385.54616852619876,1575.5608168708886,-934.7760779994783,-713.9730533344037,-1129.6625530963995,0.462792,848.8853271577506,0.8196714974965101,611.6466280975952,2.8858379380520365,605.9903857390133,617.3028704561772,0.905368,1.0665276998284376,0.457364,0.09592660638294244,4.055036356696229,10.249951400977283,0.905368,0.542636,0.759644,0.472456,0.026024
E4_interaction,MSOG,same_indication,0.25,15.0,1.5,0.0,0.0,0.1,250000,333.931971484594,2.7146278857352746,106.08466309849669,1357.3139428676373,-1190.266435314048,-909.8176432046507,-1404.6036365647828,0.491392,1134.1003683271576,0.29444657704957516,249.7714922679807,2.530951607805622,244.81082711668168,254.73215741927973,0.905368,1.0665276998284376,0.457364,0.09592660638294244,4.055036356696229,10.249951400977283,0.905368,0.542636,0.759644,0.5063,0.092552
E4_interaction,MSOG,same_indication,0.25,15.0,1.5,0.1,0.0,0.1,250000,429.00365187439627,2.763903187733321,184.24467321608884,1381.9515938666605,-1091.0960982346623,-828.1592230601304,-1337.2475049179102,0.475588,1039.0286879373552,0.4128891308343371,344.84317265778304,2.569521702523602,339.8069101208368,349.8794351947293,0.905368,1.0665276998284376,0.457364,0.09592660638294244,4.055036356696229,10.249951400977283,0.905368,0.542636,0.759644,0.490496,0.0611
E4_interaction,MSOG,same_indication,0.25,15.0,1.5,0.2,0.0,0.1,250000,524.0753322641986,2.814947246785901,262.40468333368096,1407.4736233929505,-1012.9360881170703,-760.589774214128,-1243.2585119546407,0.468512,943.9570075475531,0.5551898318184767,439.9148530475854,2.6103598250624342,434.79854779046303,445.03115830470773,0.905368,1.0665276998284376,0.457364,0.09592660638294244,4.055036356696229,10.249951400977283,0.905368,0.542636,0.759644,0.486412,0.035928
E4_interaction,MSOG,same_indication,0.25,15.0,1.5,0.3,0.0,0.1,250000,619.147012654001,2.867665613541247,385.54616852619876,1433.8328067706234,-934.7760779994783,-713.9730533344037,-1129.6625530963995,0.462792,848.8853271577506,0.7293647243580442,534.9865334373877,2.6533612552259886,529.7859453771448,540.1871214976306,0.905368,1.0665276998284376,0.457364,0.09592660638294244,4.055036356696229,10.249951400977283,0.905368,0.542636,0.759644,0.472456,0.026024
E4_interaction,MSOG,same_indication,0.25,15.0,1.5,0.0,0.0,0.25,250000,218.94182949428273,2.3131040669387883,106.08466309849669,1156.5520334693942,-1190.266435314048,-909.8176432046507,-1404.6036365647828,0.491392,1134.1003683271576,0.193053309573676,134.78135027766945,2.2392972437586076,130.39232767990256,139.17037287543633,0.905368,1.0665276998284376,0.457364,0.09592660638294244,4.055036356696229,10.249951400977283,0.905368,0.542636,0.759644,0.5063,0.092552
E4_interaction,MSOG,same_indication,0.25,15.0,1.5,0.1,0.0,0.25,250000,314.01350988408507,2.359582046797977,184.24467321608884,1179.7910233989885,-1091.0960982346623,-828.1592230601304,-1337.2475049179102,0.475588,1039.0286879373552,0.3022183251816214,229.85303066747178,2.271210827405185,225.40145744575761,234.30460388918596,0.905368,1.0665276998284376,0.457364,0.09592660638294244,4.055036356696229,10.249951400977283,0.905368,0.542636,0.759644,0.490496,0.0611
E4_interaction,MSOG,same_indication,0.25,15.0,1.5,0.2,0.0,0.25,250000,409.0851902738874,2.408239054688749,262.40468333368096,1204.1195273443745,-1012.9360881170703,-760.589774214128,-1243.2585119546407,0.468512,943.9570075475531,0.4333726928270928,324.9247110572742,2.305895920681256,320.4051550527389,329.44426706180946,0.905368,1.0665276998284376,0.457364,0.09592660638294244,4.055036356696229,10.249951400977283,0.905368,0.542636,0.759644,0.486412,0.035928
E4_interaction,MSOG,same_indication,0.25,15.0,1.5,0.3,0.0,0.25,250000,504.15687066368974,2.4589457398159995,385.54616852619876,1229.4728699079997,-934.7760779994783,-713.9730533344037,-1129.6625530963995,0.462792,848.8853271577506,0.5939045646503452,419.9963914470765,2.3432294529944415,415.40366171920743,424.5891211749456,0.905368,1.0665276998284376,0.457364,0.09592660638294244,4.055036356696229,10.249951400977283,0.905368,0.542636,0.759644,0.472456,0.026024
E4_interaction,MSOG,same_indication,0.25,15.0,1.5,0.0,0.0,0.5,250000,27.29159284376404,1.733357339828669,106.08466309849669,866.6786699143345,-1190.266435314048,-909.8176432046507,-1404.6036365647828,0.493744,1134.1003683271576,0.024064530447177445,-56.86888637284923,1.9272639811168715,-60.6463237758383,-53.09144896986017,0.905368,1.0665276998284376,0.457364,0.09592660638294244,4.055036356696229,10.249951400977283,0.905368,0.542636,0.778916,0.5063,0.092552
E4_interaction,MSOG,same_indication,0.25,15.0,1.5,0.1,0.0,0.5,250000,122.36327323356636,1.770237058091379,184.24467321608884,885.1185290456896,-1091.0960982346623,-828.1592230601304,-1337.2475049179102,0.476236,1039.0286879373552,0.11776698242709525,38.202794016953085,1.9417331157364637,34.396997110109616,42.008590923796554,0.905368,1.0665276998284376,0.457364,0.09592660638294244,4.055036356696229,10.249951400977283,0.905368,0.542636,0.777804,0.490496,0.0611
E4_interaction,MSOG,same_indication,0.25,15.0,1.5,0.2,0.0,0.5,250000,217.4349536233687,1.8104589788272987,262.40468333368096,905.2294894136494,-1012.9360881170703,-760.589774214128,-1243.2585119546407,0.468512,943.9570075475531,0.2303441278414527,133.27447440675547,1.959877401895098,129.43311469904108,137.11583411446986,0.905368,1.0665276998284376,0.457364,0.09592660638294244,4.055036356696229,10.249951400977283,0.905368,0.542636,0.765088,0.486412,0.035928
E4_interaction,MSOG,same_indication,0.25,15.0,1.5,0.3,0.0,0.5,250000,312.506634013171,1.8538055680321521,385.39323833987794,926.9027840160761,-934.7760779994783,-713.9730533344037,-1129.6625530963995,0.462792,848.8853271577506,0.36813763180418013,228.34615479655778,1.9815958886828529,224.46222685473938,232.23008273837618,0.905368,1.0665276998284376,0.457364,0.09592660638294244,4.055036356696229,10.249951400977283,0.905368,0.542636,0.76326,0.472456,0.026024
E4_interaction,MSOG,same_indication,0.25,18.0,1.5,0.0,0.0,0.0,250000,827.5431294659829,3.956422390576601,566.6168039751144,1978.2111952883006,-1190.266435314048,-909.8176432046507,-1404.7599923034627,0.46292,1134.1003683271576,0.7296912624114931,325.4865749751092,3.663025538428716,318.3070449197889,332.6661050304295,0.905368,1.0665276998284376,0.457364,0.09592660638294244,4.055036356696229,13.249951400977283,0.905368,0.542636,0.464276,0.457364,0.092552
E4_interaction,MSOG,same_indication,0.25,18.0,1.5,0.1,0.0,0.0,250000,922.6148098557851,4.009904536551179,644.7768140927066,2004.9522682755896,-1091.0960982346623,-828.1592230601304,-1337.2624643492923,0.459704,1039.0286879373552,0.8879589375797977,420.55825536491153,3.704724506387232,413.29699533239256,427.8195153974305,0.905368,1.0665276998284376,0.457364,0.09592660638294244,4.055036356696229,13.249951400977283,0.905368,0.542636,0.46174,0.457364,0.0611
E4_interaction,MSOG,same_indication,0.25,18.0,1.5,0.2,0.0,0.0,250000,1017.6864902455876,4.064505080538816,722.9368242102987,2032.2525402694082,-1012.9360881170703,-760.589774214128,-1243.2585119546407,0.45858,943.9570075475531,1.0781068227774349,515.629935754714,3.747935717050856,508.2839817492943,522.9758897601337,0.905368,1.0665276998284376,0.457364,0.09592660638294244,4.055036356696229,13.249951400977283,0.905368,0.542636,0.461704,0.457364,0.035928
E4_interaction,MSOG,same_indication,0.25,18.0,1.5,0.3,0.0,0.0,250000,1112.75817063539,4.120179559809528,846.0783094028163,2060.089779904764,-934.7760779994783,-713.9730533344037,-1129.6625530963995,0.457592,848.8853271577506,1.3108462769183937,610.7016161445164,3.79260748139577,603.2681054809807,618.1351268080521,0.905368,1.0665276998284376,0.457364,0.09592660638294244,4.055036356696229,13.249951400977283,0.905368,0.542636,0.45858,0.457364,0.026024
E4_interaction,MSOG,same_indication,0.25,18.0,1.5,0.0,0.0,0.1,250000,734.1780603533297,3.6118782836823295,566.6168039751144,1805.9391418411649,-1190.266435314048,-909.8176432046507,-1404.7599923034627,0.46292,1134.1003683271576,0.6473660364260978,232.12150586245602,3.3996726641848674,225.45814744065368,238.78486428425836,0.905368,1.0665276998284376,0.457364,0.09592660638294244,4.055036356696229,13.249951400977283,0.905368,0.542636,0.464276,0.457364,0.092552
E4_interaction,MSOG,same_indication,0.25,18.0,1.5,0.1,0.0,0.1,250000,829.249740743132,3.664567408179338,644.7768140927066,1832.2837040896688,-1091.0960982346623,-828.1592230601304,-1337.2624643492923,0.459704,1039.0286879373552,0.7981009094073529,327.1931862522584,3.4383622685818485,320.45399620583794,333.93237629867883,0.905368,1.0665276998284376,0.457364,0.09592660638294244,4.055036356696229,13.249951400977283,0.905368,0.542636,0.46174,0.457364,0.0611
E4_interaction,MSOG,same_indication,0.25,18.0,1.5,0.2,0.0,0.1,250000,924.3214211329343,3.718501679429324,722.9368242102987,1859.250839714662,-1012.9360881170703,-760.589774214128,-1243.2585119546407,0.45858,943.9570075475531,0.9791986433093675,422.2648666420608,3.4787507605867756,415.4465151513107,429.0832181328109,0.905368,1.0665276998284376,0.457364,0.09592660638294244,4.055036356696229,13.249951400977283,0.905368,0.542636,0.461704,0.457364,0.035928
E4_interaction,MSOG,same_indication,0.25,18.0,1.5,0.3,0.0,0.1,250000,1019.3931015227366,3.773627709329769,846.0783094028163,1886.8138546648845,-934.7760779994783,-713.9730533344037,-1129.6625530963995,0.457592,848.8853271577506,1.20086078638664,517.336547031863,3.5207796745086273,510.4358188698261,524.2372751938999,0.905368,1.0665276998284376,0.457364,0.09592660638294244,4.055036356696229,13.249951400977283,0.905368,0.542636,0.45858,0.457364,0.026024
E4_interaction,MSOG,same_indication,0.25,18.0,1.5,0.0,0.0,0.25,250000,594.1304566843498,3.114164840155629,566.6168039751144,1557.0824200778145,-1190.266435314048,-909.8176432046507,-1404.7599923034627,0.46292,1134.1003683271576,0.523878197448005,92.07390219347629,3.054763399438393,86.08656593057704,98.06123845637553,0.905368,1.0665276998284376,0.457364,0.09592660638294244,4.055036356696229,13.249951400977283,0.905368,0.542636,0.464276,0.457364,0.092552
E4_interaction,MSOG,same_indication,0.25,18.0,1.5,0.1,0.0,0.25,250000,689.2021370741522,3.165029564577601,644.7768140927066,1582.5147822888007,-1091.0960982346623,-828.1592230601304,-1337.2624643492923,0.459704,1039.0286879373552,0.6633138671486859,187.14558258327864,3.087416433360493,181.09424637389208,193.1969187926652,0.905368,1.0665276998284376,0.457364,0.09592660638294244,4.055036356696229,13.249951400977283,0.905368,0.542636,0.46174,0.457364,0.0611
E4_interaction,MSOG,same_indication,0.25,18.0,1.5,0.2,0.0,0.25,250000,784.2738174639547,3.21739219485491,722.9368242102987,1608.6960974274548,-1012.9360881170703,-760.589774214128,-1243.2585119546407,0.45858,943.9570075475531,0.8308363741072666,282.217262973081,3.1221005648913214,276.097945865894,288.336580080268,0.905368,1.0665276998284376,0.457364,0.09592660638294244,4.055036356696229,13.249951400977283,0.905368,0.542636,0.461704,0.457364,0.035928
E4_interaction,MSOG,same_indication,0.25,18.0,1.5,0.3,0.0,0.25,250000,879.3454978537569,3.2711807996884796,846.0783094028163,1635.5903998442398,-934.7760779994783,-713.9730533344037,-1129.6625530963995,0.457592,848.8853271577506,1.0358825505890101,377.2889433628833,3.1587488883225983,371.097795541771,383.48009118399557,0.905368,1.0665276998284376,0.457364,0.09592660638294244,4.055036356696229,13.249951400977283,0.905368,0.542636,0.45858,0.457364,0.026024
E4_interaction,MSOG,same_indication,0.25,18.0,1.5,0.0,0.0,0.5,250000,360.71778390271686,2.3710814420888675,566.6168039751144,1185.5407210444337,-1190.266435314048,-909.8176432046507,-1404.7599923034627,0.46292,1134.1003683271576,0.31806513248451695,-141.3387705881567,2.66920639746477,-146.57041512718766,-136.10712604912575,0.905368,1.0665276998284376,0.457364,0.09592660638294244,4.055036356696229,13.249951400977283,0.905368,0.542636,0.464276,0.457364,0.092552
E4_interaction,MSOG,same_indication,0.25,18.0,1.5,0.1,0.0,0.5,250000,455.7894642925192,2.4155227035566975,644.7768140927066,1207.7613517783489,-1091.0960982346623,-828.1592230601304,-1337.2624643492923,0.459704,1039.0286879373552,0.43866879671757386,-46.267090198354396,2.6867372093477546,-51.533095128675996,-41.001085268032796,0.905368,1.0665276998284376,0.457364,0.09592660638294244,4.055036356696229,13.249951400977283,0.905368,0.542636,0.46174,0.457364,0.0611
E4_interaction,MSOG,same_indication,0.25,18.0,1.5,0.2,0.0,0.5,250000,550.8611446823215,2.462170496868922,722.9368242102987,1231.085248434461,-1012.9360881170703,-760.589774214128,-1243.2585119546407,0.45858,943.9570075475531,0.5835659254370981,48.80459019144802,2.706891532698517,43.49908278735893,54.11009759553711,0.905368,1.0665276998284376,0.457364,0.09592660638294244,4.055036356696229,13.249951400977283,0.905368,0.542636,0.461704,0.457364,0.035928
E4_interaction,MSOG,same_indication,0.25,18.0,1.5,0.3,0.0,0.5,250000,645.9328250721239,2.5109018455088825,846.0783094028163,1255.4509227544413,-934.7760779994783,-713.9730533344037,-1129.6625530963995,0.457592,848.8853271577506,0.7609188242596264,143.8762705812503,2.7296112553567693,138.52623252075105,149.22630864174957,0.905368,1.0665276998284376,0.457364,0.09592660638294244,4.055036356696229,13.249951400977283,0.905368,0.542636,0.45858,0.457364,0.026024
E4_interaction,MSOG,same_indication,0.4,12.0,0.0,0.0,0.0,0.0,100000,-473.1421227026661,1.7342029960386536,-559.4006505566923,548.4031392570107,-1399.464650083665,-1148.2457813904614,-1649.087345508731,0.84808,1100.2468799902279,-0.43003268748816487,-1.57303024296447,1.8835035921401075,-5.26469728355908,2.1186367976301406,0.90531,1.186000788312849,0.50584,0.16595663299984795,3.2790454738690276,6.0,0.90531,0.49416,0.97137,0.90657,0.09883
E4_interaction,MSOG,same_indication,0.4,12.0,0.0,0.1,0.0,0.0,100000,-381.4432732953087,1.765700919431672,-512.783929676968,558.3636572057544,-1229.0141701598823,-1042.7445474273602,-1506.7039933135752,0.82104,1008.5480305828705,-0.37821031991392723,90.12581916439296,1.9060516588096752,86.389957913126,93.86168041565993,0.90531,1.186000788312849,0.50584,0.16595663299984795,3.2790454738690276,6.0,0.90531,0.49416,0.96086,0.90514,0.06674
E4_interaction,MSOG,same_indication,0.4,12.0,0.0,0.2,0.0,0.0,100000,-289.7444238879512,1.807638839467778,-466.1672087972436,571.625591970165,-1058.5636902360993,-937.2433134642589,-1363.3749011104533,0.79453,916.8491811755131,-0.3160219039694874,181.82466857175044,1.9385816470181743,178.0250485435948,185.62428859990607,0.90531,1.186000788312849,0.50584,0.16595663299984795,3.2790454738690276,6.0,0.90531,0.49416,0.95639,0.89541,0.04529
E4_interaction,MSOG,same_indication,0.4,12.0,0.0,0.3,0.0,0.0,100000,-198.0455744805938,1.859310448171885,-419.55048791751926,587.965589357161,-941.2954141967891,-831.7420795011576,-1219.003477129685,0.6756,825.1503317681556,-0.2400115068198738,273.52351797910785,1.9806017797423174,269.64153849081293,277.40549746740277,0.90531,1.186000788312849,0.50584,0.16595663299984795,3.2790454738690276,6.0,0.90531,0.49416,0.95601,0.89084,0.03488
E4_interaction,MSOG,same_indication,0.4,12.0,0.0,0.0,0.0,0.1,100000,-518.030012664074,1.5225933251754182,-559.4006505566923,481.48628577237145,-1399.464650083665,-1148.2457813904614,-1649.087345508731,0.85293,1100.2468799902279,-0.4708307036223316,-46.46092020437233,1.737456529548962,-49.866335002288295,-43.05550540645636,0.90531,1.186000788312849,0.50584,0.16595663299984795,3.2790454738690276,6.0,0.90531,0.49416,0.98987,0.95639,0.09883
E4_interaction,MSOG,same_indication,0.4,12.0,0.0,0.1,0.0,0.1,100000,-426.3311632567166,1.5406490996794278,-512.783929676968,487.1960230074782,-1229.0141701598823,-1042.7445474273602,-1506.7039933135752,0.84808,1008.5480305828705,-0.42271775892549895,45.2379292029851,1.7462164372094988,41.815344986054484,48.660513419915716,0.90531,1.186000788312849,0.50584,0.16595663299984795,3.2790454738690276,6.0,0.90531,0.49416,0.98618,0.92636,0.06674
E4_interaction,MSOG,same_indication,0.4,12.0,0.0,0.2,0.0,0.1,100000,-334.6323138493591,1.5711548601189769,-466.1672087972436,496.8427914819216,-1058.5636902360993,-937.2433134642589,-1363.3749011104533,0.81786,916.8491811755131,-0.36498076316141703,136.9367786103426,1.7661843705420746,133.47505724408015,140.39849997660505,0.90531,1.186000788312849,0.50584,0.16595663299984795,3.2790454738690276,6.0,0.90531,0.49416,0.98618,0.92636,0.04529
E4_interaction,MSOG,same_indication,0.4,12.0,0.0,0.3,0.0,0.1,100000,-242.93346444200165,1.61340455939175,-419.55048791751926,510.2033194978339,-941.2954141967891,-831.7420795011576,-1219.003477129685,0.69338,825.1503317681556,-0.29441115768739606,228.63562801770001,1.7969867410673142,225.11353400520807,232.15772203019196,0.90531,1.186000788312849,0.50584,0.16595663299984795,3.2790454738690276,6.0,0.90531,0.49416,0.9812,0.90657,0.03488
E4_interaction,MSOG,same_indication,0.4,12.0,0.0,0.0,0.0,0.25,100000,-585.3618476061856,1.271063661547055,-559.4006505566923,401.94562215620743,-1399.464650083665,-1148.2457813904614,-1649.087345508731,0.97506,1100.2468799902279,-0.5320277278235814,-113.79275514648411,1.598929673879218,-116.92665730728739,-110.65885298568084,0.90531,1.186000788312849,0.50584,0.16595663299984795,3.2790454738690276,6.0,0.90531,0.49416,1.0,0.98987,0.09883
E4_interaction,MSOG,same_indication,0.4,12.0,0.0,0.1,0.0,0.25,100000,-493.66299819882835,1.2603635625376235,-512.783929676968,398.5619537502959,-1229.0141701598823,-1042.7445474273602,-1506.7039933135752,0.90158,1008.5480305828705,-0.48947891744285643,-22.093905739126665,1.5826234609384013,-25.195847722565933,-18.991963755687397,0.90531,1.186000788312849,0.50584,0.16595663299984795,3.2790454738690276,6.0,0.90531,0.49416,1.0,0.98987,0.06674
E4_interaction,MSOG,same_indication,0.4,12.0,0.0,0.2,0.0,0.25,100000,-401.9641487914709,1.2653254599105357,-466.1672087972436,400.13104347173675,-1058.5636902360993,-937.2433134642589,-1363.3749011104533,0.86585,916.8491811755131,-0.4384190519493114,69.6049436682308,1.5787452827710804,66.51060291399949,72.69928442246211,0.90531,1.186000788312849,0.50584,0.16595663299984795,3.2790454738690276,6.0,0.90531,0.49416,1.0,0.98618,0.04529
E4_interaction,MSOG,same_indication,0.4,12.0,0.0,0.3,0.0,0.25,100000,-310.2652993841134,1.2857680431871223,-419.55048791751926,406.59555591290496,-941.2954141967891,-831.7420795011576,-1219.003477129685,0.72644,825.1503317681556,-0.37601063398867945,161.30379307558826,1.5873862316050842,158.1925160616423,164.41507008953423,0.90531,1.186000788312849,0.50584,0.16595663299984795,3.2790454738690276,6.0,0.90531,0.49416,1.0,0.97137,0.03488
E4_interaction,MSOG,same_indication,0.4,12.0,0.0,0.0,0.0,0.5,100000,-697.5815725097054,1.1520857662230684,-559.4006505566923,364.3215081125179,-1442.6683468073456,-1148.2457813904614,-1646.6287447606228,1.0,1100.2468799902279,-0.6340227681589983,-226.01248005000375,1.633744901510251,-229.21462005696384,-222.81034004304365,0.90531,1.186000788312849,0.50584,0.16595663299984795,3.2790454738690276,6.0,0.90531,0.49416,1.0,1.0,0.09901
E4_interaction,MSOG,same_indication,0.4,12.0,0.0,0.1,0.0,0.5,100000,-605.882723102348,1.0783732486739601,-512.783929676968,341.0115633604865,-1307.724856302556,-1070.035845375231,-1504.226540734367,1.0,1008.5480305828705,-0.6007475149717857,-134.3136306426463,1.5747752515729327,-137.40019013572925,-131.22707114956336,0.90531,1.186000788312849,0.50584,0.16595663299984795,3.2790454738690276,6.0,0.90531,0.49416,1.0,1.0,0.06674
E4_interaction,MSOG,same_indication,0.4,12.0,0.0,0.2,0.0,0.5,100000,-514.1838736949904,1.0188693958676072,-466.1672087972436,322.1947929181387,-1153.3524784427905,-937.2433134642589,-1366.9485159423994,1.0,916.8491811755131,-0.5608161999291352,-42.61478123528881,1.5265420119933166,-45.60680357879571,-39.622758891781906,0.90531,1.186000788312849,0.50584,0.16595663299984795,3.2790454738690276,6.0,0.90531,0.49416,1.0,1.0,0.04529
E4_interaction,MSOG,same_indication,0.4,12.0,0.0,0.3,0.0,0.5,100000,-422.48502428763305,0.976175988166975,-419.55048791751926,308.6939519773218,-956.4921084159718,-831.7420795011576,-1219.04566471625,0.89885,825.1503317681556,-0.5120097611574852,49.08406817206861,1.4900881408335442,46.16349541603486,52.00464092810236,0.90531,1.186000788312849,0.50584,0.16595663299984795,3.2790454738690276,6.0,0.90531,0.49416,1.0,1.0,0.03488
E4_interaction,MSOG,same_indication,0.4,15.0,0.0,0.0,0.0,0.0,100000,81.78419041761515,3.816460089158013,-559.4006505566923,1206.8706480868607,-1178.5694457769846,-884.1468803601001,-1587.431825439819,0.57166,1100.2468799902279,0.07433258108247627,-3.601955248131899,4.046845833629071,-11.533773082044878,4.329862585781081,0.90531,1.186000788312849,0.50584,0.16595663299984795,3.2790454738690276,9.0,0.90531,0.49416,0.75849,0.63764,0.0954
E4_interaction,MSOG,same_indication,0.4,15.0,0.0,0.1,0.0,0.0,100000,173.4830398249726,3.8922076190654766,-512.783929676968,1230.8241202507916,-1072.1868039690485,-837.5301594803758,-1394.3050384216538,0.57166,1008.5480305828705,0.1720126702589578,88.09689415922553,4.100910434009422,80.05910970856706,96.13467860988399,0.90531,1.186000788312849,0.50584,0.16595663299984795,3.2790454738690276,9.0,0.90531,0.49416,0.75849,0.63764,0.06674
E4_interaction,MSOG,same_indication,0.4,15.0,0.0,0.2,0.0,0.0,100000,265.18188923233004,3.971499895422995,-466.1672087972436,1255.8985396657192,-996.1278265476358,-760.589774214128,-1279.1672627200462,0.53701,916.8491811755131,0.28923174571889165,179.795743566583,4.159037184978259,171.64403068402564,187.9474564491404,0.90531,1.186000788312849,0.50584,0.16595663299984795,3.2790454738690276,9.0,0.90531,0.49416,0.75849,0.59964,0.04529
E4_interaction,MSOG,same_indication,0.4,15.0,0.0,0.3,0.0,0.0,100000,356.8807386396874,4.054128934855986,-419.55048791751926,1282.0281362137312,-920.068849126223,-713.9730533344037,-1157.7788509493064,0.53084,825.1503317681556,0.4325039025009579,271.4945929739404,4.221058274408749,263.22131875609927,279.7678671917816,0.90531,1.186000788312849,0.50584,0.16595663299984795,3.2790454738690276,9.0,0.90531,0.49416,0.75849,0.57498,0.03488
E4_interaction,MSOG,same_indication,0.4,15.0,0.0,0.0,0.0,0.1,100000,11.694109644286115,3.4035395236664368,-559.4006505566923,1076.29370011905,-1178.5694457769846,-884.1468803601001,-1587.431825439819,0.57211,1100.2468799902279,0.01062862331805929,-73.69203602146092,3.7521722170824083,-81.04629356694244,-66.3377784759794,0.90531,1.186000788312849,0.50584,0.16595663299984795,3.2790454738690276,9.0,0.90531,0.49416,0.76259,0.63764,0.0954
E4_interaction,MSOG,same_indication,0.4,15.0,0.0,0.1,0.0,0.1,100000,103.39295905164356,3.4759491872863406,-512.783929676968,1099.191646283603,-1072.1868039690485,-837.5301594803758,-1394.3050384216538,0.57166,1008.5480305828705,0.10251664364650004,18.006813385896507,3.79914864922566,10.560482033414214,25.4531447383788,0.90531,1.186000788312849,0.50584,0.16595663299984795,3.2790454738690276,9.0,0.90531,0.49416,0.75849,0.63764,0.06674
E4_interaction,MSOG,same_indication,0.4,15.0,0.0,0.2,0.0,0.1,100000,195.09180845900104,3.5524615335977594,-466.1672087972436,1123.3869746303697,-996.1278265476358,-760.589774214128,-1279.1672627200462,0.53701,916.8491811755131,0.21278506047076295,109.70566279325396,3.8506990667720777,102.15829262238069,117.25303296412724,0.90531,1.186000788312849,0.50584,0.16595663299984795,3.2790454738690276,9.0,0.90531,0.49416,0.75849,0.59964,0.04529
E4_interaction,MSOG,same_indication,0.4,15.0,0.0,0.3,0.0,0.1,100000,286.79065786635846,3.632817346694584,-419.55048791751926,1148.797713892445,-920.068849126223,-713.9730533344037,-1157.7788509493064,0.53084,825.1503317681556,0.34756170703078465,201.40451220061146,3.906642404728606,193.7474930873434,209.06153131387953,0.90531,1.186000788312849,0.50584,0.16595663299984795,3.2790454738690276,9.0,0.90531,0.49416,0.75849,0.57498,0.03488
E4_interaction,MSOG,same_indication,0.4,15.0,0.0,0.0,0.0,0.25,100000,-93.44101151570739,2.8141307269708458,-559.4006505566923,889.9062730693307,-1178.5694457769846,-884.1468803601001,-1587.431825439819,0.57576,1100.2468799902279,-0.08492731332856614,-178.82715718145445,3.3821190116046917,-185.45611044419965,-172.19820391870925,0.90531,1.186000788312849,0.50584,0.16595663299984795,3.2790454738690276,9.0,0.90531,0.49416,0.79434,0.63764,0.0954
E4_interaction,MSOG,same_indication,0.4,15.0,0.0,0.1,0.0,0.25,100000,-1.7421621083499776,2.8790304966100955,-512.783929676968,910.429382237358,-1072.1868039690485,-837.5301594803758,-1394.3050384216538,0.57576,1008.5480305828705,-0.00172739627218659,-87.12830777409704,3.4153779453258797,-93.82244854693576,-80.43416700125832,0.90531,1.186000788312849,0.50584,0.16595663299984795,3.2790454738690276,9.0,0.90531,0.49416,0.7736,0.63764,0.06674
E4_interaction,MSOG,same_indication,0.4,15.0,0.0,0.2,0.0,0.25,100000,89.95668729900747,2.9492236578460167,-466.1672087972436,932.6264088046531,-996.1278265476358,-760.589774214128,-1279.1672627200462,0.53701,916.8491811755131,0.09811503259856977,4.570541633260441,3.4540559841781833,-2.1994080957287983,11.34049136224968,0.90531,1.186000788312849,0.50584,0.16595663299984795,3.2790454738690276,9.0,0.90531,0.49416,0.76502,0.59964,0.04529
E4_interaction,MSOG,same_indication,0.4,15.0,0.0,0.3,0.0,0.25,100000,181.65553670636493,3.0243416637748557,-419.55048791751926,956.3808080071694,-920.068849126223,-713.9730533344037,-1157.7788509493064,0.53084,825.1503317681556,0.2201484138255247,96.2693910406179,3.497973371241405,89.41336323298475,103.12541884825106,0.90531,1.186000788312849,0.50584,0.16595663299984795,3.2790454738690276,9.0,0.90531,0.49416,0.76259,0.57498,0.03488
E4_interaction,MSOG,same_indication,0.4,15.0,0.0,0.0,0.0,0.5,100000,-268.66621344903,1.990953464410661,-559.4006505566923,629.5947662940674,-1178.5694457769846,-884.1468803601001,-1587.431825439819,0.61208,1100.2468799902279,-0.2441872077396086,-354.05235911477706,3.0316821450766747,-359.99445611912734,-348.1102621104268,0.90531,1.186000788312849,0.50584,0.16595663299984795,3.2790454738690276,9.0,0.90531,0.49416,0.92636,0.65275,0.0954
E4_interaction,MSOG,same_indication,0.4,15.0,0.0,0.1,0.0,0.5,100000,-176.96736404167257,2.0295203530717494,-512.783929676968,641.7906873375836,-1072.1868039690485,-837.5301594803758,-1394.3050384216538,0.59134,1008.5480305828705,-0.175467462803331,-262.3535097074197,3.0336028816724503,-268.29937135549767,-256.4076480593417,0.90531,1.186000788312849,0.50584,0.16595663299984795,3.2790454738690276,9.0,0.90531,0.49416,0.90657,0.65132,0.06674
E4_interaction,MSOG,same_indication,0.4,15.0,0.0,0.2,0.0,0.5,100000,-85.26851463431511,2.0769277217260833,-466.1672087972436,656.7822136198802,-996.1278265476358,-760.589774214128,-1279.1672627200462,0.54354,916.8491811755131,-0.09300168052175213,-170.65466030006215,3.042041253872839,-176.6170611576529,-164.6922594424714,0.90531,1.186000788312849,0.50584,0.16595663299984795,3.2790454738690276,9.0,0.90531,0.49416,0.90514,0.60374,0.04529
E4_interaction,MSOG,same_indication,0.4,15.0,0.0,0.3,0.0,0.5,100000,6.430334773042349,2.132586080484039,-419.55048791751926,674.3829320700722,-920.068849126223,-713.9730533344037,-1157.7788509493064,0.53494,825.1503317681556,0.0077929251500914315,-78.95581089270469,3.0569432884002334,-84.94741973796914,-72.96420204744024,0.90531,1.186000788312849,0.50584,0.16595663299984795,3.2790454738690276,9.0,0.90531,0.49416,0.89541,0.57506,0.03488
E4_interaction,MSOG,same_indication,0.4,18.0,0.0,0.0,0.0,0.0,100000,498.7085428746258,5.495721385327431,-559.4006505566923,1737.8996963330553,-1178.5694457769846,-884.1468803601001,-1587.6515734329168,0.53624,1100.2468799902279,0.45326967242029825,-5.126316634433514,5.7795394661176385,-16.454213988024087,6.201580719157058,0.90531,1.186000788312849,0.50584,0.16595663299984795,3.2790454738690276,12.0,0.90531,0.49416,0.54295,0.50584,0.0954
E4_interaction,MSOG,same_indication,0.4,18.0,0.0,0.1,0.0,0.0,100000,590.4073922819832,5.580568384372676,-512.783929676968,1764.7306732943662,-1072.1868039690485,-807.2064950938525,-1394.3050384216538,0.51765,1008.5480305828705,0.5854033465721695,86.5725327729239,5.8404059781210105,75.12533705580672,98.01972849004109,0.90531,1.186000788312849,0.50584,0.16595663299984795,3.2790454738690276,12.0,0.90531,0.49416,0.53624,0.50584,0.06674
E4_interaction,MSOG,same_indication,0.4,18.0,0.0,0.2,0.0,0.0,100000,682.1062416893408,5.667640794178177,-466.1672087972436,1792.2653869288622,-996.1278265476358,-760.589774214128,-1279.1672627200462,0.50994,916.8491811755131,0.7439677710294695,178.2713821802814,5.9040008697314805,166.6995404756077,189.84322388495508,0.90531,1.186000788312849,0.50584,0.16595663299984795,3.2790454738690276,12.0,0.90531,0.49416,0.53171,0.50584,0.04529
E4_interaction,MSOG,same_indication,0.4,18.0,0.0,0.3,0.0,0.0,100000,773.8050910966982,5.756837637337322,-419.55048791751926,1820.4719053768329,-920.068849126223,-713.9730533344037,-1157.7788509493064,0.50716,825.1503317681556,0.9377746833580817,269.9702315876388,5.970236953586238,258.26856715860976,281.67189601666786,0.90531,1.186000788312849,0.50584,0.16595663299984795,3.2790454738690276,12.0,0.90531,0.49416,0.51765,0.50584,0.03488
E4_interaction,MSOG,same_indication,0.4,18.0,0.0,0.0,0.0,0.1,100000,409.6836831291546,4.959656471914081,-559.4006505566923,1568.381086324342,-1178.5694457769846,-884.1468803601001,-1587.6515734329168,0.53624,1100.2468799902279,0.3723561416804866,-94.15117637990471,5.392490791846958,-104.72045833192475,-83.58189442788468,0.90531,1.186000788312849,0.50584,0.16595663299984795,3.2790454738690276,12.0,0.90531,0.49416,0.54295,0.50584,0.0954
E4_interaction,MSOG,same_indication,0.4,18.0,0.0,0.1,0.0,0.1,100000,501.3825325365121,5.042721507856495,-512.783929676968,1594.6485570745199,-1072.1868039690485,-807.2064950938525,-1394.3050384216538,0.51765,1008.5480305828705,0.4971330242415405,-2.4523269725472785,5.4476857864509,-13.129791113991043,8.225137168896484,0.90531,1.186000788312849,0.50584,0.16595663299984795,3.2790454738690276,12.0,0.90531,0.49416,0.53624,0.50584,0.06674
E4_interaction,MSOG,same_indication,0.4,18.0,0.0,0.2,0.0,0.1,100000,593.0813819438695,5.1283044784661405,-466.1672087972436,1621.712268679493,-996.1278265476358,-760.589774214128,-1279.1672627200462,0.50994,916.8491811755131,0.6468690752207101,89.24652243481022,5.5059261389254255,78.45490720251638,100.03813766710405,0.90531,1.186000788312849,0.50584,0.16595663299984795,3.2790454738690276,12.0,0.90531,0.49416,0.53171,0.50584,0.04529
E4_interaction,MSOG,same_indication,0.4,18.0,0.0,0.3,0.0,0.1,100000,684.7802313512269,5.2162814507627395,-419.55048791751926,1649.5330300897717,-920.068849126223,-713.9730533344037,-1157.7788509493064,0.50716,825.1503317681556,0.8298854220707399,180.94537184216767,5.567116273113349,170.0338239468655,191.85691973746984,0.90531,1.186000788312849,0.50584,0.16595663299984795,3.2790454738690276,12.0,0.90531,0.49416,0.51765,0.50584,0.03488
E4_interaction,MSOG,same_indication,0.4,18.0,0.0,0.0,0.0,0.25,100000,276.1463935109479,4.182494102489058,-559.4006505566923,1322.6207664087146,-1178.5694457769846,-884.1468803601001,-1587.6515734329168,0.53624,1100.2468799902279,0.25098584557076914,-227.68846599811144,4.888249597385974,-237.26943520898794,-218.10749678723494,0.90531,1.186000788312849,0.50584,0.16595663299984795,3.2790454738690276,12.0,0.90531,0.49416,0.54295,0.50584,0.0954
E4_interaction,MSOG,same_indication,0.4,18.0,0.0,0.1,0.0,0.25,100000,367.8452429183053,4.2615363089010465,-512.783929676968,1347.6161067634193,-1072.1868039690485,-807.2064950938525,-1394.3050384216538,0.51765,1008.5480305828705,0.36472754074559677,-135.98961659075397,4.932534290039553,-145.6573837992315,-126.32184938227644,0.90531,1.186000788312849,0.50584,0.16595663299984795,3.2790454738690276,12.0,0.90531,0.49416,0.53624,0.50584,0.06674
E4_interaction,MSOG,same_indication,0.4,18.0,0.0,0.2,0.0,0.25,100000,459.5440923256628,4.34370178977175,-466.1672087972436,1373.5991132228612,-996.1278265476358,-760.589774214128,-1279.1672627200462,0.50994,916.8491811755131,0.5012210315075714,-44.29076718339648,4.980403964554084,-54.052358953922486,-34.52917541287048,0.90531,1.186000788312849,0.50584,0.16595663299984795,3.2790454738690276,12.0,0.90531,0.49416,0.53171,0.50584,0.04529
E4_interaction,MSOG,same_indication,0.4,18.0,0.0,0.3,0.0,0.25,100000,551.2429417330203,4.428816715163183,-419.55048791751926,1400.514815934084,-920.068849126223,-713.9730533344037,-1157.7788509493064,0.50716,825.1503317681556,0.6680515301397276,47.40808222396096,5.031756304664825,37.5458398668179,57.27032458110402,0.90531,1.186000788312849,0.50584,0.16595663299984795,3.2790454738690276,12.0,0.90531,0.49416,0.51765,0.50584,0.03488
E4_interaction,MSOG,same_indication,0.4,18.0,0.0,0.0,0.0,0.5,100000,53.58424414727004,3.020637087020684,-559.4006505566923,955.2093179761598,-1178.5694457769846,-884.1468803601001,-1587.6515734329168,0.53642,1100.2468799902279,0.04870201872124006,-450.25061536178924,4.327537398358962,-458.7325886625728,-441.76864206100566,0.90531,1.186000788312849,0.50584,0.16595663299984795,3.2790454738690276,12.0,0.90531,0.49416,0.54295,0.50584,0.0954
E4_interaction,MSOG,same_indication,0.4,18.0,0.0,0.1,0.0,0.5,100000,145.2830935546275,3.0853408326184293,-512.783929676968,975.6704388994567,-1072.1868039690485,-807.2064950938525,-1394.3050384216538,0.51765,1008.5480305828705,0.14405173491902412,-358.5517659544319,4.346278313393991,-367.07047144868415,-350.0330604601797,0.90531,1.186000788312849,0.50584,0.16595663299984795,3.2790454738690276,12.0,0.90531,0.49416,0.53624,0.50584,0.06674
E4_interaction,MSOG,same_indication,0.4,18.0,0.0,0.2,0.0,0.5,100000,236.98194296198494,3.155000226151897,-466.1672087972436,997.6986732986329,-996.1278265476358,-760.589774214128,-1279.1672627200462,0.50994,916.8491811755131,0.2584742919856732,-266.8529165470744,4.369474699826116,-275.4170869587336,-258.28874613541524,0.90531,1.186000788312849,0.50584,0.16595663299984795,3.2790454738690276,12.0,0.90531,0.49416,0.53171,0.50584,0.04529
E4_interaction,MSOG,same_indication,0.4,18.0,0.0,0.3,0.0,0.5,100000,328.6807923693424,3.2292945874095493,-419.55048791751926,1021.1926131867882,-920.068849126223,-713.9730533344037,-1157.7788509493064,0.50716,825.1503317681556,0.39832837692137363,-175.15406713971697,4.397056044562122,-183.77229698705872,-166.53583729237522,0.90531,1.186000788312849,0.50584,0.16595663299984795,3.2790454738690276,12.0,0.90531,0.49416,0.51765,0.50584,0.03488
E4_interaction,MSOG,same_indication,0.4,12.0,0.5,0.0,0.0,0.0,100000,-368.9524051530256,2.123079533474949,-559.4006505566923,671.3766979468536,-1307.2645234489842,-1155.0320722624815,-1661.6331096994318,0.79872,1111.289065841299,-0.3320039911251273,102.61668730667606,2.1772840113366283,98.34921064445626,106.88416396889585,0.90531,1.186000788312849,0.50584,0.16595663299984795,3.2790454738690276,6.4169731915034625,0.90531,0.49416,0.94121,0.89158,0.09597
E4_interaction,MSOG,same_indication,0.4,12.0,0.5,0.1,0.0,0.0,100000,-276.14933716056106,2.172408272340567,-512.783929676968,686.975814838756,-1137.241484906165,-1054.9598709969964,-1514.9338405255096,0.68171,1018.4859978488342,-0.2711370973619882,195.41975529914058,2.2196706887858544,191.0692007491203,199.77030984916084,0.90531,1.186000788312849,0.50584,0.16595663299984795,3.2790454738690276,6.4169731915034625,0.90531,0.49416,0.94121,0.85215,0.06674
E4_interaction,MSOG,same_indication,0.4,12.0,0.5,0.2,0.0,0.0,100000,-183.3462691680965,2.229985770744587,-466.1672087972436,705.1834185318972,-1057.3235056457975,-948.101378859491,-1371.6693093982374,0.6798,925.6829298563698,-0.19806595028877194,288.2228232916052,2.27044006901836,283.7727607563292,292.6728858268812,0.90531,1.186000788312849,0.50584,0.16595663299984795,3.2790454738690276,6.4169731915034625,0.90531,0.49416,0.9164,0.85215,0.04529
E4_interaction,MSOG,same_indication,0.4,12.0,0.5,0.3,0.0,0.0,100000,-90.54320117563199,2.295191323926832,-419.55048791751926,725.8032249466108,-945.1414225060493,-841.2428867219858,-1225.5978435602265,0.66506,832.8798618639051,-0.10871099821408216,381.0258912840697,2.329044028581083,376.46096498805076,385.59081758008864,0.90531,1.186000788312849,0.50584,0.16595663299984795,3.2790454738690276,6.4169731915034625,0.90531,0.49416,0.9146,0.83309,0.03488
E4_interaction,MSOG,same_indication,0.4,12.0,0.5,0.0,0.0,0.1,100000,-419.2692050579834,1.8603472648589758,-559.4006505566923,588.2934595818887,-1307.2645234489842,-1155.0320722624815,-1661.6331096994318,0.81713,1111.289065841299,-0.37728185936984504,52.29988740171832,1.9682445503539017,48.44212808302468,56.15764672041197,0.90531,1.186000788312849,0.50584,0.16595663299984795,3.2790454738690276,6.4169731915034625,0.90531,0.49416,0.96767,0.90141,0.09597
E4_interaction,MSOG,same_indication,0.4,12.0,0.5,0.1,0.0,0.1,100000,-326.4661370655188,1.8997273503432073,-512.783929676968,600.7465360401193,-1137.241484906165,-1054.9598709969964,-1514.9338405255096,0.69784,1018.4859978488342,-0.3205406237837877,145.10295539418283,1.9991348063927583,141.184651173653,149.02125961471265,0.90531,1.186000788312849,0.50584,0.16595663299984795,3.2790454738690276,6.4169731915034625,0.90531,0.49416,0.95929,0.89684,0.06674
E4_interaction,MSOG,same_indication,0.4,12.0,0.5,0.2,0.0,0.1,100000,-233.66306907305426,1.94900587611527,-466.1672087972436,616.3297741576218,-1057.3235056457975,-948.101378859491,-1371.6693093982374,0.6808,925.6829298563698,-0.25242235925135803,237.90602338664743,2.0397747860928828,233.90806480590538,241.90398196738948,0.90531,1.186000788312849,0.50584,0.16595663299984795,3.2790454738690276,6.4169731915034625,0.90531,0.49416,0.95601,0.8932,0.04529
E4_interaction,MSOG,same_indication,0.4,12.0,0.5,0.3,0.0,0.1,100000,-140.8600010805897,2.0074540204791136,-419.55048791751926,634.8127002776298,-945.1414225060493,-841.2428867219858,-1225.5978435602265,0.67106,832.8798618639051,-0.16912403280511376,330.70909137911195,2.089595707677827,326.6134837920634,334.8046989661605,0.90531,1.186000788312849,0.50584,0.16595663299984795,3.2790454738690276,6.4169731915034625,0.90531,0.49416,0.95601,0.85215,0.03488
E4_interaction,MSOG,same_indication,0.4,12.0,0.5,0.0,0.0,0.25,100000,-494.74440491542,1.5202970609130506,-559.4006505566923,480.7601432544986,-1307.2645234489842,-1155.0320722624815,-1661.6331096994318,0.86276,1111.289065841299,-0.4451986617369216,-23.17531245571828,1.730430978947699,-26.56695717445577,-19.783667736980792,0.90531,1.186000788312849,0.50584,0.16595663299984795,3.2790454738690276,6.4169731915034625,0.90531,0.49416,0.99733,0.96767,0.09597
E4_interaction,MSOG,same_indication,0.4,12.0,0.5,0.1,0.0,0.25,100000,-401.94133692295543,1.5374156264474983,-512.783929676968,486.17350899086983,-1137.241484906165,-1054.9598709969964,-1514.9338405255096,0.74716,1018.4859978488342,-0.394645913416487,69.62775553674625,1.7381646447576287,66.2209528330213,73.0345582404712,0.90531,1.186000788312849,0.50584,0.16595663299984795,3.2790454738690276,6.4169731915034625,0.90531,0.49416,0.99566,0.94464,0.06674
E4_interaction,MSOG,same_indication,0.4,12.0,0.5,0.2,0.0,0.25,100000,-309.1382689304908,1.567666515297538,-466.1672087972436,495.73967999194156,-1057.3235056457975,-948.101378859491,-1371.6693093982374,0.71598,925.6829298563698,-0.33395697269523716,162.43082352921084,1.7577340900673835,158.98566471267878,165.8759823457429,0.90531,1.186000788312849,0.50584,0.16595663299984795,3.2790454738690276,6.4169731915034625,0.90531,0.49416,0.98938,0.94121,0.04529
E4_interaction,MSOG,same_indication,0.4,12.0,0.5,0.3,0.0,0.25,100000,-216.3352009380264,1.6103097955490975,-419.55048791751926,509.2246692415222,-945.1414225060493,-841.2428867219858,-1225.5978435602265,0.68889,832.8798618639051,-0.25974358469166126,255.23389152167533,1.7887508966316943,251.7279397642772,258.73984327907345,0.90531,1.186000788312849,0.50584,0.16595663299984795,3.2790454738690276,6.4169731915034625,0.90531,0.49416,0.9867,0.91687,0.03488
E4_interaction,MSOG,same_indication,0.4,12.0,0.5,0.0,0.0,0.5,100000,-620.5364046778143,1.231280129722644,-559.4006505566923,389.36496476311413,-1428.0898767027502,-1161.8183631345016,-1664.3793677431595,1.0,1111.289065841299,-0.5583933323487158,-148.9673122181126,1.6276142774779174,-152.15743620196932,-145.77718823425587,0.90531,1.186000788312849,0.50584,0.16595663299984795,3.2790454738690276,6.4169731915034625,0.90531,0.49416,1.0,1.0,0.09597
E4_interaction,MSOG,same_indication,0.4,12.0,0.5,0.1,0.0,0.5,100000,-527.7333366853497,1.186948639000221,-512.783929676968,375.34611648776615,-1229.185885789936,-1054.9598709969964,-1513.016885361276,0.89885,1018.4859978488342,-0.5181547294709858,-56.16424422564808,1.5863183332433803,-59.27342815880511,-53.055060292491056,0.90531,1.186000788312849,0.50584,0.16595663299984795,3.2790454738690276,6.4169731915034625,0.90531,0.49416,1.0,1.0,0.06674
E4_interaction,MSOG,same_indication,0.4,12.0,0.5,0.2,0.0,0.5,100000,-434.9302686928852,1.1589785265979788,-466.1672087972436,366.50119032756527,-1057.3235056457975,-948.101378859491,-1370.4474795537724,0.86016,925.6829298563698,-0.46984799510170244,36.63882376681649,1.5573282609116896,33.58646037542958,39.691187158203405,0.90531,1.186000788312849,0.50584,0.16595663299984795,3.2790454738690276,6.4169731915034625,0.90531,0.49416,1.0,1.0,0.04529
E4_interaction,MSOG,same_indication,0.4,12.0,0.5,0.3,0.0,0.5,100000,-342.1272007004206,1.1485657222475536,-419.55048791751926,363.20837246985985,-945.1414225060493,-841.2428867219858,-1225.5978435602265,0.81891,832.8798618639051,-0.41077617116924015,129.44189175928102,1.541338577276413,126.42086814781925,132.4629153707428,0.90531,1.186000788312849,0.50584,0.16595663299984795,3.2790454738690276,6.4169731915034625,0.90531,0.49416,1.0,1.0,0.03488
E4_interaction,MSOG,same_indication,0.4,15.0,0.5,0.0,0.0,0.0,100000,185.9739079672557,4.259179132784759,-559.4006505566923,1346.8707022260576,-1193.6220906520296,-892.4132343631248,-1623.0456942115488,0.57166,1111.289065841299,0.16734971456455802,100.58776230150865,4.374721071630048,92.01330900111375,109.16221560190354,0.90531,1.186000788312849,0.50584,0.16595663299984795,3.2790454738690276,9.416973191503462,0.90531,0.49416,0.75849,0.58254,0.0954
E4_interaction,MSOG,same_indication,0.4,15.0,0.5,0.1,0.0,0.0,100000,278.77697595972023,4.340303098850176,-512.783929676968,1372.5243527853502,-1083.5832257627715,-812.4952551027573,-1473.3482760096679,0.5421,1018.4859978488342,0.27371704328633967,193.39083029397315,4.437190412096296,184.6939370862644,202.0877235016819,0.90531,1.186000788312849,0.50584,0.16595663299984795,3.2790454738690276,9.416973191503462,0.90531,0.49416,0.75849,0.58254,0.06674
E4_interaction,MSOG,same_indication,0.4,15.0,0.5,0.2,0.0,0.0,100000,371.5800439521848,4.424640429949516,-466.1672087972436,1399.1941585907168,-1001.5568592452519,-760.589774214128,-1293.0719059015753,0.53191,925.6829298563698,0.4014117922751796,286.19389828643773,4.503412138762199,277.36721049446385,295.0205860784116,0.90531,1.186000788312849,0.50584,0.16595663299984795,3.2790454738690276,9.416973191503462,0.90531,0.49416,0.75849,0.56593,0.04529
E4_interaction,MSOG,same_indication,0.4,15.0,0.5,0.3,0.0,0.0,100000,464.3831119446493,4.5120109395385235,-419.55048791751926,1426.8231396538015,-924.819252736637,-713.9730533344037,-1169.9454137331443,0.52083,832.8798618639051,0.5575631411058547,378.9969662789023,4.573223247297054,370.03344871420006,387.9604838436045,0.90531,1.186000788312849,0.50584,0.16595663299984795,3.2790454738690276,9.416973191503462,0.90531,0.49416,0.75849,0.54396,0.03488
E4_interaction,MSOG,same_indication,0.4,15.0,0.5,0.0,0.0,0.1,100000,110.4549172503768,3.809956318223791,-559.4006505566923,1204.8139751336464,-1193.6220906520296,-892.4132343631248,-1623.0456942115488,0.57166,1111.289065841299,0.09939350673513299,25.068771584629744,4.031145220344208,17.167726952755096,32.96981621650439,0.90531,1.186000788312849,0.50584,0.16595663299984795,3.2790454738690276,9.416973191503462,0.90531,0.49416,0.75849,0.58254,0.0954
E4_interaction,MSOG,same_indication,0.4,15.0,0.5,0.1,0.0,0.1,100000,203.25798524284133,3.8881800691024466,-512.783929676968,1229.5504971234614,-1083.5832257627715,-812.4952551027573,-1473.3482760096679,0.5421,1018.4859978488342,0.19956875761880558,117.87183957709424,4.087194524902393,109.86093830828554,125.88274084590293,0.90531,1.186000788312849,0.50584,0.16595663299984795,3.2790454738690276,9.416973191503462,0.90531,0.49416,0.75849,0.58254,0.06674
E4_interaction,MSOG,same_indication,0.4,15.0,0.5,0.2,0.0,0.1,100000,296.06105323530585,3.9701019121017165,-466.1672087972436,1255.4564585231026,-1001.5568592452519,-760.589774214128,-1293.0719059015753,0.53191,925.6829298563698,0.3198298722881744,210.6749075695588,4.147502166484824,202.54580332324855,218.80401181586905,0.90531,1.186000788312849,0.50584,0.16595663299984795,3.2790454738690276,9.416973191503462,0.90531,0.49416,0.75849,0.56593,0.04529
E4_interaction,MSOG,same_indication,0.4,15.0,0.5,0.3,0.0,0.1,100000,388.86412122777045,4.0554977468737405,-419.55048791751926,1282.4609925802026,-924.819252736637,-713.9730533344037,-1169.9454137331443,0.52083,832.8798618639051,0.46689101157702373,303.47797556202335,4.211885230786401,295.222680509682,311.7332706143647,0.90531,1.186000788312849,0.50584,0.16595663299984795,3.2790454738690276,9.416973191503462,0.90531,0.49416,0.75849,0.54396,0.03488
E4_interaction,MSOG,same_indication,0.4,15.0,0.5,0.0,0.0,0.25,100000,-2.8235688249415922,3.1657001544761822,-559.4006505566923,1001.082287729162,-1193.6220906520296,-892.4132343631248,-1623.0456942115488,0.57371,1111.289065841299,-0.0025408050090045793,-88.20971449068863,3.586251903555394,-95.2387682216572,-81.18066075972006,0.90531,1.186000788312849,0.50584,0.16595663299984795,3.2790454738690276,9.416973191503462,0.90531,0.49416,0.76621,0.58254,0.0954
E4_interaction,MSOG,same_indication,0.4,15.0,0.5,0.1,0.0,0.25,100000,89.97949916752292,3.2373853753332873,-512.783929676968,1023.7511449772279,-1083.5832257627715,-812.4952551027573,-1473.3482760096679,0.5421,1018.4859978488342,0.08834632911750433,4.593353501775864,3.629470968339881,-2.5204095961703032,11.707116599722031,0.90531,1.186000788312849,0.50584,0.16595663299984795,3.2790454738690276,9.416973191503462,0.90531,0.49416,0.76054,0.58254,0.06674
E4_interaction,MSOG,same_indication,0.4,15.0,0.5,0.2,0.0,0.25,100000,182.7825671599875,3.3137981997262984,-466.1672087972436,1047.9150017300667,-1001.5568592452519,-760.589774214128,-1293.0719059015753,0.53191,925.6829298563698,0.1974569923076666,97.39642149424043,3.6778396028110665,90.18785587273074,104.60498711575012,0.90531,1.186000788312849,0.50584,0.16595663299984795,3.2790454738690276,9.416973191503462,0.90531,0.49416,0.75875,0.56593,0.04529
E4_interaction,MSOG,same_indication,0.4,15.0,0.5,0.3,0.0,0.25,100000,275.585635152452,3.3946193878419915,-419.55048791751926,1073.472905494719,-924.819252736637,-713.9730533344037,-1169.9454137331443,0.52083,832.8798618639051,0.3308828172837771,190.19948948670498,3.7311575439406157,182.88642070058137,197.51255827282858,0.90531,1.186000788312849,0.50584,0.16595663299984795,3.2790454738690276,9.416973191503462,0.90531,0.49416,0.75849,0.54396,0.03488
E4_interaction,MSOG,same_indication,0.4,15.0,0.5,0.0,0.0,0.5,100000,-191.62104561713886,2.246450788930788,-559.4006505566923,710.3901144503463,-1193.6220906520296,-892.4132343631248,-1623.0456942115488,0.58949,1111.289065841299,-0.17243132458256716,-277.0071912828859,3.1189828587347597,-283.120397686006,-270.8939848797658,0.90531,1.186000788312849,0.50584,0.16595663299984795,3.2790454738690276,9.416973191503462,0.90531,0.49416,0.90115,0.58673,0.0954
E4_interaction,MSOG,same_indication,0.4,15.0,0.5,0.1,0.0,0.5,100000,-98.81797762467437,2.294979355700416,-512.783929676968,725.7361947079046,-1083.5832257627715,-812.4952551027573,-1473.3482760096679,0.55138,1018.4859978488342,-0.097024385051331,-184.20412329042145,3.130701736509022,-190.34029869397912,-178.06794788686378,0.90531,1.186000788312849,0.50584,0.16595663299984795,3.2790454738690276,9.416973191503462,0.90531,0.49416,0.85672,0.58392,0.06674
E4_interaction,MSOG,same_indication,0.4,15.0,0.5,0.2,0.0,0.5,100000,-6.014909632209798,2.3513628343602155,-466.1672087972436,743.5662162047512,-1001.5568592452519,-760.589774214128,-1293.0719059015753,0.53601,925.6829298563698,-0.006497807659846422,-91.40105529795684,3.1489872169629467,-97.57307024320421,-85.22904035270948,0.90531,1.186000788312849,0.50584,0.16595663299984795,3.2790454738690276,9.416973191503462,0.90531,0.49416,0.83245,0.56593,0.04529
E4_interaction,MSOG,same_indication,0.4,15.0,0.5,0.3,0.0,0.5,100000,86.78815836025474,2.415051128702247,-419.55048791751926,763.7062232459546,-924.819252736637,-713.9730533344037,-1169.9454137331443,0.52083,832.8798618639051,0.10420249346169948,1.402012694507706,3.1737258013142147,-4.8184898760681545,7.6225152650835675,0.90531,1.186000788312849,0.50584,0.16595663299984795,3.2790454738690276,9.416973191503462,0.90531,0.49416,0.81329,0.54396,0.03488
E4_interaction,MSOG,same_indication,0.4,18.0,0.5,0.0,0.0,0.0,100000,602.8982604242663,5.944522334478805,-559.4006505566923,1879.823017869431,-1193.6220906520296,-892.4132343631248,-1623.0456942115488,0.52083,1111.289065841299,0.5425215445342688,99.06340091520701,6.11085461685589,87.08612586616947,111.04067596424456,0.90531,1.186000788312849,0.50584,0.16595663299984795,3.2790454738690276,12.416973191503462,0.90531,0.49416,0.53739,0.50584,0.0954
E4_interaction,MSOG,same_indication,0.4,18.0,0.5,0.1,0.0,0.0,100000,695.7013284167308,6.033233657296471,-512.783929676968,1907.8760013044598,-1083.5832257627715,-812.4952551027573,-1473.3482760096679,0.51659,1018.4859978488342,0.6830740234879382,191.8664689076715,6.177910137507774,179.75776503815626,203.97517277718674,0.90531,1.186000788312849,0.50584,0.16595663299984795,3.2790454738690276,12.416973191503462,0.90531,0.49416,0.52103,0.50584,0.06674
E4_interaction,MSOG,same_indication,0.4,18.0,0.5,0.2,0.0,0.0,100000,788.5043964091954,6.124055746126795,-466.1672087972436,1936.5964675602563,-1001.5568592452519,-760.589774214128,-1293.0719059015753,0.50962,925.6829298563698,0.851808293074542,284.6695369001361,6.24757481152565,272.42429026954585,296.91478353072637,0.90531,1.186000788312849,0.50584,0.16595663299984795,3.2790454738690276,12.416973191503462,0.90531,0.49416,0.51959,0.50584,0.04529
E4_interaction,MSOG,same_indication,0.4,18.0,0.5,0.3,0.0,0.0,100000,881.30746440166,6.216896093672339,-419.55048791751926,1965.9551632608104,-924.819252736637,-713.9730533344037,-1169.9454137331443,0.50641,832.8798618639051,1.058144763434883,377.4726048926006,6.31976235501101,365.085870676779,389.8593391084222,0.90531,1.186000788312849,0.50584,0.16595663299984795,3.2790454738690276,12.416973191503462,0.90531,0.49416,0.51064,0.50584,0.03488
E4_interaction,MSOG,same_indication,0.4,18.0,0.5,0.0,0.0,0.1,100000,508.44449073524527,5.373457334522569,-559.4006505566923,1699.2364086828647,-1193.6220906520296,-892.4132343631248,-1623.0456942115488,0.52083,1111.289065841299,0.4575267645149811,4.609631226185949,5.677948644798488,-6.519148117619086,15.738410569990986,0.90531,1.186000788312849,0.50584,0.16595663299984795,3.2790454738690276,12.416973191503462,0.90531,0.49416,0.53739,0.50584,0.0954
E4_interaction,MSOG,same_indication,0.4,18.0,0.5,0.1,0.0,0.1,100000,601.2475587277098,5.460530804698434,-512.783929676968,1726.7714576359124,-1083.5832257627715,-812.4952551027573,-1473.3482760096679,0.51659,1018.4859978488342,0.5903346339543376,97.41269921865046,5.739679494226998,86.16292740996555,108.66247102733537,0.90531,1.186000788312849,0.50584,0.16595663299984795,3.2790454738690276,12.416973191503462,0.90531,0.49416,0.52103,0.50584,0.06674
E4_interaction,MSOG,same_indication,0.4,18.0,0.5,0.2,0.0,0.1,100000,694.0506267201743,5.549985356007954,-466.1672087972436,1755.0594705565604,-1001.5568592452519,-760.589774214128,-1293.0719059015753,0.50962,925.6829298563698,0.7497714436927816,190.21576721111506,5.804337035325126,178.8392666218778,201.59226780035232,0.90531,1.186000788312849,0.50584,0.16595663299984795,3.2790454738690276,12.416973191503462,0.90531,0.49416,0.51959,0.50584,0.04529
E4_interaction,MSOG,same_indication,0.4,18.0,0.5,0.3,0.0,0.1,100000,786.8536947126388,5.641707726784597,-419.55048791751926,1784.0646309610265,-924.819252736637,-713.9730533344037,-1169.9454137331443,0.50641,832.8798618639051,0.9447385280173971,283.0188352035796,5.871824587175603,271.51005901271543,294.5276113944438,0.90531,1.186000788312849,0.50584,0.16595663299984795,3.2790454738690276,12.416973191503462,0.90531,0.49416,0.51064,0.50584,0.03488
E4_interaction,MSOG,same_indication,0.4,18.0,0.5,0.0,0.0,0.25,100000,366.76383620171373,4.544491293605513,-559.4006505566923,1437.0943294598414,-1193.6220906520296,-892.4132343631248,-1623.0456942115488,0.52083,1111.289065841299,0.3300345944860494,-137.0710233073456,5.104629887699538,-147.0760978872367,-127.0659487274545,0.90531,1.186000788312849,0.50584,0.16595663299984795,3.2790454738690276,12.416973191503462,0.90531,0.49416,0.53739,0.50584,0.0954
E4_interaction,MSOG,same_indication,0.4,18.0,0.5,0.1,0.0,0.25,100000,459.5669041941783,4.6278439480869755,-512.783929676968,1463.4527531780877,-1083.5832257627715,-812.4952551027573,-1473.3482760096679,0.51659,1018.4859978488342,0.4512255496539366,-44.26795531488105,5.155894851617815,-54.37350922405197,-34.16240140571013,0.90531,1.186000788312849,0.50584,0.16595663299984795,3.2790454738690276,12.416973191503462,0.90531,0.49416,0.52103,0.50584,0.06674
E4_interaction,MSOG,same_indication,0.4,18.0,0.5,0.2,0.0,0.25,100000,552.3699721866429,4.714134696606605,-466.1672087972436,1490.7402838103708,-1001.5568592452519,-760.589774214128,-1293.0719059015753,0.50962,925.6829298563698,0.5967161696201413,48.53511267758353,5.210647271807878,38.32224402484009,58.747981330326965,0.90531,1.186000788312849,0.50584,0.16595663299984795,3.2790454738690276,12.416973191503462,0.90531,0.49416,0.51959,0.50584,0.04529
E4_interaction,MSOG,same_indication,0.4,18.0,0.5,0.3,0.0,0.25,100000,645.1730401791074,4.803205191054338,-419.55048791751926,1518.9068472875927,-924.819252736637,-713.9730533344037,-1169.9454137331443,0.50641,832.8798618639051,0.7746291748911687,141.33818067004805,5.2687784258948245,131.0113749552942,151.6649863848019,0.90531,1.186000788312849,0.50584,0.16595663299984795,3.2790454738690276,12.416973191503462,0.90531,0.49416,0.51064,0.50584,0.03488
E4_interaction,MSOG,same_indication,0.4,18.0,0.5,0.0,0.0,0.5,100000,130.62941197916118,3.298255809542834,-559.4006505566923,1043.0000664037877,-1193.6220906520296,-892.4132343631248,-1623.0456942115488,0.52083,1111.289065841299,0.11754764443782993,-373.20544752989815,4.4365508412988595,-381.9010871788439,-364.5098078809524,0.90531,1.186000788312849,0.50584,0.16595663299984795,3.2790454738690276,12.416973191503462,0.90531,0.49416,0.53739,0.50584,0.0954
E4_interaction,MSOG,same_indication,0.4,18.0,0.5,0.1,0.0,0.5,100000,223.43247997162567,3.3682348176965498,-512.783929676968,1065.1293718203115,-1083.5832257627715,-812.4952551027573,-1473.3482760096679,0.51659,1018.4859978488342,0.21937707581993482,-280.40237953743366,4.4621704034858025,-289.14823352826585,-271.6565255466015,0.90531,1.186000788312849,0.50584,0.16595663299984795,3.2790454738690276,12.416973191503462,0.90531,0.49416,0.52103,0.50584,0.06674
E4_interaction,MSOG,same_indication,0.4,18.0,0.5,0.2,0.0,0.5,100000,316.23554796409024,3.442834301679308,-466.1672087972436,1088.719799986188,-1001.5568592452519,-760.589774214128,-1293.0719059015753,0.50962,925.6829298563698,0.3416240461657403,-187.59931154496908,4.49227491275587,-196.4041703739706,-178.79445271596757,0.90531,1.186000788312849,0.50584,0.16595663299984795,3.2790454738690276,12.416973191503462,0.90531,0.49416,0.51959,0.50584,0.04529
E4_interaction,MSOG,same_indication,0.4,18.0,0.5,0.3,0.0,0.5,100000,409.03861595655474,3.5217606548730807,-419.55048791751926,1113.6785043365105,-924.819252736637,-713.9730533344037,-1169.9454137331443,0.50641,832.8798618639051,0.4911135863474542,-94.79624355250455,4.526774890970716,-103.66872233880716,-85.92376476620194,0.90531,1.186000788312849,0.50584,0.16595663299984795,3.2790454738690276,12.416973191503462,0.90531,0.49416,0.51064,0.50584,0.03488
E4_interaction,MSOG,same_indication,0.4,12.0,1.0,0.0,0.0,0.0,100000,-259.50870020693736,2.561498110854353,-559.4006505566923,810.0168252518229,-1242.5321618562914,-1162.0329407982006,-1668.2499276128474,0.6798,1122.7016007733648,-0.2311466377425459,212.06039225276433,2.5440685288835714,207.07401793615253,217.04676656937613,0.90531,1.186000788312849,0.50584,0.16595663299984795,3.2790454738690276,6.833946383006926,0.90531,0.49416,0.90275,0.82662,0.09597
E4_interaction,MSOG,same_indication,0.4,12.0,1.0,0.1,0.0,0.0,100000,-165.5643787212662,2.6239469660352066,-512.783929676968,829.7648872159732,-1144.9393395651953,-1067.5614343612908,-1527.6711273453884,0.67303,1028.7572792876938,-0.16093628891345693,306.00471373843544,2.601891035406208,300.90500730903926,311.1044201678316,0.90531,1.186000788312849,0.50584,0.16595663299984795,3.2790454738690276,6.833946383006926,0.90531,0.49416,0.89894,0.79534,0.06674
E4_interaction,MSOG,same_indication,0.4,12.0,1.0,0.2,0.0,0.0,100000,-71.62005723559506,2.693064467701977,-466.1672087972436,851.621760360721,-1014.7095306699638,-959.3027685166418,-1368.6127198892116,0.62706,934.8129578020227,-0.07661431801714814,399.94903522410664,2.6666575855510923,394.7223863564265,405.17568409178676,0.90531,1.186000788312849,0.50584,0.16595663299984795,3.2790454738690276,6.833946383006926,0.90531,0.49416,0.8932,0.79343,0.04529
E4_interaction,MSOG,same_indication,0.4,12.0,1.0,0.3,0.0,0.0,100000,22.324264250076077,2.7683511720537037,-419.55048791751926,875.4295066886377,-929.7198607116404,-810.65234429541,-1180.6699581847256,0.60356,840.8686363163516,0.026549050928898293,493.8933567097777,2.737875423573138,488.52712087957434,499.2595925399811,0.90531,1.186000788312849,0.50584,0.16595663299984795,3.2790454738690276,6.833946383006926,0.90531,0.49416,0.89158,0.78604,0.03488
E4_interaction,MSOG,same_indication,0.4,12.0,1.0,0.0,0.0,0.1,100000,-315.5193888966091,2.251637721028814,-559.4006505566923,712.030366400186,-1242.5321618562914,-1162.0329407982006,-1668.2499276128474,0.68512,1122.7016007733648,-0.28103584129502074,156.04970356309255,2.2762900417649625,151.58817508123323,160.51123204495187,0.90531,1.186000788312849,0.50584,0.16595663299984795,3.2790454738690276,6.833946383006926,0.90531,0.49416,0.94121,0.85289,0.09597
E4_interaction,MSOG,same_indication,0.4,12.0,1.0,0.1,0.0,0.1,100000,-221.575067410938,2.306551560826357,-512.783929676968,729.3956472827697,-1144.9393395651953,-1067.5614343612908,-1527.6711273453884,0.6798,1028.7572792876938,-0.215381287570918,249.9940250487637,2.3249798283093632,245.43706458527734,254.55098551225004,0.90531,1.186000788312849,0.50584,0.16595663299984795,3.2790454738690276,6.833946383006926,0.90531,0.49416,0.93125,0.82762,0.06674
E4_interaction,MSOG,same_indication,0.4,12.0,1.0,0.2,0.0,0.1,100000,-127.63074592526684,2.3694221271693654,-466.1672087972436,749.2770660256325,-1014.7095306699638,-959.3027685166418,-1368.6127198892116,0.62757,934.8129578020227,-0.1365307838964475,343.93834653443486,2.381856311331806,339.2699081642245,348.6067849046452,0.90531,1.186000788312849,0.50584,0.16595663299984795,3.2790454738690276,6.833946383006926,0.90531,0.49416,0.91185,0.82662,0.04529
E4_interaction,MSOG,same_indication,0.4,12.0,1.0,0.3,0.0,0.1,100000,-33.6864244395957,2.439634351428039,-419.55048791751926,771.4801208500262,-929.7198607116404,-810.65234429541,-1180.6699581847256,0.60757,840.8686363163516,-0.04006145904926128,437.88266802010594,2.446348546629342,433.0878248687124,442.6775111714995,0.90531,1.186000788312849,0.50584,0.16595663299984795,3.2790454738690276,6.833946383006926,0.90531,0.49416,0.91098,0.81474,0.03488
E4_interaction,MSOG,same_indication,0.4,12.0,1.0,0.0,0.0,0.25,100000,-399.53542193111673,1.8328442104175846,-559.4006505566923,579.5962301172481,-1242.5321618562914,-1162.0329407982006,-1668.2499276128474,0.71598,1122.7016007733648,-0.35586964662373305,72.03367052858486,1.9421275850827686,68.22710046182264,75.84024059534708,0.90531,1.186000788312849,0.50584,0.16595663299984795,3.2790454738690276,6.833946383006926,0.90531,0.49416,0.9812,0.9164,0.09597
E4_interaction,MSOG,same_indication,0.4,12.0,1.0,0.1,0.0,0.25,100000,-305.59110044544565,1.8706548122664233,-512.783929676968,591.5529922716585,-1144.9393395651953,-1067.5614343612908,-1527.6711273453884,0.69854,1028.7572792876938,-0.29704878555710956,165.97799201425602,1.9711971630331961,162.11444557471094,169.8415384538011,0.90531,1.186000788312849,0.50584,0.16595663299984795,3.2790454738690276,6.833946383006926,0.90531,0.49416,0.9778,0.91098,0.06674
E4_interaction,MSOG,same_indication,0.4,12.0,1.0,0.2,0.0,0.25,100000,-211.64677895977454,1.91912855005297,-466.1672087972436,606.8817340823841,-1014.7095306699638,-959.3027685166418,-1368.6127198892116,0.64416,934.8129578020227,-0.2264054827153965,259.9223134999272,2.0107337944987735,255.98127526270963,263.8633517371448,0.90531,1.186000788312849,0.50584,0.16595663299984795,3.2790454738690276,6.833946383006926,0.90531,0.49416,0.96767,0.89964,0.04529
E4_interaction,MSOG,same_indication,0.4,12.0,1.0,0.3,0.0,0.25,100000,-117.70245747410334,1.9774814271137722,-419.55048791751926,625.3345340359767,-929.7198607116404,-810.65234429541,-1180.6699581847256,0.61299,840.8686363163516,-0.13997722401650062,353.86663498559835,2.0601349390531114,349.82877050505425,357.90449946614245,0.90531,1.186000788312849,0.50584,0.16595663299984795,3.2790454738690276,6.833946383006926,0.90531,0.49416,0.9661,0.85487,0.03488
E4_interaction,MSOG,same_indication,0.4,12.0,1.0,0.0,0.0,0.5,100000,-539.5621436552962,1.3829372832862485,-559.4006505566923,437.32316763500535,-1306.3335708014738,-1162.0329407982006,-1670.3398048777924,0.86016,1122.7016007733648,-0.4805926555049202,-67.99305119559456,1.6812455906006378,-71.28829255317181,-64.6978098380173,0.90531,1.186000788312849,0.50584,0.16595663299984795,3.2790454738690276,6.833946383006926,0.90531,0.49416,1.0,1.0,0.09597
E4_interaction,MSOG,same_indication,0.4,12.0,1.0,0.1,0.0,0.5,100000,-445.6178221696251,1.3670235823996384,-512.783929676968,432.2908135545725,-1144.9393395651953,-1067.5614343612908,-1526.7433019265504,0.81891,1028.7572792876938,-0.4331612822007622,25.951270290076582,1.6602866779758567,22.697108401243902,29.205432178909263,0.90531,1.186000788312849,0.50584,0.16595663299984795,3.2790454738690276,6.833946383006926,0.90531,0.49416,1.0,1.0,0.06674
E4_interaction,MSOG,same_indication,0.4,12.0,1.0,0.2,0.0,0.5,100000,-351.673500683954,1.3669911697406647,-466.1672087972436,432.2805637718345,-1014.7095306699638,-959.3027685166418,-1368.6127198892116,0.72468,934.8129578020227,-0.37619664741364484,119.89559177574776,1.6523287833215101,116.6570273604376,123.13415619105793,0.90531,1.186000788312849,0.50584,0.16595663299984795,3.2790454738690276,6.833946383006926,0.90531,0.49416,1.0,1.0,0.04529
E4_interaction,MSOG,same_indication,0.4,12.0,1.0,0.3,0.0,0.5,100000,-257.7291791982828,1.3828411620427625,-419.55048791751926,437.292771428911,-929.7198607116404,-810.65234429541,-1180.6699581847256,0.68098,840.8686363163516,-0.3065034989618996,213.83991326141887,1.6575591697734342,210.59109728866295,217.0887292341748,0.90531,1.186000788312849,0.50584,0.16595663299984795,3.2790454738690276,6.833946383006926,0.90531,0.49416,1.0,1.0,0.03488
E4_interaction,MSOG,same_indication,0.4,15.0,1.0,0.0,0.0,0.0,100000,295.417612913344,4.729972103228148,-559.4006505566923,1495.7485115258016,-1209.1761310311156,-900.9664062064918,-1644.1806627571884,0.5421,1122.7016007733648,0.2631310160329759,210.0314672475969,4.745099101356725,200.73107300893773,219.3318614862561,0.90531,1.186000788312849,0.50584,0.16595663299984795,3.2790454738690276,9.833946383006925,0.90531,0.49416,0.75849,0.55854,0.0954
E4_interaction,MSOG,same_indication,0.4,15.0,1.0,0.1,0.0,0.0,100000,389.36193439901507,4.816084834732478,-512.783929676968,1522.9797482350239,-1097.5818621039489,-820.1931097617875,-1491.9498899213072,0.5421,1028.7572792876938,0.37847793861405993,303.975788733268,4.815285836985996,294.5378284927755,313.41374897376056,0.90531,1.186000788312849,0.50584,0.16595663299984795,3.2790454738690276,9.833946383006925,0.90531,0.49416,0.75849,0.55298,0.06674
E4_interaction,MSOG,same_indication,0.4,15.0,1.0,0.2,0.0,0.0,100000,483.30625588468627,4.905138490536473,-466.1672087972436,1551.1409868655535,-1007.1575540738271,-760.589774214128,-1301.3442028677634,0.52198,934.8129578020227,0.5170085115433779,397.92011021893916,4.888932740388036,388.3378020477786,407.5024183900997,0.90531,1.186000788312849,0.50584,0.16595663299984795,3.2790454738690276,9.833946383006925,0.90531,0.49416,0.75849,0.54758,0.04529
E4_interaction,MSOG,same_indication,0.4,15.0,1.0,0.3,0.0,0.0,100000,577.2505773703574,4.996975837976737,-419.55048791751926,1580.1825060835004,-929.7198607116404,-713.9730533344037,-1182.5000102950473,0.51542,840.8686363163516,0.686493171988382,491.8644317046103,4.9658858651983575,482.13129540882153,501.59756800039906,0.90531,1.186000788312849,0.50584,0.16595663299984795,3.2790454738690276,9.833946383006925,0.90531,0.49416,0.75849,0.52749,0.03488
E4_interaction,MSOG,same_indication,0.4,15.0,1.0,0.0,0.0,0.1,100000,214.20473341175102,4.24296426393592,-559.4006505566923,1341.7431104737332,-1209.1761310311156,-900.9664062064918,-1644.1806627571884,0.5421,1122.7016007733648,0.19079400373545174,128.81858774600394,4.3519130459890585,120.2888381758654,137.3483373161425,0.90531,1.186000788312849,0.50584,0.16595663299984795,3.2790454738690276,9.833946383006925,0.90531,0.49416,0.75849,0.55854,0.0954
E4_interaction,MSOG,same_indication,0.4,15.0,1.0,0.1,0.0,0.1,100000,308.1490548974222,4.32652544289853,-512.783929676968,1368.1674754228125,-1097.5818621039489,-820.1931097617875,-1491.9498899213072,0.5421,1028.7572792876938,0.29953523644642693,222.7629092316751,4.416355850134665,214.10685176541116,231.41896669793906,0.90531,1.186000788312849,0.50584,0.16595663299984795,3.2790454738690276,9.833946383006925,0.90531,0.49416,0.75849,0.55298,0.06674
E4_interaction,MSOG,same_indication,0.4,15.0,1.0,0.2,0.0,0.1,100000,402.0933763830933,4.413453580705021,-466.1672087972436,1395.656566245363,-1007.1575540738271,-760.589774214128,-1301.3442028677634,0.52198,934.8129578020227,0.43013243775366,316.7072307173463,4.484743500822116,307.917133455735,325.4973279789576,0.90531,1.186000788312849,0.50584,0.16595663299984795,3.2790454738690276,9.833946383006925,0.90531,0.49416,0.75849,0.54758,0.04529
E4_interaction,MSOG,same_indication,0.4,15.0,1.0,0.3,0.0,0.1,100000,496.0376978687644,4.503553713236497,-419.55048791751926,1424.1487298736126,-929.7198607116404,-713.9730533344037,-1182.5000102950473,0.51542,840.8686363163516,0.5899110472734354,410.6515522030174,4.5568983946641115,401.72003134947573,419.58307305655904,0.90531,1.186000788312849,0.50584,0.16595663299984795,3.2790454738690276,9.833946383006925,0.90531,0.49416,0.75849,0.52749,0.03488
E4_interaction,MSOG,same_indication,0.4,15.0,1.0,0.0,0.0,0.25,100000,92.38541415936157,3.542086728295482,-559.4006505566923,1120.1061731267707,-1209.1761310311156,-900.9664062064918,-1644.1806627571884,0.54223,1122.7016007733648,0.08228848528916549,6.999268493614528,3.8304553059954074,-0.5084239061364704,14.506960893365527,0.90531,1.186000788312849,0.50584,0.16595663299984795,3.2790454738690276,9.833946383006925,0.90531,0.49416,0.75972,0.55854,0.0954
E4_interaction,MSOG,same_indication,0.4,15.0,1.0,0.1,0.0,0.25,100000,186.32973564503274,3.6198776900966014,-512.783929676968,1144.70583519344,-1097.5818621039489,-820.1931097617875,-1491.9498899213072,0.5421,1028.7572792876938,0.18112118319497722,100.94358997928568,3.883104315348528,93.33270552120256,108.5544744373688,0.90531,1.186000788312849,0.50584,0.16595663299984795,3.2790454738690276,9.833946383006925,0.90531,0.49416,0.75852,0.55298,0.06674
E4_interaction,MSOG,same_indication,0.4,15.0,1.0,0.2,0.0,0.25,100000,280.2740571307039,3.7019351736260644,-466.1672087972436,1170.6546898949255,-1007.1575540738271,-760.589774214128,-1301.3442028677634,0.52198,934.8129578020227,0.29981832706908323,194.88791146495686,3.9405943504130145,187.16434653814736,202.61147639176636,0.90531,1.186000788312849,0.50584,0.16595663299984795,3.2790454738690276,9.833946383006925,0.90531,0.49416,0.75849,0.54758,0.04529
E4_interaction,MSOG,same_indication,0.4,15.0,1.0,0.3,0.0,0.25,100000,374.21837861637505,3.7879819173511358,-419.55048791751926,1197.8650594361281,-929.7198607116404,-713.9730533344037,-1182.5000102950473,0.51542,840.8686363163516,0.4450378602010155,288.83223295062794,4.002716825246846,280.9869079731441,296.67755792811175,0.90531,1.186000788312849,0.50584,0.16595663299984795,3.2790454738690276,9.833946383006925,0.90531,0.49416,0.75849,0.52749,0.03488
E4_interaction,MSOG,same_indication,0.4,15.0,1.0,0.0,0.0,0.5,100000,-110.6467845946208,2.5261989756772243,-559.4006505566923,798.854258592433,-1209.1761310311156,-900.9664062064918,-1644.1806627571884,0.55065,1122.7016007733648,-0.09855404545464491,-196.03293026036783,3.2388841907755097,-202.38114327428784,-189.68471724644783,0.90531,1.186000788312849,0.50584,0.16595663299984795,3.2790454738690276,9.833946383006925,0.90531,0.49416,0.80706,0.55867,0.0954
E4_interaction,MSOG,same_indication,0.4,15.0,1.0,0.1,0.0,0.5,100000,-16.702463108949658,2.583392426185622,-512.783929676968,816.9404156774982,-1097.5818621039489,-820.1931097617875,-1491.9498899213072,0.5462,1028.7572792876938,-0.016235572224105533,-102.0886087746967,3.2606105465654713,-108.47940544596501,-95.69781210342838,0.90531,1.186000788312849,0.50584,0.16595663299984795,3.2790454738690276,9.833946383006925,0.90531,0.49416,0.80682,0.55298,0.06674
E4_interaction,MSOG,same_indication,0.4,15.0,1.0,0.2,0.0,0.5,100000,77.24185837672151,2.6476074158780474,-466.1672087972436,837.2469784127281,-1007.1575540738271,-760.589774214128,-1301.3442028677634,0.52224,934.8129578020227,0.08262814259478847,-8.144287289025522,3.288839447201862,-14.590412605541172,-1.6981619725098724,0.90531,1.186000788312849,0.50584,0.16595663299984795,3.2790454738690276,9.833946383006925,0.90531,0.49416,0.78439,0.54758,0.04529
E4_interaction,MSOG,same_indication,0.4,15.0,1.0,0.3,0.0,0.5,100000,171.1861798623926,2.7183463847586173,-419.55048791751926,859.6166045121654,-929.7198607116404,-713.9730533344037,-1182.5000102950473,0.51542,840.8686363163516,0.20358254841364892,85.8000341966456,3.3234051995726825,79.28616000548314,92.31390838780806,0.90531,1.186000788312849,0.50584,0.16595663299984795,3.2790454738690276,9.833946383006925,0.90531,0.49416,0.77931,0.52749,0.03488
E4_interaction,MSOG,same_indication,0.4,18.0,1.0,0.0,0.0,0.0,100000,712.3419653703546,6.4191826922585244,-559.4006505566923,2029.9238024268645,-1209.1761310311156,-900.9664062064918,-1644.1806627571884,0.52083,1122.7016007733648,0.634489133069431,208.50710586129523,6.477425100255876,195.8113526647937,221.20285905779676,0.90531,1.186000788312849,0.50584,0.16595663299984795,3.2790454738690276,12.833946383006925,0.90531,0.49416,0.52198,0.50584,0.0954
E4_interaction,MSOG,same_indication,0.4,18.0,1.0,0.1,0.0,0.0,100000,806.2862868560258,6.5117015803194995,-512.783929676968,2059.180843712749,-1097.5818621039489,-820.1931097617875,-1491.9498899213072,0.51064,1028.7572792876938,0.7837478315723746,302.4514273469664,6.550468236114215,289.61250960418255,315.29034508975025,0.90531,1.186000788312849,0.50584,0.16595663299984795,3.2790454738690276,12.833946383006925,0.90531,0.49416,0.51397,0.50584,0.06674
E4_interaction,MSOG,same_indication,0.4,18.0,1.0,0.2,0.0,0.0,100000,900.2306083416969,6.606230539699488,-466.1672087972436,2089.073525361379,-1007.1575540738271,-760.589774214128,-1301.3442028677634,0.50794,934.8129578020227,0.9630061295452756,396.3957488326376,6.626002243678786,383.4087844350272,409.382713230248,0.90531,1.186000788312849,0.50584,0.16595663299984795,3.2790454738690276,12.833946383006925,0.90531,0.49416,0.51171,0.50584,0.04529
E4_interaction,MSOG,same_indication,0.4,18.0,1.0,0.3,0.0,0.0,100000,994.1749298273679,6.702684525931345,-419.55048791751926,2119.574953950898,-929.7198607116404,-713.9730533344037,-1182.5000102950473,0.50641,840.8686363163516,1.1823189579083544,490.3400703183088,6.70394292876289,477.2003421779335,503.47979845868406,0.90531,1.186000788312849,0.50584,0.16595663299984795,3.2790454738690276,12.833946383006925,0.90531,0.49416,0.50778,0.50584,0.03488
E4_interaction,MSOG,same_indication,0.4,18.0,1.0,0.0,0.0,0.1,100000,612.1943068966195,5.811367318096957,-559.4006505566923,1837.7157045050637,-1209.1761310311156,-900.9664062064918,-1644.1806627571884,0.52083,1122.7016007733648,0.5452867498139434,108.35944738756015,5.997171150737585,96.60499193211449,120.11390284300582,0.90531,1.186000788312849,0.50584,0.16595663299984795,3.2790454738690276,12.833946383006925,0.90531,0.49416,0.52198,0.50584,0.0954
E4_interaction,MSOG,same_indication,0.4,18.0,1.0,0.1,0.0,0.1,100000,706.1386283822906,5.90237290440089,-512.783929676968,1866.4941977570088,-1097.5818621039489,-820.1931097617875,-1491.9498899213072,0.51064,1028.7572792876938,0.6863996421694506,202.30376887323126,6.065255539247449,190.41586801630626,214.19166973015626,0.90531,1.186000788312849,0.50584,0.16595663299984795,3.2790454738690276,12.833946383006925,0.90531,0.49416,0.51397,0.50584,0.06674
E4_interaction,MSOG,same_indication,0.4,18.0,1.0,0.2,0.0,0.1,100000,800.0829498679617,5.995639677077398,-466.1672087972436,1895.9877409241014,-1007.1575540738271,-760.589774214128,-1301.3442028677634,0.50794,934.8129578020227,0.855874903305957,296.24809035890246,6.136143833017866,284.2212484461874,308.2749322716175,0.90531,1.186000788312849,0.50584,0.16595663299984795,3.2790454738690276,12.833946383006925,0.90531,0.49416,0.51171,0.50584,0.04529
E4_interaction,MSOG,same_indication,0.4,18.0,1.0,0.3,0.0,0.1,100000,894.0272713536328,6.091063766704661,-419.55048791751926,1926.1634876111211,-929.7198607116404,-713.9730533344037,-1182.5000102950473,0.50641,840.8686363163516,1.06321871543474,390.1924118445736,6.209740007486072,378.0213214299009,402.3635022592463,0.90531,1.186000788312849,0.50584,0.16595663299984795,3.2790454738690276,12.833946383006925,0.90531,0.49416,0.50778,0.50584,0.03488
E4_interaction,MSOG,same_indication,0.4,18.0,1.0,0.0,0.0,0.25,100000,461.9728191860169,4.928142981625231,-559.4006505566923,1558.4156456909056,-1209.1761310311156,-900.9664062064918,-1644.1806627571884,0.52083,1122.7016007733648,0.41148317493071207,-41.86204032304244,5.35210970287196,-52.35217534067149,-31.3719053054134,0.90531,1.186000788312849,0.50584,0.16595663299984795,3.2790454738690276,12.833946383006925,0.90531,0.49416,0.52198,0.50584,0.0954
E4_interaction,MSOG,same_indication,0.4,18.0,1.0,0.1,0.0,0.25,100000,555.917140671688,5.0156860136402885,-512.783929676968,1586.0991831353679,-1097.5818621039489,-820.1931097617875,-1491.9498899213072,0.51064,1028.7572792876938,0.5403773580650648,52.08228116262867,5.410253077262957,41.47818513119327,62.686377194064065,0.90531,1.186000788312849,0.50584,0.16595663299984795,3.2790454738690276,12.833946383006925,0.90531,0.49416,0.51397,0.50584,0.06674
E4_interaction,MSOG,same_indication,0.4,18.0,1.0,0.2,0.0,0.25,100000,649.8614621573591,5.106005539116678,-466.1672087972436,1614.6607249044675,-1007.1575540738271,-760.589774214128,-1301.3442028677634,0.50794,934.8129578020227,0.695178063946979,146.02660264829987,5.471770452647757,135.30193256111028,156.75127273548947,0.90531,1.186000788312849,0.50584,0.16595663299984795,3.2790454738690276,12.833946383006925,0.90531,0.49416,0.51171,0.50584,0.04529
E4_interaction,MSOG,same_indication,0.4,18.0,1.0,0.3,0.0,0.25,100000,743.8057836430304,5.19895685513279,-419.55048791751926,1644.0545119165677,-929.7198607116404,-713.9730533344037,-1182.5000102950473,0.50641,840.8686363163516,0.8845683517243182,239.97092413397104,5.536549363175893,229.1192873821463,250.82256088579578,0.90531,1.186000788312849,0.50584,0.16595663299984795,3.2790454738690276,12.833946383006925,0.90531,0.49416,0.50778,0.50584,0.03488
E4_interaction,MSOG,same_indication,0.4,18.0,1.0,0.0,0.0,0.5,100000,211.60367300167917,3.59428326422359,-559.4006505566923,1136.612167077134,-1209.1761310311156,-900.9664062064918,-1644.1806627571884,0.52083,1122.7016007733648,0.1884772167919931,-292.23118650738013,4.569979511892,-301.18834635068845,-283.2740266640718,0.90531,1.186000788312849,0.50584,0.16595663299984795,3.2790454738690276,12.833946383006925,0.90531,0.49416,0.52198,0.50584,0.0954
E4_interaction,MSOG,same_indication,0.4,18.0,1.0,0.1,0.0,0.5,100000,305.54799448735037,3.669270639936943,-512.783929676968,1160.325257378433,-1097.5818621039489,-820.1931097617875,-1491.9498899213072,0.51064,1028.7572792876938,0.29700688455775515,-198.28686502170902,4.602676909485442,-207.3081117643005,-189.26561827911755,0.90531,1.186000788312849,0.50584,0.16595663299984795,3.2790454738690276,12.833946383006925,0.90531,0.49416,0.51397,0.50584,0.06674
E4_interaction,MSOG,same_indication,0.4,18.0,1.0,0.2,0.0,0.5,100000,399.49231597302156,3.748585775023344,-466.1672087972436,1185.4069053581293,-1007.1575540738271,-760.589774214128,-1301.3442028677634,0.50794,934.8129578020227,0.4273499983486827,-104.34254353603781,4.639852386131148,-113.43665421285486,-95.24843285922076,0.90531,1.186000788312849,0.50584,0.16595663299984795,3.2790454738690276,12.833946383006925,0.90531,0.49416,0.51171,0.50584,0.04529
E4_interaction,MSOG,same_indication,0.4,18.0,1.0,0.3,0.0,0.5,100000,493.43663745869264,3.8319599468535794,-419.55048791751926,1211.7721334595085,-929.7198607116404,-713.9730533344037,-1182.5000102950473,0.50641,840.8686363163516,0.5868177455402819,-10.39822205036668,4.681399260375252,-19.573764600702173,-1.2226795000311874,0.90531,1.186000788312849,0.50584,0.16595663299984795,3.2790454738690276,12.833946383006925,0.90531,0.49416,0.50778,0.50584,0.03488
E4_interaction,MSOG,same_indication,0.4,12.0,1.5,0.0,0.0,0.0,100000,-144.55058922847476,3.0405669911979674,-559.4006505566923,961.5117070510719,-1260.2346358526092,-1169.2561083522546,-1682.868564936634,0.6667,1134.498583535685,-0.12741363570325517,327.0185032312269,2.969541378602721,321.19820212916557,332.8388043332882,0.90531,1.186000788312849,0.50584,0.16595663299984795,3.2790454738690276,7.250919574510388,0.90531,0.49416,0.8932,0.78604,0.09597
E4_interaction,MSOG,same_indication,0.4,12.0,1.5,0.1,0.0,0.0,100000,-49.42656946657163,3.113200244549429,-512.783929676968,984.4803584969396,-1121.4197626211858,-1080.5631359585882,-1536.063111641688,0.60741,1039.374563773782,-0.047554145723090094,422.1425229931301,3.0394223109667498,416.18525526363527,428.09979072262496,0.90531,1.186000788312849,0.50584,0.16595663299984795,3.2790454738690276,7.250919574510388,0.90531,0.49416,0.85215,0.77151,0.06674
E4_interaction,MSOG,same_indication,0.4,12.0,1.5,0.2,0.0,0.0,100000,45.69745029533155,3.191373858976202,-466.1672087972436,1009.2010259485797,-1026.8343970339772,-877.0126675930408,-1396.544032205273,0.60387,944.2505440118788,0.048395471503966295,517.2665427550332,3.115105645072929,511.1609356906903,523.3721498193762,0.90531,1.186000788312849,0.50584,0.16595663299984795,3.2790454738690276,7.250919574510388,0.90531,0.49416,0.85215,0.77069,0.04529
E4_interaction,MSOG,same_indication,0.4,12.0,1.5,0.3,0.0,0.0,100000,140.82147005723468,3.2746910790553594,-419.55048791751926,1035.5482443249448,-934.7760779994783,-738.4985055741506,-1189.7329407130112,0.58597,849.1265242499757,0.16584274078780045,612.3905625169364,3.1961792168027863,606.1260512520029,618.6550737818699,0.90531,1.186000788312849,0.50584,0.16595663299984795,3.2790454738690276,7.250919574510388,0.90531,0.49416,0.83627,0.76371,0.03488
E4_interaction,MSOG,same_indication,0.4,12.0,1.5,0.0,0.0,0.1,100000,-206.53307885605142,2.6851570529282562,-559.4006505566923,849.1212162518588,-1260.2346358526092,-1169.2561083522546,-1682.868564936634,0.6798,1134.498583535685,-0.18204789486152326,265.03601360365025,2.646777466079042,259.8483297701353,270.2236974371652,0.90531,1.186000788312849,0.50584,0.16595663299984795,3.2790454738690276,7.250919574510388,0.90531,0.49416,0.90063,0.79343,0.09597
E4_interaction,MSOG,same_indication,0.4,12.0,1.5,0.1,0.0,0.1,100000,-111.40905909414829,2.751897581212894,-512.783929676968,870.2264244140933,-1121.4197626211858,-1080.5631359585882,-1536.063111641688,0.61033,1039.374563773782,-0.1071885564426765,360.1600333655533,2.7094735104827197,354.84946528500717,365.47060144609947,0.90531,1.186000788312849,0.50584,0.16595663299984795,3.2790454738690276,7.250919574510388,0.90531,0.49416,0.89894,0.79343,0.06674
E4_interaction,MSOG,same_indication,0.4,12.0,1.5,0.2,0.0,0.1,100000,-16.28503933224512,2.825189446121173,-466.1672087972436,893.4033471212463,-1026.8343970339772,-877.0126675930408,-1396.544032205273,0.60717,944.2505440118788,-0.01724652364303033,455.2840531274566,2.7790188310742656,449.83717621855106,460.73093003636217,0.90531,1.186000788312849,0.50584,0.16595663299984795,3.2790454738690276,7.250919574510388,0.90531,0.49416,0.89356,0.78604,0.04529
E4_interaction,MSOG,same_indication,0.4,12.0,1.5,0.3,0.0,0.1,100000,78.83898042965801,2.9045367489253104,-419.55048791751926,918.4951674264603,-934.7760779994783,-738.4985055741506,-1189.7329407130112,0.58597,849.1265242499757,0.0928471531369199,550.4080728893597,2.854912929200691,544.8124435481263,556.003702230593,0.90531,1.186000788312849,0.50584,0.16595663299984795,3.2790454738690276,7.250919574510388,0.90531,0.49416,0.8932,0.77276,0.03488
E4_interaction,MSOG,same_indication,0.4,12.0,1.5,0.0,0.0,0.25,100000,-299.5068132974164,2.1930771793010146,-559.4006505566923,693.5118971128683,-1260.2346358526092,-1169.2561083522546,-1682.868564936634,0.68303,1134.498583535685,-0.2639992835989253,172.06227916228525,2.222228914310551,167.70671049023656,176.41784783433394,0.90531,1.186000788312849,0.50584,0.16595663299984795,3.2790454738690276,7.250919574510388,0.90531,0.49416,0.94449,0.85594,0.09597
E4_interaction,MSOG,same_indication,0.4,12.0,1.5,0.1,0.0,0.25,100000,-204.3827935355133,2.2464004671492774,-512.783929676968,710.3742013057972,-1121.4197626211858,-1080.5631359585882,-1536.063111641688,0.62494,1039.374563773782,-0.1966401725220561,267.1862989241884,2.2689144414243985,262.7392266189966,271.6333712293802,0.90531,1.186000788312849,0.50584,0.16595663299984795,3.2790454738690276,7.250919574510388,0.90531,0.49416,0.94203,0.82998,0.06674
E4_interaction,MSOG,same_indication,0.4,12.0,1.5,0.2,0.0,0.25,100000,-109.25877377361009,2.308446623519841,-466.1672087972436,729.9949187247919,-1026.8343970339772,-877.0126675930408,-1396.544032205273,0.6116,944.2505440118788,-0.11570951636352522,362.3103186860916,2.3245488482293926,357.754202943562,366.8664344286212,0.90531,1.186000788312849,0.50584,0.16595663299984795,3.2790454738690276,7.250919574510388,0.90531,0.49416,0.93172,0.82662,0.04529
E4_interaction,MSOG,same_indication,0.4,12.0,1.5,0.3,0.0,0.25,100000,-14.134754011706953,2.378533114939938,-419.55048791751926,752.1582133345274,-934.7760779994783,-738.4985055741506,-1189.7329407130112,0.58974,849.1265242499757,-0.016646228339400927,457.4343384479947,2.3885068899835864,452.7528649436269,462.11581195236255,0.90531,1.186000788312849,0.50584,0.16595663299984795,3.2790454738690276,7.250919574510388,0.90531,0.49416,0.92951,0.81474,0.03488
E4_interaction,MSOG,same_indication,0.4,12.0,1.5,0.0,0.0,0.5,100000,-454.46303736635804,1.5960640957500531,-559.4006505566923,504.71978341872386,-1260.2346358526092,-1169.2561083522546,-1682.631462374193,0.78577,1134.498583535685,-0.40058493149459556,17.10605509334364,1.7976984988938662,13.582566035511665,20.62954415117562,0.90531,1.186000788312849,0.50584,0.16595663299984795,3.2790454738690276,7.250919574510388,0.90531,0.49416,1.0,1.0,0.09597
E4_interaction,MSOG,same_indication,0.4,12.0,1.5,0.1,0.0,0.5,100000,-359.3390176044549,1.6043402232437054,-512.783929676968,507.33692472731207,-1121.4197626211858,-1080.5631359585882,-1536.063111641688,0.69092,1039.374563773782,-0.34572619932102205,112.2300748552468,1.7975401796814525,108.70689610307114,115.75325360742245,0.90531,1.186000788312849,0.50584,0.16595663299984795,3.2790454738690276,7.250919574510388,0.90531,0.49416,1.0,0.99833,0.06674
E4_interaction,MSOG,same_indication,0.4,12.0,1.5,0.2,0.0,0.5,100000,-264.21499784255167,1.6267383675585199,-466.1672087972436,514.4198398669085,-1026.8343970339772,-877.0126675930408,-1396.544032205273,0.66509,944.2505440118788,-0.27981450423101667,207.35409461714997,1.8101007465351933,203.806297153941,210.90189208035895,0.90531,1.186000788312849,0.50584,0.16595663299984795,3.2790454738690276,7.250919574510388,0.90531,0.49416,1.0,0.99068,0.04529
E4_interaction,MSOG,same_indication,0.4,12.0,1.5,0.3,0.0,0.5,100000,-169.09097808064857,1.662687911620915,-419.55048791751926,525.7880838750837,-934.7760779994783,-738.4985055741506,-1189.7329407130112,0.61751,849.1265242499757,-0.1991351974666023,302.47811437905307,1.8351190528244665,298.88128103551713,306.074947722589,0.90531,1.186000788312849,0.50584,0.16595663299984795,3.2790454738690276,7.250919574510388,0.90531,0.49416,1.0,0.98288,0.03488
E4_interaction,MSOG,same_indication,0.4,15.0,1.5,0.0,0.0,0.0,100000,410.3757238918065,5.229024023091302,-559.4006505566923,1653.562585270541,-1225.2505355833287,-909.8176432046507,-1665.735474731281,0.5421,1134.498583535685,0.36172431578791686,324.98957822605945,5.156507128264323,314.8828242546614,335.0963321974575,0.90531,1.186000788312849,0.50584,0.16595663299984795,3.2790454738690276,10.25091957451039,0.90531,0.49416,0.75849,0.55298,0.0954
E4_interaction,MSOG,same_indication,0.4,15.0,1.5,0.1,0.0,0.0,100000,505.4997436537097,5.319848313596027,-512.783929676968,1682.2837477569144,-1112.0488262009408,-828.1592230601304,-1511.1504174078268,0.52669,1039.374563773782,0.48634992742013144,420.1135979879626,5.233796127523318,409.8553575780169,430.3718383979083,0.90531,1.186000788312849,0.50584,0.16595663299984795,3.2790454738690276,10.25091957451039,0.90531,0.49416,0.75849,0.53757,0.06674
E4_interaction,MSOG,same_indication,0.4,15.0,1.5,0.2,0.0,0.0,100000,600.6237634156129,5.413387399371035,-466.1672087972436,1711.8634038868026,-1012.9360881170703,-760.589774214128,-1316.1385668274731,0.52074,944.2505440118788,0.6360851653457528,515.2376177498658,5.314278996769878,504.8216309161968,525.6536045835347,0.90531,1.186000788312849,0.50584,0.16595663299984795,3.2790454738690276,10.25091957451039,0.90531,0.49416,0.75849,0.53219,0.04529
E4_interaction,MSOG,same_indication,0.4,15.0,1.5,0.3,0.0,0.0,100000,695.7477831775159,5.509503008626257,-419.55048791751926,1742.2578282809286,-934.7760779994783,-713.9730533344037,-1195.456725101788,0.51382,849.1265242499757,0.8193688023019449,610.3616375117689,5.397812873464113,599.7819242797792,620.9413507437586,0.90531,1.186000788312849,0.50584,0.16595663299984795,3.2790454738690276,10.25091957451039,0.90531,0.49416,0.75849,0.52154,0.03488
E4_interaction,MSOG,same_indication,0.4,15.0,1.5,0.0,0.0,0.1,100000,323.1910434523087,4.70257704977209,-559.4006505566923,1487.0854349714807,-1225.2505355833287,-909.8176432046507,-1665.735474731281,0.5421,1134.498583535685,0.28487566943017073,237.8048977865616,4.7130890753720385,228.56724319883241,247.0425523742908,0.90531,1.186000788312849,0.50584,0.16595663299984795,3.2790454738690276,10.25091957451039,0.90531,0.49416,0.75849,0.55298,0.0954
E4_interaction,MSOG,same_indication,0.4,15.0,1.5,0.1,0.0,0.1,100000,418.31506321421176,4.7911316228183285,-512.783929676968,1515.0888497764677,-1112.0488262009408,-828.1592230601304,-1511.1504174078268,0.52669,1039.374563773782,0.40246805895978927,332.9289175484648,4.785277656056192,323.5497733425947,342.308061754335,0.90531,1.186000788312849,0.50584,0.16595663299984795,3.2790454738690276,10.25091957451039,0.90531,0.49416,0.75849,0.53757,0.06674
E4_interaction,MSOG,same_indication,0.4,15.0,1.5,0.2,0.0,0.1,100000,513.4390829761151,4.88277961367196,-466.1672087972436,1544.0704891840428,-1012.9360881170703,-760.589774214128,-1316.1385668274731,0.52074,944.2505440118788,0.5437530179168802,428.05293731036795,4.861115002661849,418.5251519051507,437.5807227155852,0.90531,1.186000788312849,0.50584,0.16595663299984795,3.2790454738690276,10.25091957451039,0.90531,0.49416,0.75849,0.53219,0.04529
E4_interaction,MSOG,same_indication,0.4,15.0,1.5,0.3,0.0,0.1,100000,608.5631027380181,4.97735014788042,-419.55048791751926,1573.9763179478034,-934.7760779994783,-713.9730533344037,-1195.456725101788,0.51382,849.1265242499757,0.7166930785439253,523.1769570722711,4.940433088611932,513.4937082185917,532.8602059259505,0.90531,1.186000788312849,0.50584,0.16595663299984795,3.2790454738690276,10.25091957451039,0.90531,0.49416,0.75849,0.52154,0.03488
E4_interaction,MSOG,same_indication,0.4,15.0,1.5,0.0,0.0,0.25,100000,192.41402279306195,3.942954366931706,-559.4006505566923,1246.871650961149,-1225.2505355833287,-909.8176432046507,-1665.735474731281,0.5421,1134.498583535685,0.16960269989355142,107.0278771273149,4.113881762206321,98.96466887339051,115.09108538123928,0.90531,1.186000788312849,0.50584,0.16595663299984795,3.2790454738690276,10.25091957451039,0.90531,0.49416,0.75849,0.55298,0.0954
E4_interaction,MSOG,same_indication,0.4,15.0,1.5,0.1,0.0,0.25,100000,287.5380425549651,4.026354016553382,-512.783929676968,1273.2449358475988,-1112.0488262009408,-828.1592230601304,-1511.1504174078268,0.52669,1039.374563773782,0.2766452562692762,202.15189688921805,4.175359023527953,193.96819320310325,210.33560057533285,0.90531,1.186000788312849,0.50584,0.16595663299984795,3.2790454738690276,10.25091957451039,0.90531,0.49416,0.75849,0.53757,0.06674
E4_interaction,MSOG,same_indication,0.4,15.0,1.5,0.2,0.0,0.25,100000,382.66206231686823,4.113641623175186,-466.1672087972436,1300.847700690568,-1012.9360881170703,-760.589774214128,-1316.1385668274731,0.52074,944.2505440118788,0.40525479677357146,297.27591665112124,4.241356623498298,288.9628576690646,305.5889756331779,0.90531,1.186000788312849,0.50584,0.16595663299984795,3.2790454738690276,10.25091957451039,0.90531,0.49416,0.75849,0.53219,0.04529
E4_interaction,MSOG,same_indication,0.4,15.0,1.5,0.3,0.0,0.25,100000,477.7860820787714,4.204575050063592,-419.55048791751926,1329.603375131744,-934.7760779994783,-713.9730533344037,-1195.456725101788,0.51382,849.1265242499757,0.562679492906896,392.39993641302436,4.311666992060441,383.9490691085859,400.85080371746284,0.90531,1.186000788312849,0.50584,0.16595663299984795,3.2790454738690276,10.25091957451039,0.90531,0.49416,0.75849,0.52154,0.03488
E4_interaction,MSOG,same_indication,0.4,15.0,1.5,0.0,0.0,0.5,100000,-25.547678305682606,2.8288254522566425,-559.4006505566923,894.5531532186893,-1225.2505355833287,-909.8176432046507,-1665.735474731281,0.5466,1134.498583535685,-0.022518916000814047,-110.93382397142966,3.3925872040341303,-117.58329489133655,-104.28435305152277,0.90531,1.186000788312849,0.50584,0.16595663299984795,3.2790454738690276,10.25091957451039,0.90531,0.49416,0.78095,0.55298,0.0954
E4_interaction,MSOG,same_indication,0.4,15.0,1.5,0.1,0.0,0.5,100000,69.57634145622052,2.893688761347694,-512.783929676968,915.0647325490122,-1112.0488262009408,-828.1592230601304,-1511.1504174078268,0.52792,1039.374563773782,0.06694058511842096,-15.809804209526531,3.4242942981326587,-22.52142103386654,-9.09818738518652,0.90531,1.186000788312849,0.50584,0.16595663299984795,3.2790454738690276,10.25091957451039,0.90531,0.49416,0.77952,0.53757,0.06674
E4_interaction,MSOG,same_indication,0.4,15.0,1.5,0.2,0.0,0.5,100000,164.7003612181237,2.9648775802988845,-466.1672087972436,937.5766137313244,-1012.9360881170703,-760.589774214128,-1316.1385668274731,0.52074,944.2505440118788,0.1744244282013903,79.31421555237667,3.4623428706391324,72.52802352592397,86.10040757882936,0.90531,1.186000788312849,0.50584,0.16595663299984795,3.2790454738690276,10.25091957451039,0.90531,0.49416,0.76658,0.53219,0.04529
E4_interaction,MSOG,same_indication,0.4,15.0,1.5,0.3,0.0,0.5,100000,259.82438098002683,3.041947845569029,-419.55048791751926,961.9483715440273,-934.7760779994783,-713.9730533344037,-1195.456725101788,0.51382,849.1265242499757,0.305990183511847,174.4382353142798,3.506526497533062,167.565443379115,181.3110272494446,0.90531,1.186000788312849,0.50584,0.16595663299984795,3.2790454738690276,10.25091957451039,0.90531,0.49416,0.76342,0.52154,0.03488
E4_interaction,MSOG,same_indication,0.4,18.0,1.5,0.0,0.0,0.0,100000,827.300076348817,6.920525947374945,-559.4006505566923,2188.46245999994,-1225.2505355833287,-909.8176432046507,-1665.9956956818783,0.51399,1134.498583535685,0.7292208984259122,323.4652168397578,6.879584982162492,309.9812302747193,336.94920340479626,0.90531,1.186000788312849,0.50584,0.16595663299984795,3.2790454738690276,13.25091957451039,0.90531,0.49416,0.51497,0.50584,0.0954
E4_interaction,MSOG,same_indication,0.4,18.0,1.5,0.1,0.0,0.0,100000,922.4240961107204,7.016821897812312,-512.783929676968,2218.9139132832165,-1112.0488262009408,-828.1592230601304,-1511.1504174078268,0.51074,1039.374563773782,0.8874799598342723,418.5892366016609,6.958419902701725,404.9507335923655,432.2277396109563,0.90531,1.186000788312849,0.50584,0.16595663299984795,3.2790454738690276,13.25091957451039,0.90531,0.49416,0.51112,0.50584,0.06674
E4_interaction,MSOG,same_indication,0.4,18.0,1.5,0.2,0.0,0.0,100000,1017.5481158726233,7.11503920673252,-466.1672087972436,2249.9729534672397,-1012.9360881170703,-760.589774214128,-1316.1385668274731,0.50778,944.2505440118788,1.0776251306664033,513.7132563635641,7.0396312949066715,499.91557902554706,527.5109337015812,0.90531,1.186000788312849,0.50584,0.16595663299984795,3.2790454738690276,13.25091957451039,0.90531,0.49416,0.51096,0.50584,0.04529
E4_interaction,MSOG,same_indication,0.4,18.0,1.5,0.3,0.0,0.0,100000,1112.6721356345265,7.215099409672576,-419.55048791751926,2281.614767910165,-934.7760779994783,-713.9730533344037,-1195.456725101788,0.50641,849.1265242499757,1.3103726050924365,608.8372761254673,7.123137876282987,594.8759258879526,622.798626362982,0.90531,1.186000788312849,0.50584,0.16595663299984795,3.2790454738690276,13.25091957451039,0.90531,0.49416,0.50778,0.50584,0.03488
E4_interaction,MSOG,same_indication,0.4,18.0,1.5,0.0,0.0,0.1,100000,721.1806169371772,6.274116194059892,-559.4006505566923,1984.0497477776255,-1225.2505355833287,-909.8176432046507,-1665.9956956818783,0.51399,1134.498583535685,0.6356822541722397,217.3457574281178,6.350561004019737,204.8986578602391,229.7928569959965,0.90531,1.186000788312849,0.50584,0.16595663299984795,3.2790454738690276,13.25091957451039,0.90531,0.49416,0.51497,0.50584,0.0954
E4_interaction,MSOG,same_indication,0.4,18.0,1.5,0.1,0.0,0.1,100000,816.3046366990803,6.369007235279257,-512.783929676968,2014.056929757437,-1112.0488262009408,-828.1592230601304,-1511.1504174078268,0.51074,1039.374563773782,0.7853806174890648,312.469777190021,6.424807551237813,299.87715438959486,325.0623999904471,0.90531,1.186000788312849,0.50584,0.16595663299984795,3.2790454738690276,13.25091957451039,0.90531,0.49416,0.51112,0.50584,0.06674
E4_interaction,MSOG,same_indication,0.4,18.0,1.5,0.2,0.0,0.1,100000,911.4286564609835,6.466054091941123,-466.1672087972436,2044.745840438575,-1012.9360881170703,-760.589774214128,-1316.1385668274731,0.50778,944.2505440118788,0.9652402767898406,407.59379695192416,6.501735328779752,394.8503957075159,420.33719819633245,0.90531,1.186000788312849,0.50584,0.16595663299984795,3.2790454738690276,13.25091957451039,0.90531,0.49416,0.51096,0.50584,0.04529
E4_interaction,MSOG,same_indication,0.4,18.0,1.5,0.3,0.0,0.1,100000,1006.5526762228866,6.565161162315181,-419.55048791751926,2076.086247899437,-934.7760779994783,-713.9730533344037,-1195.456725101788,0.50641,849.1265242499757,1.18539775578435,502.71781671382723,6.581250315172424,489.8185660960893,515.6170673315652,0.90531,1.186000788312849,0.50584,0.16595663299984795,3.2790454738690276,13.25091957451039,0.90531,0.49416,0.50778,0.50584,0.03488
E4_interaction,MSOG,same_indication,0.4,18.0,1.5,0.0,0.0,0.25,100000,562.0014278197173,5.334025037942142,-559.4006505566923,1686.766821626323,-1225.2505355833287,-909.8176432046507,-1665.9956956818783,0.51399,1134.498583535685,0.49537428779173076,58.166568310657915,5.631344024357233,47.12913402291774,69.20400259839809,0.90531,1.186000788312849,0.50584,0.16595663299984795,3.2790454738690276,13.25091957451039,0.90531,0.49416,0.51497,0.50584,0.0954
E4_interaction,MSOG,same_indication,0.4,18.0,1.5,0.1,0.0,0.25,100000,657.1254475816204,5.425675601765027,-512.783929676968,1715.7492746782175,-1112.0488262009408,-828.1592230601304,-1511.1504174078268,0.51074,1039.374563773782,0.6322316039712538,153.29058807256106,5.696224715462851,142.1259876302539,164.45518851486824,0.90531,1.186000788312849,0.50584,0.16595663299984795,3.2790454738690276,13.25091957451039,0.90531,0.49416,0.51112,0.50584,0.06674
E4_interaction,MSOG,same_indication,0.4,18.0,1.5,0.2,0.0,0.25,100000,752.2494673435235,5.519961193357881,-466.1672087972436,1745.5649966752017,-1012.9360881170703,-760.589774214128,-1316.1385668274731,0.50778,944.2505440118788,0.7966629959749963,248.4146078344643,5.7643559664397745,237.11647014024234,259.71274552868624,0.90531,1.186000788312849,0.50584,0.16595663299984795,3.2790454738690276,13.25091957451039,0.90531,0.49416,0.51096,0.50584,0.04529
E4_interaction,MSOG,same_indication,0.4,18.0,1.5,0.3,0.0,0.25,100000,847.3734871054268,5.616749115561394,-419.55048791751926,1776.17202509103,-934.7760779994783,-713.9730533344037,-1195.456725101788,0.50641,849.1265242499757,0.9979354818222204,343.53862759636735,5.835623926968211,332.10080469950964,354.97645049322506,0.90531,1.186000788312849,0.50584,0.16595663299984795,3.2790454738690276,13.25091957451039,0.90531,0.49416,0.50778,0.50584,0.03488
E4_interaction,MSOG,same_indication,0.4,18.0,1.5,0.0,0.0,0.5,100000,296.7027792906174,3.9089628603873363,-559.4006505566923,1236.1225927830762,-1225.2505355833287,-909.8176432046507,-1665.9956956818783,0.51399,1134.498583535685,0.26152767715754915,-207.13208021844198,4.729207685852061,-216.40132728271203,-197.86283315417194,0.90531,1.186000788312849,0.50584,0.16595663299984795,3.2790454738690276,13.25091957451039,0.90531,0.49416,0.51497,0.50584,0.0954
E4_interaction,MSOG,same_indication,0.4,18.0,1.5,0.1,0.0,0.5,100000,391.8267990525205,3.988752404818864,-512.783929676968,1261.3542621701595,-1112.0488262009408,-828.1592230601304,-1511.1504174078268,0.51074,1039.374563773782,0.3769832481082353,-112.00806045653883,4.769105607676795,-121.35550744758535,-102.6606134654923,0.90531,1.186000788312849,0.50584,0.16595663299984795,3.2790454738690276,13.25091957451039,0.90531,0.49416,0.51112,0.50584,0.06674
E4_interaction,MSOG,same_indication,0.4,18.0,1.5,0.2,0.0,0.5,100000,486.95081881442366,4.072613910058633,-466.1672087972436,1287.873598626941,-1012.9360881170703,-760.589774214128,-1316.1385668274731,0.50778,944.2505440118788,0.5157008612835893,-16.884040694635612,4.813441021641416,-26.318385097052786,-7.449696292218437,0.90531,1.186000788312849,0.50584,0.16595663299984795,3.2790454738690276,13.25091957451039,0.90531,0.49416,0.51096,0.50584,0.04529
E4_interaction,MSOG,same_indication,0.4,18.0,1.5,0.3,0.0,0.5,100000,582.0748385763268,4.160301141053605,-419.55048791751926,1315.6027357926832,-934.7760779994783,-713.9730533344037,-1195.456725101788,0.50641,849.1265242499757,0.685498358552004,78.2399790672675,4.862092538286425,68.7102776922261,87.7696804423089,0.90531,1.186000788312849,0.50584,0.16595663299984795,3.2790454738690276,13.25091957451039,0.90531,0.49416,0.50778,0.50584,0.03488
