experiment,geometry,cluster_size,rho,nominal_breadth,launch_target_per_3y,service_probability,service_half_width,mean_launches_per_3y,variance_launches_per_3y,effective_breadth,n_runs
E6,Diversified,1,0.0,1,1,0.151856,0.0014068145200020967,0.151856,0.1287962704490818,1.0,250000
E6,Diversified,1,0.0,1,2,0.0,0.0,0.151856,0.1287962704490818,1.0,250000
E6,Diversified,1,0.0,1,3,0.0,0.0,0.151856,0.1287962704490818,1.0,250000
E6,Diversified,1,0.0,2,1,0.27924,0.0017586127601627824,0.302348,0.257150715498862,1.9960351987812748,250000
E6,Diversified,1,0.0,2,2,0.023108,0.000588966404891748,0.302348,0.257150715498862,1.9960351987812748,250000
E6,Diversified,1,0.0,2,3,0.0,0.0,0.302348,0.257150715498862,1.9960351987812748,250000
E6,Diversified,1,0.0,3,1,0.388504,0.001910647738381656,0.453996,0.3860611762287049,2.9940255238493947,250000
E6,Diversified,1,0.0,3,2,0.061896,0.0009445889326534678,0.453996,0.3860611762287049,2.9940255238493947,250000
E6,Diversified,1,0.0,3,3,0.003596,0.00023464626176962117,0.453996,0.3860611762287049,2.9940255238493947,250000
E6,Diversified,1,0.0,4,1,0.481316,0.0019586310818793724,0.605992,0.5154157575990305,3.9904567327900207,250000
E6,Diversified,1,0.0,4,2,0.111588,0.0012342468341336747,0.605992,0.5154157575990305,3.9904567327900207,250000
E6,Diversified,1,0.0,4,3,0.012528,0.0004360028562667249,0.605992,0.5154157575990305,3.9904567327900207,250000
E6,Diversified,1,0.0,5,1,0.560332,0.0019456790765380414,0.757536,0.6432937818791276,4.995890046740532,250000
E6,Diversified,1,0.0,5,2,0.167124,0.0014624992488558185,0.757536,0.6432937818791276,4.995890046740532,250000
E6,Diversified,1,0.0,5,3,0.027616,0.0006423701565279334,0.757536,0.6432937818791276,4.995890046740532,250000
E6,Diversified,1,0.0,6,1,0.627444,0.0018952623417360906,0.9094,0.7718987275949104,5.997420232983826,250000
E6,Diversified,1,0.0,6,2,0.226232,0.0016400929696664412,0.9094,0.7718987275949104,5.997420232983826,250000
E6,Diversified,1,0.0,6,3,0.04904,0.000846530134564482,0.9094,0.7718987275949104,5.997420232983826,250000
E6,Diversified,1,0.0,7,1,0.68376,0.0018228306111494176,1.060756,0.9002123093132374,6.998463526901045,250000
E6,Diversified,1,0.0,7,2,0.28714,0.0017735157031485683,1.060756,0.9002123093132374,6.998463526901045,250000
E6,Diversified,1,0.0,7,3,0.075728,0.001037084656319754,1.060756,0.9002123093132374,6.998463526901045,250000
E6,Diversified,1,0.0,8,1,0.731832,0.0017365817845156404,1.211964,1.0269193703814814,8.011218017270155,250000
E6,Diversified,1,0.0,8,2,0.347172,0.001866198342129052,1.211964,1.0269193703814814,8.011218017270155,250000
E6,Diversified,1,0.0,8,3,0.107496,0.0012141918255605814,1.211964,1.0269193703814814,8.011218017270155,250000
E6,Diversified,1,0.0,9,1,0.772828,0.0016424981610818389,1.36298,1.1519581274325095,9.036031961552071,250000
E6,Diversified,1,0.0,9,2,0.405336,0.0019245512454000558,1.36298,1.1519581274325095,9.036031961552071,250000
E6,Diversified,1,0.0,9,3,0.143484,0.0013742177213873358,1.36298,1.1519581274325095,9.036031961552071,250000
E6,Diversified,1,0.0,10,1,0.806712,0.0015479173631347762,1.513632,1.2814352943171765,10.024123288087056,250000
E6,Diversified,1,0.0,10,2,0.461064,0.001954048195855984,1.513632,1.2814352943171765,10.024123288087056,250000
E6,Diversified,1,0.0,10,3,0.182648,0.0015146004878139894,1.513632,1.2814352943171765,10.024123288087056,250000
E6,Diversified,1,0.0,11,1,0.836012,0.0014514375593657617,1.665028,1.4074113888615558,11.043697281763471,250000
E6,Diversified,1,0.0,11,2,0.513684,0.0019592658352250115,1.665028,1.4074113888615558,11.043697281763471,250000
E6,Diversified,1,0.0,11,3,0.225056,0.001637067267075782,1.665028,1.4074113888615558,11.043697281763471,250000
E6,Diversified,1,0.0,12,1,0.860716,0.0013572711577996643,1.816128,1.538501241620967,12.021608282626048,250000
E6,Diversified,1,0.0,12,2,0.562004,0.0019448711876162228,1.816128,1.538501241620967,12.021608282626048,250000
E6,Diversified,1,0.0,12,3,0.268672,0.0017376142591584655,1.816128,1.538501241620967,12.021608282626048,250000
E6,Diversified,1,0.0,13,1,0.881792,0.001265588672098826,1.967376,1.6681823473533897,13.011391792459913,250000
E6,Diversified,1,0.0,13,2,0.606852,0.001914720980831195,1.967376,1.6681823473533897,13.011391792459913,250000
E6,Diversified,1,0.0,13,3,0.312968,0.0018177096681234895,1.967376,1.6681823473533897,13.011391792459913,250000
E6,Diversified,1,0.0,14,1,0.899636,0.001177900105990939,2.118096,1.797852526194105,13.99840855040829,250000
E6,Diversified,1,0.0,14,2,0.64786,0.0018723383393058424,2.118096,1.797852526194105,13.99840855040829,250000
E6,Diversified,1,0.0,14,3,0.357244,0.0018784152630352026,2.118096,1.797852526194105,13.99840855040829,250000
E6,Diversified,1,0.0,15,1,0.91474,0.0010947313781706268,2.270084,1.9280503451453797,14.988221056727717,250000
E6,Diversified,1,0.0,15,2,0.686228,0.0018189777102017117,2.270084,1.9280503451453797,14.988221056727717,250000
E6,Diversified,1,0.0,15,3,0.400964,0.0019211674476697614,2.270084,1.9280503451453797,14.988221056727717,250000
E6,Diversified,1,0.0,16,1,0.927444,0.001016872683792307,2.422232,2.06239238774555,15.946806887589332,250000
E6,Diversified,1,0.0,16,2,0.720388,0.001759329581082714,2.422232,2.06239238774555,15.946806887589332,250000
E6,Diversified,1,0.0,16,3,0.444364,0.001947828378222441,2.422232,2.06239238774555,15.946806887589332,250000
E6,Diversified,1,0.0,17,1,0.93828,0.0009433334951554726,2.572828,2.1916808491393973,16.936181209485582,250000
E6,Diversified,1,0.0,17,2,0.751304,0.001694448281278475,2.572828,2.1916808491393973,16.936181209485582,250000
E6,Diversified,1,0.0,17,3,0.485972,0.001959228451787882,2.572828,2.1916808491393973,16.936181209485582,250000
E6,Diversified,1,0.0,18,1,0.947612,0.0008734081745140001,2.725688,2.3221622153048616,17.92857320995872,250000
E6,Diversified,1,0.0,18,2,0.779984,0.0016238879022303853,2.725688,2.3221622153048616,17.92857320995872,250000
E6,Diversified,1,0.0,18,3,0.52676,0.001957190884364466,2.725688,2.3221622153048616,17.92857320995872,250000
E6,Diversified,1,0.0,19,1,0.955416,0.0008090434329306931,2.877388,2.450692100224401,18.929782188549442,250000
E6,Diversified,1,0.0,19,2,0.805508,0.0015515717625857177,2.877388,2.450692100224401,18.929782188549442,250000
E6,Diversified,1,0.0,19,3,0.565368,0.001943177745458363,2.877388,2.450692100224401,18.929782188549442,250000
E6,Diversified,1,0.0,20,1,0.962192,0.0007476679942607078,3.02824,2.5779488141952585,19.936247863225976,250000
E6,Diversified,1,0.0,20,2,0.828096,0.0014790041806488775,3.02824,2.5779488141952585,19.936247863225976,250000
E6,Diversified,1,0.0,20,3,0.601308,0.0019193462063784715,3.02824,2.5779488141952585,19.936247863225976,250000
E6,Diversified,1,0.0,21,1,0.96774,0.0006926240933835318,3.180024,2.703554173640695,20.960566352557887,250000
E6,Diversified,1,0.0,21,2,0.849028,0.0014034446125982822,3.180024,2.703554173640695,20.960566352557887,250000
E6,Diversified,1,0.0,21,3,0.635696,0.0018864390428481855,3.180024,2.703554173640695,20.960566352557887,250000
E6,Diversified,1,0.0,22,1,0.972696,0.0006388336286361087,3.332008,2.825549990135961,22.0141150094721,250000
E6,Diversified,1,0.0,22,2,0.86736,0.001329606160251433,3.332008,2.825549990135961,22.0141150094721,250000
E6,Diversified,1,0.0,22,3,0.668632,0.001845163814656641,3.332008,2.825549990135961,22.0141150094721,250000
E6,Diversified,1,0.0,23,1,0.976704,0.0005913004765388723,3.482508,2.9535138439913746,23.013232674330308,250000
E6,Diversified,1,0.0,23,2,0.882836,0.0012607331699209417,3.482508,2.9535138439913746,23.013232674330308,250000
E6,Diversified,1,0.0,23,3,0.699344,0.0017974897859639953,3.482508,2.9535138439913746,23.013232674330308,250000
E6,Diversified,1,0.0,24,1,0.98036,0.0005439382507919073,3.633376,3.078607157052626,24.03674364401379,250000
E6,Diversified,1,0.0,24,2,0.896916,0.001191948753675711,3.633376,3.078607157052626,24.03674364401379,250000
E6,Diversified,1,0.0,24,3,0.72706,0.0017462434361637438,3.633376,3.078607157052626,24.03674364401379,250000
E6,Diversified,1,0.0,25,1,0.983276,0.0005026826153217486,3.78426,3.2066970791883165,25.03696880823588,250000
E6,Diversified,1,0.0,25,2,0.90956,0.0011242995073311025,3.78426,3.2066970791883165,25.03696880823588,250000
E6,Diversified,1,0.0,25,3,0.752968,0.0016906391984730527,3.78426,3.2066970791883165,25.03696880823588,250000
E6,Diversified,1,0.0,26,1,0.98588,0.00046250394724784815,3.935972,3.3358697586950337,26.03324338204192,250000
E6,Diversified,1,0.0,26,2,0.92058,0.0010599412062294025,3.935972,3.3358697586950337,26.03324338204192,250000
E6,Diversified,1,0.0,26,3,0.776276,0.0016336177157696087,3.935972,3.3358697586950337,26.03324338204192,250000
E6,Diversified,1,0.0,27,1,0.98802,0.0004264786983255317,4.08806,3.4666473029892155,27.019046219755054,250000
E6,Diversified,1,0.0,27,2,0.930344,0.000997900208350359,4.08806,3.4666473029892155,27.019046219755054,250000
E6,Diversified,1,0.0,27,3,0.798484,0.0015724394937545298,4.08806,3.4666473029892155,27.019046219755054,250000
E6,Diversified,1,0.0,28,1,0.989808,0.00039372342495339296,4.239956,3.594063494317975,28.030020051027623,250000
E6,Diversified,1,0.0,28,2,0.939244,0.000936418248509292,4.239956,3.594063494317975,28.030020051027623,250000
E6,Diversified,1,0.0,28,3,0.818696,0.0015102578235227182,4.239956,3.594063494317975,28.030020051027623,250000
E6,Diversified,1,0.0,29,1,0.991348,0.0003630424336039718,4.390364,3.7188428228752906,29.053494918332408,250000
E6,Diversified,1,0.0,29,2,0.94688,0.0008791491730735115,4.390364,3.7188428228752906,29.053494918332408,250000
E6,Diversified,1,0.0,29,3,0.836948,0.0014480993883143707,4.390364,3.7188428228752906,29.053494918332408,250000
E6,Diversified,1,0.0,30,1,0.99264,0.0003350586698752332,4.542468,3.8455958513594,30.070801767284987,250000
E6,Diversified,1,0.0,30,2,0.953456,0.0008257873903989149,4.542468,3.8455958513594,30.070801767284987,250000
E6,Diversified,1,0.0,30,3,0.853948,0.0013843806938236513,4.542468,3.8455958513594,30.070801767284987,250000
E6,Diversified,1,0.0,31,1,0.99382,0.0003072091670257244,4.693972,3.972286752363011,31.085345173485337,250000
E6,Diversified,1,0.0,31,2,0.959524,0.0007725254249735428,4.693972,3.972286752363011,31.085345173485337,250000
E6,Diversified,1,0.0,31,3,0.86884,0.0013232950089576247,4.693972,3.972286752363011,31.085345173485337,250000
E6,Diversified,1,0.0,32,1,0.994756,0.00028312335249853555,4.846008,4.095622846427383,32.12908579432312,250000
E6,Diversified,1,0.0,32,2,0.964916,0.0007212492459217422,4.846008,4.095622846427383,32.12908579432312,250000
E6,Diversified,1,0.0,32,3,0.88248,0.0012623924666178264,4.846008,4.095622846427383,32.12908579432312,250000
E6,Diversified,1,0.0,33,1,0.995496,0.00026248531875847244,4.998268,4.2250899005355995,33.12599729308012,250000
E6,Diversified,1,0.0,33,2,0.969404,0.0006751041797714313,4.998268,4.2250899005355995,33.12599729308012,250000
E6,Diversified,1,0.0,33,3,0.895132,0.0012010223828321626,4.998268,4.2250899005355995,33.12599729308012,250000
E6,Diversified,1,0.0,34,1,0.996136,0.0002432002089354885,5.149084,4.358515395005577,34.08407231332712,250000
E6,Diversified,1,0.0,34,2,0.973312,0.0006317861781333611,5.149084,4.358515395005577,34.08407231332712,250000
E6,Diversified,1,0.0,34,3,0.906336,0.0011421339278517668,5.149084,4.358515395005577,34.08407231332712,250000
E6,Diversified,1,0.0,35,1,0.996748,0.0002231793569650538,5.299704,4.485371453869813,35.09250967050299,250000
E6,Diversified,1,0.0,35,2,0.976844,0.000589563304113213,5.299704,4.485371453869813,35.09250967050299,250000
E6,Diversified,1,0.0,35,3,0.9168,0.0010826424023028104,5.299704,4.485371453869813,35.09250967050299,250000
E6,Diversified,1,0.0,36,1,0.997248,0.00020535811478520648,5.449412,4.6070272823651335,36.13671347427822,250000
E6,Diversified,1,0.0,36,2,0.979936,0.0005496594297155514,5.449412,4.6070272823651335,36.13671347427822,250000
E6,Diversified,1,0.0,36,3,0.925796,0.001027442143073321,5.449412,4.6070272823651335,36.13671347427822,250000
E6,Diversified,1,0.0,37,1,0.997652,0.0001897250395669867,5.600384,4.7381100049840175,37.113956073781694,250000
E6,Diversified,1,0.0,37,2,0.98242,0.000515162331440334,5.600384,4.7381100049840175,37.113956073781694,250000
E6,Diversified,1,0.0,37,3,0.934092,0.000972635148604239,5.600384,4.7381100049840175,37.113956073781694,250000
E6,Diversified,1,0.0,38,1,0.997948,0.00017738982337793568,5.751448,4.866929371013482,38.1094472948117,250000
E6,Diversified,1,0.0,38,2,0.984756,0.0004802859197374103,5.751448,4.866929371013482,38.1094472948117,250000
E6,Diversified,1,0.0,38,3,0.941488,0.0009200595403351017,5.751448,4.866929371013482,38.1094472948117,250000
E6,Diversified,1,0.0,39,1,0.998244,0.00016412195329208487,5.902716,4.9933517967511865,39.12482378357114,250000
E6,Diversified,1,0.0,39,2,0.9867,0.000449060082287437,5.902716,4.9933517967511865,39.12482378357114,250000
E6,Diversified,1,0.0,39,3,0.947996,0.0008703775774523021,5.902716,4.9933517967511865,39.12482378357114,250000
E6,Diversified,1,0.0,40,1,0.99844,0.00015470678178076125,6.053664,5.125996679090709,40.089739445422026,250000
E6,Diversified,1,0.0,40,2,0.988484,0.0004182362935363228,6.053664,5.125996679090709,40.089739445422026,250000
E6,Diversified,1,0.0,40,3,0.95344,0.0008259223848334422,6.053664,5.125996679090709,40.089739445422026,250000
E6,Diversified,1,0.0,41,1,0.998684,0.0001421111185233631,6.205236,5.252399193900767,41.10691062224241,250000
E6,Diversified,1,0.0,41,2,0.989976,0.00039049810355103404,6.205236,5.252399193900767,41.10691062224241,250000
E6,Diversified,1,0.0,41,3,0.958616,0.0007807727301391366,6.205236,5.252399193900767,41.10691062224241,250000
E6,Diversified,1,0.0,42,1,0.99892,0.00012875476158589065,6.357804,5.378737812535247,42.130003596653395,250000
E6,Diversified,1,0.0,42,2,0.991304,0.000363956317213451,6.357804,5.378737812535247,42.130003596653395,250000
E6,Diversified,1,0.0,42,3,0.9634,0.00073608832704778,6.357804,5.378737812535247,42.130003596653395,250000
E6,Diversified,1,0.0,43,1,0.99908,0.00011884478061337188,6.510136,5.511511307549225,43.10144685284421,250000
E6,Diversified,1,0.0,43,2,0.992576,0.00033650144507813543,6.510136,5.511511307549225,43.10144685284421,250000
E6,Diversified,1,0.0,43,3,0.967572,0.0006943649575638034,6.510136,5.511511307549225,43.10144685284421,250000
E6,Diversified,1,0.0,44,1,0.999236,0.00010830955772130823,6.661152,5.636676579602316,44.12527352955834,250000
E6,Diversified,1,0.0,44,2,0.993536,0.00031414383769277725,6.661152,5.636676579602316,44.12527352955834,250000
E6,Diversified,1,0.0,44,3,0.971616,0.0006509838208945911,6.661152,5.636676579602316,44.12527352955834,250000
E6,Diversified,1,0.0,45,1,0.999372,9.820406782665277e-05,6.812448,5.763423300989209,45.13825876098986,250000
E6,Diversified,1,0.0,45,2,0.994388,0.0002928349006506527,6.812448,5.763423300989209,45.13825876098986,250000
E6,Diversified,1,0.0,45,3,0.974924,0.0006129154634398396,6.812448,5.763423300989209,45.13825876098986,250000
E6,Diversified,1,0.0,46,1,0.99946,9.10679699881345e-05,6.96294,5.895022136488547,46.10888165379433,250000
E6,Diversified,1,0.0,46,2,0.995068,0.00027461482643471223,6.96294,5.895022136488547,46.10888165379433,250000
E6,Diversified,1,0.0,46,3,0.977776,0.0005778523286594197,6.96294,5.895022136488547,46.10888165379433,250000
E6,Diversified,1,0.0,47,1,0.999564,8.183415734780603e-05,7.113236,6.018125680806732,47.14492966527985,250000
E6,Diversified,1,0.0,47,2,0.99578,0.00025411130829272436,7.113236,6.018125680806732,47.14492966527985,250000
E6,Diversified,1,0.0,47,3,0.980416,0.0005431777381744232,7.113236,6.018125680806732,47.14492966527985,250000
E6,Diversified,1,0.0,48,1,0.999628,7.559215790082328e-05,7.26366,6.154400022000086,48.07861959268949,250000
E6,Diversified,1,0.0,48,2,0.996368,0.0002358136130554085,7.26366,6.154400022000086,48.07861959268949,250000
E6,Diversified,1,0.0,48,3,0.982684,0.0005113482783496602,7.26366,6.154400022000086,48.07861959268949,250000
E6,Diversified,1,0.0,49,1,0.999664,7.184271427852407e-05,7.415176,6.282990020984088,49.07837640937897,250000
E6,Diversified,1,0.0,49,2,0.996788,0.00022180699382958664,7.415176,6.282990020984088,49.07837640937897,250000
E6,Diversified,1,0.0,49,3,0.984728,0.00048071997473400423,7.415176,6.282990020984088,49.07837640937897,250000
E6,Diversified,1,0.0,50,1,0.999704,6.743224790481949e-05,7.56594,6.415453578214306,50.04380773929077,250000
E6,Diversified,1,0.0,50,2,0.997156,0.00020875285146241464,7.56594,6.415453578214306,50.04380773929077,250000
E6,Diversified,1,0.0,50,3,0.986544,0.0004516502823356252,7.56594,6.415453578214306,50.04380773929077,250000
E6,Diversified,1,0.0,51,1,0.999744,6.271197132613614e-05,7.718224,6.54474846481786,51.04223650742077,250000
E6,Diversified,1,0.0,51,2,0.99752,0.0001949722095413615,7.718224,6.54474846481786,51.04223650742077,250000
E6,Diversified,1,0.0,51,3,0.98814,0.00042436313732764267,7.718224,6.54474846481786,51.04223650742077,250000
E6,Diversified,1,0.0,52,1,0.999776,5.866261650756494e-05,7.869512,6.678951597662385,51.99702171742915,250000
E6,Diversified,1,0.0,52,2,0.997852,0.0001814831344934702,7.869512,6.678951597662385,51.99702171742915,250000
E6,Diversified,1,0.0,52,3,0.989488,0.00039979191669471995,7.869512,6.678951597662385,51.99702171742915,250000
E6,Diversified,1,0.0,53,1,0.999824,5.200010009983531e-05,8.0214,6.807985271941087,52.99534724494045,250000
E6,Diversified,1,0.0,53,2,0.998144,0.00016872197606929905,8.0214,6.807985271941087,52.99534724494045,250000
E6,Diversified,1,0.0,53,3,0.9907,0.0003762691590656875,8.0214,6.807985271941087,52.99534724494045,250000
E6,Diversified,1,0.0,54,1,0.999852,4.7685329131452664e-05,8.172524,6.93144319519679,54.03295782408648,250000
E6,Diversified,1,0.0,54,2,0.998364,0.00015842443716758206,8.172524,6.93144319519679,54.03295782408648,250000
E6,Diversified,1,0.0,54,3,0.991776,0.00035402539428396057,8.172524,6.93144319519679,54.03295782408648,250000
E6,Diversified,1,0.0,55,1,0.999872,4.434689884200091e-05,8.324412,7.061693101028394,55.02180089405799,250000
E6,Diversified,1,0.0,55,2,0.998568,0.0001482335120388309,8.324412,7.061693101028394,55.02180089405799,250000
E6,Diversified,1,0.0,55,3,0.992768,0.0003321537506211342,8.324412,7.061693101028394,55.02180089405799,250000
E6,Diversified,1,0.0,56,1,0.99988,4.293887194419688e-05,8.475064,7.190006955931826,56.01901774490467,250000
E6,Diversified,1,0.0,56,2,0.99872,0.00014015639725049726,8.475064,7.190006955931826,56.01901774490467,250000
E6,Diversified,1,0.0,56,3,0.993644,0.0003115253685707314,8.475064,7.190006955931826,56.01901774490467,250000
E6,Diversified,1,0.0,57,1,0.999896,3.9974234164239994e-05,8.625528,7.317871992703994,57.01870801231431,250000
E6,Diversified,1,0.0,57,2,0.998896,0.00013017594549615344,8.625528,7.317871992703994,57.01870801231431,250000
E6,Diversified,1,0.0,57,3,0.994396,0.00029262728279403206,8.625528,7.317871992703994,57.01870801231431,250000
E6,Diversified,1,0.0,58,1,0.999912,3.677124151559267e-05,8.776984,7.448013655798614,58.006056466320246,250000
E6,Diversified,1,0.0,58,2,0.999056,0.00012038350405171279,8.776984,7.448013655798614,58.006056466320246,250000
E6,Diversified,1,0.0,58,3,0.995108,0.0002735044520264899,8.776984,7.448013655798614,58.006056466320246,250000
E6,Diversified,1,0.0,59,1,0.999932,3.23240490311121e-05,8.929156,7.571351413069637,59.050309963135106,250000
E6,Diversified,1,0.0,59,2,0.999172,0.00011275124940337993,8.929156,7.571351413069637,59.050309963135106,250000
E6,Diversified,1,0.0,59,3,0.99578,0.00025411130829272436,8.929156,7.571351413069637,59.050309963135106,250000
E6,Diversified,1,0.0,60,1,0.99994,3.0363278494905916e-05,9.08082,7.699446925387716,60.05473024194763,250000
E6,Diversified,1,0.0,60,2,0.999264,0.00010630779126002463,9.08082,7.699446925387716,60.05473024194763,250000
E6,Diversified,1,0.0,60,3,0.996316,0.00023748950930927858,9.08082,7.699446925387716,60.05473024194763,250000
E6,Diversified,1,0.0,61,1,0.99994,3.0363278494905916e-05,9.231516,7.82982766105465,61.036068713006735,250000
E6,Diversified,1,0.0,61,2,0.999372,9.820406782665277e-05,9.231516,7.82982766105465,61.036068713006735,250000
E6,Diversified,1,0.0,61,3,0.996776,0.0002222196042969964,9.231516,7.82982766105465,61.036068713006735,250000
E6,Diversified,1,0.0,62,1,0.999948,2.8266787034525147e-05,9.383528,7.955642095784377,62.0601646395128,250000
E6,Diversified,1,0.0,62,2,0.999456,9.140445355150605e-05,9.383528,7.955642095784377,62.0601646395128,250000
E6,Diversified,1,0.0,62,3,0.99712,0.00021006612514120381,9.383528,7.955642095784377,62.0601646395128,250000
E6,Diversified,1,0.0,63,1,0.999956,2.600176629866279e-05,9.536384,8.080364526002112,63.09737478111764,250000
E6,Diversified,1,0.0,63,2,0.999552,8.295217358245931e-05,9.536384,8.080364526002112,63.09737478111764,250000
E6,Diversified,1,0.0,63,3,0.997468,0.00019700053411299696,9.536384,8.080364526002112,63.09737478111764,250000
E6,Diversified,1,0.0,64,1,0.99996,2.4791761005636823e-05,9.688708,8.214382148264598,64.05916303280696,250000
E6,Diversified,1,0.0,64,2,0.999644,7.39492455940556e-05,9.688708,8.214382148264598,64.05916303280696,250000
E6,Diversified,1,0.0,64,3,0.997764,0.00018515518645554013,9.688708,8.214382148264598,64.05916303280696,250000
E6,Diversified,1,0.0,65,1,0.999968,2.2174513857284263e-05,9.84048,8.346474755499035,65.03301001081044,250000
E6,Diversified,1,0.0,65,2,0.9997,6.788620643399875e-05,9.84048,8.346474755499035,65.03301001081044,250000
E6,Diversified,1,0.0,65,3,0.998012,0.00017460719622752735,9.84048,8.346474755499035,65.03301001081044,250000
E6,Diversified,1,0.0,66,1,0.999972,2.0742399879060046e-05,9.99096,8.471128162912656,66.05782294778899,250000
E6,Diversified,1,0.0,66,2,0.999744,6.271197132613614e-05,9.99096,8.471128162912656,66.05782294778899,250000
E6,Diversified,1,0.0,66,3,0.998272,0.00016281048914447023,9.99096,8.471128162912656,66.05782294778899,250000
E6,Diversified,1,0.0,67,1,0.999988,1.3579196855432371e-05,10.142308,8.595194813915256,67.09196015657656,250000
E6,Diversified,1,0.0,67,2,0.999776,5.866261650756494e-05,10.142308,8.595194813915256,67.09196015657656,250000
E6,Diversified,1,0.0,67,3,0.998496,0.00015190887583461617,10.142308,8.595194813915256,67.09196015657656,250000
E6,Diversified,1,0.0,68,1,0.999988,1.3579196855432371e-05,10.29222,8.71711034004134,68.13511384172622,250000
E6,Diversified,1,0.0,68,2,0.999796,5.598308773100429e-05,10.29222,8.71711034004134,68.13511384172622,250000
E6,Diversified,1,0.0,68,3,0.99874,0.0001390585067637381,10.29222,8.71711034004134,68.13511384172622,250000
E6,Diversified,1,0.0,69,1,0.999992,1.1087389979184593e-05,10.442232,8.844394235752937,69.13688318662842,250000
E6,Diversified,1,0.0,69,2,0.999832,5.080473893964587e-05,10.442232,8.844394235752937,69.13688318662842,250000
E6,Diversified,1,0.0,69,3,0.998876,0.00013134846804981707,10.442232,8.844394235752937,69.13688318662842,250000
E6,Diversified,1,0.0,70,1,0.999996,7.83998431998824e-06,10.592924,8.971185014964064,70.14621817192855,250000
E6,Diversified,1,0.0,70,2,0.999864,4.5711554152817685e-05,10.592924,8.971185014964064,70.14621817192855,250000
E6,Diversified,1,0.0,70,3,0.999,0.00012389928813354829,10.592924,8.971185014964064,70.14621817192855,250000
E6,Diversified,1,0.0,71,1,0.999996,7.83998431998824e-06,10.7441,9.097587580350334,71.16122877184746,250000
E6,Diversified,1,0.0,71,2,0.999876,4.364856614178522e-05,10.7441,9.097587580350334,71.16122877184746,250000
E6,Diversified,1,0.0,71,3,0.999128,0.0001157057320762552,10.7441,9.097587580350334,71.16122877184746,250000
E6,Diversified,1,0.0,72,1,0.999996,7.83998431998824e-06,10.89626,9.229278929515718,72.14023197564319,250000
E6,Diversified,1,0.0,72,2,0.999888,4.148305731112903e-05,10.89626,9.229278929515718,72.14023197564319,250000
E6,Diversified,1,0.0,72,3,0.999204,0.00011055278378719321,10.89626,9.229278929515718,72.14023197564319,250000
E6,Diversified,1,0.0,73,1,0.999996,7.83998431998824e-06,11.045852,9.356851021500075,73.13745319348077,250000
E6,Diversified,1,0.0,73,2,0.999924,3.417246908950335e-05,11.045852,9.356851021500075,73.13745319348077,250000
E6,Diversified,1,0.0,73,3,0.999296,0.00010397273568728574,11.045852,9.356851021500075,73.13745319348077,250000
E6,Diversified,1,0.0,74,1,1.0,0.0,11.196924,9.483534872363506,74.14969363613594,250000
E6,Diversified,1,0.0,74,2,0.999932,3.23240490311121e-05,11.196924,9.483534872363506,74.14969363613594,250000
E6,Diversified,1,0.0,74,3,0.99938,9.757694992076404e-05,11.196924,9.483534872363506,74.14969363613594,250000
E6,Diversified,1,0.0,75,1,1.0,0.0,11.3477,9.609971149884624,75.16226077570508,250000
E6,Diversified,1,0.0,75,2,0.999932,3.23240490311121e-05,11.3477,9.609971149884624,75.16226077570508,250000
E6,Diversified,1,0.0,75,3,0.999444,9.240653706621418e-05,11.3477,9.609971149884624,75.16226077570508,250000
E6,Diversified,1,0.0,76,1,1.0,0.0,11.499404,9.737078593098376,76.17463327131368,250000
E6,Diversified,1,0.0,76,2,0.999952,2.715790484951182e-05,11.499404,9.737078593098376,76.17463327131368,250000
E6,Diversified,1,0.0,76,3,0.99952,8.586228264750799e-05,11.499404,9.737078593098376,76.17463327131368,250000
E6,Diversified,1,0.0,77,1,1.0,0.0,11.651312,9.866328143968557,77.17135827334415,250000
E6,Diversified,1,0.0,77,2,0.99996,2.4791761005636823e-05,11.651312,9.866328143968557,77.17135827334415,250000
E6,Diversified,1,0.0,77,3,0.999564,8.183415734780603e-05,11.651312,9.866328143968557,77.17135827334415,250000
E6,Diversified,1,0.0,78,1,1.0,0.0,11.802716,9.980914947003798,78.28017550575262,250000
E6,Diversified,1,0.0,78,2,0.99996,2.4791761005636823e-05,11.802716,9.980914947003798,78.28017550575262,250000
E6,Diversified,1,0.0,78,3,0.999636,7.47752205845364e-05,11.802716,9.980914947003798,78.28017550575262,250000
E6,Diversified,1,0.0,79,1,1.0,0.0,11.95212,10.109691944367754,79.2669151340755,250000
E6,Diversified,1,0.0,79,2,0.999968,2.2174513857284263e-05,11.95212,10.109691944367754,79.2669151340755,250000
E6,Diversified,1,0.0,79,3,0.999676,7.054856835396066e-05,11.95212,10.109691944367754,79.2669151340755,250000
E6,Diversified,1,0.0,80,1,1.0,0.0,12.103512,10.236446211640844,80.28037893003449,250000
E6,Diversified,1,0.0,80,2,0.999972,2.0742399879060046e-05,12.103512,10.236446211640844,80.28037893003449,250000
E6,Diversified,1,0.0,80,3,0.999724,6.511494336259864e-05,12.103512,10.236446211640844,80.28037893003449,250000
E6,Diversified,1,0.0,81,1,1.0,0.0,12.255224,10.355654132440526,81.35482963638943,250000
E6,Diversified,1,0.0,81,2,0.999972,2.0742399879060046e-05,12.255224,10.355654132440526,81.35482963638943,250000
E6,Diversified,1,0.0,81,3,0.999768,5.970073465952118e-05,12.255224,10.355654132440526,81.35482963638943,250000
E6,Diversified,1,0.0,82,1,1.0,0.0,12.407104,10.492460303025187,82.2920588169786,250000
E6,Diversified,1,0.0,82,2,0.999976,1.920376913405201e-05,12.407104,10.492460303025187,82.2920588169786,250000
E6,Diversified,1,0.0,82,3,0.999792,5.65291640489242e-05,12.407104,10.492460303025187,82.2920588169786,250000
E6,Diversified,1,0.0,83,1,1.0,0.0,12.558116,10.630449052340193,83.21541658505701,250000
E6,Diversified,1,0.0,83,2,0.999976,1.920376913405201e-05,12.558116,10.630449052340193,83.21541658505701,250000
E6,Diversified,1,0.0,83,3,0.999808,5.431189863215922e-05,12.558116,10.630449052340193,83.21541658505701,250000
E6,Diversified,1,0.0,84,1,1.0,0.0,12.7092,10.761142404569663,84.1963552768308,250000
E6,Diversified,1,0.0,84,2,0.99998,1.7530597635001135e-05,12.7092,10.761142404569663,84.1963552768308,250000
E6,Diversified,1,0.0,84,3,0.999852,4.7685329131452664e-05,12.7092,10.761142404569663,84.1963552768308,250000
E6,Diversified,1,0.0,85,1,1.0,0.0,12.86152,10.893970865483446,85.16732825739912,250000
E6,Diversified,1,0.0,85,2,0.999984,1.5679874559506076e-05,12.86152,10.893970865483446,85.16732825739912,250000
E6,Diversified,1,0.0,85,3,0.999868,4.5034398584268024e-05,12.86152,10.893970865483446,85.16732825739912,250000
E6,Diversified,1,0.0,86,1,1.0,0.0,13.012368,11.023875128076506,86.15317480461111,250000
E6,Diversified,1,0.0,86,2,0.999992,1.1087389979184593e-05,13.012368,11.023875128076506,86.15317480461111,250000
E6,Diversified,1,0.0,86,3,0.999884,4.221724327477668e-05,13.012368,11.023875128076506,86.15317480461111,250000
E6,Diversified,1,0.0,87,1,1.0,0.0,13.164532,11.15325783400733,87.15025602937966,250000
E6,Diversified,1,0.0,87,2,0.999992,1.1087389979184593e-05,13.164532,11.15325783400733,87.15025602937966,250000
E6,Diversified,1,0.0,87,3,0.999892,4.073563509153078e-05,13.164532,11.15325783400733,87.15025602937966,250000
E6,Diversified,1,0.0,88,1,1.0,0.0,13.315556,11.278249523862062,88.17545890966977,250000
E6,Diversified,1,0.0,88,2,0.999996,7.83998431998824e-06,13.315556,11.278249523862062,88.17545890966977,250000
E6,Diversified,1,0.0,88,3,0.999908,3.759758953430536e-05,13.315556,11.278249523862062,88.17545890966977,250000
E6,Diversified,1,0.0,89,1,1.0,0.0,13.466716,11.403977791255185,89.1956540673385,250000
E6,Diversified,1,0.0,89,2,0.999996,7.83998431998824e-06,13.466716,11.403977791255185,89.1956540673385,250000
E6,Diversified,1,0.0,89,3,0.999924,3.417246908950335e-05,13.466716,11.403977791255185,89.1956540673385,250000
E6,Diversified,1,0.0,90,1,1.0,0.0,13.618016,11.527230332665306,90.23599511873843,250000
E6,Diversified,1,0.0,90,2,0.999996,7.83998431998824e-06,13.618016,11.527230332665306,90.23599511873843,250000
E6,Diversified,1,0.0,90,3,0.999932,3.23240490311121e-05,13.618016,11.527230332665306,90.23599511873843,250000
E6,Diversified,1,0.0,91,1,1.0,0.0,13.770108,11.66644033409734,91.15582262682236,250000
E6,Diversified,1,0.0,91,2,0.999996,7.83998431998824e-06,13.770108,11.66644033409734,91.15582262682236,250000
E6,Diversified,1,0.0,91,3,0.99994,3.0363278494905916e-05,13.770108,11.66644033409734,91.15582262682236,250000
E6,Diversified,1,0.0,92,1,1.0,0.0,13.922728,11.791476203920837,92.18935002337443,250000
E6,Diversified,1,0.0,92,2,0.999996,7.83998431998824e-06,13.922728,11.791476203920837,92.18935002337443,250000
E6,Diversified,1,0.0,92,3,0.999952,2.715790484951182e-05,13.922728,11.791476203920837,92.18935002337443,250000
E6,Diversified,1,0.0,93,1,1.0,0.0,14.074296,11.918887779935124,93.19860111196097,250000
E6,Diversified,1,0.0,93,2,0.999996,7.83998431998824e-06,14.074296,11.918887779935124,93.19860111196097,250000
E6,Diversified,1,0.0,93,3,0.999964,2.351957663620145e-05,14.074296,11.918887779935124,93.19860111196097,250000
E6,Diversified,1,0.0,94,1,1.0,0.0,14.22692,12.049387511150048,94.18944058095397,250000
E6,Diversified,1,0.0,94,2,0.999996,7.83998431998824e-06,14.22692,12.049387511150048,94.18944058095397,250000
E6,Diversified,1,0.0,94,3,0.999968,2.2174513857284263e-05,14.22692,12.049387511150048,94.18944058095397,250000
E6,Diversified,1,0.0,95,1,1.0,0.0,14.378416,12.179882050472203,95.1742024592249,250000
E6,Diversified,1,0.0,95,2,1.0,0.0,14.378416,12.179882050472203,95.1742024592249,250000
E6,Diversified,1,0.0,95,3,0.999976,1.920376913405201e-05,14.378416,12.179882050472203,95.1742024592249,250000
E6,Diversified,1,0.0,96,1,1.0,0.0,14.530856,12.309825146564611,96.16840276751218,250000
E6,Diversified,1,0.0,96,2,1.0,0.0,14.530856,12.309825146564611,96.16840276751218,250000
E6,Diversified,1,0.0,96,3,0.999976,1.920376913405201e-05,14.530856,12.309825146564611,96.16840276751218,250000
E6,Diversified,1,0.0,97,1,1.0,0.0,14.682236,12.434279777423114,97.19973576521825,250000
E6,Diversified,1,0.0,97,2,1.0,0.0,14.682236,12.434279777423114,97.19973576521825,250000
E6,Diversified,1,0.0,97,3,0.999984,1.5679874559506076e-05,14.682236,12.434279777423114,97.19973576521825,250000
E6,Diversified,1,0.0,98,1,1.0,0.0,14.833444,12.560457340693352,98.21667595642624,250000
E6,Diversified,1,0.0,98,2,1.0,0.0,14.833444,12.560457340693352,98.21667595642624,250000
E6,Diversified,1,0.0,98,3,0.999992,1.1087389979184593e-05,14.833444,12.560457340693352,98.21667595642624,250000
E6,Diversified,1,0.0,99,1,1.0,0.0,14.984468,12.689957516806075,99.2066368419823,250000
E6,Diversified,1,0.0,99,2,1.0,0.0,14.984468,12.689957516806075,99.2066368419823,250000
E6,Diversified,1,0.0,99,3,0.999992,1.1087389979184593e-05,14.984468,12.689957516806075,99.2066368419823,250000
E6,Diversified,1,0.0,100,1,1.0,0.0,15.135356,12.814054009480047,100.23811222178972,250000
E6,Diversified,1,0.0,100,2,1.0,0.0,15.135356,12.814054009480047,100.23811222178972,250000
E6,Diversified,1,0.0,100,3,0.999992,1.1087389979184593e-05,15.135356,12.814054009480047,100.23811222178972,250000
E6,Diversified,1,0.0,101,1,1.0,0.0,15.28596,12.945454660218669,101.21091932887289,250000
E6,Diversified,1,0.0,101,2,1.0,0.0,15.28596,12.945454660218669,101.21091932887289,250000
E6,Diversified,1,0.0,101,3,0.999992,1.1087389979184593e-05,15.28596,12.945454660218669,101.21091932887289,250000
E6,Diversified,1,0.0,102,1,1.0,0.0,15.437152,13.06911040533765,102.24750046967299,250000
E6,Diversified,1,0.0,102,2,1.0,0.0,15.437152,13.06911040533765,102.24750046967299,250000
E6,Diversified,1,0.0,102,3,0.999992,1.1087389979184593e-05,15.437152,13.06911040533765,102.24750046967299,250000
E6,Diversified,1,0.0,103,1,1.0,0.0,15.58816,13.188560568642291,103.31603759633637,250000
E6,Diversified,1,0.0,103,2,1.0,0.0,15.58816,13.188560568642291,103.31603759633637,250000
E6,Diversified,1,0.0,103,3,0.999992,1.1087389979184593e-05,15.58816,13.188560568642291,103.31603759633637,250000
E6,Diversified,1,0.0,104,1,1.0,0.0,15.738432,13.310547423565705,104.36074864144274,250000
E6,Diversified,1,0.0,104,2,1.0,0.0,15.738432,13.310547423565705,104.36074864144274,250000
E6,Diversified,1,0.0,104,3,0.999992,1.1087389979184593e-05,15.738432,13.310547423565705,104.36074864144274,250000
E6,Diversified,1,0.0,105,1,1.0,0.0,15.890288,13.43838503059613,105.36824308390493,250000
E6,Diversified,1,0.0,105,2,1.0,0.0,15.890288,13.43838503059613,105.36824308390493,250000
E6,Diversified,1,0.0,105,3,0.999992,1.1087389979184593e-05,15.890288,13.43838503059613,105.36824308390493,250000
E6,Diversified,1,0.0,106,1,1.0,0.0,16.041776,13.57477306491631,106.30673216716693,250000
E6,Diversified,1,0.0,106,2,1.0,0.0,16.041776,13.57477306491631,106.30673216716693,250000
E6,Diversified,1,0.0,106,3,0.999992,1.1087389979184593e-05,16.041776,13.57477306491631,106.30673216716693,250000
E6,Diversified,1,0.0,107,1,1.0,0.0,16.192968,13.707498180968685,107.27234708369174,250000
E6,Diversified,1,0.0,107,2,1.0,0.0,16.192968,13.707498180968685,107.27234708369174,250000
E6,Diversified,1,0.0,107,3,0.999992,1.1087389979184593e-05,16.192968,13.707498180968685,107.27234708369174,250000
E6,Diversified,1,0.0,108,1,1.0,0.0,16.344532,13.83754905117219,108.26092934707931,250000
E6,Diversified,1,0.0,108,2,1.0,0.0,16.344532,13.83754905117219,108.26092934707931,250000
E6,Diversified,1,0.0,108,3,0.999992,1.1087389979184593e-05,16.344532,13.83754905117219,108.26092934707931,250000
E6,Diversified,1,0.0,109,1,1.0,0.0,16.496948,13.961774532394129,109.29972821529539,250000
E6,Diversified,1,0.0,109,2,1.0,0.0,16.496948,13.961774532394129,109.29972821529539,250000
E6,Diversified,1,0.0,109,3,0.999992,1.1087389979184593e-05,16.496948,13.961774532394129,109.29972821529539,250000
E6,Diversified,1,0.0,110,1,1.0,0.0,16.64918,14.094481705526825,110.2711496366181,250000
E6,Diversified,1,0.0,110,2,1.0,0.0,16.64918,14.094481705526825,110.2711496366181,250000
E6,Diversified,1,0.0,110,3,0.999992,1.1087389979184593e-05,16.64918,14.094481705526825,110.2711496366181,250000
E6,Diversified,1,0.0,111,1,1.0,0.0,16.800508,14.214967801807164,111.33331391860494,250000
E6,Diversified,1,0.0,111,2,1.0,0.0,16.800508,14.214967801807164,111.33331391860494,250000
E6,Diversified,1,0.0,111,3,0.999992,1.1087389979184593e-05,16.800508,14.214967801807164,111.33331391860494,250000
E6,Diversified,1,0.0,112,1,1.0,0.0,16.951912,14.3432409172197,112.33493498509348,250000
E6,Diversified,1,0.0,112,2,1.0,0.0,16.951912,14.3432409172197,112.33493498509348,250000
E6,Diversified,1,0.0,112,3,0.999996,7.83998431998824e-06,16.951912,14.3432409172197,112.33493498509348,250000
E6,Diversified,1,0.0,113,1,1.0,0.0,17.103316,14.480211724990925,113.26847928998798,250000
E6,Diversified,1,0.0,113,2,1.0,0.0,17.103316,14.480211724990925,113.26847928998798,250000
E6,Diversified,1,0.0,113,3,0.999996,7.83998431998824e-06,17.103316,14.480211724990925,113.26847928998798,250000
E6,Diversified,1,0.0,114,1,1.0,0.0,17.255264,14.60650671633087,114.28853499764683,250000
E6,Diversified,1,0.0,114,2,1.0,0.0,17.255264,14.60650671633087,114.28853499764683,250000
E6,Diversified,1,0.0,114,3,0.999996,7.83998431998824e-06,17.255264,14.60650671633087,114.28853499764683,250000
E6,Diversified,1,0.0,115,1,1.0,0.0,17.406496,14.732491931951728,115.3071251149047,250000
E6,Diversified,1,0.0,115,2,1.0,0.0,17.406496,14.732491931951728,115.3071251149047,250000
E6,Diversified,1,0.0,115,3,0.999996,7.83998431998824e-06,17.406496,14.732491931951728,115.3071251149047,250000
E6,Diversified,1,0.0,116,1,1.0,0.0,17.55834,14.864655903023625,116.28069543992513,250000
E6,Diversified,1,0.0,116,2,1.0,0.0,17.55834,14.864655903023625,116.28069543992513,250000
E6,Diversified,1,0.0,116,3,1.0,0.0,17.55834,14.864655903023625,116.28069543992513,250000
E6,Diversified,1,0.0,117,1,1.0,0.0,17.709304,14.990611798031237,117.29805145049382,250000
E6,Diversified,1,0.0,117,2,1.0,0.0,17.709304,14.990611798031237,117.29805145049382,250000
E6,Diversified,1,0.0,117,3,1.0,0.0,17.709304,14.990611798031237,117.29805145049382,250000
E6,Diversified,1,0.0,118,1,1.0,0.0,17.860444,15.122300612066397,118.27151639498001,250000
E6,Diversified,1,0.0,118,2,1.0,0.0,17.860444,15.122300612066397,118.27151639498001,250000
E6,Diversified,1,0.0,118,3,1.0,0.0,17.860444,15.122300612066397,118.27151639498001,250000
E6,Diversified,1,0.0,119,1,1.0,0.0,18.01218,15.260380689122751,119.19829328529673,250000
E6,Diversified,1,0.0,119,2,1.0,0.0,18.01218,15.260380689122751,119.19829328529673,250000
E6,Diversified,1,0.0,119,3,1.0,0.0,18.01218,15.260380689122751,119.19829328529673,250000
E6,Diversified,1,0.0,120,1,1.0,0.0,18.163216,15.397142125912541,120.13165067743064,250000
E6,Diversified,1,0.0,120,2,1.0,0.0,18.163216,15.397142125912541,120.13165067743064,250000
E6,Diversified,1,0.0,120,3,1.0,0.0,18.163216,15.397142125912541,120.13165067743064,250000
E6,MSOG trios,3,0.25,1,1,0.1511,0.0014039335933925083,0.1511,0.1282693030772123,1.0000000000000002,250000
E6,MSOG trios,3,0.25,1,2,0.0,0.0,0.1511,0.1282693030772123,1.0000000000000002,250000
E6,MSOG trios,3,0.25,1,3,0.0,0.0,0.1511,0.1282693030772123,1.0000000000000002,250000
E6,MSOG trios,3,0.25,2,1,0.26674,0.0017336408735973432,0.301992,0.28129795712782857,1.8229312614109623,250000
E6,MSOG trios,3,0.25,2,2,0.035252,0.0007229110966613629,0.301992,0.28129795712782857,1.8229312614109623,250000
E6,MSOG trios,3,0.25,2,3,0.0,0.0,0.301992,0.28129795712782857,1.8229312614109623,250000
E6,MSOG trios,3,0.25,3,1,0.35816,0.0018794812492377146,0.453064,0.4594948498833995,2.5113002930653603,250000
E6,MSOG trios,3,0.25,3,2,0.08396,0.0010871250448875511,0.453064,0.4594948498833995,2.5113002930653603,250000
E6,MSOG trios,3,0.25,3,3,0.010944,0.00040783505295127536,0.453064,0.4594948498833995,2.5113002930653603,250000
E6,MSOG trios,3,0.25,4,1,0.454724,0.0019519477882548788,0.604036,0.588514864763459,3.4855408579474028,250000
E6,MSOG trios,3,0.25,4,2,0.125616,0.0012991510481569577,0.604036,0.588514864763459,3.4855408579474028,250000
E6,MSOG trios,3,0.25,4,3,0.022036,0.0005754583325554906,0.604036,0.588514864763459,3.4855408579474028,250000
E6,MSOG trios,3,0.25,5,1,0.529076,0.001956683171530964,0.754496,0.7406347485229939,4.324975655189069,250000
E6,MSOG trios,3,0.25,5,2,0.179396,0.0015040395601537274,0.754496,0.7406347485229939,4.324975655189069,250000
E6,MSOG trios,3,0.25,5,3,0.040128,0.0007693367633883762,0.754496,0.7406347485229939,4.324975655189069,250000
E6,MSOG trios,3,0.25,6,1,0.588756,0.001928872526692941,0.906572,0.9165348749554999,5.038072495007647,250000
E6,MSOG trios,3,0.25,6,2,0.23604,0.0016646164421216557,0.906572,0.9165348749554999,5.038072495007647,250000
E6,MSOG trios,3,0.25,6,3,0.067244,0.0009817408503936308,0.906572,0.9165348749554999,5.038072495007647,250000
E6,MSOG trios,3,0.25,7,1,0.650544,0.0018690488640078539,1.057488,1.0454993118532476,6.010668821018358,250000
E6,MSOG trios,3,0.25,7,2,0.289608,0.0017780352849821374,1.057488,1.0454993118532476,6.010668821018358,250000
E6,MSOG trios,3,0.25,7,3,0.09256,0.0011360742060450805,1.057488,1.0454993118532476,6.010668821018358,250000
E6,MSOG trios,3,0.25,8,1,0.698048,0.001799689843963291,1.208976,1.1980138234792939,6.853180561232558,250000
E6,MSOG trios,3,0.25,8,2,0.345964,0.0018646715676069996,1.208976,1.1980138234792939,6.853180561232558,250000
E6,MSOG trios,3,0.25,8,3,0.124096,0.0012923888823152486,1.208976,1.1980138234792939,6.853180561232558,250000
E6,MSOG trios,3,0.25,9,1,0.73562,0.0017287298470830656,1.360912,1.376484034192137,7.552683595025548,250000
E6,MSOG trios,3,0.25,9,2,0.398836,0.0019194629150379816,1.360912,1.376484034192137,7.552683595025548,250000
E6,MSOG trios,3,0.25,9,3,0.161768,0.0014434923720179772,1.360912,1.376484034192137,7.552683595025548,250000
E6,MSOG trios,3,0.25,10,1,0.775508,0.0016356095690369845,1.511464,1.5041065931303725,8.530075002055469,250000
E6,MSOG trios,3,0.25,10,2,0.449636,0.0019500314425807256,1.511464,1.5041065931303725,8.530075002055469,250000
E6,MSOG trios,3,0.25,10,3,0.197352,0.0015601609263016345,1.511464,1.5041065931303725,8.530075002055469,250000
E6,MSOG trios,3,0.25,11,1,0.806552,0.0015484043233867744,1.662044,1.6528523534734136,9.38990355090926,250000
E6,MSOG trios,3,0.25,11,2,0.49818,0.0019599870153489893,1.662044,1.6528523534734136,9.38990355090926,250000
E6,MSOG trios,3,0.25,11,3,0.236036,0.001664606695353694,1.662044,1.6528523534734136,9.38990355090926,250000
E6,MSOG trios,3,0.25,12,1,0.830412,0.00147106016197768,1.811952,1.8293012669010673,10.091436611706829,250000
E6,MSOG trios,3,0.25,12,2,0.54186,0.0019531190639801147,1.811952,1.8293012669010673,10.091436611706829,250000
E6,MSOG trios,3,0.25,12,3,0.276772,0.0017538189522039787,1.811952,1.8293012669010673,10.091436611706829,250000
E6,MSOG trios,3,0.25,13,1,0.85642,0.001374600323989137,1.964056,1.957123857359429,11.075042459101036,250000
E6,MSOG trios,3,0.25,13,2,0.585816,0.0019309158192894794,1.964056,1.957123857359429,11.075042459101036,250000
E6,MSOG trios,3,0.25,13,3,0.316592,0.001823375287391049,1.964056,1.957123857359429,11.075042459101036,250000
E6,MSOG trios,3,0.25,14,1,0.875888,0.001292460390308917,2.115016,2.1097157586070354,11.91485505156146,250000
E6,MSOG trios,3,0.25,14,2,0.625296,0.0018974618678796941,2.115016,2.1097157586070354,11.91485505156146,250000
E6,MSOG trios,3,0.25,14,3,0.357792,0.0018790538900221223,2.115016,2.1097157586070354,11.91485505156146,250000
E6,MSOG trios,3,0.25,15,1,0.89126,0.0012203458798157837,2.266596,2.2888197280629132,12.60978064015772,250000
E6,MSOG trios,3,0.25,15,2,0.66,0.0018569383834688754,2.266596,2.2888197280629132,12.60978064015772,250000
E6,MSOG trios,3,0.25,15,3,0.398272,0.001919004817173595,2.266596,2.2888197280629132,12.60978064015772,250000
E6,MSOG trios,3,0.25,16,1,0.907504,0.0011357214206354205,2.418268,2.422009568214273,13.560766238048412,250000
E6,MSOG trios,3,0.25,16,2,0.694608,0.0018054471728548333,2.418268,2.422009568214273,13.560766238048412,250000
E6,MSOG trios,3,0.25,16,3,0.438296,0.0019450177943666988,2.418268,2.422009568214273,13.560766238048412,250000
E6,MSOG trios,3,0.25,17,1,0.920292,0.001061695181870611,2.568604,2.575063791439165,14.395208371030803,250000
E6,MSOG trios,3,0.25,17,2,0.724856,0.0017506202969468651,2.568604,2.575063791439165,14.395208371030803,250000
E6,MSOG trios,3,0.25,17,3,0.476592,0.001957850918699478,2.568604,2.575063791439165,14.395208371030803,250000
E6,MSOG trios,3,0.25,18,1,0.930016,0.0010000705947092947,2.72028,2.7558957451829813,15.082268956909187,250000
E6,MSOG trios,3,0.25,18,2,0.751116,0.001694876517810345,2.72028,2.7558957451829813,15.082268956909187,250000
E6,MSOG trios,3,0.25,18,3,0.513436,0.0019592922099060223,2.72028,2.7558957451829813,15.082268956909187,250000
E6,MSOG trios,3,0.25,19,1,0.940216,0.0009293779628080498,2.872708,2.884868286209146,16.059321280055105,250000
E6,MSOG trios,3,0.25,19,2,0.778508,0.0016277834524094875,2.872708,2.884868286209146,16.059321280055105,250000
E6,MSOG trios,3,0.25,19,3,0.549676,0.0019503026068425366,2.872708,2.884868286209146,16.059321280055105,250000
E6,MSOG trios,3,0.25,20,1,0.948508,0.0008663162213246098,3.023596,3.039459386621547,16.887813401220185,250000
E6,MSOG trios,3,0.25,20,2,0.801196,0.0015644727837247846,3.023596,3.039459386621547,16.887813401220185,250000
E6,MSOG trios,3,0.25,20,3,0.583324,0.0019325922463983946,3.023596,3.039459386621547,16.887813401220185,250000
E6,MSOG trios,3,0.25,21,1,0.954784,0.0008144880248654624,3.175412,3.217543500430003,17.591199890211655,250000
E6,MSOG trios,3,0.25,21,2,0.820908,0.001503042996254063,3.175412,3.217543500430003,17.591199890211655,250000
E6,MSOG trios,3,0.25,21,3,0.614672,0.0019077570463864686,3.175412,3.217543500430003,17.591199890211655,250000
E6,MSOG trios,3,0.25,22,1,0.961912,0.0007503222455181497,3.327508,3.345107890367563,18.574259955489484,250000
E6,MSOG trios,3,0.25,22,2,0.840908,0.001433786476760187,3.327508,3.345107890367563,18.574259955489484,250000
E6,MSOG trios,3,0.25,22,3,0.646268,0.0018742588404287404,3.327508,3.345107890367563,18.574259955489484,250000
E6,MSOG trios,3,0.25,23,1,0.967064,0.0006995988747366772,3.478544,3.497921631750528,19.41332604975171,250000
E6,MSOG trios,3,0.25,23,2,0.858348,0.0013668760127796135,3.478544,3.497921631750528,19.41332604975171,250000
E6,MSOG trios,3,0.25,23,3,0.674344,0.0018369881634689128,3.478544,3.497921631750528,19.41332604975171,250000
E6,MSOG trios,3,0.25,24,1,0.971168,0.0006559498448054745,3.629544,3.6746650507242014,20.120345105681043,250000
E6,MSOG trios,3,0.25,24,2,0.873176,0.0013044807823636168,3.629544,3.6746650507242014,20.120345105681043,250000
E6,MSOG trios,3,0.25,24,3,0.70014,0.00179613005665474,3.629544,3.6746650507242014,20.120345105681043,250000
E6,MSOG trios,3,0.25,25,1,0.97538,0.0006074590609183796,3.780748,3.804883780031121,21.08467097563601,250000
E6,MSOG trios,3,0.25,25,2,0.887948,0.0012364872428869027,3.780748,3.804883780031121,21.08467097563601,250000
E6,MSOG trios,3,0.25,25,3,0.726384,0.001747591591996517,3.780748,3.804883780031121,21.08467097563601,250000
E6,MSOG trios,3,0.25,26,1,0.978644,0.0005667067584837242,3.931932,3.955242568346272,21.938031790731955,250000
E6,MSOG trios,3,0.25,26,2,0.900508,0.001173340159342273,3.931932,3.955242568346272,21.938031790731955,250000
E6,MSOG trios,3,0.25,26,3,0.750204,0.0016969478447235488,3.931932,3.955242568346272,21.938031790731955,250000
E6,MSOG trios,3,0.25,27,1,0.98134,0.0005304587742060265,4.084304,4.133765370645481,22.641523759675973,250000
E6,MSOG trios,3,0.25,27,2,0.910832,0.001117145447232869,4.084304,4.133765370645481,22.641523759675973,250000
E6,MSOG trios,3,0.25,27,3,0.771084,0.0016469294179519297,4.084304,4.133765370645481,22.641523759675973,250000
E6,MSOG trios,3,0.25,28,1,0.984044,0.0004911965860445787,4.235708,4.264614797195189,23.60323296356164,250000
E6,MSOG trios,3,0.25,28,2,0.921072,0.0010569353080046963,4.235708,4.264614797195189,23.60323296356164,250000
E6,MSOG trios,3,0.25,28,3,0.792044,0.001590913066649542,4.235708,4.264614797195189,23.60323296356164,250000
E6,MSOG trios,3,0.25,29,1,0.98624,0.00045665328938195536,4.386232,4.422034530314122,24.414507244644955,250000
E6,MSOG trios,3,0.25,29,2,0.9298,0.0010014964034603421,4.386232,4.422034530314122,24.414507244644955,250000
E6,MSOG trios,3,0.25,29,3,0.810244,0.001537063244031946,4.386232,4.422034530314122,24.414507244644955,250000
E6,MSOG trios,3,0.25,30,1,0.988016,0.0004265490273858347,4.537872,4.603232124544497,25.100621951092823,250000
E6,MSOG trios,3,0.25,30,2,0.937376,0.0009497589263209027,4.537872,4.603232124544497,25.100621951092823,250000
E6,MSOG trios,3,0.25,30,3,0.826368,0.001484867482326368,4.537872,4.603232124544497,25.100621951092823,250000
E6,MSOG trios,3,0.25,31,1,0.989856,0.0003928047195876473,4.689808,4.732903854751415,26.07064719569361,250000
E6,MSOG trios,3,0.25,31,2,0.945268,0.0008916290386678119,4.689808,4.732903854751415,26.07064719569361,250000
E6,MSOG trios,3,0.25,31,3,0.843256,0.0014251522071853271,4.689808,4.732903854751415,26.07064719569361,250000
E6,MSOG trios,3,0.25,32,1,0.991168,0.0003667661389664069,4.842128,4.885511973663899,26.916728049257145,250000
E6,MSOG trios,3,0.25,32,2,0.951492,0.0008421613809063856,4.842128,4.885511973663899,26.916728049257145,250000
E6,MSOG trios,3,0.25,32,3,0.858332,0.0013669404665080066,4.842128,4.885511973663899,26.916728049257145,250000
E6,MSOG trios,3,0.25,33,1,0.99216,0.00034572831964442736,4.995076,5.068016026288108,27.601878717578956,250000
E6,MSOG trios,3,0.25,33,2,0.956912,0.000795976480611958,4.995076,5.068016026288108,27.601878717578956,250000
E6,MSOG trios,3,0.25,33,3,0.871032,0.0013138449155296853,4.995076,5.068016026288108,27.601878717578956,250000
E6,MSOG trios,3,0.25,34,1,0.993312,0.00031950454489468343,5.146264,5.199851641710562,28.55639172698899,250000
E6,MSOG trios,3,0.25,34,2,0.962184,0.0007477439831204,5.146264,5.199851641710562,28.55639172698899,250000
E6,MSOG trios,3,0.25,34,3,0.884012,0.001255225279639013,5.146264,5.199851641710562,28.55639172698899,250000
E6,MSOG trios,3,0.25,35,1,0.994292,0.00029531467025000824,5.29628,5.350511563646252,29.402652795996513,250000
E6,MSOG trios,3,0.25,35,2,0.966644,0.0007038924863851939,5.29628,5.350511563646252,29.402652795996513,250000
E6,MSOG trios,3,0.25,35,3,0.895068,0.0012013458644111472,5.29628,5.350511563646252,29.402652795996513,250000
E6,MSOG trios,3,0.25,36,1,0.99496,0.0002775902102988516,5.446424,5.524767711294843,30.12030987760692,250000
E6,MSOG trios,3,0.25,36,2,0.970324,0.000665192179834365,5.446424,5.524767711294843,30.12030987760692,250000
E6,MSOG trios,3,0.25,36,3,0.904808,0.0011504414179179358,5.446424,5.524767711294843,30.12030987760692,250000
E6,MSOG trios,3,0.25,37,1,0.995644,0.00025815589285687436,5.59806,5.656486862347446,31.077583788921718,250000
E6,MSOG trios,3,0.25,37,2,0.974188,0.0006216104159490553,5.59806,5.656486862347446,31.077583788921718,250000
E6,MSOG trios,3,0.25,37,3,0.914552,0.001095825039902837,5.59806,5.656486862347446,31.077583788921718,250000
E6,MSOG trios,3,0.25,38,1,0.996284,0.00023851489066396335,5.749068,5.807324360673441,31.927408588828584,250000
E6,MSOG trios,3,0.25,38,2,0.977244,0.0005845686704054619,5.749068,5.807324360673441,31.927408588828584,250000
E6,MSOG trios,3,0.25,38,3,0.923068,0.0010446154053461814,5.749068,5.807324360673441,31.927408588828584,250000
E6,MSOG trios,3,0.25,39,1,0.996756,0.00022290556910137973,5.900264,5.992212699154799,32.59183663630901,250000
E6,MSOG trios,3,0.25,39,2,0.979732,0.0005523891777684331,5.900264,5.992212699154799,32.59183663630901,250000
E6,MSOG trios,3,0.25,39,3,0.930404,0.0009975024962082337,5.900264,5.992212699154799,32.59183663630901,250000
E6,MSOG trios,3,0.25,40,1,0.997276,0.00020431361238917197,6.050428,6.11967749552598,33.56540435866613,250000
E6,MSOG trios,3,0.25,40,2,0.98206,0.0005203149416506884,6.050428,6.11967749552598,33.56540435866613,250000
E6,MSOG trios,3,0.25,40,3,0.937812,0.0009466670359599296,6.050428,6.11967749552598,33.56540435866613,250000
E6,MSOG trios,3,0.25,41,1,0.997676,0.00018875518547153476,6.202032,6.270928154688615,34.415660809475476,250000
E6,MSOG trios,3,0.25,41,2,0.984164,0.000489375869421966,6.202032,6.270928154688615,34.415660809475476,250000
E6,MSOG trios,3,0.25,41,3,0.944172,0.0008999899513494705,6.202032,6.270928154688615,34.415660809475476,250000
E6,MSOG trios,3,0.25,42,1,0.997988,0.0001756558891698158,6.354048,6.442763784751146,35.15511700271829,250000
E6,MSOG trios,3,0.25,42,2,0.986036,0.0004599783305943284,6.354048,6.442763784751146,35.15511700271829,250000
E6,MSOG trios,3,0.25,42,3,0.949612,0.0008574774828301197,6.354048,6.442763784751146,35.15511700271829,250000
E6,MSOG trios,3,0.25,43,1,0.998276,0.00016262226770867756,6.506244,6.580115332925334,36.08406262282109,250000
E6,MSOG trios,3,0.25,43,2,0.987804,0.0004302591997142854,6.506244,6.580115332925334,36.08406262282109,250000
E6,MSOG trios,3,0.25,43,3,0.955024,0.0008124256451965028,6.506244,6.580115332925334,36.08406262282109,250000
E6,MSOG trios,3,0.25,44,1,0.998488,0.0001523117428067769,6.657468,6.729950748778993,36.94035163384413,250000
E6,MSOG trios,3,0.25,44,2,0.98936,0.0004021925807403211,6.657468,6.729950748778993,36.94035163384413,250000
E6,MSOG trios,3,0.25,44,3,0.959352,0.000774095692153867,6.657468,6.729950748778993,36.94035163384413,250000
E6,MSOG trios,3,0.25,45,1,0.998664,0.0001431854845090998,6.808212,6.909745002036005,37.63059773412802,250000
E6,MSOG trios,3,0.25,45,2,0.990492,0.0003804136918195109,6.808212,6.909745002036005,37.63059773412802,250000
E6,MSOG trios,3,0.25,45,3,0.963348,0.0007365911659803522,6.808212,6.909745002036005,37.63059773412802,250000
E6,MSOG trios,3,0.25,46,1,0.998832,0.0001338917174000154,6.959304,7.0419960035680065,38.582262717720624,250000
E6,MSOG trios,3,0.25,46,2,0.991736,0.0003548781500033305,6.959304,7.0419960035680065,38.582262717720624,250000
E6,MSOG trios,3,0.25,46,3,0.967532,0.0006947787141074539,6.959304,7.0419960035680065,38.582262717720624,250000
E6,MSOG trios,3,0.25,47,1,0.999012,0.00012315438839456038,7.1107,7.194538288153158,39.42448108395479,250000
E6,MSOG trios,3,0.25,47,2,0.992712,0.00033342785985054967,7.1107,7.194538288153158,39.42448108395479,250000
E6,MSOG trios,3,0.25,47,3,0.970948,0.0006583730885955575,7.1107,7.194538288153158,39.42448108395479,250000
E6,MSOG trios,3,0.25,48,1,0.999132,0.00011544027800315665,7.26108,7.371970721482891,40.12612760049062,250000
E6,MSOG trios,3,0.25,48,2,0.993508,0.0003148190520317206,7.26108,7.371970721482891,40.12612760049062,250000
E6,MSOG trios,3,0.25,48,3,0.973804,0.0006260937017216971,7.26108,7.371970721482891,40.12612760049062,250000
E6,MSOG trios,3,0.25,49,1,0.999244,0.00010774143097810273,7.412756,7.500154485081945,41.1026456568451,250000
E6,MSOG trios,3,0.25,49,2,0.994304,0.00029500586523996115,7.412756,7.500154485081945,41.1026456568451,250000
E6,MSOG trios,3,0.25,49,3,0.976872,0.000589215193688777,7.412756,7.500154485081945,41.1026456568451,250000
E6,MSOG trios,3,0.25,50,1,0.999308,0.00010308341469038944,7.565364,7.655030167624671,41.93758898181466,250000
E6,MSOG trios,3,0.25,50,2,0.99502,0.00027594126029544723,7.565364,7.655030167624671,41.93758898181466,250000
E6,MSOG trios,3,0.25,50,3,0.979316,0.000557910784654287,7.565364,7.655030167624671,41.93758898181466,250000
E6,MSOG trios,3,0.25,51,1,0.999384,9.726187088124941e-05,7.717688,7.832539264813061,42.647650447312145,250000
E6,MSOG trios,3,0.25,51,2,0.995564,0.00026050521857656815,7.717688,7.832539264813061,42.647650447312145,250000
E6,MSOG trios,3,0.25,51,3,0.981296,0.0005310719067364592,7.717688,7.832539264813061,42.647650447312145,250000
E6,MSOG trios,3,0.25,52,1,0.9995,8.763194851193916e-05,7.868444,7.960832862195439,43.61939386161118,250000
E6,MSOG trios,3,0.25,52,2,0.996104,0.00024420125028717146,7.868444,7.960832862195439,43.61939386161118,250000
E6,MSOG trios,3,0.25,52,3,0.983512,0.0004991831163827935,7.868444,7.960832862195439,43.61939386161118,250000
E6,MSOG trios,3,0.25,53,1,0.999572,8.108023385130406e-05,8.019132,8.114582424905688,44.45177006923865,250000
E6,MSOG trios,3,0.25,53,2,0.996628,0.00022724607572255904,8.019132,8.114582424905688,44.45177006923865,250000
E6,MSOG trios,3,0.25,53,3,0.985324,0.00047138900571056376,8.019132,8.114582424905688,44.45177006923865,250000
E6,MSOG trios,3,0.25,54,1,0.999648,7.353277392819268e-05,8.170004,8.290391801551204,45.164488266010494,250000
E6,MSOG trios,3,0.25,54,2,0.99698,0.00021509621169476777,8.170004,8.290391801551204,45.164488266010494,250000
E6,MSOG trios,3,0.25,54,3,0.98694,0.00044504408264458406,8.170004,8.290391801551204,45.164488266010494,250000
E6,MSOG trios,3,0.25,55,1,0.999692,6.878512544024337e-05,8.321612,8.424011417501676,46.11099048885686,250000
E6,MSOG trios,3,0.25,55,2,0.997332,0.0002022082434588819,8.321612,8.424011417501676,46.11099048885686,250000
E6,MSOG trios,3,0.25,55,3,0.988364,0.00042038419770950626,8.321612,8.424011417501676,46.11099048885686,250000
E6,MSOG trios,3,0.25,56,1,0.999736,6.368405313252481e-05,8.472192,8.575461016980075,46.9554688567231,250000
E6,MSOG trios,3,0.25,56,2,0.997648,0.00018988619578677834,8.472192,8.575461016980075,46.9554688567231,250000
E6,MSOG trios,3,0.25,56,3,0.989568,0.00039828383266832,8.472192,8.575461016980075,46.9554688567231,250000
E6,MSOG trios,3,0.25,57,1,0.99976,6.0721091025773545e-05,8.622984,8.755709958583822,47.64368985010356,250000
E6,MSOG trios,3,0.25,57,2,0.997864,0.00018097657655471885,8.622984,8.755709958583822,47.64368985010356,250000
E6,MSOG trios,3,0.25,57,3,0.990624,0.0003777889831170761,8.622984,8.755709958583822,47.64368985010356,250000
E6,MSOG trios,3,0.25,58,1,0.999832,5.080473893964587e-05,8.774912,8.886394937835743,48.6075535482701,250000
E6,MSOG trios,3,0.25,58,2,0.998172,0.00016744680075660804,8.774912,8.886394937835743,48.6075535482701,250000
E6,MSOG trios,3,0.25,58,3,0.9917,0.0003556438228115309,8.774912,8.886394937835743,48.6075535482701,250000
E6,MSOG trios,3,0.25,59,1,0.999844,4.8956965217324195e-05,8.926596,9.041868020256073,49.43504732129666,250000
E6,MSOG trios,3,0.25,59,2,0.998424,0.00015549688004739496,8.926596,9.041868020256073,49.43504732129666,250000
E6,MSOG trios,3,0.25,59,3,0.992628,0.00033532967736975365,8.926596,9.041868020256073,49.43504732129666,250000
E6,MSOG trios,3,0.25,60,1,0.999864,4.5711554152817685e-05,9.077696,9.219248208576841,50.140460596116654,250000
E6,MSOG trios,3,0.25,60,2,0.99854,0.00014967360816710559,9.077696,9.219248208576841,50.140460596116654,250000
E6,MSOG trios,3,0.25,60,3,0.99338,0.0003178869999541337,9.077696,9.219248208576841,50.140460596116654,250000
E6,MSOG trios,3,0.25,61,1,0.999868,4.5034398584268024e-05,9.227936,9.338738534858138,51.15781050881075,250000
E6,MSOG trios,3,0.25,61,2,0.998732,0.00013949870513122018,9.227936,9.338738534858138,51.15781050881075,250000
E6,MSOG trios,3,0.25,61,3,0.994296,0.00029521177197106864,9.227936,9.338738534858138,51.15781050881075,250000
E6,MSOG trios,3,0.25,62,1,0.999884,4.221724327477668e-05,9.378972,9.486406168840688,52.02510759862184,250000
E6,MSOG trios,3,0.25,62,2,0.998892,0.0001304112971483313,9.378972,9.486406168840688,52.02510759862184,250000
E6,MSOG trios,3,0.25,62,3,0.994876,0.0002798820876552014,9.378972,9.486406168840688,52.02510759862184,250000
E6,MSOG trios,3,0.25,63,1,0.999896,3.9974234164239994e-05,9.53122,9.663631966127879,52.736159311935026,250000
E6,MSOG trios,3,0.25,63,2,0.999004,0.0001236514888116498,9.53122,9.663631966127879,52.736159311935026,250000
E6,MSOG trios,3,0.25,63,3,0.995396,0.0002653699056913168,9.53122,9.663631966127879,52.736159311935026,250000
E6,MSOG trios,3,0.25,64,1,0.99992,3.506014339730406e-05,9.684056,9.790418550538197,53.72586010811914,250000
E6,MSOG trios,3,0.25,64,2,0.999152,0.00011410371229847776,9.684056,9.790418550538197,53.72586010811914,250000
E6,MSOG trios,3,0.25,64,3,0.996,0.00024742622658077305,9.684056,9.790418550538197,53.72586010811914,250000
E6,MSOG trios,3,0.25,65,1,0.999928,3.32611055225439e-05,9.83662,9.94074273857096,54.58557464344803,250000
E6,MSOG trios,3,0.25,65,2,0.99928,0.0001051467643736165,9.83662,9.94074273857096,54.58557464344803,250000
E6,MSOG trios,3,0.25,65,3,0.996408,0.0002345161921428689,9.83662,9.94074273857096,54.58557464344803,250000
E6,MSOG trios,3,0.25,66,1,0.999944,2.9333772532164265e-05,9.986988,10.114875147356592,55.30480512846951,250000
E6,MSOG trios,3,0.25,66,2,0.999336,0.00010097779268584537,9.986988,10.114875147356592,55.30480512846951,250000
E6,MSOG trios,3,0.25,66,3,0.99684,0.00022000995722048762,9.986988,10.114875147356592,55.30480512846951,250000
E6,MSOG trios,3,0.25,67,1,0.999944,2.9333772532164265e-05,10.13798,10.23919047636188,56.29995547198078,250000
E6,MSOG trios,3,0.25,67,2,0.999444,9.240653706621418e-05,10.13798,10.23919047636188,56.29995547198078,250000
E6,MSOG trios,3,0.25,67,3,0.997276,0.00020431361238917197,10.13798,10.23919047636188,56.29995547198078,250000
E6,MSOG trios,3,0.25,68,1,0.999968,2.2174513857284263e-05,10.288056,10.390417302533233,57.14338242366456,250000
E6,MSOG trios,3,0.25,68,2,0.99952,8.586228264750799e-05,10.288056,10.390417302533233,57.14338242366456,250000
E6,MSOG trios,3,0.25,68,3,0.997556,0.00019355540809538137,10.288056,10.390417302533233,57.14338242366456,250000
E6,MSOG trios,3,0.25,69,1,0.999988,1.3579196855432371e-05,10.437796,10.568644936963736,57.83712944808515,250000
E6,MSOG trios,3,0.25,69,2,0.999576,8.070062633011773e-05,10.437796,10.568644936963736,57.83712944808515,250000
E6,MSOG trios,3,0.25,69,3,0.99778,0.00018449302489319206,10.437796,10.568644936963736,57.83712944808515,250000
E6,MSOG trios,3,0.25,70,1,0.999988,1.3579196855432371e-05,10.589528,10.705491559182247,58.76690647031452,250000
E6,MSOG trios,3,0.25,70,2,0.999656,7.269266263997879e-05,10.589528,10.705491559182247,58.76690647031452,250000
E6,MSOG trios,3,0.25,70,3,0.99806,0.00017249053022401205,10.589528,10.705491559182247,58.76690647031452,250000
E6,MSOG trios,3,0.25,71,1,0.999988,1.3579196855432371e-05,10.741044,10.85610921450085,59.62024503018645,250000
E6,MSOG trios,3,0.25,71,2,0.999696,6.833714581965765e-05,10.741044,10.85610921450085,59.62024503018645,250000
E6,MSOG trios,3,0.25,71,3,0.998316,0.0001607278466923572,10.741044,10.85610921450085,59.62024503018645,250000
E6,MSOG trios,3,0.25,72,1,0.999988,1.3579196855432371e-05,10.893,11.031203124812484,60.34140964541342,250000
E6,MSOG trios,3,0.25,72,2,0.999724,6.511494336259864e-05,10.893,11.031203124812484,60.34140964541342,250000
E6,MSOG trios,3,0.25,72,3,0.998524,0.00015049029712826704,10.893,11.031203124812484,60.34140964541342,250000
E6,MSOG trios,3,0.25,73,1,0.999988,1.3579196855432371e-05,11.042692,11.160050033336113,61.30573904875743,250000
E6,MSOG trios,3,0.25,73,2,0.999764,6.021307626243502e-05,11.042692,11.160050033336113,61.30573904875743,250000
E6,MSOG trios,3,0.25,73,3,0.998684,0.0001421111185233631,11.042692,11.160050033336113,61.30573904875743,250000
E6,MSOG trios,3,0.25,74,1,0.999992,1.1087389979184593e-05,11.193904,11.305182459513839,62.187858565963275,250000
E6,MSOG trios,3,0.25,74,2,0.999796,5.598308773100429e-05,11.193904,11.305182459513839,62.187858565963275,250000
E6,MSOG trios,3,0.25,74,3,0.998864,0.000132046961806268,11.193904,11.305182459513839,62.187858565963275,250000
E6,MSOG trios,3,0.25,75,1,0.999992,1.1087389979184593e-05,11.34486,11.480545502582,62.902791238710144,250000
E6,MSOG trios,3,0.25,75,2,0.999816,5.316857488367556e-05,11.34486,11.480545502582,62.902791238710144,250000
E6,MSOG trios,3,0.25,75,3,0.999016,0.00012290508122531538,11.34486,11.480545502582,62.902791238710144,250000
E6,MSOG trios,3,0.25,76,1,0.999996,7.83998431998824e-06,11.496596,11.603938828539295,63.90668818534393,250000
E6,MSOG trios,3,0.25,76,2,0.999828,5.140589655303787e-05,11.496596,11.603938828539295,63.90668818534393,250000
E6,MSOG trios,3,0.25,76,3,0.999136,0.00011517420997716993,11.496596,11.603938828539295,63.90668818534393,250000
E6,MSOG trios,3,0.25,77,1,0.999996,7.83998431998824e-06,11.64956,11.757430836123376,64.75083076246338,250000
E6,MSOG trios,3,0.25,77,2,0.999844,4.8956965217324195e-05,11.64956,11.757430836123376,64.75083076246338,250000
E6,MSOG trios,3,0.25,77,3,0.999216,0.00010971696564361278,11.64956,11.757430836123376,64.75083076246338,250000
E6,MSOG trios,3,0.25,78,1,0.999996,7.83998431998824e-06,11.800896,11.923397290773165,65.51893717853558,250000
E6,MSOG trios,3,0.25,78,2,0.999848,4.832533263925899e-05,11.800896,11.923397290773165,65.51893717853558,250000
E6,MSOG trios,3,0.25,78,3,0.999264,0.00010630779126002463,11.800896,11.923397290773165,65.51893717853558,250000
E6,MSOG trios,3,0.25,79,1,0.999996,7.83998431998824e-06,11.950576,12.049293465397893,66.50005228412037,250000
E6,MSOG trios,3,0.25,79,2,0.999864,4.5711554152817685e-05,11.950576,12.049293465397893,66.50005228412037,250000
E6,MSOG trios,3,0.25,79,3,0.999348,0.00010006178332357556,11.950576,12.049293465397893,66.50005228412037,250000
E6,MSOG trios,3,0.25,80,1,0.999996,7.83998431998824e-06,12.101104,12.204634799723205,67.32286653375924,250000
E6,MSOG trios,3,0.25,80,2,0.999876,4.364856614178522e-05,12.101104,12.204634799723205,67.32286653375924,250000
E6,MSOG trios,3,0.25,80,3,0.999416,9.470341491774224e-05,12.101104,12.204634799723205,67.32286653375924,250000
E6,MSOG trios,3,0.25,81,1,0.999996,7.83998431998824e-06,12.252772,12.373327809327225,68.07736302790971,250000
E6,MSOG trios,3,0.25,81,2,0.99988,4.293887194419688e-05,12.252772,12.373327809327225,68.07736302790971,250000
E6,MSOG trios,3,0.25,81,3,0.999476,8.97093883345167e-05,12.252772,12.373327809327225,68.07736302790971,250000
E6,MSOG trios,3,0.25,82,1,0.999996,7.83998431998824e-06,12.403872,12.508409441253754,69.01444335304554,250000
E6,MSOG trios,3,0.25,82,2,0.999884,4.221724327477668e-05,12.403872,12.508409441253754,69.01444335304554,250000
E6,MSOG trios,3,0.25,82,3,0.999512,8.657449846253269e-05,12.403872,12.508409441253754,69.01444335304554,250000
E6,MSOG trios,3,0.25,83,1,0.999996,7.83998431998824e-06,12.554492,12.667569292213162,69.81663167728956,250000
E6,MSOG trios,3,0.25,83,2,0.999888,4.148305731112903e-05,12.554492,12.667569292213162,69.81663167728956,250000
E6,MSOG trios,3,0.25,83,3,0.999572,8.108023385130406e-05,12.554492,12.667569292213162,69.81663167728956,250000
E6,MSOG trios,3,0.25,84,1,0.999996,7.83998431998824e-06,12.707,12.853650414601628,70.47955110197556,250000
E6,MSOG trios,3,0.25,84,2,0.999908,3.759758953430536e-05,12.707,12.853650414601628,70.47955110197556,250000
E6,MSOG trios,3,0.25,84,3,0.9996,7.8384318431682e-05,12.707,12.853650414601628,70.47955110197556,250000
E6,MSOG trios,3,0.25,85,1,0.999996,7.83998431998824e-06,12.858716,12.984582769675088,71.44193073013955,250000
E6,MSOG trios,3,0.25,85,2,0.999924,3.417246908950335e-05,12.858716,12.984582769675088,71.44193073013955,250000
E6,MSOG trios,3,0.25,85,3,0.99964,7.436338154334036e-05,12.858716,12.984582769675088,71.44193073013955,250000
E6,MSOG trios,3,0.25,86,1,0.999996,7.83998431998824e-06,13.01032,13.136338042952191,72.28943852736005,250000
E6,MSOG trios,3,0.25,86,2,0.999928,3.32611055225439e-05,13.01032,13.136338042952191,72.28943852736005,250000
E6,MSOG trios,3,0.25,86,3,0.999692,6.878512544024337e-05,13.01032,13.136338042952191,72.28943852736005,250000
E6,MSOG trios,3,0.25,87,1,1.0,0.0,13.162076,13.317324639522557,72.97710465611374,250000
E6,MSOG trios,3,0.25,87,2,0.999948,2.8266787034525147e-05,13.162076,13.317324639522557,72.97710465611374,250000
E6,MSOG trios,3,0.25,87,3,0.999712,6.651502574093847e-05,13.162076,13.317324639522557,72.97710465611374,250000
E6,MSOG trios,3,0.25,88,1,1.0,0.0,13.31272,13.446459987439935,73.94438953136921,250000
E6,MSOG trios,3,0.25,88,2,0.999948,2.8266787034525147e-05,13.31272,13.446459987439935,73.94438953136921,250000
E6,MSOG trios,3,0.25,88,3,0.999744,6.271197132613614e-05,13.31272,13.446459987439935,73.94438953136921,250000
E6,MSOG trios,3,0.25,89,1,1.0,0.0,13.463984,13.601349253141,74.7731096406111,250000
E6,MSOG trios,3,0.25,89,2,0.999952,2.715790484951182e-05,13.463984,13.601349253141,74.7731096406111,250000
E6,MSOG trios,3,0.25,89,3,0.999768,5.970073465952118e-05,13.463984,13.601349253141,74.7731096406111,250000
E6,MSOG trios,3,0.25,90,1,1.0,0.0,13.616156,13.772690874427486,75.51565508538785,250000
E6,MSOG trios,3,0.25,90,2,0.99996,2.4791761005636823e-05,13.616156,13.772690874427486,75.51565508538785,250000
E6,MSOG trios,3,0.25,90,3,0.9998,5.54316276506442e-05,13.616156,13.772690874427486,75.51565508538785,250000
E6,MSOG trios,3,0.25,91,1,1.0,0.0,13.767868,13.900438336329362,76.49552017810285,250000
E6,MSOG trios,3,0.25,91,2,0.999972,2.0742399879060046e-05,13.767868,13.900438336329362,76.49552017810285,250000
E6,MSOG trios,3,0.25,91,3,0.999824,5.200010009983531e-05,13.767868,13.900438336329362,76.49552017810285,250000
E6,MSOG trios,3,0.25,92,1,1.0,0.0,13.92062,14.057159044236185,77.32093565345265,250000
E6,MSOG trios,3,0.25,92,2,0.999972,2.0742399879060046e-05,13.92062,14.057159044236185,77.32093565345265,250000
E6,MSOG trios,3,0.25,92,3,0.999844,4.8956965217324195e-05,13.92062,14.057159044236185,77.32093565345265,250000
E6,MSOG trios,3,0.25,93,1,1.0,0.0,14.072004,14.231276349089388,78.04461097560444,250000
E6,MSOG trios,3,0.25,93,2,0.999976,1.920376913405201e-05,14.072004,14.231276349089388,78.04461097560444,250000
E6,MSOG trios,3,0.25,93,3,0.999864,4.5711554152817685e-05,14.072004,14.231276349089388,78.04461097560444,250000
E6,MSOG trios,3,0.25,94,1,1.0,0.0,14.224244,14.358688063216237,79.0287473337252,250000
E6,MSOG trios,3,0.25,94,2,0.999976,1.920376913405201e-05,14.224244,14.358688063216237,79.0287473337252,250000
E6,MSOG trios,3,0.25,94,3,0.999884,4.221724327477668e-05,14.224244,14.358688063216237,79.0287473337252,250000
E6,MSOG trios,3,0.25,95,1,1.0,0.0,14.375932,14.51228918053269,79.8664804738585,250000
E6,MSOG trios,3,0.25,95,2,0.999976,1.920376913405201e-05,14.375932,14.51228918053269,79.8664804738585,250000
E6,MSOG trios,3,0.25,95,3,0.999892,4.073563509153078e-05,14.375932,14.51228918053269,79.8664804738585,250000
E6,MSOG trios,3,0.25,96,1,1.0,0.0,14.527748,14.684432786227124,80.602889078717,250000
E6,MSOG trios,3,0.25,96,2,0.99998,1.7530597635001135e-05,14.527748,14.684432786227124,80.602889078717,250000
E6,MSOG trios,3,0.25,96,3,0.999908,3.759758953430536e-05,14.527748,14.684432786227124,80.602889078717,250000
E6,MSOG trios,3,0.25,97,1,1.0,0.0,14.678336,14.81549553308614,81.55949914700511,250000
E6,MSOG trios,3,0.25,97,2,0.999988,1.3579196855432371e-05,14.678336,14.81549553308614,81.55949914700511,250000
E6,MSOG trios,3,0.25,97,3,0.999916,3.592588446623388e-05,14.678336,14.81549553308614,81.55949914700511,250000
E6,MSOG trios,3,0.25,98,1,1.0,0.0,14.830228,14.963633322549288,82.42824575497671,250000
E6,MSOG trios,3,0.25,98,2,0.999992,1.1087389979184593e-05,14.830228,14.963633322549288,82.42824575497671,250000
E6,MSOG trios,3,0.25,98,3,0.99992,3.506014339730406e-05,14.830228,14.963633322549288,82.42824575497671,250000
E6,MSOG trios,3,0.25,99,1,1.0,0.0,14.981752,15.137935562238269,83.15136195090483,250000
E6,MSOG trios,3,0.25,99,2,0.999992,1.1087389979184593e-05,14.981752,15.137935562238269,83.15136195090483,250000
E6,MSOG trios,3,0.25,99,3,0.999928,3.32611055225439e-05,14.981752,15.137935562238269,83.15136195090483,250000
E6,MSOG trios,3,0.25,100,1,1.0,0.0,15.133644,15.258916316929245,84.16958393723041,250000
E6,MSOG trios,3,0.25,100,2,0.999996,7.83998431998824e-06,15.133644,15.258916316929245,84.16958393723041,250000
E6,MSOG trios,3,0.25,100,3,0.99994,3.0363278494905916e-05,15.133644,15.258916316929245,84.16958393723041,250000
E6,MSOG trios,3,0.25,101,1,1.0,0.0,15.285736,15.407648568898253,85.03601394622946,250000
E6,MSOG trios,3,0.25,101,2,0.999996,7.83998431998824e-06,15.285736,15.407648568898253,85.03601394622946,250000
E6,MSOG trios,3,0.25,101,3,0.999952,2.715790484951182e-05,15.285736,15.407648568898253,85.03601394622946,250000
E6,MSOG trios,3,0.25,102,1,1.0,0.0,15.43836,15.593526884507535,85.70024340588878,250000
E6,MSOG trios,3,0.25,102,2,0.999996,7.83998431998824e-06,15.43836,15.593526884507535,85.70024340588878,250000
E6,MSOG trios,3,0.25,102,3,0.999964,2.351957663620145e-05,15.43836,15.593526884507535,85.70024340588878,250000
E6,MSOG trios,3,0.25,103,1,1.0,0.0,15.58956,15.715001866407455,86.71266112769462,250000
E6,MSOG trios,3,0.25,103,2,0.999996,7.83998431998824e-06,15.58956,15.715001866407455,86.71266112769462,250000
E6,MSOG trios,3,0.25,103,3,0.999972,2.0742399879060046e-05,15.58956,15.715001866407455,86.71266112769462,250000
E6,MSOG trios,3,0.25,104,1,1.0,0.0,15.74062,15.867429485317967,87.55398810275703,250000
E6,MSOG trios,3,0.25,104,2,0.999996,7.83998431998824e-06,15.74062,15.867429485317967,87.55398810275703,250000
E6,MSOG trios,3,0.25,104,3,0.999976,1.920376913405201e-05,15.74062,15.867429485317967,87.55398810275703,250000
E6,MSOG trios,3,0.25,105,1,1.0,0.0,15.891224,16.03749593180775,88.29600865579401,250000
E6,MSOG trios,3,0.25,105,2,0.999996,7.83998431998824e-06,15.891224,16.03749593180775,88.29600865579401,250000
E6,MSOG trios,3,0.25,105,3,0.999976,1.920376913405201e-05,15.891224,16.03749593180775,88.29600865579401,250000
E6,MSOG trios,3,0.25,106,1,1.0,0.0,16.043004,16.173691350749387,89.23008383242583,250000
E6,MSOG trios,3,0.25,106,2,0.999996,7.83998431998824e-06,16.043004,16.173691350749387,89.23008383242583,250000
E6,MSOG trios,3,0.25,106,3,0.999976,1.920376913405201e-05,16.043004,16.173691350749387,89.23008383242583,250000
E6,MSOG trios,3,0.25,107,1,1.0,0.0,16.193932,16.329635697918814,90.05140937103322,250000
E6,MSOG trios,3,0.25,107,2,0.999996,7.83998431998824e-06,16.193932,16.329635697918814,90.05140937103322,250000
E6,MSOG trios,3,0.25,107,3,0.999976,1.920376913405201e-05,16.193932,16.329635697918814,90.05140937103322,250000
E6,MSOG trios,3,0.25,108,1,1.0,0.0,16.345728,16.509722188904707,90.74381931947728,250000
E6,MSOG trios,3,0.25,108,2,0.999996,7.83998431998824e-06,16.345728,16.509722188904707,90.74381931947728,250000
E6,MSOG trios,3,0.25,108,3,0.999976,1.920376913405201e-05,16.345728,16.509722188904707,90.74381931947728,250000
E6,MSOG trios,3,0.25,109,1,1.0,0.0,16.498152,16.63946314274854,91.71623562285987,250000
E6,MSOG trios,3,0.25,109,2,0.999996,7.83998431998824e-06,16.498152,16.63946314274854,91.71623562285987,250000
E6,MSOG trios,3,0.25,109,3,0.99998,1.7530597635001135e-05,16.498152,16.63946314274854,91.71623562285987,250000
E6,MSOG trios,3,0.25,110,1,1.0,0.0,16.648904,16.796910786427116,92.52849166209998,250000
E6,MSOG trios,3,0.25,110,2,1.0,0.0,16.648904,16.796910786427116,92.52849166209998,250000
E6,MSOG trios,3,0.25,110,3,0.99998,1.7530597635001135e-05,16.648904,16.796910786427116,92.52849166209998,250000
E6,MSOG trios,3,0.25,111,1,1.0,0.0,16.800824,16.974036817171353,93.23787819866497,250000
E6,MSOG trios,3,0.25,111,2,1.0,0.0,16.800824,16.974036817171353,93.23787819866497,250000
E6,MSOG trios,3,0.25,111,3,0.99998,1.7530597635001135e-05,16.800824,16.974036817171353,93.23787819866497,250000
E6,MSOG trios,3,0.25,112,1,1.0,0.0,16.952664,17.10793973486298,94.18463025014123,250000
E6,MSOG trios,3,0.25,112,2,1.0,0.0,16.952664,17.10793973486298,94.18463025014123,250000
E6,MSOG trios,3,0.25,112,3,0.999992,1.1087389979184593e-05,16.952664,17.10793973486298,94.18463025014123,250000
E6,MSOG trios,3,0.25,113,1,1.0,0.0,17.1033,17.26467416869663,95.00031298352125,250000
E6,MSOG trios,3,0.25,113,2,1.0,0.0,17.1033,17.26467416869663,95.00031298352125,250000
E6,MSOG trios,3,0.25,113,3,0.999992,1.1087389979184593e-05,17.1033,17.26467416869663,95.00031298352125,250000
E6,MSOG trios,3,0.25,114,1,1.0,0.0,17.254872,17.4449740435122,95.69084280927382,250000
E6,MSOG trios,3,0.25,114,2,1.0,0.0,17.254872,17.4449740435122,95.69084280927382,250000
E6,MSOG trios,3,0.25,114,3,0.999996,7.83998431998824e-06,17.254872,17.4449740435122,95.69084280927382,250000
E6,MSOG trios,3,0.25,115,1,1.0,0.0,17.406288,17.58039238262549,96.62718236906098,250000
E6,MSOG trios,3,0.25,115,2,1.0,0.0,17.406288,17.58039238262549,96.62718236906098,250000
E6,MSOG trios,3,0.25,115,3,1.0,0.0,17.406288,17.58039238262549,96.62718236906098,250000
E6,MSOG trios,3,0.25,116,1,1.0,0.0,17.558392,17.742117342805315,97.42218607062286,250000
E6,MSOG trios,3,0.25,116,2,1.0,0.0,17.558392,17.742117342805315,97.42218607062286,250000
E6,MSOG trios,3,0.25,116,3,1.0,0.0,17.558392,17.742117342805315,97.42218607062286,250000
E6,MSOG trios,3,0.25,117,1,1.0,0.0,17.710448,17.920999323293287,98.12298585821863,250000
E6,MSOG trios,3,0.25,117,2,1.0,0.0,17.710448,17.920999323293287,98.12298585821863,250000
E6,MSOG trios,3,0.25,117,3,1.0,0.0,17.710448,17.920999323293287,98.12298585821863,250000
E6,MSOG trios,3,0.25,118,1,1.0,0.0,17.861752,18.045983674430737,99.1159116191003,250000
E6,MSOG trios,3,0.25,118,2,1.0,0.0,17.861752,18.045983674430737,99.1159116191003,250000
E6,MSOG trios,3,0.25,118,3,1.0,0.0,17.861752,18.045983674430737,99.1159116191003,250000
E6,MSOG trios,3,0.25,119,1,1.0,0.0,18.01366,18.18869815919257,100.01448001303181,250000
E6,MSOG trios,3,0.25,119,2,1.0,0.0,18.01366,18.18869815919257,100.01448001303181,250000
E6,MSOG trios,3,0.25,119,3,1.0,0.0,18.01366,18.18869815919257,100.01448001303181,250000
E6,MSOG trios,3,0.25,120,1,1.0,0.0,18.164512,18.375297303045254,100.66729990233246,250000
E6,MSOG trios,3,0.25,120,2,1.0,0.0,18.164512,18.375297303045254,100.66729990233246,250000
E6,MSOG trios,3,0.25,120,3,1.0,0.0,18.164512,18.375297303045254,100.66729990233246,250000
E6,PIAP sixes,6,0.415,1,1,0.151052,0.0014037502665729593,0.151052,0.12823580623922495,1.0,250000
E6,PIAP sixes,6,0.415,1,2,0.0,0.0,0.151052,0.12823580623922495,1.0,250000
E6,PIAP sixes,6,0.415,1,3,0.0,0.0,0.151052,0.12823580623922495,1.0,250000
E6,PIAP sixes,6,0.415,2,1,0.25714,0.0017132643331005757,0.302484,0.3016766364505458,1.7020653149635974,250000
E6,PIAP sixes,6,0.415,2,2,0.045344,0.0008155853845292285,0.302484,0.3016766364505458,1.7020653149635974,250000
E6,PIAP sixes,6,0.415,2,3,0.0,0.0,0.302484,0.3016766364505458,1.7020653149635974,250000
E6,PIAP sixes,6,0.415,3,1,0.336596,0.001852377875599916,0.454652,0.5215296450145801,2.2189539317801823,250000
E6,PIAP sixes,6,0.415,3,2,0.09932,0.0011724374494942746,0.454652,0.5215296450145801,2.2189539317801823,250000
E6,PIAP sixes,6,0.415,3,3,0.018736,0.0005315173419072849,0.454652,0.5215296450145801,2.2189539317801823,250000
E6,PIAP sixes,6,0.415,4,1,0.398768,0.0019194078241867429,0.606652,0.7848044901139605,2.623056353613231,250000
E6,PIAP sixes,6,0.415,4,2,0.151676,0.0014061296869887902,0.606652,0.7848044901139605,2.623056353613231,250000
E6,PIAP sixes,6,0.415,4,3,0.047212,0.0008314007378835541,0.606652,0.7848044901139605,2.623056353613231,250000
E6,PIAP sixes,6,0.415,5,1,0.448576,0.0019496062846182235,0.758136,1.0929941774807097,2.942301643405613,250000
E6,PIAP sixes,6,0.415,5,2,0.199468,0.0015664337509323548,0.758136,1.0929941774807097,2.942301643405613,250000
E6,PIAP sixes,6,0.415,5,3,0.079908,0.0010629108121318507,0.758136,1.0929941774807097,2.942301643405613,250000
E6,PIAP sixes,6,0.415,6,1,0.490128,0.001959617933736294,0.910172,1.448332723746895,3.1985963059082128,250000
E6,PIAP sixes,6,0.415,6,2,0.24222,0.0016794328210423422,0.910172,1.448332723746895,3.1985963059082128,250000
E6,PIAP sixes,6,0.415,6,3,0.113312,0.001242537300758556,0.910172,1.448332723746895,3.1985963059082128,250000
E6,PIAP sixes,6,0.415,7,1,0.567228,0.001942202347166809,1.061704,1.5771669250517002,3.9975039127967653,250000
E6,PIAP sixes,6,0.415,7,2,0.280068,0.0017602062184965052,1.061704,1.5771669250517002,3.9975039127967653,250000
E6,PIAP sixes,6,0.415,7,3,0.132652,0.001329657105867033,1.061704,1.5771669250517002,3.9975039127967653,250000
E6,PIAP sixes,6,0.415,8,1,0.620676,0.001902057773357054,1.212328,1.7492518174232694,4.704241037004207,250000
E6,PIAP sixes,6,0.415,8,2,0.329808,0.001842961571748318,1.212328,1.7492518174232694,4.704241037004207,250000
E6,PIAP sixes,6,0.415,8,3,0.157384,0.0014275167316307443,1.212328,1.7492518174232694,4.704241037004207,250000
E6,PIAP sixes,6,0.415,9,1,0.660804,0.0018558708897768663,1.363176,1.9691430695962786,5.286744095280166,250000
E6,PIAP sixes,6,0.415,9,2,0.376012,0.0018987817046184213,1.363176,1.9691430695962786,5.286744095280166,250000
E6,PIAP sixes,6,0.415,9,3,0.190844,0.0015404281689686441,1.363176,1.9691430695962786,5.286744095280166,250000
E6,PIAP sixes,6,0.415,10,1,0.692688,0.001808608878906094,1.5144,2.2330095720382883,5.754843138853736,250000
E6,PIAP sixes,6,0.415,10,2,0.417204,0.0019329409196045019,1.5144,2.2330095720382883,5.754843138853736,250000
E6,PIAP sixes,6,0.415,10,3,0.226016,0.0016395386187160708,1.5144,2.2330095720382883,5.754843138853736,250000
E6,PIAP sixes,6,0.415,11,1,0.718048,0.00176380429270841,1.666248,2.541515768559074,6.119332285538993,250000
E6,PIAP sixes,6,0.415,11,2,0.454328,0.001951806020307249,1.666248,2.541515768559074,6.119332285538993,250000
E6,PIAP sixes,6,0.415,11,3,0.26076,0.0017210729639057607,1.666248,2.541515768559074,6.119332285538993,250000
E6,PIAP sixes,6,0.415,12,1,0.73924,0.0017210729639057607,1.81694,2.8986086308345236,6.38307813560559,250000
E6,PIAP sixes,6,0.415,12,2,0.485704,0.0019591986837823004,1.81694,2.8986086308345236,6.38307813560559,250000
E6,PIAP sixes,6,0.415,12,3,0.293188,0.001784477677342801,1.81694,2.8986086308345236,6.38307813560559,250000
E6,PIAP sixes,6,0.415,13,1,0.77844,0.0016279622020701093,1.967324,3.026724385921543,7.171079639025017,250000
E6,PIAP sixes,6,0.415,13,2,0.524196,0.0019577037049035733,1.967324,3.026724385921543,7.171079639025017,250000
E6,PIAP sixes,6,0.415,13,3,0.321544,0.0018309105022534143,1.967324,3.026724385921543,7.171079639025017,250000
E6,PIAP sixes,6,0.415,14,1,0.805832,0.001550590612534826,2.11724,3.198779577518311,7.865084518424252,250000
E6,PIAP sixes,6,0.415,14,2,0.562708,0.0019445243142702203,2.11724,3.198779577518311,7.865084518424252,250000
E6,PIAP sixes,6,0.415,14,3,0.352648,0.0018729536354214363,2.11724,3.198779577518311,7.865084518424252,250000
E6,PIAP sixes,6,0.415,15,1,0.826176,0.0014855156251206492,2.267968,3.418230823899295,8.44760489632297,250000
E6,PIAP sixes,6,0.415,15,2,0.596788,0.0019229271543851362,2.267968,3.418230823899295,8.44760489632297,250000
E6,PIAP sixes,6,0.415,15,3,0.386348,0.001908694746759967,2.267968,3.418230823899295,8.44760489632297,250000
E6,PIAP sixes,6,0.415,16,1,0.842408,0.0014282834104150303,2.419384,3.6858918041112165,8.91419447350929,250000
E6,PIAP sixes,6,0.415,16,2,0.625588,0.0018971652079772592,2.419384,3.6858918041112165,8.91419447350929,250000
E6,PIAP sixes,6,0.415,16,3,0.418588,0.001933844054272267,2.419384,3.6858918041112165,8.91419447350929,250000
E6,PIAP sixes,6,0.415,17,1,0.855184,0.0013795076851033346,2.568976,3.99532229271317,9.27908977715668,250000
E6,PIAP sixes,6,0.415,17,2,0.650236,0.0018694296464518223,2.568976,3.99532229271317,9.27908977715668,250000
E6,PIAP sixes,6,0.415,17,3,0.448452,0.0019495559644991509,2.568976,3.99532229271317,9.27908977715668,250000
E6,PIAP sixes,6,0.415,18,1,0.86572,0.0013365353770919196,2.720628,4.356612712066848,9.541700018716863,250000
E6,PIAP sixes,6,0.415,18,2,0.671704,0.001840805189141724,2.720628,4.356612712066848,9.541700018716863,250000
E6,PIAP sixes,6,0.415,18,3,0.475628,0.001957670157278213,2.720628,4.356612712066848,9.541700018716863,250000
E6,PIAP sixes,6,0.415,19,1,0.88552,0.0012481019583212905,2.871976,4.487843806799226,10.321061388662079,250000
E6,PIAP sixes,6,0.415,19,2,0.701128,0.0017944333725046751,2.871976,4.487843806799226,10.321061388662079,250000
E6,PIAP sixes,6,0.415,19,3,0.50546,0.0019598831350439647,2.871976,4.487843806799226,10.321061388662079,250000
E6,PIAP sixes,6,0.415,20,1,0.899584,0.0011781711584792258,3.023424,4.66719798501594,10.997478667249169,250000
E6,PIAP sixes,6,0.415,20,2,0.727532,0.0017452991174812433,3.023424,4.66719798501594,10.997478667249169,250000
E6,PIAP sixes,6,0.415,20,3,0.534912,0.0019552162790920594,3.023424,4.66719798501594,10.997478667249169,250000
E6,PIAP sixes,6,0.415,21,1,0.91008,0.0011213830861106474,3.17494,4.889051552606211,11.57556387297445,250000
E6,PIAP sixes,6,0.415,21,2,0.750392,0.0016965216840163025,3.17494,4.889051552606211,11.57556387297445,250000
E6,PIAP sixes,6,0.415,21,3,0.563212,0.0019442735405533135,3.17494,4.889051552606211,11.57556387297445,250000
E6,PIAP sixes,6,0.415,22,1,0.918752,0.001071005140612562,3.32742,5.151460749442998,12.060953104501875,250000
E6,PIAP sixes,6,0.415,22,2,0.769476,0.0016509794963291801,3.32742,5.151460749442998,12.060953104501875,250000
E6,PIAP sixes,6,0.415,22,3,0.588984,0.0019287110994582373,3.32742,5.151460749442998,12.060953104501875,250000
E6,PIAP sixes,6,0.415,23,1,0.925424,0.0010298073542804368,3.478496,5.455719400861605,12.446662043264586,250000
E6,PIAP sixes,6,0.415,23,2,0.785564,0.001608887591392769,3.478496,5.455719400861605,12.446662043264586,250000
E6,PIAP sixes,6,0.415,23,3,0.612928,0.0019093549698265596,3.478496,5.455719400861605,12.446662043264586,250000
E6,PIAP sixes,6,0.415,24,1,0.930996,0.000993566883859027,3.630088,5.807516342321367,12.732569518184299,250000
E6,PIAP sixes,6,0.415,24,2,0.799548,0.0015693273171212608,3.630088,5.807516342321367,12.732569518184299,250000
E6,PIAP sixes,6,0.415,24,3,0.63392,0.0018883882754537106,3.630088,5.807516342321367,12.732569518184299,250000
E6,PIAP sixes,6,0.415,25,1,0.941492,0.0009200300456322883,3.780752,5.9372180633682525,13.512178886806426,250000
E6,PIAP sixes,6,0.415,25,2,0.819528,0.0015075540118761723,3.780752,5.9372180633682525,13.512178886806426,250000
E6,PIAP sixes,6,0.415,25,3,0.658348,0.0018591130996236604,3.780752,5.9372180633682525,13.512178886806426,250000
E6,PIAP sixes,6,0.415,26,1,0.949052,0.000861974943159518,3.932648,6.106192132864533,14.212322165578424,250000
E6,PIAP sixes,6,0.415,26,2,0.836644,0.0014491854423797975,3.932648,6.106192132864533,14.212322165578424,250000
E6,PIAP sixes,6,0.415,26,3,0.682124,0.0018253518982091737,3.932648,6.106192132864533,14.212322165578424,250000
E6,PIAP sixes,6,0.415,27,1,0.954532,0.0008166467515527174,4.085024,6.321732206352828,14.807373815994781,250000
E6,PIAP sixes,6,0.415,27,2,0.851076,0.001395573085392117,4.085024,6.321732206352828,14.807373815994781,250000
E6,PIAP sixes,6,0.415,27,3,0.703748,0.001789885704047757,4.085024,6.321732206352828,14.807373815994781,250000
E6,PIAP sixes,6,0.415,28,1,0.958988,0.0007774064288707928,4.237284,6.589454661162648,15.28038310599879,250000
E6,PIAP sixes,6,0.415,28,2,0.862512,0.0013498982591689044,4.237284,6.589454661162648,15.28038310599879,250000
E6,PIAP sixes,6,0.415,28,3,0.72294,0.0017543817839754722,4.237284,6.589454661162648,15.28038310599879,250000
E6,PIAP sixes,6,0.415,29,1,0.962484,0.0007448881921377204,4.3882,6.894200336801341,15.665562565728347,250000
E6,PIAP sixes,6,0.415,29,2,0.872436,0.001307726487844926,4.3882,6.894200336801341,15.665562565728347,250000
E6,PIAP sixes,6,0.415,29,3,0.740024,0.001719394756948198,4.3882,6.894200336801341,15.665562565728347,250000
E6,PIAP sixes,6,0.415,30,1,0.965252,0.0007179121914747892,4.540384,7.251398138136548,15.941264219459956,250000
E6,PIAP sixes,6,0.415,30,2,0.880936,0.0012695461138747283,4.540384,7.251398138136548,15.941264219459956,250000
E6,PIAP sixes,6,0.415,30,3,0.754852,0.001686285669537156,4.540384,7.251398138136548,15.941264219459956,250000
E6,PIAP sixes,6,0.415,31,1,0.97058,0.0006624041888930353,4.69206,7.374222453289817,16.73918405120619,250000
E6,PIAP sixes,6,0.415,31,2,0.894052,0.0012064625292328207,4.69206,7.374222453289817,16.73918405120619,250000
E6,PIAP sixes,6,0.415,31,3,0.773952,0.0016396207842002415,4.69206,7.374222453289817,16.73918405120619,250000
E6,PIAP sixes,6,0.415,32,1,0.97428,0.0006205309433527385,4.843596,7.550579991103965,17.42047636386056,250000
E6,PIAP sixes,6,0.415,32,2,0.904452,0.0011523638587879325,4.843596,7.550579991103965,17.42047636386056,250000
E6,PIAP sixes,6,0.415,32,3,0.791052,0.0015937041103415825,4.843596,7.550579991103965,17.42047636386056,250000
E6,PIAP sixes,6,0.415,33,1,0.976956,0.0005881695033381524,4.994836,7.7668724005935985,18.009986857104117,250000
E6,PIAP sixes,6,0.415,33,2,0.913,0.0011047934279312128,4.994836,7.7668724005935985,18.009986857104117,250000
E6,PIAP sixes,6,0.415,33,3,0.806264,0.0015492798262767722,4.994836,7.7668724005935985,18.009986857104117,250000
E6,PIAP sixes,6,0.415,34,1,0.979216,0.0005592292573230069,5.146968,8.035248547970188,18.48178061029236,250000
E6,PIAP sixes,6,0.415,34,2,0.9201,0.001062862224719648,5.146968,8.035248547970188,18.48178061029236,250000
E6,PIAP sixes,6,0.415,34,3,0.819508,0.00150761914699295,5.146968,8.035248547970188,18.48178061029236,250000
E6,PIAP sixes,6,0.415,35,1,0.980944,0.0005359497178950364,5.298616,8.346453870359483,18.855470471835222,250000
E6,PIAP sixes,6,0.415,35,2,0.925716,0.001027951424573575,5.298616,8.346453870359483,18.855470471835222,250000
E6,PIAP sixes,6,0.415,35,3,0.831112,0.0014686396189951703,5.298616,8.346453870359483,18.855470471835222,250000
E6,PIAP sixes,6,0.415,36,1,0.982348,0.0005161972767524975,5.449068,8.70572875429102,19.122371805369408,250000
E6,PIAP sixes,6,0.415,36,2,0.930784,0.0009949786698286766,5.449068,8.70572875429102,19.122371805369408,250000
E6,PIAP sixes,6,0.415,36,3,0.840972,0.00143355260326475,5.449068,8.70572875429102,19.122371805369408,250000
E6,PIAP sixes,6,0.415,37,1,0.985076,0.00047529534001047635,5.600716,8.829459605182418,19.91725139785896,250000
E6,PIAP sixes,6,0.415,37,2,0.938888,0.0009389797139205294,5.600716,8.829459605182418,19.91725139785896,250000
E6,PIAP sixes,6,0.415,37,3,0.854184,0.0013834528852455948,5.600716,8.829459605182418,19.91725139785896,250000
E6,PIAP sixes,6,0.415,38,1,0.986844,0.0004466550533967894,5.751752,9.004312947747794,20.59946586475575,250000
E6,PIAP sixes,6,0.415,38,2,0.945064,0.0008931927602232484,5.751752,9.004312947747794,20.59946586475575,250000
E6,PIAP sixes,6,0.415,38,3,0.866208,0.001334480509482874,5.751752,9.004312947747794,20.59946586475575,250000
E6,PIAP sixes,6,0.415,39,1,0.988344,0.0004207410645516903,5.903428,9.218090721178884,21.195643144427034,250000
E6,PIAP sixes,6,0.415,39,2,0.94994,0.0008548296498606958,5.903428,9.218090721178884,21.195643144427034,250000
E6,PIAP sixes,6,0.415,39,3,0.876904,0.0012879056930850399,5.903428,9.218090721178884,21.195643144427034,250000
E6,PIAP sixes,6,0.415,40,1,0.989428,0.00040091909600788883,6.055344,9.478998957659828,21.684432487912957,250000
E6,PIAP sixes,6,0.415,40,2,0.954044,0.0008208076202362217,6.055344,9.478998957659828,21.684432487912957,250000
E6,PIAP sixes,6,0.415,40,3,0.885764,0.0012469429196646435,6.055344,9.478998957659828,21.684432487912957,250000
E6,PIAP sixes,6,0.415,41,1,0.99026,0.0003849817690636266,6.207188,9.79038029417717,22.058967965730478,250000
E6,PIAP sixes,6,0.415,41,2,0.957392,0.000791728974090446,6.207188,9.79038029417717,22.058967965730478,250000
E6,PIAP sixes,6,0.415,41,3,0.893352,0.0012099675738716199,6.207188,9.79038029417717,22.058967965730478,250000
E6,PIAP sixes,6,0.415,42,1,0.99094,0.0003714273207088559,6.358536,10.14630052190609,22.3359949757837,250000
E6,PIAP sixes,6,0.415,42,2,0.96002,0.0007679759189541299,6.358536,10.14630052190609,22.3359949757837,250000
E6,PIAP sixes,6,0.415,42,3,0.8998,0.001177044608051878,6.358536,10.14630052190609,22.3359949757837,250000
E6,PIAP sixes,6,0.415,43,1,0.992368,0.00034114705272630746,6.511096,10.276133983319927,23.11987293405798,250000
E6,PIAP sixes,6,0.415,43,2,0.964636,0.0007240165452125144,6.511096,10.276133983319927,23.11987293405798,250000
E6,PIAP sixes,6,0.415,43,3,0.909136,0.0011266691955120923,6.511096,10.276133983319927,23.11987293405798,250000
E6,PIAP sixes,6,0.415,44,1,0.993336,0.0003189346088785374,6.66378,10.453033923735692,23.801747010633235,250000
E6,PIAP sixes,6,0.415,44,2,0.968388,0.0006858620184304405,6.66378,10.453033923735692,23.801747010633235,250000
E6,PIAP sixes,6,0.415,44,3,0.916988,0.0010815294055727,6.66378,10.453033923735692,23.801747010633235,250000
E6,PIAP sixes,6,0.415,45,1,0.994032,0.00030192609983637717,6.814488,10.669403975471898,24.388881341383563,250000
E6,PIAP sixes,6,0.415,45,2,0.971284,0.000654668065471687,6.814488,10.669403975471898,24.388881341383563,250000
E6,PIAP sixes,6,0.415,45,3,0.923528,0.001041747159348343,6.814488,10.669403975471898,24.388881341383563,250000
E6,PIAP sixes,6,0.415,46,1,0.994524,0.0002892846706594633,6.966592,10.936799652734607,24.863758758985043,250000
E6,PIAP sixes,6,0.415,46,2,0.973688,0.0006274410172275625,6.966592,10.936799652734607,24.863758758985043,250000
E6,PIAP sixes,6,0.415,46,3,0.929216,0.0010053376728672019,6.966592,10.936799652734607,24.863758758985043,250000
E6,PIAP sixes,6,0.415,47,1,0.994976,0.0002771514690795523,7.119304,11.250611558030238,25.23621678269854,250000
E6,PIAP sixes,6,0.415,47,2,0.975576,0.0006050970233915166,7.119304,11.250611558030238,25.23621678269854,250000
E6,PIAP sixes,6,0.415,47,3,0.934012,0.0009731835916027557,7.119304,11.250611558030238,25.23621678269854,250000
E6,PIAP sixes,6,0.415,48,1,0.99532,0.0002675410079981016,7.270324,11.610007375053508,25.505412830766918,250000
E6,PIAP sixes,6,0.415,48,2,0.97726,0.0005843679096043516,7.270324,11.610007375053508,25.505412830766918,250000
E6,PIAP sixes,6,0.415,48,3,0.938132,0.0009443893493104669,7.270324,11.610007375053508,25.505412830766918,250000
E6,PIAP sixes,6,0.415,49,1,0.996044,0.0002460670543235095,7.420576,11.742594798603198,26.275565794531776,250000
E6,PIAP sixes,6,0.415,49,2,0.979996,0.0005488537571431373,7.420576,11.742594798603198,26.275565794531776,250000
E6,PIAP sixes,6,0.415,49,3,0.943928,0.0009018379877178508,7.420576,11.742594798603198,26.275565794531776,250000
E6,PIAP sixes,6,0.415,50,1,0.99652,0.00023084405721057795,7.571812,11.92003471679486,26.951124023078197,250000
E6,PIAP sixes,6,0.415,50,2,0.982052,0.0005204288212138659,7.571812,11.92003471679486,26.951124023078197,250000
E6,PIAP sixes,6,0.415,50,3,0.949044,0.0008620389820964303,7.571812,11.92003471679486,26.951124023078197,250000
E6,PIAP sixes,6,0.415,51,1,0.99686,0.00021931481810985888,7.722648,12.137132416625661,27.536639208105093,250000
E6,PIAP sixes,6,0.415,51,2,0.98382,0.0004945761268648534,7.722648,12.137132416625661,27.536639208105093,250000
E6,PIAP sixes,6,0.415,51,3,0.953312,0.0008270013757862545,7.722648,12.137132416625661,27.536639208105093,250000
E6,PIAP sixes,6,0.415,52,1,0.99714,0.00020933755753461822,7.874188,12.399512938707753,28.02166901308503,250000
E6,PIAP sixes,6,0.415,52,2,0.985148,0.0004741647635900142,7.874188,12.399512938707753,28.02166901308503,250000
E6,PIAP sixes,6,0.415,52,3,0.956964,0.0007955176443742432,7.874188,12.399512938707753,28.02166901308503,250000
E6,PIAP sixes,6,0.415,53,1,0.99746,0.00019731071469578077,8.026516,12.700367703214798,28.42283725166692,250000
E6,PIAP sixes,6,0.415,53,2,0.986344,0.0004549482770233223,8.026516,12.700367703214798,28.42283725166692,250000
E6,PIAP sixes,6,0.415,53,3,0.95986,0.0007694469774705463,8.026516,12.700367703214798,28.42283725166692,250000
E6,PIAP sixes,6,0.415,54,1,0.99766,0.00018940231186593295,8.1777,13.059662948651795,28.69301799671546,250000
E6,PIAP sixes,6,0.415,54,2,0.987172,0.0004411252900721309,8.1777,13.059662948651795,28.69301799671546,250000
E6,PIAP sixes,6,0.415,54,3,0.962576,0.0007440098475985877,8.1777,13.059662948651795,28.69301799671546,250000
E6,PIAP sixes,6,0.415,55,1,0.99802,0.0001742562181543021,8.3288,13.194639338557371,29.460088006710492,250000
E6,PIAP sixes,6,0.415,55,2,0.988724,0.0004139054441153352,8.3288,13.194639338557371,29.460088006710492,250000
E6,PIAP sixes,6,0.415,55,3,0.966348,0.0007069004908451363,8.3288,13.194639338557371,29.460088006710492,250000
E6,PIAP sixes,6,0.415,56,1,0.998284,0.00016224516522239538,8.478872,13.370423089308336,30.13559360599695,250000
E6,PIAP sixes,6,0.415,56,2,0.989992,0.00039018948165288954,8.478872,13.370423089308336,30.13559360599695,250000
E6,PIAP sixes,6,0.415,56,3,0.96946,0.0006745055550532999,8.478872,13.370423089308336,30.13559360599695,250000
E6,PIAP sixes,6,0.415,57,1,0.998484,0.00015251277480591918,8.630272,13.593339579374321,30.70945240115964,250000
E6,PIAP sixes,6,0.415,57,2,0.990864,0.0003729676270614731,8.630272,13.593339579374321,30.70945240115964,250000
E6,PIAP sixes,6,0.415,57,3,0.972008,0.0006466033516490235,8.630272,13.593339579374321,30.70945240115964,250000
E6,PIAP sixes,6,0.415,58,1,0.998568,0.0001482335120388309,8.781892,13.858552334545351,31.188556581219437,250000
E6,PIAP sixes,6,0.415,58,2,0.991584,0.0003580994761150612,8.781892,13.858552334545351,31.188556581219437,250000
E6,PIAP sixes,6,0.415,58,3,0.97392,0.0006247431496471489,8.781892,13.858552334545351,31.188556581219437,250000
E6,PIAP sixes,6,0.415,59,1,0.998708,0.0001408110017778078,8.933268,14.171927527886112,31.559553296076572,250000
E6,PIAP sixes,6,0.415,59,2,0.992224,0.000344325396904024,8.933268,14.171927527886112,31.559553296076572,250000
E6,PIAP sixes,6,0.415,59,3,0.975696,0.0006036458337386066,8.933268,14.171927527886112,31.559553296076572,250000
E6,PIAP sixes,6,0.415,60,1,0.998804,0.000135485180206461,9.084112,14.535207312285259,31.82106736465149,250000
E6,PIAP sixes,6,0.415,60,2,0.99266,0.0003346064882517376,9.084112,14.535207312285259,31.82106736465149,250000
E6,PIAP sixes,6,0.415,60,3,0.977172,0.0005854711589457006,9.084112,14.535207312285259,31.82106736465149,250000
E6,PIAP sixes,6,0.415,61,1,0.999012,0.00012315438839456038,9.234684,14.661178064856266,32.605600184080394,250000
E6,PIAP sixes,6,0.415,61,2,0.993508,0.0003148190520317206,9.234684,14.661178064856266,32.605600184080394,250000
E6,PIAP sixes,6,0.415,61,3,0.979544,0.0005548919174364049,9.234684,14.661178064856266,32.605600184080394,250000
E6,PIAP sixes,6,0.415,62,1,0.99914,0.00011490752373347695,9.386176,14.831407422653669,33.297097632180105,250000
E6,PIAP sixes,6,0.415,62,2,0.994208,0.0002974671210780625,9.386176,14.831407422653669,33.297097632180105,250000
E6,PIAP sixes,6,0.415,62,3,0.981476,0.0005285587847966897,9.386176,14.831407422653669,33.297097632180105,250000
E6,PIAP sixes,6,0.415,63,1,0.999244,0.00010774143097810273,9.53792,15.046286258745043,33.889909457792164,250000
E6,PIAP sixes,6,0.415,63,2,0.99476,0.00028301592099272497,9.53792,15.046286258745043,33.889909457792164,250000
E6,PIAP sixes,6,0.415,63,3,0.983048,0.0005060388974778657,9.53792,15.046286258745043,33.889909457792164,250000
E6,PIAP sixes,6,0.415,64,1,0.999304,0.0001033807074360495,9.689636,15.300251388509547,34.39472411102057,250000
E6,PIAP sixes,6,0.415,64,2,0.995148,0.00027238946104130734,9.689636,15.300251388509547,34.39472411102057,250000
E6,PIAP sixes,6,0.415,64,3,0.984364,0.00048632518322688713,9.689636,15.300251388509547,34.39472411102057,250000
E6,PIAP sixes,6,0.415,65,1,0.999384,9.726187088124941e-05,9.841172,15.604224083312323,34.787235452853245,250000
E6,PIAP sixes,6,0.415,65,2,0.995556,0.0002607389661645717,9.841172,15.604224083312323,34.787235452853245,250000
E6,PIAP sixes,6,0.415,65,3,0.985496,0.00046865946832613657,9.841172,15.604224083312323,34.787235452853245,250000
E6,PIAP sixes,6,0.415,66,1,0.999444,9.240653706621418e-05,9.992364,15.9466814782299,35.095014953468386,250000
E6,PIAP sixes,6,0.415,66,2,0.995924,0.00024975618605446617,9.992364,15.9466814782299,35.095014953468386,250000
E6,PIAP sixes,6,0.415,66,3,0.986424,0.00045363211900269375,9.992364,15.9466814782299,35.095014953468386,250000
E6,PIAP sixes,6,0.415,67,1,0.999524,8.550394577184196e-05,10.144808,16.067262912187672,35.89816864245991,250000
E6,PIAP sixes,6,0.415,67,2,0.996432,0.00023373423227966982,10.144808,16.067262912187672,35.89816864245991,250000
E6,PIAP sixes,6,0.415,67,3,0.987844,0.00042956174299125935,10.144808,16.067262912187672,35.89816864245991,250000
E6,PIAP sixes,6,0.415,68,1,0.999576,8.070062633011773e-05,10.296048,16.22708449003395,36.61304681028212,250000
E6,PIAP sixes,6,0.415,68,2,0.996888,0.00021833785797034481,10.296048,16.22708449003395,36.61304681028212,250000
E6,PIAP sixes,6,0.415,68,3,0.989016,0.0004085714236691077,10.296048,16.22708449003395,36.61304681028212,250000
E6,PIAP sixes,6,0.415,69,1,0.999616,7.68012482458611e-05,10.447008,16.446537634086525,37.193478677578355,250000
E6,PIAP sixes,6,0.415,69,2,0.997172,0.00020816648415444597,10.447008,16.446537634086525,37.193478677578355,250000
E6,PIAP sixes,6,0.415,69,3,0.989872,0.0003924979865590431,10.447008,16.446537634086525,37.193478677578355,250000
E6,PIAP sixes,6,0.415,70,1,0.999648,7.353277392819268e-05,10.59868,16.714601116004474,37.66622878832871,250000
E6,PIAP sixes,6,0.415,70,2,0.997408,0.00019931500243280985,10.59868,16.714601116004474,37.66622878832871,250000
E6,PIAP sixes,6,0.415,70,3,0.990632,0.0003776293007527978,10.59868,16.714601116004474,37.66622878832871,250000
E6,PIAP sixes,6,0.415,71,1,0.99968,7.011187118198886e-05,10.749888,17.035080127776506,38.02050815350887,250000
E6,PIAP sixes,6,0.415,71,2,0.997568,0.00019308080775096793,10.749888,17.035080127776506,38.02050815350887,250000
E6,PIAP sixes,6,0.415,71,3,0.991272,0.000364619469895207,10.749888,17.035080127776506,38.02050815350887,250000
E6,PIAP sixes,6,0.415,72,1,0.999704,6.743224790481949e-05,10.902492,17.390709752774992,38.30294969856679,250000
E6,PIAP sixes,6,0.415,72,2,0.997764,0.00018515518645554013,10.902492,17.390709752774992,38.30294969856679,250000
E6,PIAP sixes,6,0.415,72,3,0.991876,0.00035188415819504274,10.902492,17.390709752774992,38.30294969856679,250000
E6,PIAP sixes,6,0.415,73,1,0.999744,6.271197132613614e-05,11.053524,17.525065281685148,39.07131121466805,250000
E6,PIAP sixes,6,0.415,73,2,0.99806,0.00017249053022401205,11.053524,17.525065281685148,39.07131121466805,250000
E6,PIAP sixes,6,0.415,73,3,0.992752,0.0003325182947811066,11.053524,17.525065281685148,39.07131121466805,250000
E6,PIAP sixes,6,0.415,74,1,0.999788,5.7070011148748226e-05,11.204396,17.703513089236377,39.74280433114009,250000
E6,PIAP sixes,6,0.415,74,2,0.998252,0.00016374832855126786,11.204396,17.703513089236377,39.74280433114009,250000
E6,PIAP sixes,6,0.415,74,3,0.993404,0.00031731407960577213,11.204396,17.703513089236377,39.74280433114009,250000
E6,PIAP sixes,6,0.415,75,1,0.999816,5.316857488367556e-05,11.355664,17.926350824507267,40.31630238550724,250000
E6,PIAP sixes,6,0.415,75,2,0.998444,0.0001545086219463808,11.355664,17.926350824507267,40.31630238550724,250000
E6,PIAP sixes,6,0.415,75,3,0.993948,0.0003040306435470832,11.355664,17.926350824507267,40.31630238550724,250000
E6,PIAP sixes,6,0.415,76,1,0.999836,5.0196377412183976e-05,11.506888,18.19132132074128,40.79503252075298,250000
E6,PIAP sixes,6,0.415,76,2,0.9986,0.00014657026252278918,11.506888,18.19132132074128,40.79503252075298,250000
E6,PIAP sixes,6,0.415,76,3,0.994468,0.0002907518985183177,11.506888,18.19132132074128,40.79503252075298,250000
E6,PIAP sixes,6,0.415,77,1,0.999856,4.7036612998068926e-05,11.659028,18.50525611624047,41.16737165985524,250000
E6,PIAP sixes,6,0.415,77,2,0.998716,0.0001403749396881112,11.659028,18.50525611624047,41.16737165985524,250000
E6,PIAP sixes,6,0.415,77,3,0.994872,0.0002799907470701536,11.659028,18.50525611624047,41.16737165985524,250000
E6,PIAP sixes,6,0.415,78,1,0.99988,4.293887194419688e-05,11.81038,18.8606676982708,41.44737384491023,250000
E6,PIAP sixes,6,0.415,78,2,0.998796,0.00013593700828213535,11.81038,18.8606676982708,41.44737384491023,250000
E6,PIAP sixes,6,0.415,78,3,0.995292,0.00026833637637724614,11.81038,18.8606676982708,41.44737384491023,250000
E6,PIAP sixes,6,0.415,79,1,0.999892,4.073563509153078e-05,11.960908,18.990551777743104,42.223574568372584,250000
E6,PIAP sixes,6,0.415,79,2,0.998932,0.00012803822833578165,11.960908,18.990551777743104,42.223574568372584,250000
E6,PIAP sixes,6,0.415,79,3,0.995748,0.00025506884543145385,11.960908,18.990551777743104,42.223574568372584,250000
E6,PIAP sixes,6,0.415,80,1,0.999904,3.840615553862908e-05,12.112424,19.166781511350052,42.9015022136431,250000
E6,PIAP sixes,6,0.415,80,2,0.99906,0.00012012842398433768,12.112424,19.166781511350052,42.9015022136431,250000
E6,PIAP sixes,6,0.415,80,3,0.996196,0.00024131188822678847,12.112424,19.166781511350052,42.9015022136431,250000
E6,PIAP sixes,6,0.415,81,1,0.999916,3.592588446623388e-05,12.26426,19.377864163856643,43.5029180040292,250000
E6,PIAP sixes,6,0.415,81,2,0.999136,0.00011517420997716993,12.26426,19.377864163856643,43.5029180040292,250000
E6,PIAP sixes,6,0.415,81,3,0.996492,0.00023176762348988634,12.26426,19.377864163856643,43.5029180040292,250000
E6,PIAP sixes,6,0.415,82,1,0.999924,3.417246908950335e-05,12.416236,19.644830171624676,43.97946439852416,250000
E6,PIAP sixes,6,0.415,82,2,0.999224,0.00010915618682747021,12.416236,19.644830171624676,43.97946439852416,250000
E6,PIAP sixes,6,0.415,82,3,0.996788,0.00022180699382958664,12.416236,19.644830171624676,43.97946439852416,250000
E6,PIAP sixes,6,0.415,83,1,0.999924,3.417246908950335e-05,12.566572,19.96039201038404,44.34318584392313,250000
E6,PIAP sixes,6,0.415,83,2,0.999264,0.00010630779126002463,12.566572,19.96039201038404,44.34318584392313,250000
E6,PIAP sixes,6,0.415,83,3,0.997,0.00021438493976956506,12.566572,19.96039201038404,44.34318584392313,250000
E6,PIAP sixes,6,0.415,84,1,0.999936,3.1358996463931646e-05,12.718376,20.316401188228774,44.62341304314859,250000
E6,PIAP sixes,6,0.415,84,2,0.9993,0.00010367714533107343,12.718376,20.316401188228774,44.62341304314859,250000
E6,PIAP sixes,6,0.415,84,3,0.997224,0.00020624914597911336,12.718376,20.316401188228774,44.62341304314859,250000
E6,PIAP sixes,6,0.415,85,1,0.999944,2.9333772532164265e-05,12.870488,20.452044450033785,45.39119289773525,250000
E6,PIAP sixes,6,0.415,85,2,0.99936,9.91372882550234e-05,12.870488,20.452044450033785,45.39119289773525,250000
E6,PIAP sixes,6,0.415,85,3,0.997484,0.00019637868813647023,12.870488,20.452044450033785,45.39119289773525,250000
E6,PIAP sixes,6,0.415,86,1,0.999956,2.600176629866279e-05,13.022404,20.62090454440216,46.08645771623856,250000
E6,PIAP sixes,6,0.415,86,2,0.99942,9.437871975737106e-05,13.022404,20.62090454440216,46.08645771623856,250000
E6,PIAP sixes,6,0.415,86,3,0.99772,0.00018696393049526749,13.022404,20.62090454440216,46.08645771623856,250000
E6,PIAP sixes,6,0.415,87,1,0.99996,2.4791761005636823e-05,13.174944,20.848253989879943,46.65338557043015,250000
E6,PIAP sixes,6,0.415,87,2,0.999472,9.005095942599382e-05,13.174944,20.848253989879943,46.65338557043015,250000
E6,PIAP sixes,6,0.415,87,3,0.997908,0.00017910683488798001,13.174944,20.848253989879943,46.65338557043015,250000
E6,PIAP sixes,6,0.415,88,1,0.999972,2.0742399879060046e-05,13.32662,21.119655854223396,47.11935020642632,250000
E6,PIAP sixes,6,0.415,88,2,0.999528,8.514409792782368e-05,13.32662,21.119655854223396,47.11935020642632,250000
E6,PIAP sixes,6,0.415,88,3,0.998068,0.0001721352021132432,13.32662,21.119655854223396,47.11935020642632,250000
E6,PIAP sixes,6,0.415,89,1,0.99998,1.7530597635001135e-05,13.479196,21.444060969827873,47.470502993346265,250000
E6,PIAP sixes,6,0.415,89,2,0.999572,8.108023385130406e-05,13.479196,21.444060969827873,47.470502993346265,250000
E6,PIAP sixes,6,0.415,89,3,0.998208,0.00016579277195604954,13.479196,21.444060969827873,47.470502993346265,250000
E6,PIAP sixes,6,0.415,90,1,0.99998,1.7530597635001135e-05,13.630772,21.796049868215462,47.75967362744069,250000
E6,PIAP sixes,6,0.415,90,2,0.999604,7.799156815077424e-05,13.630772,21.796049868215462,47.75967362744069,250000
E6,PIAP sixes,6,0.415,90,3,0.998288,0.00016205628263698732,13.630772,21.796049868215462,47.75967362744069,250000
E6,PIAP sixes,6,0.415,91,1,0.999984,1.5679874559506076e-05,13.78162,21.91546583746334,48.55909031746165,250000
E6,PIAP sixes,6,0.415,91,2,0.999648,7.353277392819268e-05,13.78162,21.91546583746334,48.55909031746165,250000
E6,PIAP sixes,6,0.415,91,3,0.998488,0.0001523117428067769,13.78162,21.91546583746334,48.55909031746165,250000
E6,PIAP sixes,6,0.415,92,1,0.999984,1.5679874559506076e-05,13.933448,22.09361920577282,49.23308351913264,250000
E6,PIAP sixes,6,0.415,92,2,0.999692,6.878512544024337e-05,13.933448,22.09361920577282,49.23308351913264,250000
E6,PIAP sixes,6,0.415,92,3,0.99868,0.0001423266439730798,13.933448,22.09361920577282,49.23308351913264,250000
E6,PIAP sixes,6,0.415,93,1,0.999984,1.5679874559506076e-05,14.08522,22.316838818955286,49.80691261622857,250000
E6,PIAP sixes,6,0.415,93,2,0.999708,6.697520884080743e-05,14.08522,22.316838818955286,49.80691261622857,250000
E6,PIAP sixes,6,0.415,93,3,0.998816,0.0001348045849367188,14.08522,22.316838818955286,49.80691261622857,250000
E6,PIAP sixes,6,0.415,94,1,0.999984,1.5679874559506076e-05,14.237216,22.59243493908377,50.26464924148725,250000
E6,PIAP sixes,6,0.415,94,2,0.999732,6.416456595105359e-05,14.237216,22.59243493908377,50.26464924148725,250000
E6,PIAP sixes,6,0.415,94,3,0.998916,0.0001289927176994159,14.237216,22.59243493908377,50.26464924148725,250000
E6,PIAP sixes,6,0.415,95,1,0.999988,1.3579196855432371e-05,14.38804,22.889500516402077,50.671658685713574,250000
E6,PIAP sixes,6,0.415,95,2,0.99974,6.31998831593903e-05,14.38804,22.889500516402077,50.671658685713574,250000
E6,PIAP sixes,6,0.415,95,3,0.999,0.00012389928813354829,14.38804,22.889500516402077,50.671658685713574,250000
E6,PIAP sixes,6,0.415,96,1,0.999988,1.3579196855432371e-05,14.540332,23.240514291833186,50.964941947394514,250000
E6,PIAP sixes,6,0.415,96,2,0.999764,6.021307626243502e-05,14.540332,23.240514291833186,50.964941947394514,250000
E6,PIAP sixes,6,0.415,96,3,0.999052,0.00012063804273467641,14.540332,23.240514291833186,50.964941947394514,250000
E6,PIAP sixes,6,0.415,97,1,0.999992,1.1087389979184593e-05,14.692856,23.368996039248138,51.749241069093124,250000
E6,PIAP sixes,6,0.415,97,2,0.999804,5.487462149643676e-05,14.692856,23.368996039248138,51.749241069093124,250000
E6,PIAP sixes,6,0.415,97,3,0.999144,0.00011464021495761907,14.692856,23.368996039248138,51.749241069093124,250000
E6,PIAP sixes,6,0.415,98,1,0.999992,1.1087389979184593e-05,14.844704,23.540649314981245,52.437661284214094,250000
E6,PIAP sixes,6,0.415,98,2,0.999828,5.140589655303787e-05,14.844704,23.540649314981245,52.437661284214094,250000
E6,PIAP sixes,6,0.415,98,3,0.999248,0.00010745623778698942,14.844704,23.540649314981245,52.437661284214094,250000
E6,PIAP sixes,6,0.415,99,1,0.999992,1.1087389979184593e-05,14.99626,23.751781019524078,53.03782583243157,250000
E6,PIAP sixes,6,0.415,99,2,0.999844,4.8956965217324195e-05,14.99626,23.751781019524078,53.03782583243157,250000
E6,PIAP sixes,6,0.415,99,3,0.999324,0.00010188554521615788,14.99626,23.751781019524078,53.03782583243157,250000
E6,PIAP sixes,6,0.415,100,1,0.999992,1.1087389979184593e-05,15.148372,24.008861785063136,53.53710463100164,250000
E6,PIAP sixes,6,0.415,100,2,0.999844,4.8956965217324195e-05,15.148372,24.008861785063136,53.53710463100164,250000
E6,PIAP sixes,6,0.415,100,3,0.999356,9.944641069807023e-05,15.148372,24.008861785063136,53.53710463100164,250000
E6,PIAP sixes,6,0.415,101,1,0.999992,1.1087389979184593e-05,15.300956,24.333430819787296,53.88792773528993,250000
E6,PIAP sixes,6,0.415,101,2,0.999856,4.7036612998068926e-05,15.300956,24.333430819787296,53.88792773528993,250000
E6,PIAP sixes,6,0.415,101,3,0.999388,9.694576528697667e-05,15.300956,24.333430819787296,53.88792773528993,250000
E6,PIAP sixes,6,0.415,102,1,0.999992,1.1087389979184593e-05,15.45336,24.7028115216461,54.141093264447676,250000
E6,PIAP sixes,6,0.415,102,2,0.99986,4.6378818641276806e-05,15.45336,24.7028115216461,54.141093264447676,250000
E6,PIAP sixes,6,0.415,102,3,0.99942,9.437871975737106e-05,15.45336,24.7028115216461,54.141093264447676,250000
E6,PIAP sixes,6,0.415,103,1,0.999996,7.83998431998824e-06,15.604492,24.83042874365098,54.923070570738034,250000
E6,PIAP sixes,6,0.415,103,2,0.999876,4.364856614178522e-05,15.604492,24.83042874365098,54.923070570738034,250000
E6,PIAP sixes,6,0.415,103,3,0.99948,8.93665089697447e-05,15.604492,24.83042874365098,54.923070570738034,250000
E6,PIAP sixes,6,0.415,104,1,1.0,0.0,15.754084,25.00156532720529,55.60588413036284,250000
E6,PIAP sixes,6,0.415,104,2,0.999888,4.148305731112903e-05,15.754084,25.00156532720529,55.60588413036284,250000
E6,PIAP sixes,6,0.415,104,3,0.999528,8.514409792782368e-05,15.754084,25.00156532720529,55.60588413036284,250000
E6,PIAP sixes,6,0.415,105,1,1.0,0.0,15.905788,25.224788998212027,56.179430239808255,250000
E6,PIAP sixes,6,0.415,105,2,0.999908,3.759758953430536e-05,15.905788,25.224788998212027,56.179430239808255,250000
E6,PIAP sixes,6,0.415,105,3,0.999576,8.070062633011773e-05,15.905788,25.224788998212027,56.179430239808255,250000
E6,PIAP sixes,6,0.415,106,1,1.0,0.0,16.05636,25.482477480309882,56.67298492937709,250000
E6,PIAP sixes,6,0.415,106,2,0.999912,3.677124151559267e-05,16.05636,25.482477480309882,56.67298492937709,250000
E6,PIAP sixes,6,0.415,106,3,0.999612,7.720006399401003e-05,16.05636,25.482477480309882,56.67298492937709,250000
E6,PIAP sixes,6,0.415,107,1,1.0,0.0,16.206844,25.799706758491045,57.0344106710506,250000
E6,PIAP sixes,6,0.415,107,2,0.999916,3.592588446623388e-05,16.206844,25.799706758491045,57.0344106710506,250000
E6,PIAP sixes,6,0.415,107,3,0.99964,7.436338154334036e-05,16.206844,25.799706758491045,57.0344106710506,250000
E6,PIAP sixes,6,0.415,108,1,1.0,0.0,16.357904,26.1457613098292,57.335228789968745,250000
E6,PIAP sixes,6,0.415,108,2,0.999928,3.32611055225439e-05,16.357904,26.1457613098292,57.335228789968745,250000
E6,PIAP sixes,6,0.415,108,3,0.999672,7.098257547611471e-05,16.357904,26.1457613098292,57.335228789968745,250000
E6,PIAP sixes,6,0.415,109,1,1.0,0.0,16.509632,26.282988356529422,58.097753968683534,250000
E6,PIAP sixes,6,0.415,109,2,0.999936,3.1358996463931646e-05,16.509632,26.282988356529422,58.097753968683534,250000
E6,PIAP sixes,6,0.415,109,3,0.999708,6.697520884080743e-05,16.509632,26.282988356529422,58.097753968683534,250000
E6,PIAP sixes,6,0.415,110,1,1.0,0.0,16.661196,26.462769700662786,58.766971061536886,250000
E6,PIAP sixes,6,0.415,110,2,0.999936,3.1358996463931646e-05,16.661196,26.462769700662786,58.766971061536886,250000
E6,PIAP sixes,6,0.415,110,3,0.999752,6.172456646210484e-05,16.661196,26.462769700662786,58.766971061536886,250000
E6,PIAP sixes,6,0.415,111,1,1.0,0.0,16.812124,26.668717283493116,59.37664638109348,250000
E6,PIAP sixes,6,0.415,111,2,0.999948,2.8266787034525147e-05,16.812124,26.668717283493116,59.37664638109348,250000
E6,PIAP sixes,6,0.415,111,3,0.999776,5.866261650756494e-05,16.812124,26.668717283493116,59.37664638109348,250000
E6,PIAP sixes,6,0.415,112,1,1.0,0.0,16.963144,26.93133336059742,59.860558689223794,250000
E6,PIAP sixes,6,0.415,112,2,0.999948,2.8266787034525147e-05,16.963144,26.93133336059742,59.860558689223794,250000
E6,PIAP sixes,6,0.415,112,3,0.999784,5.760577631836505e-05,16.963144,26.93133336059742,59.860558689223794,250000
E6,PIAP sixes,6,0.415,113,1,1.0,0.0,17.114208,27.23795348454988,60.24719238803406,250000
E6,PIAP sixes,6,0.415,113,2,0.999952,2.715790484951182e-05,17.114208,27.23795348454988,60.24719238803406,250000
E6,PIAP sixes,6,0.415,113,3,0.999792,5.65291640489242e-05,17.114208,27.23795348454988,60.24719238803406,250000
E6,PIAP sixes,6,0.415,114,1,1.0,0.0,17.265188,27.58574966765474,60.543781165954,250000
E6,PIAP sixes,6,0.415,114,2,0.999952,2.715790484951182e-05,17.265188,27.58574966765474,60.543781165954,250000
E6,PIAP sixes,6,0.415,114,3,0.99982,5.258758530907608e-05,17.265188,27.58574966765474,60.543781165954,250000
E6,PIAP sixes,6,0.415,115,1,1.0,0.0,17.416412,27.719787925407708,61.31204590838593,250000
E6,PIAP sixes,6,0.415,115,2,0.999956,2.600176629866279e-05,17.416412,27.719787925407708,61.31204590838593,250000
E6,PIAP sixes,6,0.415,115,3,0.999836,5.0196377412183976e-05,17.416412,27.719787925407708,61.31204590838593,250000
E6,PIAP sixes,6,0.415,116,1,1.0,0.0,17.566836,27.894428526818178,61.989444636680176,250000
E6,PIAP sixes,6,0.415,116,2,0.99996,2.4791761005636823e-05,17.566836,27.894428526818178,61.989444636680176,250000
E6,PIAP sixes,6,0.415,116,3,0.999848,4.832533263925899e-05,17.566836,27.894428526818178,61.989444636680176,250000
E6,PIAP sixes,6,0.415,117,1,1.0,0.0,17.718576,28.114200989028014,62.5707413275045,250000
E6,PIAP sixes,6,0.415,117,2,0.99996,2.4791761005636823e-05,17.718576,28.114200989028014,62.5707413275045,250000
E6,PIAP sixes,6,0.415,117,3,0.999852,4.7685329131452664e-05,17.718576,28.114200989028014,62.5707413275045,250000
E6,PIAP sixes,6,0.415,118,1,1.0,0.0,17.869452,28.39344279346722,63.017331381916556,250000
E6,PIAP sixes,6,0.415,118,2,0.99996,2.4791761005636823e-05,17.869452,28.39344279346722,63.017331381916556,250000
E6,PIAP sixes,6,0.415,118,3,0.999856,4.7036612998068926e-05,17.869452,28.39344279346722,63.017331381916556,250000
E6,PIAP sixes,6,0.415,119,1,1.0,0.0,18.020812,28.701629667174693,63.40155681167859,250000
E6,PIAP sixes,6,0.415,119,2,0.99996,2.4791761005636823e-05,18.020812,28.701629667174693,63.40155681167859,250000
E6,PIAP sixes,6,0.415,119,3,0.999864,4.5711554152817685e-05,18.020812,28.701629667174693,63.40155681167859,250000
E6,PIAP sixes,6,0.415,120,1,1.0,0.0,18.170608,29.067025178436612,63.65641976349724,250000
E6,PIAP sixes,6,0.415,120,2,0.99996,2.4791761005636823e-05,18.170608,29.067025178436612,63.65641976349724,250000
E6,PIAP sixes,6,0.415,120,3,0.999872,4.434689884200091e-05,18.170608,29.067025178436612,63.65641976349724,250000
